record_id,vehicle_id,recorded_at,state_of_health,state_of_charge,temperature_c,voltage_v,cycle_count,charging_mode
1,41,2024-09-28 17:22:07,96.56,85.65,19.65,370.455,37,fast
2,39,2023-12-12 05:08:43,97.79,41.91,-4.81,416.147,24,rapid
3,50,2024-03-13 03:26:06,97.82,15.15,9.09,369.047,51,slow
4,50,2023-10-21 22:20:02,98.22,59.34,3.6,392.037,26,slow
5,25,2023-08-12 07:48:22,96.96,83.5,29.75,343.453,17,rapid
6,41,2023-08-18 22:07:29,97.58,88.31,35.54,418.329,17,slow
7,24,2023-12-29 19:05:15,101.12,44.4,10.28,386.124,29,slow
8,31,2024-02-22 20:45:39,96.12,38.83,-1.9,415.343,27,slow
9,38,2024-05-28 21:49:37,96.92,98.04,35.66,392.612,59,slow
10,8,2024-03-11 19:54:16,96.39,87.47,-8.9,349.403,57,slow
11,28,2024-10-13 05:36:14,98.6,85.99,-9.81,384.46,68,slow
12,4,2024-11-08 13:55:08,97.93,22.23,27.97,393.342,63,fast
13,43,2024-06-02 01:22:44,97.7,86.6,33.17,346.77,54,fast
14,9,2024-06-25 21:20:13,96.36,21.65,42.74,348.414,42,rapid
15,42,2024-08-23 08:03:18,94.34,12.54,17.0,356.182,45,rapid
16,24,2023-10-31 04:31:46,98.05,60.66,-3.84,387.427,19,slow
17,23,2024-11-03 02:44:48,92.62,43.16,3.21,414.196,80,rapid
18,43,2023-12-23 22:53:15,99.13,75.75,33.03,388.785,28,slow
19,32,2023-10-05 05:33:13,99.65,82.94,18.87,391.117,18,rapid
20,8,2024-03-03 23:19:24,98.04,20.17,29.98,360.971,37,fast
21,32,2023-12-17 09:36:49,99.45,93.57,26.67,415.61,36,fast
22,14,2024-02-22 03:16:52,95.89,44.8,21.83,377.574,25,fast
23,10,2024-08-23 10:09:39,97.27,72.73,39.06,374.063,58,slow
24,25,2024-09-21 00:48:31,95.52,61.96,21.27,416.973,61,slow
25,24,2023-07-05 14:49:33,98.45,78.82,16.31,357.34,14,fast
26,34,2023-04-13 23:55:49,98.92,76.42,33.06,369.913,7,fast
27,12,2023-11-25 23:05:27,96.12,34.91,20.19,379.277,29,slow
28,8,2023-05-25 16:49:10,98.54,46.29,37.0,387.139,10,fast
29,8,2023-12-18 02:57:54,96.52,22.37,2.16,375.24,31,fast
30,22,2024-12-04 10:49:39,93.58,81.39,21.22,362.152,77,fast
31,24,2024-10-11 17:26:55,95.08,96.89,28.1,379.596,58,rapid
32,6,2023-12-23 06:25:03,98.8,16.67,-3.1,364.101,26,fast
33,14,2023-09-29 15:39:59,98.29,72.09,17.22,342.533,26,fast
34,11,2023-02-08 23:07:17,99.9,56.4,30.32,355.048,3,fast
35,29,2024-05-14 22:32:39,98.96,33.09,0.97,348.034,47,fast
36,1,2024-09-18 11:51:50,94.72,38.39,-9.09,385.81,45,rapid
37,42,2024-12-12 09:02:49,96.22,74.52,-9.14,351.673,64,rapid
38,38,2024-01-04 02:56:34,98.47,27.37,5.31,386.763,21,slow
39,7,2024-10-22 20:04:26,94.36,67.63,12.86,411.492,67,slow
40,14,2023-05-01 21:01:59,98.45,87.64,22.24,369.577,15,fast
41,14,2024-02-15 15:06:41,99.21,19.07,7.87,379.959,49,fast
42,30,2023-10-14 22:41:54,98.32,67.87,37.89,406.969,21,rapid
43,11,2023-10-26 12:46:15,98.19,39.1,12.89,353.013,37,slow
44,15,2023-09-23 09:25:31,98.65,81.37,24.26,395.661,16,slow
45,37,2023-08-09 23:17:33,99.05,50.03,26.65,358.326,18,slow
46,40,2024-12-20 04:21:54,96.33,93.36,15.98,343.967,75,fast
47,4,2024-09-10 08:29:47,93.59,98.68,-7.17,386.247,70,slow
48,26,2023-05-28 11:43:41,99.72,16.71,24.78,399.051,16,slow
49,11,2023-05-09 12:21:29,98.61,16.06,18.3,412.436,9,fast
50,43,2024-10-06 16:20:30,96.92,75.87,39.9,361.585,42,rapid
51,13,2023-12-04 16:20:15,98.01,56.61,43.93,387.783,42,fast
52,28,2024-06-25 02:21:20,95.62,38.75,-3.59,391.744,31,fast
53,47,2024-01-03 17:38:06,98.86,25.99,34.16,387.412,23,rapid
54,8,2024-05-14 12:43:09,96.68,68.54,-1.2,386.632,50,rapid
55,8,2023-08-14 09:35:34,98.67,83.4,42.88,395.469,18,rapid
56,38,2023-05-28 05:40:17,98.92,35.61,-0.74,365.716,7,slow
57,11,2024-09-29 12:39:07,94.2,13.87,-7.16,412.174,66,rapid
58,20,2023-12-05 12:38:33,96.95,55.29,42.82,371.28,27,fast
59,35,2023-02-27 13:22:38,99.16,81.94,-3.15,392.966,5,rapid
60,21,2024-04-16 05:10:00,94.93,92.18,7.17,361.849,48,slow
61,21,2023-05-29 15:44:41,98.97,12.29,-4.77,355.255,13,slow
62,14,2023-03-21 11:46:29,100.8,84.59,19.35,353.666,10,fast
63,12,2024-02-26 20:56:38,97.93,21.28,38.48,410.139,53,fast
64,12,2023-11-02 07:16:30,98.17,17.35,3.35,402.429,15,slow
65,21,2023-07-11 18:29:38,96.15,24.3,19.53,375.281,10,fast
66,31,2023-10-26 22:24:23,99.37,79.55,24.05,398.539,31,rapid
67,43,2024-05-28 03:54:42,97.67,91.89,13.46,371.611,45,slow
68,35,2024-06-28 07:51:32,95.32,87.86,16.77,350.727,29,rapid
69,22,2023-05-19 15:04:25,98.63,31.7,2.03,342.864,16,slow
70,2,2024-06-18 07:48:21,96.1,82.35,22.91,409.036,69,slow
71,19,2024-09-12 00:59:43,95.12,26.46,9.05,410.829,53,rapid
72,35,2024-04-05 07:03:51,96.56,63.42,16.7,407.52,51,rapid
73,46,2023-07-01 16:50:14,98.96,60.0,-4.31,384.107,21,rapid
74,37,2023-05-29 03:21:33,98.03,68.33,43.36,390.125,16,fast
75,36,2024-05-20 13:50:27,94.82,76.38,-7.81,354.452,62,fast
76,30,2024-08-23 14:51:10,95.12,17.12,23.78,369.377,41,slow
77,47,2023-11-28 04:19:40,98.64,68.57,7.53,364.997,29,slow
78,23,2023-01-06 07:26:32,100.78,98.51,44.82,340.264,0,slow
79,47,2024-03-09 20:52:07,96.84,35.43,21.78,388.956,54,slow
80,23,2023-12-21 05:44:06,98.76,47.45,42.7,350.02,19,rapid
81,1,2024-09-22 14:17:27,96.88,80.3,4.15,362.358,50,rapid
82,11,2023-05-07 12:21:56,99.01,62.44,8.52,355.692,15,slow
83,46,2023-01-27 20:24:45,100.49,18.66,12.74,392.756,2,rapid
84,46,2024-12-18 13:37:35,93.83,12.33,12.59,364.69,42,slow
85,28,2023-06-28 03:55:24,99.77,94.85,8.43,342.435,9,slow
86,32,2024-11-16 18:30:02,92.43,22.81,3.05,350.745,83,fast
87,33,2024-09-03 03:52:18,92.96,99.37,0.93,416.468,65,slow
88,41,2024-10-03 05:06:54,97.39,22.59,-5.59,345.05,74,rapid
89,40,2024-05-22 20:28:57,95.86,87.46,27.11,399.338,61,fast
90,9,2024-09-29 18:28:16,98.3,91.28,14.27,365.374,62,slow
91,49,2024-10-27 08:43:33,95.42,37.52,36.27,356.468,88,slow
92,2,2024-02-20 13:51:01,97.57,24.58,3.24,405.313,46,fast
93,38,2024-11-21 05:04:48,96.39,83.26,19.29,380.755,35,rapid
94,27,2023-08-20 08:08:43,98.59,43.5,-4.9,342.995,12,slow
95,33,2023-04-29 21:21:21,99.43,17.85,-7.5,381.424,15,slow
96,28,2024-05-07 18:12:36,96.77,57.97,25.28,390.587,32,slow
97,19,2024-03-17 01:54:05,98.95,10.97,26.56,417.012,32,rapid
98,20,2024-05-30 23:17:32,96.28,29.17,1.27,364.435,30,fast
99,24,2023-02-21 12:43:47,99.25,45.56,-6.39,390.32,3,slow
100,16,2023-09-19 03:44:49,99.28,96.4,15.04,364.277,14,fast
101,49,2023-04-24 23:27:15,98.6,96.41,13.28,408.85,12,slow
102,43,2023-03-08 02:07:32,99.04,81.54,-5.78,381.819,7,rapid
103,38,2024-03-06 13:11:32,98.98,50.86,13.29,398.844,54,slow
104,14,2024-01-24 10:33:34,98.11,69.07,-2.92,357.047,36,rapid
105,37,2023-06-23 08:52:08,99.83,13.75,17.87,357.986,12,slow
106,38,2023-07-16 10:38:02,100.33,76.53,12.54,380.784,23,rapid
107,48,2024-09-05 21:29:08,96.22,58.47,39.44,342.45,79,rapid
108,43,2023-11-09 19:36:45,98.14,75.51,-7.8,390.11,36,fast
109,32,2024-09-17 03:38:14,96.91,61.19,32.2,383.147,48,rapid
110,26,2024-07-13 11:13:43,97.04,42.55,5.34,364.453,36,slow
111,38,2023-05-22 21:46:47,99.51,12.8,12.58,381.325,17,fast
112,1,2023-04-19 22:52:10,99.71,76.5,42.99,345.976,8,fast
113,36,2024-05-25 02:20:23,95.35,42.31,25.69,397.519,57,rapid
114,21,2023-07-27 08:52:09,98.2,78.34,-8.02,400.708,26,rapid
115,38,2024-06-10 06:05:30,99.36,88.71,19.59,404.199,66,slow
116,42,2024-07-09 23:36:53,94.31,22.19,43.54,348.468,70,rapid
117,3,2023-12-20 19:43:47,97.05,34.95,32.3,389.484,32,slow
118,8,2024-08-30 14:57:49,97.4,46.23,27.84,369.365,55,rapid
119,1,2024-11-24 05:29:36,91.6,95.73,44.21,384.156,58,slow
120,34,2023-11-22 00:15:33,97.19,34.61,42.8,350.087,24,fast
121,4,2024-06-24 08:51:53,98.34,20.35,-9.14,349.398,47,slow
122,15,2023-07-08 02:42:08,99.52,51.69,-7.41,362.821,14,slow
123,30,2023-07-09 17:35:46,98.41,79.54,21.15,389.085,17,fast
124,39,2024-09-22 03:27:31,95.73,15.39,1.76,402.064,45,slow
125,33,2023-03-20 12:39:21,100.58,76.66,41.34,385.873,5,rapid
126,11,2023-08-09 07:14:33,98.1,35.43,19.01,348.423,28,slow
127,4,2023-03-14 10:12:14,99.42,22.23,-5.39,361.143,5,fast
128,24,2023-03-17 06:17:51,100.31,21.22,15.5,387.574,9,fast
129,4,2023-01-17 18:10:03,99.84,34.37,30.09,352.365,1,rapid
130,31,2023-08-18 22:10:34,97.51,83.13,43.21,395.106,15,slow
131,21,2023-03-12 23:59:53,99.68,16.57,8.51,348.738,3,rapid
132,2,2024-05-12 03:54:48,98.49,44.13,16.88,359.828,41,rapid
133,14,2023-02-10 23:28:54,99.99,16.78,27.12,361.182,4,fast
134,29,2024-05-22 23:10:46,94.57,31.99,31.48,405.304,49,rapid
135,9,2023-09-03 09:58:32,96.54,19.78,27.7,393.446,24,rapid
136,40,2023-08-30 15:00:28,97.47,22.75,33.57,346.822,17,fast
137,21,2023-06-12 20:14:14,98.68,58.18,-1.52,382.397,17,rapid
138,24,2023-02-16 14:58:18,101.71,34.27,23.66,405.362,4,slow
139,12,2024-09-12 15:47:11,96.71,63.38,35.4,380.894,66,rapid
140,48,2024-12-25 15:27:37,93.36,88.83,-0.57,381.43,56,fast
141,21,2023-02-05 09:30:27,99.93,62.73,38.54,390.436,3,slow
142,24,2023-07-21 08:42:54,99.44,84.02,40.16,368.65,14,rapid
143,31,2024-01-18 09:53:41,97.52,34.61,11.48,403.546,26,fast
144,28,2023-08-08 06:40:16,96.36,14.39,-9.52,385.464,26,slow
145,25,2023-08-20 04:37:26,97.23,51.17,34.34,404.186,21,rapid
146,15,2024-09-01 20:23:37,93.2,99.78,9.34,392.127,45,fast
147,2,2024-03-28 16:21:28,96.68,32.87,15.73,408.777,32,fast
148,47,2023-06-03 21:08:25,97.44,13.92,31.56,344.836,18,rapid
149,15,2023-04-20 18:41:01,99.07,49.63,-2.12,416.176,8,slow
150,46,2024-01-06 10:30:35,99.16,21.19,11.68,344.542,22,slow
151,42,2024-10-02 23:26:17,97.53,62.6,3.56,390.77,59,rapid
152,17,2023-07-27 17:23:51,99.41,51.39,21.53,352.424,26,fast
153,6,2024-09-02 18:46:43,95.16,47.27,4.44,414.116,46,rapid
154,48,2024-11-26 19:52:22,96.47,66.09,36.35,398.644,85,slow
155,29,2024-07-17 05:31:30,96.18,35.91,30.03,392.7,34,rapid
156,7,2024-02-15 22:50:01,97.01,86.5,41.25,362.389,21,slow
157,39,2023-06-12 01:51:49,99.3,44.87,15.39,413.45,11,slow
158,50,2024-06-01 12:59:48,97.78,13.64,30.06,371.155,54,slow
159,6,2023-05-07 21:26:52,99.07,21.05,-9.13,340.524,7,slow
160,35,2024-07-12 01:02:15,95.49,13.41,32.62,363.356,57,rapid
161,23,2023-05-12 19:35:20,96.37,95.26,14.33,414.5,11,fast
162,18,2023-05-22 19:10:20,100.48,28.92,28.46,357.362,15,rapid
163,30,2023-05-31 07:35:31,98.05,96.71,23.44,401.579,14,slow
164,23,2023-04-03 23:15:08,98.87,22.42,-9.92,375.282,5,fast
165,13,2024-11-25 09:59:53,94.81,56.97,42.6,385.54,80,fast
166,14,2024-11-10 07:28:17,92.11,42.51,9.61,359.89,88,fast
167,12,2023-01-04 08:11:03,100.32,50.79,-8.33,404.792,0,slow
168,31,2024-04-28 15:54:34,97.85,30.96,14.71,406.368,33,slow
169,40,2024-01-05 23:30:48,95.72,17.71,7.12,367.191,45,slow
170,44,2024-06-20 04:39:46,97.11,92.12,10.52,391.112,66,slow
171,34,2023-04-27 00:36:02,99.3,15.29,-1.71,342.202,12,fast
172,6,2024-11-07 20:16:43,97.06,77.79,18.73,407.622,88,fast
173,12,2023-07-10 12:55:29,99.16,47.22,-7.92,358.766,10,fast
174,40,2024-12-05 10:27:22,94.69,66.15,29.69,415.686,41,fast
175,29,2024-09-05 06:27:45,95.21,83.71,20.29,383.074,71,slow
176,39,2023-08-08 19:40:39,97.27,51.84,-9.35,416.379,24,slow
177,15,2024-12-25 11:48:53,98.79,48.09,25.73,381.254,83,fast
178,22,2024-06-14 07:47:18,95.84,95.45,-9.73,367.102,59,fast
179,22,2023-02-03 11:19:58,99.31,91.11,11.5,389.762,3,slow
180,29,2023-05-19 05:48:49,100.02,95.99,-4.26,412.902,10,rapid
181,9,2023-01-31 13:43:32,99.14,59.81,32.1,365.916,1,rapid
182,17,2024-12-05 05:27:34,95.91,19.54,38.22,360.863,46,fast
183,39,2024-11-06 14:36:25,97.58,48.32,38.34,415.802,76,fast
184,29,2023-07-19 03:49:21,98.42,49.75,39.19,384.78,24,fast
185,37,2024-02-01 16:56:24,95.72,85.23,9.79,365.173,28,slow
186,49,2023-03-08 19:57:34,100.92,68.11,41.55,376.618,4,fast
187,19,2023-03-13 04:26:36,100.55,50.5,23.61,365.362,6,slow
188,5,2023-05-05 08:37:22,100.38,29.15,36.39,374.493,8,rapid
189,43,2024-04-09 04:44:39,95.57,98.4,44.26,375.083,23,fast
190,1,2023-08-16 08:47:50,97.49,66.54,1.05,367.565,26,fast
191,24,2023-11-02 23:03:23,96.92,72.75,22.42,400.548,36,slow
192,43,2024-07-17 07:54:27,96.57,95.75,43.01,402.105,33,fast
193,25,2024-11-23 01:55:33,95.31,86.74,-9.73,384.205,54,rapid
194,33,2024-10-31 22:35:19,94.85,80.89,-3.67,358.73,72,slow
195,22,2024-08-25 10:06:13,95.13,80.6,36.97,410.037,46,fast
196,35,2023-06-15 07:56:58,98.84,64.52,28.38,356.443,11,fast
197,5,2024-09-29 19:24:48,93.97,40.45,0.4,387.065,49,rapid
198,35,2023-07-27 08:38:11,97.04,71.17,44.89,375.505,22,fast
199,2,2024-07-25 22:52:35,95.91,54.88,41.63,347.945,41,slow
200,16,2024-11-08 05:00:43,95.65,99.36,33.12,398.66,38,rapid
201,32,2023-08-28 21:47:39,97.99,49.39,26.32,390.954,28,fast
202,16,2024-01-27 06:16:53,95.36,51.26,0.26,346.347,31,fast
203,46,2024-01-16 10:23:55,95.9,32.95,10.61,380.127,32,rapid
204,10,2023-08-14 14:45:09,99.53,75.2,6.92,361.924,20,fast
205,15,2024-05-02 14:25:52,96.91,55.28,15.86,373.461,53,rapid
206,37,2023-05-14 14:46:55,98.46,24.49,1.27,357.504,16,rapid
207,11,2023-04-06 06:47:23,99.45,72.88,-3.24,408.893,5,rapid
208,1,2023-08-13 20:04:50,98.35,95.33,4.22,402.445,19,fast
209,5,2023-10-10 05:52:02,97.74,95.56,25.74,370.39,14,fast
210,27,2024-03-01 16:30:33,97.33,30.76,-5.35,347.898,45,rapid
211,20,2023-10-15 20:10:11,100.03,83.73,42.04,400.147,23,fast
212,31,2024-07-12 21:52:53,95.21,46.08,3.84,417.813,30,fast
213,9,2023-01-07 12:58:20,100.03,67.67,22.24,364.868,0,slow
214,5,2024-01-17 09:07:00,98.72,35.88,24.28,381.553,35,rapid
215,36,2024-01-25 08:31:20,96.85,76.64,-2.2,340.396,21,rapid
216,36,2023-10-09 00:43:38,97.02,47.27,23.4,387.593,26,rapid
217,15,2024-05-16 06:17:05,96.4,15.55,34.02,351.175,42,fast
218,13,2024-03-29 17:27:42,99.16,24.6,37.67,360.555,24,slow
219,35,2024-06-24 19:55:46,99.47,31.76,-8.91,346.318,68,rapid
220,17,2024-06-03 07:18:26,99.06,41.83,17.6,365.871,48,fast
221,24,2023-04-14 15:18:37,99.98,19.39,-5.88,355.429,10,fast
222,23,2023-12-20 06:30:37,96.13,57.1,7.46,414.997,45,rapid
223,13,2024-05-19 23:59:23,96.73,31.74,9.2,371.793,43,rapid
224,28,2024-11-12 00:08:23,97.03,98.83,34.43,383.409,79,fast
225,46,2024-11-18 13:48:11,95.0,51.76,19.36,351.269,88,fast
226,3,2024-06-21 21:08:48,97.48,65.33,22.07,348.867,63,rapid
227,28,2023-04-11 03:02:22,100.7,67.04,13.15,415.918,9,fast
228,44,2024-12-27 21:40:31,94.36,22.36,18.89,368.951,43,rapid
229,30,2023-05-29 12:57:32,100.83,89.78,-7.33,405.012,7,rapid
230,32,2024-09-23 14:57:51,98.33,78.31,27.38,419.745,47,rapid
231,48,2024-06-09 03:21:48,94.89,95.96,14.98,348.069,31,fast
232,41,2023-02-28 10:25:01,100.14,67.05,39.45,398.481,4,fast
233,47,2023-07-30 05:30:15,98.61,45.16,13.38,357.365,24,rapid
234,14,2024-06-10 16:56:57,96.76,56.97,5.84,398.543,43,fast
235,16,2024-06-07 04:45:03,96.22,14.83,17.2,365.07,63,rapid
236,19,2023-02-20 21:51:41,99.66,90.46,-6.63,410.732,4,slow
237,49,2023-09-27 03:41:51,99.05,95.93,23.01,399.0,18,slow
238,33,2023-02-12 00:38:46,99.45,67.57,38.51,388.648,3,slow
239,17,2023-07-29 13:59:28,98.69,12.16,24.09,377.445,12,rapid
240,12,2023-07-03 00:04:54,98.86,73.23,3.28,414.289,20,fast
241,31,2024-05-04 00:35:26,97.21,33.15,11.88,375.006,42,fast
242,15,2023-09-20 04:26:54,98.51,60.17,-4.13,377.452,15,fast
243,27,2023-11-29 10:19:28,98.07,29.54,32.45,399.598,20,fast
244,12,2023-12-26 08:49:07,97.58,84.9,42.89,367.66,45,slow
245,14,2024-11-18 04:02:43,95.68,61.25,14.02,377.804,83,rapid
246,40,2024-05-15 05:39:54,96.51,55.38,39.04,404.988,44,slow
247,46,2024-11-18 01:29:44,93.42,87.84,37.55,357.684,86,rapid
248,39,2023-03-27 03:52:46,99.41,49.74,22.97,385.389,9,fast
249,30,2024-06-02 19:37:51,93.39,17.58,30.67,373.714,54,slow
250,3,2024-10-09 04:35:38,94.42,45.24,25.94,393.838,64,slow
251,1,2024-07-11 00:29:06,97.13,88.89,11.58,363.208,37,slow
252,48,2024-08-27 09:31:46,94.72,81.49,22.35,360.231,38,rapid
253,1,2024-05-05 12:46:12,98.6,90.03,14.28,397.424,34,slow
254,30,2024-01-31 01:13:17,99.0,66.45,39.64,413.607,50,fast
255,43,2024-01-10 16:39:29,99.05,58.64,10.47,343.159,20,slow
256,4,2024-05-31 23:42:39,97.24,67.07,-2.27,381.158,62,rapid
257,31,2024-12-24 18:31:06,95.93,59.64,-3.37,353.256,75,fast
258,42,2023-01-22 14:24:55,99.01,34.68,13.16,357.328,1,fast
259,25,2023-10-02 17:34:38,96.44,87.01,19.06,415.062,31,fast
260,19,2024-08-04 10:15:12,96.73,28.06,-3.34,365.009,38,slow
261,33,2023-10-12 15:08:23,99.26,45.63,27.1,368.718,33,fast
262,38,2023-11-14 04:54:21,101.35,47.07,-7.7,414.289,40,slow
263,46,2023-06-20 01:06:43,99.18,85.87,30.52,381.267,17,slow
264,1,2024-03-14 00:51:29,97.49,97.37,-2.97,347.406,31,fast
265,31,2024-12-13 21:12:03,95.92,50.78,-2.82,378.774,60,fast
266,5,2023-08-10 03:56:30,97.88,48.67,1.77,354.791,26,slow
267,35,2023-03-02 04:18:08,100.34,60.36,-3.3,389.595,4,rapid
268,49,2023-04-26 10:11:45,99.33,98.1,0.46,352.226,11,fast
269,3,2023-03-09 12:51:03,100.56,37.51,11.68,350.647,4,fast
270,28,2024-06-09 17:47:28,98.12,63.25,8.06,388.277,66,fast
271,35,2024-12-26 07:53:13,95.72,54.89,15.18,389.896,39,fast
272,33,2023-05-02 00:51:50,99.35,45.93,43.93,370.183,9,rapid
273,15,2023-12-02 02:25:50,96.17,60.86,7.01,381.443,30,rapid
274,48,2023-10-04 11:58:00,98.78,11.48,7.98,386.343,21,rapid
275,28,2023-05-09 06:56:33,98.83,60.9,36.77,356.857,16,slow
276,21,2023-12-14 21:56:38,98.08,24.3,3.48,415.638,38,fast
277,35,2024-09-28 22:36:34,95.11,14.94,27.51,377.402,41,rapid
278,44,2023-07-07 03:52:57,100.16,32.63,38.28,374.434,15,slow
279,23,2023-03-19 18:33:37,99.74,44.77,20.08,418.426,9,fast
280,11,2024-01-26 00:49:10,95.04,44.75,30.64,381.596,36,fast
281,40,2023-05-12 14:02:28,99.33,32.93,-8.95,359.665,16,rapid
282,44,2024-12-07 02:26:01,92.6,17.5,42.64,389.727,54,slow
283,15,2024-06-02 05:54:03,96.01,58.62,28.25,358.827,30,slow
284,35,2023-01-22 11:36:24,99.54,62.14,0.48,377.513,2,slow
285,42,2024-10-08 16:23:40,93.7,64.22,33.18,390.531,65,slow
286,6,2024-08-25 15:44:33,92.81,24.2,41.17,342.224,49,slow
287,33,2024-08-16 17:06:59,95.19,31.64,-4.53,352.152,33,slow
288,16,2024-09-24 00:15:22,94.14,67.34,27.72,394.311,46,slow
289,38,2024-03-05 18:30:19,97.91,32.0,20.21,413.211,38,slow
290,8,2023-05-23 02:06:29,98.67,64.4,39.37,415.886,8,fast
291,32,2024-05-08 16:30:57,96.03,11.24,28.45,395.221,51,rapid
292,49,2024-08-04 12:24:57,98.63,51.66,37.79,407.432,71,slow
293,19,2024-10-22 03:57:18,96.22,80.57,18.07,402.249,39,slow
294,21,2023-08-10 02:47:10,95.14,37.4,24.03,349.085,29,slow
295,46,2024-06-19 21:36:23,95.1,57.97,0.25,342.654,38,slow
296,40,2023-07-04 09:44:41,98.5,75.95,18.58,408.884,17,rapid
297,13,2023-08-08 20:06:10,98.8,85.36,-0.77,370.435,23,slow
298,24,2024-10-30 20:27:33,95.3,73.92,-0.21,395.832,63,slow
299,44,2024-07-25 16:32:45,94.8,24.42,-1.88,409.516,70,slow
300,15,2023-03-28 18:17:52,98.65,52.06,9.05,363.211,8,rapid
301,14,2023-05-11 01:46:45,99.03,77.44,-5.41,375.675,7,fast
302,30,2024-09-09 05:38:18,94.52,58.33,30.53,416.247,31,fast
303,7,2023-09-16 17:17:56,99.43,25.24,14.33,402.377,16,slow
304,40,2024-03-21 08:26:03,97.17,53.5,34.38,415.426,29,slow
305,19,2024-06-07 06:50:48,98.11,56.97,32.86,344.852,41,fast
306,21,2024-09-09 18:41:18,97.02,57.49,17.6,353.105,45,fast
307,29,2023-02-18 09:04:18,100.52,50.69,17.07,398.707,4,rapid
308,15,2023-01-19 09:44:02,99.85,45.34,26.29,406.462,1,rapid
309,15,2023-09-08 01:13:23,98.29,91.25,14.3,376.365,24,fast
310,16,2024-12-23 05:36:39,94.36,59.36,21.06,349.424,77,slow
311,9,2023-01-09 10:51:30,99.46,84.38,4.06,374.174,0,fast
312,35,2023-01-25 02:31:02,99.59,65.62,-7.83,342.358,1,fast
313,21,2023-02-19 21:04:20,101.37,34.58,42.3,404.158,5,fast
314,4,2024-06-03 01:53:28,96.61,58.67,41.65,408.625,50,rapid
315,36,2023-11-11 23:47:39,97.26,90.48,33.2,360.369,17,rapid
316,43,2024-04-14 06:27:04,98.67,67.12,19.87,346.42,33,rapid
317,34,2023-04-04 13:43:47,98.94,77.78,36.45,405.676,7,fast
318,32,2024-09-10 01:27:02,95.31,51.82,12.89,345.698,75,slow
319,18,2024-03-14 10:56:14,96.24,61.14,33.46,375.988,33,slow
320,31,2024-11-06 18:00:24,93.28,78.25,-7.79,410.745,71,rapid
321,1,2023-07-15 09:50:19,98.86,50.69,38.07,375.234,20,fast
322,13,2024-07-19 20:45:08,96.97,65.55,9.43,387.044,60,rapid
323,18,2024-02-12 02:34:24,97.84,73.79,17.44,418.278,52,rapid
324,39,2024-11-11 17:25:12,93.31,29.35,29.86,396.047,84,rapid
325,2,2023-05-07 22:09:57,99.06,65.12,21.64,372.071,10,rapid
326,39,2024-09-13 07:24:16,93.62,78.92,5.74,362.88,38,fast
327,16,2024-03-30 19:11:06,97.51,81.65,9.07,396.809,45,rapid
328,47,2024-03-05 10:00:06,95.85,50.86,-0.87,417.697,38,fast
329,15,2024-10-07 00:26:50,96.87,45.14,-1.31,408.168,54,slow
330,16,2023-07-29 20:19:41,98.15,20.5,28.01,350.655,16,rapid
331,13,2023-07-18 09:29:06,97.55,88.63,1.65,353.706,24,rapid
332,27,2023-05-22 07:44:42,98.76,27.55,15.27,362.665,10,fast
333,46,2023-04-02 00:38:31,97.46,28.3,37.92,414.721,5,slow
334,30,2023-09-21 17:22:18,100.25,61.83,6.12,385.41,23,fast
335,11,2024-08-17 10:23:53,95.63,36.94,37.1,401.462,48,rapid
336,8,2024-11-29 10:53:17,96.87,24.53,-3.88,418.296,58,fast
337,42,2024-04-19 03:37:38,97.88,26.02,22.79,380.089,41,fast
338,29,2024-07-19 19:06:17,96.36,29.3,39.91,389.466,69,fast
339,49,2024-05-16 02:25:00,95.88,10.19,15.56,404.762,35,rapid
340,5,2024-09-10 23:59:29,95.26,87.1,16.41,385.507,78,slow
341,4,2023-09-21 18:41:01,96.95,33.41,30.71,419.811,13,rapid
342,6,2023-04-19 23:38:35,100.64,98.17,39.72,359.089,9,rapid
343,44,2024-10-03 11:44:48,92.88,77.03,44.33,390.855,81,rapid
344,27,2023-01-11 06:55:43,100.26,76.27,22.47,349.139,0,rapid
345,41,2023-11-17 22:59:08,99.23,19.22,34.66,403.918,37,rapid
346,32,2024-04-09 06:19:56,95.21,66.59,11.22,340.716,26,fast
347,29,2023-03-06 21:00:40,99.16,24.82,-9.88,398.172,4,fast
348,3,2023-01-02 06:42:56,99.96,78.54,0.3,418.628,0,rapid
349,35,2023-11-19 19:47:30,96.07,30.42,-2.65,414.04,17,fast
350,6,2023-07-25 06:24:53,98.58,65.54,6.24,369.754,24,rapid
351,26,2024-08-15 12:44:23,97.65,96.84,17.79,360.901,31,slow
352,42,2023-02-22 09:20:14,100.6,35.04,4.83,360.591,2,fast
353,15,2024-10-16 03:31:53,95.65,92.56,-6.27,418.38,64,slow
354,34,2024-07-01 07:16:05,92.87,38.99,22.94,409.371,39,fast
355,43,2024-01-01 11:27:49,96.7,54.08,32.07,380.307,36,slow
356,22,2023-09-02 04:41:03,96.75,61.73,26.3,388.065,23,slow
357,25,2023-12-11 12:53:42,99.42,18.97,10.29,357.473,25,rapid
358,35,2023-03-22 07:05:04,99.26,79.47,34.95,358.391,4,slow
359,22,2024-09-19 23:18:58,95.57,42.0,20.33,372.785,64,fast
360,28,2024-07-10 16:01:09,98.01,65.57,1.63,364.58,49,fast
361,2,2024-12-05 07:07:35,94.37,17.84,-5.13,363.277,58,rapid
362,9,2023-10-22 21:55:37,99.89,68.99,40.32,382.112,36,slow
363,18,2023-09-26 03:35:55,97.21,80.76,24.83,365.732,21,fast
364,11,2024-09-14 05:38:44,96.43,31.98,32.51,401.103,80,fast
365,3,2024-10-01 05:01:39,94.19,93.39,32.54,365.82,79,fast
366,17,2024-03-11 01:35:43,97.58,81.9,9.39,413.639,27,slow
367,11,2023-05-13 10:57:21,97.2,84.65,13.06,403.449,15,slow
368,6,2024-05-27 09:10:13,97.24,39.22,-0.66,352.624,46,rapid
369,12,2024-04-27 11:21:55,98.28,48.53,38.26,356.722,49,fast
370,17,2024-06-11 02:49:59,96.96,95.52,21.01,344.219,28,slow
371,43,2024-02-06 13:42:31,97.71,60.42,31.78,367.399,43,slow
372,19,2023-04-22 11:04:27,99.31,76.58,15.84,365.613,13,rapid
373,22,2023-02-23 17:48:25,98.86,88.37,10.63,359.813,3,fast
374,27,2023-02-24 14:55:03,97.43,75.07,31.13,341.741,2,fast
375,10,2023-01-18 09:58:35,99.88,46.69,-6.21,387.905,1,slow
376,29,2023-04-22 18:55:10,98.46,68.56,39.61,419.728,13,slow
377,43,2023-06-19 17:21:35,98.21,95.9,-6.37,346.802,20,fast
378,4,2023-07-10 11:01:28,98.99,84.54,34.19,358.513,17,fast
379,19,2023-08-07 13:08:34,99.59,68.74,37.58,344.338,14,slow
380,41,2024-04-14 19:59:47,96.18,17.84,15.92,384.266,25,slow
381,44,2024-12-06 15:45:32,99.35,53.7,43.7,414.544,64,fast
382,30,2023-12-20 08:18:44,99.37,47.44,32.09,376.491,26,fast
383,20,2023-09-14 23:00:35,97.38,96.65,-3.9,366.466,31,fast
384,13,2023-10-06 05:51:26,97.37,74.97,-4.07,344.042,22,slow
385,37,2023-09-02 18:31:34,98.55,65.64,31.31,355.371,17,rapid
386,6,2023-06-09 19:55:26,98.77,77.07,-6.16,417.904,14,fast
387,48,2024-09-02 02:08:44,96.89,11.56,-2.38,403.651,31,fast
388,19,2024-07-11 03:27:59,97.61,66.9,-3.22,405.992,42,rapid
389,31,2023-12-06 09:53:13,96.54,47.81,5.71,418.726,37,fast
390,43,2023-04-16 11:40:39,100.22,89.09,39.03,376.289,5,rapid
391,19,2023-02-11 16:40:10,100.28,25.2,-0.77,342.686,2,fast
392,33,2024-04-26 13:42:42,96.73,51.59,-3.86,369.939,31,fast
393,34,2024-08-18 08:47:30,94.75,90.13,29.51,416.297,44,rapid
394,23,2023-03-06 02:50:46,100.45,75.27,24.37,345.378,6,rapid
395,18,2023-09-01 13:19:05,101.05,99.86,13.79,401.396,15,rapid
396,1,2023-01-24 10:27:08,97.34,97.17,-0.66,409.842,3,rapid
397,34,2023-10-19 19:11:56,98.58,90.15,33.31,380.169,25,fast
398,39,2024-06-17 23:48:24,96.42,14.05,39.13,364.101,46,slow
399,48,2024-12-25 22:19:04,94.59,22.89,25.29,367.497,38,slow
400,33,2024-06-25 21:40:31,99.15,81.77,7.03,346.137,48,rapid
401,3,2024-10-05 15:15:34,95.05,48.1,27.01,348.468,37,rapid
402,20,2023-01-10 18:26:58,98.37,62.87,-2.99,394.819,0,fast
403,23,2024-01-09 22:31:58,97.55,68.28,29.47,396.93,39,slow
404,9,2024-08-13 12:39:34,95.0,45.97,27.8,380.17,74,fast
405,44,2023-02-10 13:37:34,98.85,55.73,9.11,399.417,2,fast
406,24,2024-10-11 05:23:17,96.84,47.48,37.28,373.167,85,fast
407,3,2024-03-15 08:54:43,97.16,32.58,25.16,367.331,54,fast
408,8,2024-06-24 06:58:08,97.01,87.73,-6.05,356.564,42,slow
409,12,2023-04-13 07:02:40,99.75,23.37,11.72,372.327,10,slow
410,10,2024-05-13 01:33:46,95.7,91.32,14.81,399.126,37,rapid
411,25,2024-03-26 07:01:22,97.42,77.83,17.91,388.521,37,slow
412,6,2024-03-20 00:23:38,96.18,30.2,9.11,379.573,24,rapid
413,14,2023-10-29 21:32:31,97.54,78.57,34.75,398.542,25,slow
414,16,2023-01-04 08:36:44,100.53,22.07,5.49,386.913,0,slow
415,8,2024-01-14 22:19:23,96.11,18.14,35.4,408.981,26,rapid
416,42,2023-01-14 04:31:00,100.17,42.65,9.02,404.984,0,slow
417,12,2023-05-30 15:13:20,99.1,28.55,30.53,379.227,12,rapid
418,47,2023-08-13 17:31:34,98.04,64.72,7.02,345.191,26,slow
419,46,2023-01-28 10:41:13,99.91,11.66,31.38,364.683,2,rapid
420,29,2023-08-25 14:16:00,98.98,98.83,1.39,403.504,14,rapid
421,15,2024-09-03 07:36:38,97.0,56.34,31.4,341.029,42,rapid
422,1,2024-06-17 09:37:06,94.97,87.13,26.99,397.59,41,rapid
423,27,2023-04-18 18:18:29,99.79,68.45,26.55,345.126,6,rapid
424,11,2024-01-26 07:35:17,96.97,52.0,33.73,342.402,50,rapid
425,26,2023-11-26 06:02:43,97.86,94.47,6.7,354.015,18,slow
426,11,2023-11-18 16:14:13,95.46,39.37,18.35,366.903,21,rapid
427,32,2024-04-19 15:55:33,97.58,35.03,44.62,406.608,43,slow
428,23,2024-05-06 14:53:26,94.8,69.97,-4.08,356.07,53,rapid
429,22,2023-04-08 23:30:07,100.58,47.31,35.68,386.564,7,rapid
430,16,2023-02-12 08:13:33,99.27,55.12,20.55,376.487,2,rapid
431,50,2023-11-06 03:34:27,98.71,36.29,19.8,345.78,24,rapid
432,39,2024-01-28 12:03:58,96.15,55.25,-0.69,340.318,42,fast
433,8,2023-08-03 19:01:31,99.41,61.69,3.54,398.071,17,fast
434,29,2023-11-18 12:13:54,96.76,22.39,39.62,353.322,19,fast
435,7,2024-10-14 04:47:27,95.73,93.61,26.65,341.896,79,slow
436,37,2023-08-25 20:08:38,97.63,33.72,32.83,355.177,28,fast
437,48,2024-10-28 17:15:33,98.16,46.84,11.73,397.746,46,rapid
438,35,2024-10-17 17:47:30,95.68,66.28,-9.09,398.944,80,slow
439,46,2024-11-26 00:08:52,94.18,41.2,12.02,375.488,45,slow
440,37,2024-06-25 08:23:14,95.33,76.71,32.02,416.742,61,slow
441,25,2024-09-18 20:48:38,96.56,17.83,25.04,342.455,51,rapid
442,50,2023-09-12 03:03:50,96.85,46.88,28.8,379.418,13,fast
443,9,2023-01-01 13:22:01,98.06,30.11,24.86,357.173,0,slow
444,5,2023-05-03 16:16:36,99.23,92.17,23.98,371.681,10,slow
445,29,2023-05-08 07:09:50,98.44,36.57,3.76,357.903,15,fast
446,27,2024-01-11 04:01:01,97.72,67.65,21.86,395.722,29,rapid
447,21,2024-01-16 21:24:47,95.67,63.01,16.9,342.717,27,fast
448,13,2024-04-11 20:08:06,99.33,45.32,29.92,340.451,60,fast
449,18,2023-11-27 15:45:18,97.6,97.02,29.53,344.006,26,rapid
450,28,2024-02-19 14:45:00,99.24,86.49,8.18,418.482,25,rapid
451,12,2023-11-25 02:30:36,97.83,98.6,32.75,411.567,35,rapid
452,21,2024-02-05 12:58:59,98.11,11.27,-5.02,363.51,24,fast
453,39,2024-09-03 15:21:01,96.09,16.33,21.89,344.448,75,slow
454,29,2023-06-12 19:52:39,99.19,94.44,4.17,375.282,18,slow
455,41,2023-08-29 00:44:24,98.43,77.79,2.76,385.899,31,rapid
456,39,2023-08-03 14:30:03,97.25,19.66,19.21,415.705,17,slow
457,34,2023-06-20 03:06:38,99.22,36.44,41.29,383.325,12,rapid
458,12,2023-10-06 10:12:50,97.75,19.32,43.16,386.634,14,fast
459,39,2023-08-22 04:43:22,97.06,69.56,5.55,406.055,17,fast
460,40,2024-04-30 08:08:56,95.92,63.07,30.08,358.262,55,slow
461,36,2024-02-26 04:06:46,97.87,45.03,13.66,419.5,34,slow
462,47,2024-02-11 16:23:31,99.75,38.82,44.74,345.683,27,fast
463,2,2024-05-18 01:21:49,99.67,59.51,19.36,362.942,53,rapid
464,13,2023-01-17 13:56:25,101.64,55.95,12.41,352.886,1,rapid
465,14,2024-05-07 03:53:15,96.75,10.77,11.17,370.55,45,slow
466,31,2023-04-06 01:51:26,100.46,37.8,-5.61,366.056,6,slow
467,5,2024-09-23 05:58:31,96.71,84.63,12.33,376.186,35,slow
468,46,2024-08-30 13:55:02,93.98,69.84,20.4,350.782,32,slow
469,4,2024-12-17 00:51:11,93.85,38.76,14.08,342.68,65,slow
470,16,2024-06-11 20:12:23,95.88,28.83,-9.29,375.032,49,slow
471,39,2024-11-08 05:38:53,94.98,69.62,-0.38,365.89,76,fast
472,5,2023-05-28 01:36:25,97.26,35.36,36.28,378.13,10,fast
473,7,2024-06-23 08:15:23,95.97,78.9,9.55,397.534,70,fast
474,44,2024-09-21 19:48:34,92.92,56.64,-1.96,408.486,38,fast
475,42,2024-10-17 06:28:21,93.96,20.13,18.63,415.862,74,slow
476,8,2023-09-02 09:57:16,98.13,52.87,3.73,358.578,29,slow
477,21,2023-12-24 06:02:02,97.89,13.34,10.25,392.882,40,rapid
478,1,2024-04-17 15:38:01,97.88,55.36,1.52,345.417,46,fast
479,28,2023-09-09 08:32:41,97.48,55.82,13.56,359.89,25,rapid
480,48,2024-11-30 00:15:25,95.03,28.25,3.26,356.525,66,slow
481,16,2023-08-22 12:35:02,97.84,79.24,14.86,367.12,17,fast
482,47,2024-01-01 10:55:14,97.07,94.47,25.09,372.194,34,slow
483,41,2023-06-07 07:25:41,95.45,76.51,39.94,377.119,12,rapid
484,34,2024-08-03 13:18:40,96.25,79.56,29.34,395.042,72,fast
485,38,2024-12-27 15:26:56,95.44,75.1,-0.11,411.381,49,fast
486,2,2023-06-12 10:14:15,99.86,41.01,44.65,377.567,18,rapid
487,12,2023-11-17 22:45:28,99.63,92.62,33.81,352.401,35,fast
488,6,2024-08-22 13:07:56,95.7,96.67,41.32,396.136,36,rapid
489,1,2024-11-04 10:48:11,92.55,41.37,27.69,360.056,74,rapid
490,24,2023-08-02 06:26:33,98.81,35.04,36.38,389.033,16,rapid
491,16,2023-03-08 10:32:51,97.56,41.24,2.36,356.242,8,rapid
492,10,2023-12-01 20:08:47,97.78,39.37,6.65,388.99,25,fast
493,38,2024-09-23 17:27:42,93.82,19.02,35.56,380.3,69,rapid
494,9,2023-03-13 18:03:37,99.96,80.15,33.66,344.775,6,rapid
495,27,2024-12-05 15:51:47,97.05,28.93,14.1,344.043,75,rapid
496,12,2023-06-13 19:28:12,97.77,25.3,9.88,375.149,15,rapid
497,41,2023-08-13 20:17:37,97.32,45.36,-5.71,356.189,11,rapid
498,19,2023-10-28 22:29:47,99.52,52.22,30.93,417.396,18,slow
499,16,2023-06-11 03:47:44,99.84,56.4,34.55,402.631,17,fast
500,37,2023-03-04 17:01:48,98.76,48.98,44.93,360.33,6,slow
501,44,2023-01-27 20:25:15,98.57,72.07,11.35,358.789,2,slow
502,49,2023-04-22 14:20:21,98.35,42.65,7.5,345.79,12,rapid
503,41,2023-09-15 07:42:21,96.69,44.05,-1.04,385.995,14,slow
504,41,2023-01-02 10:09:59,101.0,57.43,-5.61,370.612,0,fast
505,48,2023-02-03 23:44:08,99.57,45.05,-9.66,373.507,1,slow
506,29,2023-07-23 09:10:33,99.11,40.2,18.11,390.736,11,rapid
507,25,2024-11-23 05:19:15,93.25,96.8,12.9,390.119,66,fast
508,21,2024-01-01 13:20:02,97.13,29.88,35.52,412.734,31,slow
509,12,2024-12-08 17:32:13,94.03,57.23,0.73,361.286,50,slow
510,30,2023-03-01 05:40:28,98.92,67.8,-9.16,377.124,3,rapid
511,24,2023-01-19 14:59:11,100.04,41.15,41.16,342.435,1,fast
512,7,2023-07-16 04:27:37,98.83,31.06,2.23,355.936,11,slow
513,17,2023-12-20 11:20:10,97.78,82.93,-0.61,413.529,43,rapid
514,11,2023-08-16 08:27:00,97.4,62.11,-1.39,405.655,14,rapid
515,36,2023-02-26 02:22:13,99.86,62.79,44.97,368.337,3,fast
516,26,2024-03-01 06:56:45,98.83,97.5,-1.31,388.582,27,slow
517,21,2024-08-12 17:19:32,98.06,22.23,31.24,388.011,40,rapid
518,19,2023-07-05 08:00:31,102.25,83.65,27.84,353.501,9,slow
519,32,2023-07-14 15:34:06,97.89,31.57,2.67,416.823,14,rapid
520,15,2024-01-10 05:59:11,98.77,41.93,1.58,386.723,26,rapid
521,36,2024-08-11 09:06:13,97.29,98.68,18.75,391.245,69,fast
522,36,2023-11-16 14:15:28,97.64,84.65,22.49,343.745,24,slow
523,22,2023-02-14 10:46:20,99.84,86.94,26.34,366.766,2,fast
524,8,2024-03-08 16:58:49,96.72,29.03,16.85,348.382,43,fast
525,17,2023-08-13 10:14:15,99.52,19.65,-6.06,349.99,28,rapid
526,1,2023-01-23 23:05:18,100.22,33.06,11.7,394.368,2,fast
527,34,2023-11-04 16:21:40,96.77,53.1,32.94,387.91,25,slow
528,29,2023-04-15 22:27:22,100.18,44.06,-6.81,363.375,12,fast
529,17,2023-03-22 10:04:04,100.82,27.37,18.42,356.856,8,fast
530,9,2024-09-06 00:18:20,96.22,94.97,24.38,340.38,41,slow
531,50,2023-10-11 12:23:04,97.84,79.67,8.07,417.942,22,rapid
532,28,2023-11-22 05:47:56,97.59,95.24,41.44,357.362,36,fast
533,13,2023-11-07 23:40:37,97.21,33.55,25.61,345.364,24,fast
534,25,2024-11-19 11:48:23,96.11,64.88,38.36,381.211,77,slow
535,1,2023-06-12 11:38:14,98.35,63.95,-2.54,395.855,19,slow
536,34,2024-05-22 13:26:26,97.43,41.12,-0.05,404.464,60,slow
537,19,2024-07-01 10:43:24,94.38,82.87,16.89,397.585,48,fast
538,18,2024-07-19 01:50:37,95.85,70.48,25.98,408.497,29,rapid
539,40,2023-01-31 22:52:47,100.86,64.28,10.05,403.349,3,fast
540,37,2024-01-08 06:19:47,95.8,30.97,11.17,402.384,19,slow
541,50,2024-06-17 17:43:46,97.71,90.73,19.78,407.913,52,slow
542,34,2024-11-03 01:12:07,93.85,36.4,-3.98,393.954,87,fast
543,28,2024-04-30 08:58:17,96.12,86.99,40.15,404.409,60,rapid
544,43,2024-09-07 22:26:17,96.04,69.56,34.1,394.194,52,rapid
545,38,2023-03-20 08:18:33,100.17,46.92,6.95,345.612,4,rapid
546,22,2023-12-08 11:44:20,96.62,92.55,13.08,414.644,20,slow
547,25,2023-09-12 12:37:04,98.22,16.0,43.28,407.281,25,slow
548,11,2024-10-21 19:45:23,96.83,60.6,25.27,382.722,53,rapid
549,11,2023-07-20 14:12:55,98.73,89.13,-8.58,382.386,11,rapid
550,23,2024-06-10 03:24:47,95.06,80.05,38.16,355.464,57,slow
551,46,2024-09-09 08:09:43,97.8,21.16,7.65,385.239,80,slow
552,32,2024-09-30 03:22:10,97.06,77.62,35.9,360.422,69,slow
553,18,2024-08-05 08:03:41,95.22,34.46,33.14,369.567,31,slow
554,50,2024-10-31 02:37:41,93.28,14.58,13.25,417.519,35,rapid
555,32,2023-05-04 10:14:22,99.7,75.97,17.68,411.87,13,fast
556,10,2023-12-19 04:57:36,96.75,76.84,4.22,387.095,31,rapid
557,39,2023-04-26 21:19:30,100.19,67.79,22.81,395.172,13,fast
558,41,2024-10-02 00:39:19,92.86,99.26,14.49,415.172,59,fast
559,36,2024-06-29 10:49:18,95.43,95.93,16.64,345.354,29,rapid
560,21,2023-05-26 15:31:06,99.97,77.04,-2.14,391.805,14,fast
561,45,2024-09-18 11:49:20,95.2,74.32,-9.89,390.814,56,slow
562,45,2023-01-16 13:12:39,99.32,96.67,-1.32,370.162,1,slow
563,19,2023-04-04 22:03:57,98.34,86.21,15.57,351.813,10,slow
564,29,2023-03-27 19:51:14,98.27,89.32,21.66,396.53,9,slow
565,29,2023-11-30 23:18:18,98.29,88.6,31.86,354.276,35,slow
566,37,2024-07-13 18:49:24,95.91,12.12,6.18,380.938,57,fast
567,47,2023-11-13 06:48:03,96.66,86.34,14.11,351.507,24,slow
568,5,2023-11-04 18:56:49,96.16,99.22,21.6,365.485,23,fast
569,18,2024-11-19 00:19:28,95.66,35.45,34.38,419.106,63,rapid
570,3,2024-06-13 18:23:44,97.23,65.83,11.49,412.644,40,rapid
571,23,2023-01-26 11:42:24,98.93,31.38,-8.38,389.907,3,slow
572,6,2024-11-02 23:19:53,95.14,81.37,26.96,405.243,73,fast
573,29,2023-12-05 04:56:41,98.61,39.19,30.47,354.301,21,rapid
574,8,2024-06-21 04:28:18,93.81,98.01,5.26,366.795,58,rapid
575,48,2023-12-04 08:36:34,98.27,42.91,38.92,359.181,44,slow
576,22,2023-12-18 22:05:53,97.99,20.42,10.8,404.516,42,rapid
577,36,2023-10-26 22:06:53,98.89,46.79,7.34,342.414,15,rapid
578,23,2024-05-31 23:34:27,96.18,54.8,10.03,416.555,52,fast
579,3,2024-03-12 14:50:50,99.17,36.04,-3.03,355.276,55,rapid
580,38,2024-10-12 09:43:41,94.06,72.88,22.41,392.464,83,fast
581,36,2023-11-05 11:20:29,97.22,48.78,-8.08,391.853,23,fast
582,5,2023-10-12 10:32:46,99.42,82.03,42.33,409.804,24,fast
583,5,2024-11-03 15:23:37,96.34,62.92,1.98,406.809,43,slow
584,18,2024-08-17 08:56:38,94.39,82.65,8.38,391.709,62,rapid
585,32,2023-11-25 15:20:59,95.61,47.52,-5.1,362.179,26,fast
586,10,2024-12-29 23:03:53,92.65,92.43,32.35,359.861,85,slow
587,44,2024-09-06 06:47:55,96.09,76.73,18.05,418.418,30,fast
588,34,2024-06-20 16:57:10,98.58,62.46,14.35,389.234,50,slow
589,50,2024-10-14 12:03:36,94.35,32.16,32.24,415.872,62,rapid
590,47,2024-09-27 22:25:29,95.78,20.74,-2.53,372.148,37,rapid
591,16,2023-01-07 10:27:42,100.14,56.35,34.35,388.642,0,rapid
592,33,2023-02-02 11:13:04,99.8,34.1,0.59,362.61,3,fast
593,3,2024-03-05 10:10:21,94.95,14.34,10.72,415.91,29,rapid
594,34,2024-07-13 18:02:31,94.03,48.89,34.11,387.224,57,slow
595,50,2023-07-03 05:44:57,96.9,61.16,12.99,411.177,23,slow
596,11,2024-12-09 19:54:45,92.24,36.16,13.66,375.841,60,fast
597,10,2024-01-28 19:18:24,98.83,41.2,18.8,355.212,44,slow
598,30,2024-09-27 13:13:06,96.0,65.97,35.3,402.674,45,rapid
599,47,2023-09-07 08:27:50,97.61,87.58,-1.83,359.575,14,fast
600,48,2023-12-03 02:46:27,98.87,97.18,9.47,397.235,41,fast
601,26,2023-10-03 06:55:14,97.42,18.69,-8.75,418.398,28,slow
602,20,2023-07-02 14:58:15,99.19,61.28,31.46,363.256,10,fast
603,23,2023-01-31 15:40:31,98.8,93.89,38.26,355.202,3,slow
604,15,2023-01-18 20:08:04,98.63,23.3,4.92,398.197,2,fast
605,25,2023-07-17 19:27:05,99.04,29.58,37.65,369.126,23,fast
606,32,2023-07-15 04:29:10,98.51,45.72,17.72,341.066,14,rapid
607,13,2024-03-23 20:45:56,97.58,29.73,4.92,405.246,32,slow
608,44,2024-05-11 09:03:45,96.96,57.74,21.05,414.23,29,slow
609,1,2023-12-03 14:36:49,98.47,26.0,26.54,387.832,39,fast
610,28,2024-06-18 15:34:34,96.65,31.6,19.64,346.633,34,fast
611,15,2024-12-04 12:52:06,97.81,64.66,31.39,367.551,55,fast
612,36,2024-09-29 20:06:33,94.98,95.59,-1.15,416.952,81,slow
613,33,2023-01-14 18:50:42,100.34,97.58,13.13,385.122,1,slow
614,9,2024-08-04 16:30:49,96.45,78.26,5.74,376.387,66,rapid
615,14,2023-08-04 14:20:05,98.1,72.69,24.17,342.452,14,slow
616,48,2024-06-27 21:04:38,98.72,57.57,36.09,399.873,70,rapid
617,41,2023-02-08 18:53:50,100.67,77.02,15.89,391.672,2,slow
618,46,2024-12-20 19:16:07,96.59,69.57,-6.62,340.123,49,fast
619,16,2024-07-30 01:54:12,97.22,81.31,25.33,375.757,62,rapid
620,49,2023-09-26 14:02:17,98.31,26.96,41.33,414.594,16,fast
621,14,2024-04-04 09:51:11,98.18,21.53,38.68,379.403,40,slow
622,30,2023-12-21 07:57:22,98.58,50.13,8.65,353.188,20,rapid
623,34,2024-11-12 09:23:15,94.21,35.38,7.0,419.622,46,fast
624,13,2024-02-17 15:07:15,96.7,84.44,29.13,382.738,39,rapid
625,20,2023-05-17 23:19:39,97.16,70.04,15.42,412.017,13,rapid
626,50,2024-03-11 07:28:04,97.67,69.7,33.54,364.886,49,slow
627,25,2024-03-23 13:40:25,96.55,63.08,18.94,359.308,46,slow
628,10,2024-12-26 05:37:21,96.79,46.66,36.87,397.015,78,fast
629,38,2023-08-14 02:28:16,97.2,57.28,33.62,381.585,25,rapid
630,28,2023-06-17 04:32:13,98.76,77.17,-5.69,357.986,16,rapid
631,46,2023-08-14 16:44:08,98.91,22.16,43.48,349.181,21,rapid
632,29,2023-05-15 07:23:52,97.8,66.93,42.87,344.133,13,fast
633,14,2024-01-19 22:57:57,98.37,27.7,40.34,386.673,47,fast
634,19,2024-08-17 19:21:51,93.74,94.93,38.28,394.317,57,rapid
635,31,2024-03-06 06:28:28,95.63,22.16,-7.58,397.448,25,slow
636,7,2024-07-30 14:29:55,95.45,55.41,12.43,373.297,31,slow
637,21,2023-03-08 15:33:05,100.04,32.8,22.05,400.38,3,rapid
638,26,2023-12-12 21:05:01,97.81,72.76,26.89,404.365,36,slow
639,1,2024-07-07 22:30:06,96.06,53.54,0.09,352.53,35,rapid
640,42,2023-08-16 13:52:55,98.36,74.86,22.4,371.526,17,rapid
641,9,2024-04-25 21:55:03,99.4,95.49,8.99,376.531,47,slow
642,48,2023-09-15 18:49:46,99.23,68.73,37.56,360.482,29,slow
643,21,2023-06-30 05:02:57,99.73,71.19,17.37,357.014,22,slow
644,25,2024-09-12 17:32:08,94.15,40.13,36.98,365.814,41,slow
645,1,2023-08-21 16:08:15,99.27,33.11,15.87,378.191,23,rapid
646,41,2023-05-22 14:50:23,99.44,12.69,33.37,346.827,14,rapid
647,39,2023-01-28 08:44:32,99.91,89.87,43.86,388.34,2,rapid
648,18,2024-01-04 14:34:33,97.4,86.02,40.41,347.208,22,slow
649,19,2024-08-19 13:25:29,98.01,82.87,33.04,398.828,40,fast
650,49,2023-06-03 04:33:07,98.34,99.0,40.44,369.737,9,fast
651,21,2024-02-18 05:33:04,97.48,28.62,30.11,377.964,39,slow
652,48,2023-02-13 00:29:29,100.64,25.83,27.87,392.197,3,fast
653,25,2023-07-28 04:25:53,99.29,94.57,0.09,370.31,14,rapid
654,41,2024-09-04 13:58:08,94.72,69.06,26.86,358.923,69,fast
655,12,2024-10-30 11:21:57,94.42,36.83,2.26,409.399,35,fast
656,5,2024-05-03 23:36:40,96.04,40.32,38.88,372.072,65,slow
657,42,2023-11-02 22:11:12,97.18,81.33,-7.04,394.306,25,slow
658,29,2024-02-01 10:52:27,95.66,76.69,42.81,396.984,41,fast
659,33,2023-03-25 23:01:18,99.73,87.72,31.46,409.892,8,fast
660,48,2024-05-05 17:27:24,96.07,66.79,23.24,369.191,31,rapid
661,11,2024-08-17 12:29:38,95.52,45.33,15.34,395.758,46,fast
662,34,2024-04-05 09:10:57,95.15,79.33,16.08,418.855,49,rapid
663,25,2024-04-18 00:17:09,95.2,73.34,0.07,405.767,42,slow
664,43,2023-04-09 20:54:14,99.67,29.52,28.25,348.39,12,fast
665,33,2024-03-20 05:31:08,97.53,24.09,3.73,400.628,53,fast
666,5,2023-10-07 09:24:29,99.1,17.52,-2.55,388.602,15,fast
667,12,2024-06-28 00:07:00,97.05,41.79,12.75,346.798,46,fast
668,22,2024-03-09 09:24:28,95.69,23.96,28.1,368.922,26,rapid
669,21,2024-03-08 03:31:38,94.2,49.35,-9.68,393.352,49,rapid
670,50,2024-11-06 13:40:17,94.06,64.75,2.25,358.843,87,rapid
671,29,2024-02-14 10:53:12,95.69,27.45,34.16,387.89,34,fast
672,11,2023-11-15 20:59:32,96.85,37.88,30.56,361.287,23,fast
673,21,2023-01-27 06:36:31,99.13,19.24,-9.46,417.192,3,fast
674,47,2024-06-15 12:10:15,97.07,59.17,41.4,378.415,44,fast
675,23,2024-08-05 16:08:24,98.51,68.55,7.6,340.843,29,rapid
676,36,2024-11-22 00:18:53,95.69,47.84,22.7,404.297,49,fast
677,28,2023-03-03 15:44:17,101.28,75.69,42.51,370.154,7,rapid
678,19,2023-10-29 21:11:06,96.86,31.8,2.06,364.028,26,fast
679,48,2024-03-21 21:32:36,96.98,61.94,37.33,352.497,54,rapid
680,28,2024-12-15 11:45:24,90.92,55.18,23.89,345.941,35,slow
681,32,2023-08-14 09:09:34,98.05,35.95,7.23,365.851,14,rapid
682,19,2023-01-07 17:40:45,100.74,67.01,3.89,350.445,0,rapid
683,31,2024-11-02 07:40:50,94.25,16.84,9.55,387.0,58,fast
684,25,2023-01-13 11:39:16,100.15,77.6,41.47,386.448,1,slow
685,29,2024-08-06 14:39:38,96.18,49.23,1.27,375.298,54,fast
686,34,2023-12-16 20:04:31,97.07,55.54,22.76,394.398,43,fast
687,29,2023-04-01 11:07:47,99.13,32.78,4.43,416.648,9,fast
688,5,2024-12-14 16:01:38,96.86,85.98,7.61,367.116,50,fast
689,31,2023-08-04 16:06:18,99.2,30.0,5.08,376.408,17,slow
690,40,2023-03-05 05:05:50,99.71,78.04,35.79,377.526,5,rapid
691,43,2024-02-22 18:33:29,95.96,83.26,-7.77,402.318,52,fast
692,38,2023-01-10 13:12:02,98.36,41.56,-3.77,358.409,0,fast
693,19,2023-01-26 04:17:50,101.05,34.95,40.91,363.236,1,rapid
694,48,2024-11-06 12:55:51,96.17,98.26,0.36,358.743,86,slow
695,50,2024-08-15 15:23:55,96.34,81.23,38.22,369.474,76,fast
696,38,2024-06-04 19:53:08,95.43,61.33,44.86,352.514,34,rapid
697,8,2024-04-06 16:37:41,96.06,53.99,24.61,390.632,42,rapid
698,10,2024-08-27 11:57:28,95.16,52.85,0.47,408.155,51,slow
699,38,2024-12-24 21:07:52,95.06,56.39,3.6,374.988,59,slow
700,37,2024-01-23 23:41:51,95.61,99.62,17.68,366.072,30,slow
701,49,2023-02-12 21:54:42,100.54,69.56,14.4,351.24,3,rapid
702,47,2024-08-23 17:03:57,91.84,71.76,-9.05,375.315,41,slow
703,45,2023-04-25 14:48:50,98.59,41.11,11.22,341.256,11,rapid
704,6,2024-07-27 02:15:41,95.78,54.99,-6.28,375.366,38,rapid
705,50,2024-07-17 04:39:42,95.33,67.38,20.45,397.334,55,rapid
706,30,2024-06-04 20:49:03,97.86,55.54,17.54,340.572,40,fast
707,49,2023-06-05 17:14:49,98.44,76.75,8.63,390.132,9,rapid
708,14,2024-11-07 01:56:58,95.85,43.39,32.32,399.261,88,fast
709,6,2024-09-11 10:33:23,95.84,50.36,-6.43,350.279,36,fast
710,36,2023-07-08 05:23:45,98.3,80.32,35.54,354.653,22,rapid
711,22,2023-06-24 07:01:04,97.98,24.0,5.88,416.832,17,fast
712,6,2023-06-22 23:19:57,99.77,53.15,-9.86,410.909,18,rapid
713,3,2024-10-05 19:23:16,94.24,46.72,4.34,413.706,43,fast
714,50,2024-12-25 23:59:49,93.4,93.6,13.29,352.951,68,fast
715,22,2024-06-01 20:20:46,95.81,43.43,41.37,385.13,45,slow
716,48,2024-12-10 22:26:55,94.53,39.44,-4.47,340.24,91,rapid
717,43,2024-11-20 23:48:02,95.24,97.95,6.15,354.307,73,rapid
718,35,2024-05-20 15:15:58,96.56,55.2,-6.44,390.255,63,fast
719,34,2023-12-14 15:00:45,99.14,78.05,33.13,390.343,18,slow
720,10,2023-08-12 19:07:59,96.87,11.48,5.74,369.588,25,rapid
721,49,2023-08-24 07:51:55,97.58,57.07,-3.46,401.322,27,slow
722,22,2024-05-08 09:12:35,96.5,44.42,14.02,358.477,36,rapid
723,18,2023-12-09 02:35:42,97.53,88.45,7.15,384.16,18,rapid
724,36,2024-04-01 01:28:27,97.83,66.36,-8.73,409.931,44,rapid
725,3,2024-12-20 21:47:19,95.14,66.14,8.26,391.93,80,rapid
726,33,2023-02-01 15:04:42,98.07,30.27,26.05,356.893,2,fast
727,32,2023-04-19 19:44:25,99.31,55.9,30.91,378.761,10,slow
728,16,2023-09-29 10:44:47,98.14,78.69,6.32,391.426,17,fast
729,42,2024-05-09 00:51:34,96.91,46.63,28.63,393.695,26,slow
730,47,2023-01-28 01:57:14,101.09,29.05,39.89,396.804,1,rapid
731,47,2024-03-03 07:17:58,97.68,54.62,-0.89,365.294,32,rapid
732,37,2023-10-20 10:05:23,99.26,49.38,21.05,380.157,25,slow
733,32,2024-10-02 12:18:26,100.03,89.88,43.33,416.74,80,slow
734,15,2024-11-24 20:39:01,99.02,87.21,20.01,370.378,40,slow
735,36,2023-03-16 12:16:02,98.96,33.5,12.49,419.626,5,slow
736,8,2023-05-01 05:26:56,98.45,29.71,-4.06,375.31,11,fast
737,26,2023-05-14 18:19:34,97.99,89.77,9.51,379.854,14,rapid
738,20,2024-01-15 06:14:44,96.6,13.34,-6.7,385.126,34,fast
739,8,2023-12-29 03:28:46,96.86,40.32,17.28,414.627,19,fast
740,12,2023-10-25 05:11:51,97.51,84.43,4.58,412.658,21,slow
741,27,2023-09-16 14:58:54,99.24,43.3,13.66,362.714,20,rapid
742,33,2024-07-28 15:55:19,93.97,63.96,33.54,399.083,42,fast
743,17,2023-03-09 00:57:21,98.53,20.31,2.06,398.424,5,slow
744,17,2024-04-07 02:25:54,98.42,84.56,-2.57,388.235,54,slow
745,29,2023-07-11 11:39:42,97.13,38.12,-0.45,378.018,16,rapid
746,32,2023-08-07 12:08:46,99.0,20.9,14.01,407.589,27,slow
747,11,2023-12-05 03:08:58,97.07,23.94,9.43,370.831,32,slow
748,28,2024-07-13 03:23:42,96.96,17.95,19.33,415.108,68,fast
749,23,2023-02-26 05:31:27,100.33,93.68,37.89,390.274,6,fast
750,22,2023-01-06 03:33:33,100.4,91.24,17.68,344.941,0,rapid
751,34,2024-12-17 15:38:35,96.21,16.46,11.52,356.442,37,rapid
752,12,2024-05-24 23:26:52,96.16,53.98,41.5,398.664,35,fast
753,31,2023-05-03 23:59:41,99.15,21.28,14.59,397.68,10,fast
754,40,2023-09-18 18:42:18,95.5,81.41,37.3,386.451,31,fast
755,35,2023-12-13 16:33:00,98.18,71.74,43.66,363.162,34,slow
756,5,2023-06-06 07:38:44,98.83,41.19,38.67,352.559,19,rapid
757,49,2024-11-17 23:53:02,97.44,64.32,38.22,412.786,53,fast
758,42,2023-11-25 07:33:07,96.99,68.16,1.51,354.938,21,fast
759,8,2024-12-01 13:24:27,93.99,53.53,22.83,367.323,52,slow
760,36,2024-06-12 15:05:14,98.37,27.05,-4.4,365.512,69,rapid
761,7,2024-02-02 18:03:56,99.28,83.6,-1.34,373.87,37,slow
762,39,2023-06-22 11:54:00,98.37,85.29,30.57,389.168,21,slow
763,5,2023-03-27 17:02:52,99.28,31.69,16.62,412.727,6,slow
764,17,2024-09-20 11:04:56,99.01,38.58,34.19,341.719,51,fast
765,1,2024-01-24 10:41:24,96.97,41.79,5.93,343.03,23,rapid
766,12,2024-09-20 22:37:52,95.86,87.65,17.2,391.128,38,fast
767,7,2024-05-10 19:17:43,95.21,96.25,13.44,391.298,63,slow
768,22,2023-02-03 11:40:02,99.7,21.28,-6.68,363.127,1,fast
769,40,2024-11-22 06:57:25,94.85,22.24,23.83,381.876,36,rapid
770,31,2024-05-14 02:19:18,97.25,88.05,13.25,371.653,63,slow
771,35,2023-06-16 13:08:58,98.15,93.7,27.05,353.117,12,fast
772,15,2024-01-01 20:54:08,95.84,14.85,27.72,376.27,46,slow
773,38,2023-01-14 21:29:58,97.83,23.95,40.24,367.303,1,rapid
774,26,2023-05-18 13:03:17,99.05,13.56,-9.6,354.182,14,fast
775,32,2023-08-10 16:32:51,99.18,66.13,29.39,407.449,22,slow
776,15,2023-05-11 16:11:17,97.88,57.97,38.94,415.143,8,slow
777,12,2023-04-16 00:00:44,99.54,79.38,4.08,348.971,10,rapid
778,16,2024-03-03 17:11:11,97.17,86.12,6.27,401.668,34,slow
779,42,2023-03-08 06:26:04,100.26,64.01,15.0,344.169,5,rapid
780,37,2023-05-15 21:59:44,98.4,34.26,13.57,371.983,17,rapid
781,16,2024-01-07 07:19:40,97.59,42.9,-9.06,406.526,28,slow
782,35,2024-01-18 19:09:39,96.71,11.22,30.79,399.814,49,rapid
783,38,2023-02-12 02:34:41,98.33,18.55,38.33,403.488,4,rapid
784,46,2024-01-24 14:43:04,97.53,27.37,3.01,404.495,31,fast
785,38,2023-11-23 15:08:34,98.03,46.51,-5.02,389.447,21,slow
786,21,2023-05-25 03:41:51,99.24,94.24,-0.85,353.932,18,slow
787,44,2024-03-16 10:31:13,96.28,21.74,11.25,407.03,30,slow
788,25,2023-03-15 09:26:21,99.72,91.37,42.44,355.224,3,fast
789,6,2024-06-20 18:59:46,97.67,38.48,40.67,360.004,41,slow
790,39,2024-06-01 04:51:33,96.87,42.58,20.47,387.841,56,slow
791,49,2024-09-24 03:44:52,96.25,30.95,9.7,404.206,84,fast
792,39,2023-10-14 16:09:16,100.65,81.98,3.12,354.57,16,rapid
793,2,2023-04-27 13:33:06,98.14,80.5,10.7,419.54,6,fast
794,21,2024-07-30 17:02:04,98.97,25.17,21.96,417.349,46,fast
795,29,2023-12-11 16:55:56,98.87,43.05,-5.3,366.97,21,rapid
796,32,2024-11-01 21:20:24,95.85,93.7,36.59,379.456,77,fast
797,11,2023-11-02 20:18:50,97.43,92.14,24.34,412.809,38,rapid
798,46,2023-03-31 14:12:24,98.44,75.58,37.4,347.891,11,fast
799,8,2023-03-14 17:08:02,99.32,24.15,28.59,380.06,9,fast
800,27,2023-12-08 10:44:45,97.7,92.38,41.44,375.494,43,fast
801,46,2023-07-24 19:40:56,99.17,46.89,22.84,364.821,26,rapid
802,4,2024-02-26 13:34:05,97.63,76.62,-9.73,360.333,52,rapid
803,6,2024-12-25 18:58:54,94.89,12.6,-4.27,392.02,38,slow
804,44,2023-04-08 15:38:12,99.67,57.9,37.14,393.173,9,rapid
805,6,2023-12-20 11:15:04,96.05,52.31,10.94,416.401,30,slow
806,2,2023-02-19 10:32:49,100.64,69.91,36.86,414.391,6,fast
807,9,2024-08-29 17:37:28,94.38,49.39,35.09,351.884,44,slow
808,27,2024-11-06 19:16:22,95.74,34.41,27.87,364.237,70,slow
809,8,2023-07-16 21:11:20,100.22,69.3,41.84,351.56,24,rapid
810,10,2023-04-09 14:08:15,99.18,85.87,25.43,411.564,12,slow
811,48,2023-02-26 22:10:04,100.57,46.03,2.34,404.536,7,fast
812,7,2024-05-02 17:09:23,95.54,65.2,3.09,413.548,41,fast
813,10,2023-02-20 04:46:59,100.6,39.23,31.87,358.69,6,fast
814,38,2024-09-07 13:28:03,96.63,48.71,32.85,391.646,45,slow
815,45,2024-11-15 19:10:07,94.47,19.38,2.31,393.944,70,rapid
816,16,2024-05-06 11:03:44,98.3,71.52,42.06,383.466,59,slow
817,41,2024-01-11 13:39:48,98.76,38.91,31.12,344.281,36,rapid
818,15,2023-01-11 15:12:52,100.65,72.59,7.75,408.693,0,fast
819,32,2023-08-27 00:29:21,97.83,30.06,44.22,406.382,28,fast
820,16,2023-12-02 13:25:10,96.4,53.0,-4.84,374.126,38,slow
821,24,2024-10-11 20:54:10,97.76,53.53,37.44,343.903,85,rapid
822,14,2024-01-03 23:40:51,100.39,92.07,-3.64,366.198,30,rapid
823,45,2023-12-14 17:31:12,96.84,25.22,-8.83,397.941,36,fast
824,3,2024-04-10 05:28:47,97.21,92.95,-1.58,345.394,33,rapid
825,10,2023-10-31 08:46:34,95.88,76.69,23.35,390.808,19,slow
826,28,2024-05-08 13:36:08,97.3,63.71,37.4,342.819,52,rapid
827,41,2024-10-06 01:30:08,95.06,56.15,39.06,388.913,59,rapid
828,48,2024-08-01 18:11:14,94.43,45.44,33.95,347.122,34,rapid
829,8,2023-12-24 13:32:41,96.85,59.9,32.82,410.46,24,slow
830,12,2023-09-13 19:02:18,98.01,54.85,9.04,405.965,27,slow
831,34,2024-10-23 05:37:02,96.24,48.22,27.9,395.944,85,fast
832,6,2023-05-28 04:09:17,100.29,25.7,25.9,379.565,9,fast
833,42,2024-01-18 01:38:21,98.9,91.74,-4.43,411.671,42,slow
834,39,2023-07-16 05:22:38,99.06,49.54,3.12,378.492,11,rapid
835,33,2023-12-20 16:13:51,98.88,40.81,43.76,393.001,46,slow
836,43,2024-10-19 19:38:32,95.13,30.36,37.84,391.28,82,rapid
837,24,2023-10-06 18:16:06,97.88,54.49,34.04,396.491,19,fast
838,43,2024-08-31 17:16:30,98.49,28.98,22.17,376.307,41,rapid
839,41,2023-03-19 07:39:10,100.44,21.49,-1.83,359.148,4,rapid
840,41,2023-02-27 04:58:35,101.69,28.67,-4.12,378.034,3,rapid
841,3,2023-05-19 08:23:55,99.83,95.92,35.78,405.0,15,slow
842,11,2023-06-13 23:44:01,98.57,75.64,-0.03,408.488,20,rapid
843,31,2024-09-02 00:01:30,96.92,87.41,16.1,415.29,68,rapid
844,37,2023-08-25 10:32:51,100.97,84.79,-4.23,378.403,31,fast
845,36,2024-11-12 22:39:56,96.87,25.25,2.39,418.995,58,rapid
846,36,2023-05-25 07:37:57,99.52,68.46,18.37,389.382,16,slow
847,29,2023-02-22 12:16:19,99.98,50.42,19.89,361.597,5,rapid
848,50,2024-09-16 13:10:53,97.17,10.28,14.43,362.264,65,rapid
849,15,2024-02-27 07:51:22,98.13,15.51,3.76,361.327,27,fast
850,21,2023-08-28 16:28:01,98.48,87.07,38.53,341.22,18,slow
851,23,2023-09-08 00:49:37,98.61,28.4,4.51,397.883,26,rapid
852,2,2024-06-02 15:45:11,96.38,26.13,25.86,358.587,68,slow
853,9,2024-07-20 08:31:38,94.89,97.78,32.01,416.922,52,rapid
854,23,2023-06-20 05:50:42,97.78,99.29,13.44,363.583,13,slow
855,14,2024-07-31 11:56:18,97.81,47.45,39.04,344.868,71,rapid
856,26,2023-06-15 13:40:21,99.58,30.96,-4.51,403.101,9,fast
857,45,2023-03-14 11:13:01,97.95,40.33,2.11,387.598,6,rapid
858,8,2024-10-15 05:48:53,97.09,71.67,2.67,379.432,36,fast
859,1,2024-08-24 03:36:16,95.61,29.01,12.78,404.86,59,slow
860,1,2023-08-11 18:15:34,97.68,43.4,-2.87,378.145,26,fast
861,12,2024-10-05 05:22:39,95.87,36.87,20.74,414.534,45,fast
862,21,2023-02-17 02:02:10,99.74,95.05,35.9,386.043,4,fast
863,46,2024-11-23 03:26:30,95.85,66.18,-3.42,341.938,60,slow
864,48,2024-07-19 15:42:18,100.21,41.1,20.18,392.915,56,slow
865,21,2024-06-24 01:46:02,95.66,58.34,21.26,400.282,62,fast
866,35,2024-10-29 17:57:10,92.19,94.07,4.47,365.747,51,rapid
867,29,2024-07-31 23:21:05,95.79,75.62,4.49,419.684,30,fast
868,17,2023-02-13 03:11:19,99.69,67.23,39.73,417.9,5,rapid
869,43,2023-09-11 01:55:35,98.21,60.76,-0.41,349.363,20,fast
870,21,2024-04-12 03:14:58,96.93,71.16,-8.05,418.477,26,fast
871,41,2023-03-02 22:11:44,98.08,58.5,11.32,378.3,5,fast
872,18,2023-12-03 15:02:13,97.74,56.72,-9.69,343.922,17,fast
873,3,2023-01-18 11:24:14,101.57,32.67,15.41,382.274,1,rapid
874,35,2024-09-20 22:26:12,95.04,25.34,12.35,362.564,78,rapid
875,39,2023-04-21 06:29:45,99.43,49.91,-6.67,417.295,10,rapid
876,31,2024-04-12 22:15:39,97.09,17.12,44.33,348.968,49,slow
877,25,2023-10-02 02:36:24,98.96,70.75,10.25,366.392,14,slow
878,7,2023-09-20 16:28:24,97.78,49.53,36.1,408.025,30,fast
879,5,2024-05-05 20:28:05,97.33,53.58,32.14,397.738,40,slow
880,50,2024-10-09 03:04:33,91.92,66.33,27.99,411.417,74,slow
881,45,2023-07-12 05:49:28,100.3,24.59,6.9,370.06,16,fast
882,19,2023-08-04 23:28:57,98.45,47.75,10.1,415.868,19,slow
883,17,2024-06-14 15:28:12,95.98,26.67,39.21,345.385,30,slow
884,29,2024-05-06 10:39:52,98.4,94.76,27.56,362.324,44,rapid
885,39,2024-09-26 14:22:13,94.67,74.53,43.85,347.385,77,fast
886,34,2024-12-07 10:06:06,94.4,99.32,-8.9,340.397,74,fast
887,22,2024-10-22 18:51:43,96.5,31.12,43.38,386.403,68,fast
888,36,2024-07-29 21:38:39,95.44,55.28,20.81,391.522,51,slow
889,31,2023-11-05 14:09:24,98.13,82.25,36.95,377.602,20,rapid
890,3,2023-09-07 19:35:59,99.77,87.08,9.28,385.032,30,fast
891,8,2023-11-25 21:45:48,99.69,49.74,34.37,374.602,35,fast
892,49,2023-02-14 13:29:14,99.91,17.35,-3.37,355.178,3,fast
893,17,2023-04-09 00:09:28,100.2,20.19,13.94,386.35,11,slow
894,34,2024-09-08 08:50:26,97.64,77.68,14.61,386.013,32,fast
895,42,2023-12-05 16:57:24,96.73,63.21,26.9,418.423,30,rapid
896,20,2024-10-26 15:48:00,94.51,50.08,43.13,413.336,88,fast
897,3,2023-10-04 01:50:09,96.96,93.27,-2.59,369.215,35,slow
898,45,2023-03-08 10:48:04,100.55,96.64,4.08,362.574,6,rapid
899,45,2024-04-28 21:18:29,96.35,21.9,11.42,390.394,43,fast
900,48,2024-03-02 20:48:47,96.16,40.3,8.53,393.528,38,rapid
901,27,2023-06-13 12:24:31,99.61,26.54,28.97,418.628,8,rapid
902,22,2023-06-17 15:06:25,97.9,71.72,-1.17,414.283,14,rapid
903,41,2024-07-02 23:14:19,95.01,39.43,17.91,384.505,30,rapid
904,36,2024-03-27 07:54:19,94.74,85.73,37.48,398.83,46,fast
905,26,2023-01-18 17:58:09,98.29,58.63,33.34,354.992,1,rapid
906,20,2023-07-25 05:05:54,99.4,67.73,32.37,416.993,23,fast
907,13,2024-06-21 11:08:27,95.84,84.79,34.11,374.588,36,fast
908,50,2023-12-29 18:09:10,96.75,33.04,5.3,348.494,48,rapid
909,5,2024-03-31 11:38:31,97.62,62.37,-8.81,406.908,40,slow
910,22,2024-04-16 18:28:17,96.46,13.25,11.35,345.917,40,fast
911,34,2023-02-18 03:21:40,100.37,53.04,-7.47,381.911,3,rapid
912,20,2024-10-02 15:53:50,94.76,11.65,1.47,401.663,47,slow
913,28,2024-03-22 00:12:14,95.17,66.12,-4.63,340.302,48,rapid
914,37,2024-05-11 02:23:20,95.63,64.97,-3.52,391.589,32,fast
915,27,2024-11-30 21:56:28,96.39,58.82,20.43,419.48,87,fast
916,28,2024-12-11 13:54:23,92.88,41.4,43.75,392.282,37,slow
917,15,2024-03-13 04:53:20,96.17,43.07,42.36,418.709,46,rapid
918,38,2023-07-17 03:19:26,99.49,61.66,41.0,406.167,19,slow
919,47,2024-01-10 03:00:05,96.79,99.77,38.76,382.392,28,slow
920,31,2024-07-12 20:34:05,97.62,37.58,20.24,402.239,30,slow
921,1,2024-09-26 00:49:38,93.27,81.13,27.61,346.346,55,slow
922,5,2023-11-08 11:45:43,97.65,14.19,36.28,368.2,19,fast
923,40,2024-04-15 22:42:21,97.03,37.47,32.57,380.882,50,slow
924,26,2024-03-09 16:24:56,97.59,78.61,16.81,410.804,48,rapid
925,34,2024-03-18 06:18:09,95.81,25.43,18.96,374.896,28,fast
926,31,2023-07-19 16:53:42,98.99,58.45,40.56,346.677,14,fast
927,25,2024-07-01 13:24:08,94.71,87.96,42.65,370.472,35,rapid
928,19,2023-03-19 22:19:22,100.68,53.75,-5.91,381.103,4,fast
929,2,2023-07-24 22:56:24,98.33,19.21,-6.2,387.611,23,slow
930,45,2023-07-13 00:15:37,99.45,98.95,-0.1,369.153,18,slow
931,19,2024-04-26 19:40:28,96.86,17.11,1.52,356.722,26,slow
932,2,2024-11-16 06:30:20,98.03,39.1,6.62,371.653,82,slow
933,15,2024-01-06 14:42:43,97.14,15.9,26.52,376.894,35,slow
934,29,2023-10-07 04:49:51,97.85,12.5,17.48,358.657,18,slow
935,46,2024-12-25 20:50:30,91.49,29.18,1.72,406.705,65,rapid
936,43,2023-02-04 09:36:28,99.91,89.71,-9.69,392.842,4,rapid
937,11,2023-11-18 08:30:47,97.3,65.49,-1.31,409.206,41,rapid
938,17,2023-01-13 01:52:56,102.35,47.43,1.48,370.501,0,rapid
939,38,2023-11-28 03:51:12,94.75,38.18,-5.32,416.009,23,rapid
940,47,2023-02-02 04:14:08,98.99,84.58,-5.41,406.404,3,slow
941,3,2023-08-24 05:12:56,97.93,31.82,-6.15,349.0,30,rapid
942,41,2023-11-12 16:40:29,98.39,96.77,16.51,388.034,20,rapid
943,18,2024-09-10 19:23:59,93.98,64.63,12.94,407.788,44,rapid
944,22,2023-10-20 01:35:42,102.11,52.5,-9.55,361.869,18,fast
945,17,2024-08-11 01:46:23,98.48,77.15,17.51,400.55,67,fast
946,22,2024-10-24 08:06:28,97.08,19.53,18.5,379.891,60,slow
947,20,2024-03-12 07:54:28,96.69,43.22,20.6,415.78,42,rapid
948,22,2023-10-03 01:17:35,98.37,13.78,-0.63,379.352,26,fast
949,3,2023-07-24 00:12:37,99.48,91.55,5.34,350.992,26,fast
950,50,2023-04-23 14:04:27,96.98,54.43,24.6,382.403,6,fast
951,3,2023-02-20 07:54:49,98.96,56.06,12.83,401.673,3,rapid
952,17,2024-11-12 18:44:45,94.17,99.46,-7.63,351.438,37,rapid
953,37,2024-05-31 17:47:21,97.11,93.42,14.49,370.572,48,fast
954,42,2023-01-09 05:46:43,98.02,58.14,39.59,357.597,0,fast
955,10,2024-06-05 17:16:22,96.22,52.08,12.61,348.382,28,fast
956,8,2024-11-03 06:57:24,96.53,17.52,-7.92,403.723,57,slow
957,45,2024-10-08 00:15:06,95.57,73.93,19.53,340.477,80,fast
958,36,2023-07-14 12:11:30,97.04,35.56,10.22,376.524,11,rapid
959,28,2024-12-16 08:15:25,94.99,53.93,27.84,388.329,45,slow
960,36,2024-08-13 02:16:05,98.13,62.76,-3.55,356.424,76,rapid
961,10,2023-03-28 00:26:04,100.1,42.72,16.69,357.764,7,fast
962,18,2024-09-01 20:10:31,94.99,90.58,27.28,348.181,65,slow
963,23,2024-04-05 14:28:53,96.77,51.88,38.3,371.286,51,rapid
964,35,2023-01-23 17:22:58,99.1,70.41,-0.92,400.427,2,slow
965,35,2023-06-17 21:51:34,99.07,58.57,-1.82,379.271,17,slow
966,26,2024-11-10 15:04:55,96.78,74.59,30.44,371.857,47,slow
967,15,2024-12-01 05:42:39,96.42,89.46,-4.19,349.86,60,fast
968,49,2023-03-01 17:18:39,98.84,47.2,44.04,372.47,6,fast
969,35,2024-10-29 17:04:18,95.55,87.03,-7.01,402.444,46,fast
970,33,2024-01-15 04:16:22,98.73,22.99,-6.67,351.854,29,fast
971,24,2023-02-05 17:30:47,97.48,44.85,4.75,389.003,3,fast
972,14,2024-09-30 17:50:34,93.88,68.45,20.74,412.909,75,rapid
973,13,2024-05-08 23:53:10,94.13,98.4,25.18,374.961,37,fast
974,33,2023-08-12 01:43:35,98.83,97.09,3.25,396.92,26,rapid
975,15,2023-01-22 05:17:20,99.88,73.14,7.22,392.009,1,rapid
976,35,2024-04-18 04:41:25,95.87,95.66,17.31,343.052,34,rapid
977,16,2024-01-01 07:13:30,97.64,52.07,23.58,344.075,43,fast
978,48,2024-03-06 15:42:39,97.0,15.19,15.84,350.119,44,rapid
979,2,2023-05-05 02:59:47,99.74,99.8,-9.76,415.524,6,rapid
980,4,2024-11-27 19:15:34,93.28,90.55,20.0,416.072,87,fast
981,20,2024-01-10 12:48:06,99.9,58.77,-0.1,364.597,30,rapid
982,11,2024-01-25 10:16:48,98.31,10.24,-0.99,365.179,25,fast
983,45,2023-04-19 18:26:52,99.51,43.28,-6.92,355.082,6,fast
984,6,2023-03-13 08:36:01,98.71,59.76,16.07,400.862,8,slow
985,47,2023-10-08 17:47:51,97.45,72.25,38.25,390.808,16,slow
986,23,2024-08-04 11:59:16,97.85,36.05,-3.01,417.422,74,slow
987,32,2023-07-20 14:53:52,97.72,97.97,-6.27,374.226,20,slow
988,14,2024-09-15 02:25:49,94.51,52.55,28.51,351.632,71,rapid
989,37,2024-11-24 20:07:24,93.52,51.89,23.65,343.363,88,rapid
990,24,2023-05-19 09:16:51,98.04,64.25,10.65,344.099,11,fast
991,3,2023-12-07 22:23:57,99.27,21.08,16.24,388.78,25,slow
992,9,2024-05-16 03:02:07,95.55,98.96,-6.18,357.746,43,rapid
993,19,2024-11-06 11:09:17,97.67,41.49,28.13,346.723,50,rapid
994,21,2024-06-22 06:09:08,92.22,97.75,5.4,416.186,51,slow
995,24,2023-01-25 15:26:43,102.5,92.45,10.98,358.617,2,slow
996,35,2023-12-14 18:35:44,98.98,62.1,38.26,402.484,24,rapid
997,49,2023-02-06 00:22:10,99.27,84.22,3.24,357.761,3,rapid
998,49,2023-07-05 21:11:20,99.23,61.3,-9.78,351.614,9,rapid
999,46,2024-05-26 19:57:28,97.67,80.04,3.48,406.803,64,fast
1000,28,2024-02-05 02:06:32,97.85,13.61,17.48,352.227,21,slow
1001,30,2023-09-02 06:17:52,99.45,48.4,12.73,342.315,16,fast
1002,13,2024-02-16 14:20:46,98.51,59.93,18.92,416.888,27,slow
1003,37,2023-12-24 14:22:04,101.19,58.78,6.2,379.999,36,fast
1004,24,2023-03-19 02:37:52,101.47,93.0,-2.38,340.254,7,rapid
1005,42,2024-10-06 06:30:31,93.44,57.47,44.19,353.909,67,slow
1006,28,2024-02-27 21:09:08,96.79,44.85,-9.24,402.003,52,rapid
1007,44,2024-12-06 07:42:20,94.77,62.92,7.14,409.247,56,rapid
1008,44,2023-07-26 19:25:56,99.21,55.32,-8.72,383.675,11,fast
1009,39,2023-04-15 05:00:24,99.87,64.87,15.1,388.36,5,slow
1010,3,2024-03-09 02:35:45,96.93,29.09,20.73,340.351,41,fast
1011,47,2023-07-20 18:23:19,100.07,61.62,41.93,403.867,14,rapid
1012,16,2023-05-30 10:32:59,99.46,91.01,7.51,370.172,16,rapid
1013,41,2023-04-16 05:51:22,99.09,70.3,17.74,342.364,11,rapid
1014,47,2023-11-19 08:34:15,97.65,38.82,25.2,410.731,28,rapid
1015,20,2023-06-22 21:00:50,100.27,10.78,28.65,375.611,11,rapid
1016,50,2023-09-17 18:11:28,98.23,85.69,14.13,350.138,28,rapid
1017,34,2024-01-21 15:16:26,98.25,80.79,7.6,383.241,39,slow
1018,41,2024-07-24 02:42:28,96.45,74.3,5.6,353.367,74,fast
1019,43,2023-09-20 16:53:27,97.71,64.21,43.1,360.162,17,slow
1020,32,2024-02-28 00:23:43,97.27,30.34,34.4,368.149,51,fast
1021,27,2023-12-04 15:24:09,100.41,92.94,14.23,361.939,42,fast
1022,1,2024-08-16 09:29:57,97.89,49.8,6.19,417.642,36,rapid
1023,40,2024-06-26 03:07:35,97.45,40.87,-3.11,412.237,57,fast
1024,10,2023-07-24 07:49:36,100.5,80.94,12.1,353.962,13,rapid
1025,4,2023-12-26 19:07:12,97.38,65.43,-7.6,393.297,20,fast
1026,7,2023-06-26 19:58:32,98.92,49.45,40.83,358.671,14,rapid
1027,34,2023-06-19 19:34:52,99.67,85.09,26.65,388.466,13,slow
1028,23,2024-05-17 11:04:21,96.58,48.09,17.55,373.701,48,fast
1029,6,2023-02-16 21:51:18,100.73,67.73,-7.15,413.113,3,rapid
1030,6,2024-07-02 09:24:56,96.38,79.48,-1.15,351.653,37,fast
1031,1,2024-05-17 22:46:49,96.61,83.97,12.69,362.829,41,slow
1032,38,2024-09-12 21:27:44,96.01,35.63,33.08,385.325,75,slow
1033,4,2024-04-08 22:19:33,99.61,63.36,7.77,367.185,35,rapid
1034,16,2023-01-31 02:14:21,98.7,52.71,18.54,361.501,2,rapid
1035,48,2024-11-06 02:45:53,96.04,72.18,34.24,340.34,70,slow
1036,46,2023-04-12 09:19:27,97.82,70.73,21.38,414.715,8,slow
1037,4,2024-01-23 15:25:48,96.56,99.27,10.54,401.93,32,slow
1038,3,2024-08-05 03:23:28,95.87,66.45,27.33,372.321,73,slow
1039,32,2023-03-14 09:29:44,99.62,23.21,-8.16,341.796,5,slow
1040,30,2023-11-23 15:11:34,96.96,33.15,7.06,386.025,24,rapid
1041,27,2023-09-20 20:49:17,100.26,42.05,36.61,417.852,19,fast
1042,44,2024-10-22 00:54:30,96.0,17.35,12.62,352.557,53,rapid
1043,23,2023-05-30 07:43:24,96.33,58.37,17.42,368.732,15,rapid
1044,32,2024-12-17 22:41:07,96.38,93.88,0.3,360.826,39,fast
1045,21,2023-05-08 02:40:14,97.17,85.65,-0.94,358.273,14,slow
1046,26,2024-12-18 09:44:25,93.47,75.57,-8.87,392.709,73,slow
1047,39,2024-01-20 11:36:36,97.81,35.85,2.53,397.405,23,rapid
1048,20,2023-09-26 00:12:57,96.48,57.28,42.18,413.214,28,rapid
1049,19,2024-11-13 01:59:36,95.06,52.52,14.99,360.946,70,fast
1050,47,2023-08-01 18:45:19,96.11,53.27,33.29,403.137,24,slow
1051,43,2024-08-23 20:05:10,96.95,50.56,39.38,392.728,33,slow
1052,39,2024-03-20 12:33:09,97.27,36.24,44.14,389.089,28,rapid
1053,16,2023-02-21 06:51:03,99.73,55.25,13.3,380.474,6,fast
1054,50,2023-02-09 01:53:46,99.11,88.0,-0.1,381.257,2,fast
1055,42,2023-10-10 12:22:23,98.56,79.03,35.6,399.47,19,rapid
1056,23,2024-11-24 00:31:09,96.13,96.51,25.79,419.512,47,slow
1057,17,2023-08-02 18:42:48,98.17,56.27,-8.89,408.266,14,rapid
1058,16,2024-04-03 23:34:10,98.59,68.36,3.13,414.637,43,rapid
1059,18,2024-10-27 13:27:07,95.22,99.71,30.05,349.881,62,slow
1060,41,2023-03-20 06:11:46,99.18,26.42,6.97,352.175,10,rapid
1061,6,2023-09-06 00:51:14,98.44,55.47,1.96,377.152,32,slow
1062,32,2023-02-15 05:39:55,102.43,12.54,-8.62,369.682,4,slow
1063,41,2023-11-09 09:11:24,97.54,49.94,-0.14,360.43,32,slow
1064,9,2023-11-28 23:32:51,97.69,23.76,42.68,379.683,31,fast
1065,48,2024-01-17 10:33:20,102.27,76.82,25.24,375.274,48,fast
1066,32,2024-05-30 09:39:11,97.46,73.03,25.85,389.625,52,slow
1067,25,2024-03-15 09:38:34,95.86,34.94,-4.08,394.309,43,rapid
1068,15,2024-01-29 18:04:46,97.08,50.71,29.5,385.496,36,fast
1069,10,2024-07-30 14:42:49,94.3,41.67,7.36,397.88,43,fast
1070,19,2023-12-13 16:15:11,95.82,58.91,30.75,379.53,20,rapid
1071,22,2024-07-24 13:27:35,96.88,68.28,21.58,401.925,31,rapid
1072,14,2024-05-12 23:49:58,97.45,54.56,39.32,410.389,50,fast
1073,48,2023-03-15 14:36:15,100.36,22.82,34.14,404.142,8,slow
1074,32,2024-02-15 09:02:39,96.5,69.66,32.41,368.542,48,rapid
1075,43,2024-12-11 21:25:32,93.81,10.45,-3.37,350.019,54,rapid
1076,42,2023-02-11 11:34:52,99.86,80.7,0.63,389.125,2,slow
1077,32,2024-10-10 07:39:19,93.28,75.72,15.72,386.044,77,slow
1078,46,2024-11-07 12:29:20,93.63,54.81,27.15,403.476,77,slow
1079,26,2024-12-08 11:03:49,95.88,18.0,31.08,367.833,74,slow
1080,35,2024-01-18 03:32:05,98.95,69.07,14.45,375.685,25,slow
1081,20,2024-10-30 20:21:13,94.88,82.83,33.96,387.497,64,rapid
1082,18,2023-09-03 02:43:26,96.23,61.72,43.47,401.029,20,rapid
1083,17,2024-06-03 17:31:12,98.02,95.31,29.41,351.289,47,rapid
1084,5,2024-10-17 09:30:19,93.71,86.84,2.57,390.893,61,slow
1085,42,2023-12-12 09:46:52,99.69,24.04,-5.12,412.631,39,slow
1086,6,2024-05-22 05:22:02,98.4,50.76,44.85,378.149,49,fast
1087,18,2024-10-05 15:33:25,96.79,16.95,12.45,372.194,56,fast
1088,1,2023-03-13 15:33:50,98.16,14.91,4.87,361.769,3,slow
1089,1,2023-05-24 23:31:36,99.91,72.49,15.38,373.54,14,fast
1090,24,2024-08-02 11:22:16,95.51,27.33,-2.34,391.431,52,fast
1091,6,2024-08-16 19:34:41,96.58,65.29,33.58,404.141,37,slow
1092,4,2024-04-20 07:43:05,95.92,90.21,13.44,396.212,28,rapid
1093,32,2024-05-09 08:37:17,98.67,43.77,35.82,357.624,59,fast
1094,15,2024-10-11 14:53:21,94.0,11.14,1.21,410.016,48,rapid
1095,39,2023-01-01 01:18:11,100.1,90.19,12.98,386.303,0,rapid
1096,42,2023-10-21 11:17:21,99.18,88.09,16.35,408.689,15,fast
1097,8,2023-11-05 14:21:02,97.37,51.37,8.24,344.688,18,fast
1098,43,2024-10-14 07:59:47,93.43,86.94,15.81,388.703,69,slow
1099,39,2024-03-22 19:32:45,95.82,93.71,11.3,343.895,39,rapid
1100,27,2024-10-04 15:48:10,97.43,23.38,23.28,414.413,43,rapid
1101,43,2024-08-06 06:53:44,97.72,50.71,20.98,380.675,53,fast
1102,50,2023-06-18 09:22:28,99.1,65.95,44.24,399.265,15,fast
1103,12,2023-12-14 04:31:36,96.0,72.64,-9.33,402.348,18,rapid
1104,29,2023-02-20 08:00:26,99.84,33.16,34.79,387.233,3,slow
1105,13,2024-10-23 18:54:44,93.52,87.21,29.98,347.028,79,fast
1106,29,2024-08-16 23:22:10,95.49,97.04,5.24,382.856,74,slow
1107,19,2024-08-07 08:36:44,95.31,84.69,33.77,405.048,60,fast
1108,6,2023-11-23 07:59:03,95.91,15.03,5.32,391.19,34,slow
1109,43,2023-03-24 04:51:59,100.81,52.23,19.63,403.705,4,rapid
1110,40,2023-02-18 17:27:32,100.33,56.14,-5.9,359.305,5,slow
1111,2,2023-08-03 04:41:33,98.71,76.03,5.48,360.938,24,rapid
1112,35,2023-02-20 10:00:46,100.2,64.44,2.25,360.397,3,rapid
1113,37,2024-11-19 16:02:29,96.35,16.54,43.76,352.843,79,rapid
1114,39,2023-02-12 05:06:18,100.9,55.05,44.64,416.577,2,fast
1115,34,2023-02-26 09:38:16,99.05,17.26,39.31,374.131,6,slow
1116,7,2024-01-06 10:11:48,97.64,71.64,35.94,362.264,48,fast
1117,31,2023-02-08 22:55:09,98.12,76.96,8.96,352.286,5,slow
1118,17,2024-04-28 22:58:53,96.0,53.61,27.63,417.998,37,fast
1119,12,2023-08-10 06:23:28,97.45,17.52,-6.45,402.91,26,slow
1120,29,2023-09-27 22:47:06,97.97,64.8,-0.21,352.186,20,fast
1121,41,2024-12-23 06:39:06,95.56,64.9,22.44,407.425,88,slow
1122,12,2023-10-09 20:53:11,96.4,61.53,-5.45,350.903,34,fast
1123,15,2023-06-14 20:39:36,99.55,23.04,40.56,378.906,18,slow
1124,35,2023-09-12 06:41:27,98.55,86.53,-0.9,380.492,17,rapid
1125,48,2023-10-07 22:32:03,97.83,33.05,33.33,347.312,26,slow
1126,8,2023-04-04 18:17:25,97.96,87.19,16.25,388.162,10,rapid
1127,24,2024-11-06 19:44:47,93.06,90.36,44.05,404.479,47,slow
1128,31,2023-10-08 21:00:30,97.82,78.23,23.54,359.377,24,slow
1129,21,2023-04-27 05:44:34,99.2,31.13,28.43,347.68,7,fast
1130,48,2024-01-10 19:26:47,97.33,89.73,7.92,374.974,35,fast
1131,13,2024-11-19 13:10:50,95.65,33.31,27.99,401.704,75,slow
1132,20,2024-08-30 08:09:00,95.75,65.18,6.09,378.068,64,slow
1133,34,2023-10-22 09:51:53,98.77,77.36,21.71,409.383,33,slow
1134,50,2023-11-29 06:16:24,98.16,24.15,25.19,409.515,42,rapid
1135,14,2023-10-23 13:34:54,98.11,21.97,27.2,373.445,33,rapid
1136,43,2023-03-06 05:32:46,99.03,99.43,10.53,341.607,3,slow
1137,9,2024-05-08 22:13:58,95.31,29.35,6.54,347.636,61,fast
1138,29,2024-01-06 08:11:02,99.46,78.14,36.82,383.586,39,fast
1139,14,2024-07-25 18:05:34,96.15,63.11,19.54,340.632,30,rapid
1140,22,2023-07-12 18:16:45,97.64,58.57,22.08,399.088,10,slow
1141,46,2023-04-27 12:51:34,98.63,88.2,11.47,406.211,10,rapid
1142,24,2024-10-18 08:38:44,99.8,68.06,33.57,371.114,76,fast
1143,8,2023-05-04 03:15:28,98.56,25.21,-9.34,417.176,12,fast
1144,50,2023-11-13 18:49:25,97.45,70.89,34.0,350.521,30,rapid
1145,25,2023-04-05 18:41:25,99.18,71.0,41.85,343.549,10,rapid
1146,38,2024-09-11 09:28:00,95.11,64.47,4.46,345.939,80,rapid
1147,34,2023-06-05 02:19:27,98.63,44.3,43.59,381.304,17,slow
1148,20,2024-06-23 01:24:22,97.09,55.62,28.56,403.599,31,slow
1149,16,2023-11-24 09:30:06,98.12,63.86,25.82,392.041,27,slow
1150,21,2024-05-01 15:43:08,98.97,62.31,23.74,345.865,32,slow
1151,36,2024-02-15 15:38:44,98.68,10.15,43.14,383.874,38,rapid
1152,25,2024-08-15 06:31:38,98.78,16.17,38.64,340.29,34,rapid
1153,48,2023-05-16 11:25:16,98.44,32.0,43.53,380.907,12,fast
1154,36,2024-05-29 11:00:18,95.58,33.5,32.34,356.754,61,slow
1155,50,2023-03-29 17:09:26,98.31,74.26,17.19,379.663,7,rapid
1156,15,2024-08-25 13:31:37,92.45,74.36,-5.82,413.779,32,fast
1157,15,2024-02-03 01:15:39,96.41,63.21,15.79,417.485,30,fast
1158,33,2024-07-10 02:38:56,95.52,25.89,20.54,384.491,72,slow
1159,34,2024-10-20 20:07:31,94.64,18.23,42.45,411.257,38,slow
1160,25,2023-10-05 03:19:42,97.34,49.67,11.32,357.376,16,slow
1161,7,2023-04-14 06:00:56,100.68,77.61,6.96,396.26,12,fast
1162,21,2024-02-13 11:09:58,97.35,18.27,-5.64,365.397,48,slow
1163,27,2023-06-19 19:50:24,99.48,21.73,14.94,410.145,9,rapid
1164,7,2023-01-08 12:31:22,98.97,30.27,41.38,341.488,0,slow
1165,30,2024-04-12 13:27:54,96.02,30.3,37.71,353.592,30,rapid
1166,2,2023-02-28 09:06:49,98.92,50.39,-8.24,342.392,5,rapid
1167,6,2024-10-08 15:18:25,93.27,78.0,11.35,371.001,78,slow
1168,26,2023-01-28 20:22:50,99.68,54.58,39.2,352.538,2,fast
1169,24,2023-02-07 17:19:39,100.85,49.05,36.34,356.376,3,fast
1170,15,2023-07-07 04:08:47,98.73,42.62,-3.84,372.18,12,slow
1171,21,2023-02-22 23:59:30,99.09,44.01,-3.43,359.54,6,fast
1172,43,2023-02-27 22:59:04,100.59,95.28,-4.47,357.707,3,rapid
1173,26,2023-12-11 04:32:37,96.85,85.14,35.49,351.986,45,fast
1174,20,2023-03-14 12:25:13,101.2,28.14,21.19,394.422,6,slow
1175,16,2024-03-13 15:44:54,98.2,98.23,42.58,368.952,31,slow
1176,39,2023-03-20 14:06:59,100.12,88.62,-8.93,340.933,9,fast
1177,7,2023-11-01 08:34:54,99.38,18.33,7.05,381.561,31,fast
1178,26,2023-10-09 17:38:46,98.39,84.73,-9.02,386.204,32,fast
1179,24,2024-02-01 19:19:48,97.15,44.97,30.86,391.427,21,rapid
1180,7,2024-08-15 11:11:40,97.9,63.8,-2.28,353.535,34,fast
1181,7,2024-04-11 01:41:05,96.72,76.97,36.37,348.967,42,fast
1182,3,2023-12-21 12:36:39,96.58,20.8,44.07,386.27,22,fast
1183,31,2024-05-07 10:34:22,96.19,89.69,25.61,392.95,52,rapid
1184,41,2023-08-09 09:56:02,97.68,76.0,27.06,367.662,20,rapid
1185,41,2024-03-09 11:42:34,97.28,24.82,-2.18,340.28,52,rapid
1186,32,2023-03-04 09:30:40,100.77,84.56,11.09,393.89,4,fast
1187,25,2024-08-07 03:47:51,96.93,75.03,29.09,399.697,34,rapid
1188,29,2024-12-29 07:17:18,94.39,29.61,37.5,369.066,58,slow
1189,36,2023-02-09 13:16:34,101.34,98.21,29.54,368.007,3,fast
1190,28,2024-12-08 19:19:40,94.86,22.17,14.7,351.12,50,fast
1191,41,2023-03-14 02:35:20,99.7,56.86,-1.23,365.872,7,slow
1192,17,2024-07-05 06:59:31,96.8,36.74,-7.73,406.883,46,fast
1193,19,2023-03-29 06:16:34,99.39,25.61,-0.66,365.84,10,rapid
1194,43,2023-03-04 08:10:44,99.87,76.87,14.76,354.918,4,slow
1195,37,2023-09-27 01:53:12,97.7,71.11,-4.71,359.786,35,rapid
1196,3,2023-09-30 15:01:37,97.29,34.13,-0.94,349.089,17,slow
1197,14,2024-08-09 12:52:37,94.8,91.34,-8.55,413.372,66,rapid
1198,11,2024-09-14 10:18:02,96.89,68.66,43.66,374.725,36,slow
1199,25,2023-08-10 06:45:56,99.04,100.0,10.68,377.083,26,fast
1200,11,2023-09-15 00:18:31,99.48,59.96,40.69,344.637,27,rapid
1201,20,2023-07-12 11:34:31,97.73,60.83,9.59,410.623,23,rapid
1202,11,2024-02-04 17:36:44,98.67,10.75,18.65,390.291,45,slow
1203,17,2023-07-05 04:25:10,98.18,40.02,-9.38,354.853,23,rapid
1204,35,2024-08-14 06:24:23,97.1,84.96,-3.52,401.004,35,rapid
1205,34,2023-01-28 10:28:31,99.0,82.84,32.43,410.541,3,fast
1206,13,2023-01-12 17:43:28,98.08,54.01,38.93,398.716,1,slow
1207,15,2024-03-12 12:40:14,96.04,48.77,16.11,403.34,43,rapid
1208,45,2024-11-07 12:24:51,97.0,87.86,-3.23,341.39,34,fast
1209,7,2024-03-25 10:37:20,99.35,36.39,40.12,364.523,57,fast
1210,2,2024-10-21 22:50:53,97.54,94.93,44.69,411.17,46,fast
1211,28,2024-01-01 16:48:07,98.74,79.45,40.92,365.394,42,fast
1212,32,2023-11-26 19:18:56,98.16,63.95,15.4,353.08,26,rapid
1213,27,2023-06-25 23:46:09,99.82,33.8,2.56,400.484,11,rapid
1214,40,2023-03-03 05:48:18,99.47,98.95,7.96,372.44,4,slow
1215,17,2023-02-18 20:22:44,99.69,50.35,18.51,408.474,3,rapid
1216,50,2024-01-29 19:26:37,97.33,82.96,20.1,391.275,44,slow
1217,23,2024-09-21 10:00:52,94.48,81.32,-1.19,361.442,76,fast
1218,48,2023-07-06 15:47:47,98.59,75.6,1.83,359.951,10,slow
1219,5,2024-02-13 04:37:11,95.79,41.0,27.07,397.26,47,rapid
1220,36,2023-04-21 23:38:36,98.96,15.88,30.72,362.956,8,slow
1221,2,2023-12-12 19:46:02,99.49,81.2,2.59,367.505,20,fast
1222,23,2024-09-08 07:56:25,93.83,88.37,14.86,414.98,40,rapid
1223,7,2024-08-27 15:10:15,97.7,46.41,2.73,390.967,31,rapid
1224,42,2024-02-10 23:31:09,96.53,34.17,20.19,343.628,30,rapid
1225,24,2024-01-04 02:33:20,97.06,43.62,13.85,381.527,48,rapid
1226,17,2024-11-27 18:29:20,97.38,71.54,-7.92,415.99,42,fast
1227,26,2024-09-18 08:55:38,96.57,48.9,15.7,360.984,50,rapid
1228,30,2023-06-18 23:03:13,99.18,49.05,1.09,360.953,11,slow
1229,34,2023-03-08 07:40:44,98.26,63.05,1.08,399.554,3,fast
1230,1,2024-05-19 19:38:38,98.45,79.86,25.32,402.969,34,rapid
1231,8,2024-05-23 09:21:43,98.27,62.26,29.89,355.807,54,fast
1232,36,2024-09-21 01:26:53,96.5,89.0,40.92,378.005,38,rapid
1233,11,2024-05-08 17:20:59,97.18,60.24,10.01,411.846,51,slow
1234,24,2024-06-18 16:14:28,97.63,32.42,41.29,347.07,44,slow
1235,27,2023-02-09 21:17:26,99.67,92.25,16.05,381.688,3,slow
1236,33,2024-01-19 00:21:57,97.07,99.47,15.96,373.091,41,fast
1237,34,2024-01-31 04:56:41,98.63,62.89,12.96,382.962,25,rapid
1238,43,2023-07-09 00:18:52,98.6,67.03,23.1,383.204,23,rapid
1239,15,2024-08-10 20:23:15,93.79,96.9,33.6,402.972,60,rapid
1240,7,2023-08-01 17:46:15,100.77,41.35,22.65,359.607,24,rapid
1241,34,2024-07-20 07:48:11,95.92,13.85,-0.79,364.041,52,slow
1242,44,2023-03-08 09:46:55,100.2,81.98,26.96,403.047,7,slow
1243,4,2024-09-27 01:08:11,95.19,71.13,5.37,379.297,84,fast
1244,46,2023-03-02 03:57:38,99.46,60.52,44.74,360.426,5,slow
1245,3,2024-03-12 09:28:46,98.68,50.18,17.71,372.216,29,fast
1246,35,2024-05-17 04:23:05,94.67,48.32,-6.14,414.133,58,slow
1247,29,2023-12-23 15:57:29,95.49,78.23,23.62,392.013,27,slow
1248,46,2023-07-06 13:15:27,98.71,61.21,22.02,374.131,21,fast
1249,5,2024-06-26 04:22:17,98.07,96.22,12.84,414.519,38,slow
1250,31,2024-07-29 19:31:46,95.32,43.44,32.96,412.495,53,fast
1251,15,2023-09-24 03:31:46,99.42,57.21,20.96,395.039,19,fast
1252,33,2023-07-01 12:43:51,98.76,58.22,27.46,404.373,22,slow
1253,29,2023-08-15 12:30:36,97.23,27.11,24.07,419.158,12,slow
1254,18,2023-07-27 08:50:55,100.38,26.42,35.79,371.195,21,slow
1255,8,2024-01-08 08:27:19,96.33,96.36,20.55,413.039,46,slow
1256,47,2023-01-03 14:46:44,99.18,49.43,12.61,401.125,0,slow
1257,15,2024-10-09 19:32:32,92.82,12.79,1.76,360.437,66,fast
1258,40,2024-11-23 18:51:33,93.97,94.4,18.19,370.026,52,slow
1259,1,2024-02-12 00:14:26,96.69,63.42,40.49,340.246,37,rapid
1260,48,2024-01-26 06:07:45,99.26,81.16,27.31,358.793,39,slow
1261,11,2024-06-09 06:09:51,97.16,42.31,-7.65,410.988,43,fast
1262,24,2023-10-11 10:00:04,97.84,37.12,10.79,390.768,27,slow
1263,44,2024-12-05 04:00:55,95.34,80.58,11.69,409.716,54,fast
1264,31,2023-06-13 06:03:09,100.35,66.3,42.61,362.708,8,fast
1265,1,2024-08-27 22:05:44,98.76,20.48,38.32,404.327,73,rapid
1266,22,2023-05-31 10:25:55,98.11,49.65,12.32,404.36,9,fast
1267,45,2023-10-18 21:39:24,99.6,55.92,6.13,358.411,31,fast
1268,40,2023-12-17 17:29:59,97.76,39.92,33.56,361.029,40,fast
1269,36,2023-05-28 23:52:59,98.21,43.54,2.95,381.991,9,rapid
1270,20,2024-04-17 05:57:09,96.21,95.73,22.36,370.173,25,rapid
1271,47,2024-09-23 08:41:29,96.69,56.58,-8.01,348.638,65,slow
1272,27,2023-06-23 06:05:03,98.49,57.38,4.31,348.424,20,fast
1273,8,2024-12-06 03:04:16,94.94,15.09,-0.94,392.396,87,slow
1274,2,2024-04-11 13:07:25,95.35,36.21,1.85,415.16,49,slow
1275,13,2023-08-02 08:22:05,98.09,49.56,23.6,342.444,11,slow
1276,22,2023-11-08 12:35:06,99.03,86.68,31.57,378.809,39,slow
1277,25,2024-05-12 14:18:07,98.6,57.42,0.89,395.823,51,fast
1278,7,2024-09-03 16:05:20,97.22,18.91,11.94,376.435,79,fast
1279,39,2023-10-08 14:34:55,98.36,76.9,29.57,350.608,34,fast
1280,31,2023-06-19 10:04:58,100.11,63.04,15.94,366.275,14,slow
1281,9,2023-01-24 09:15:03,100.06,12.15,-1.02,396.389,2,fast
1282,20,2023-06-07 23:14:02,98.16,76.31,-2.4,407.236,13,rapid
1283,18,2023-04-05 01:08:14,100.42,78.99,18.65,407.294,9,rapid
1284,26,2024-04-12 23:51:19,94.99,56.74,16.34,373.91,45,slow
1285,20,2023-04-05 22:00:33,99.26,77.13,39.45,362.824,5,fast
1286,19,2023-07-22 06:25:56,97.38,26.76,-7.07,351.017,15,fast
1287,47,2023-04-27 22:40:14,99.54,40.06,15.3,391.938,11,fast
1288,4,2023-12-21 11:25:34,97.88,18.13,23.75,388.876,45,fast
1289,1,2023-07-05 19:38:23,98.2,89.39,2.56,373.112,23,rapid
1290,45,2023-03-31 10:32:37,98.19,11.67,25.87,369.766,8,fast
1291,1,2024-11-22 18:51:07,94.68,61.81,26.98,357.239,80,rapid
1292,12,2023-09-08 08:16:33,98.14,95.37,36.06,414.426,33,fast
1293,45,2024-08-22 07:02:27,97.23,32.03,31.97,378.336,54,rapid
1294,26,2023-05-21 19:36:16,100.05,75.8,30.42,408.068,11,fast
1295,15,2024-09-09 21:46:11,97.64,58.07,3.3,415.076,38,fast
1296,9,2023-08-24 09:11:28,98.4,65.35,13.18,342.178,16,fast
1297,24,2024-09-20 11:50:32,95.45,80.0,2.37,363.755,81,slow
1298,17,2024-03-13 09:48:00,97.1,35.85,-2.74,392.22,35,slow
1299,35,2024-05-21 12:56:49,97.65,57.79,3.72,360.373,46,rapid
1300,1,2024-12-13 08:24:46,97.23,70.67,-1.04,341.502,50,fast
1301,21,2023-01-21 02:29:56,100.64,65.71,22.93,343.068,1,slow
1302,14,2023-05-27 03:15:11,98.46,91.55,-2.68,364.037,18,slow
1303,21,2024-05-09 23:28:02,97.64,82.14,15.42,381.382,64,slow
1304,42,2024-09-21 18:17:32,97.24,50.42,40.45,416.388,61,slow
1305,16,2023-06-25 16:40:37,100.26,65.4,39.75,341.594,16,fast
1306,21,2023-12-14 18:37:02,95.85,44.04,12.78,406.103,36,slow
1307,37,2024-10-15 09:42:51,94.41,75.82,5.47,341.111,36,fast
1308,5,2024-05-09 05:46:56,97.14,89.03,16.78,359.658,32,fast
1309,24,2024-10-03 20:55:09,97.4,43.25,39.13,368.96,54,slow
1310,9,2024-09-27 12:28:57,91.33,15.54,31.85,383.331,70,fast
1311,30,2024-06-08 14:41:42,97.74,16.85,23.11,405.768,48,slow
1312,46,2024-02-01 05:36:38,94.81,20.31,6.5,356.813,30,slow
1313,22,2024-11-11 18:54:07,94.09,66.66,43.02,374.382,80,rapid
1314,43,2024-11-01 16:47:08,95.25,77.32,-9.87,395.485,62,slow
1315,33,2023-08-09 09:01:33,98.71,16.57,30.64,360.585,11,rapid
1316,18,2024-04-25 08:30:53,97.86,88.25,7.45,369.944,59,slow
1317,43,2023-07-22 06:53:11,100.58,79.2,12.97,368.106,12,fast
1318,40,2023-01-18 22:18:36,97.95,68.02,-4.02,389.939,1,fast
1319,50,2024-04-04 17:14:53,97.45,31.46,-9.94,349.507,43,fast
1320,20,2023-06-27 00:22:13,98.72,63.63,3.76,411.363,20,rapid
1321,2,2024-06-18 08:25:04,97.25,99.08,32.88,398.508,36,rapid
1322,23,2024-12-26 12:39:45,93.43,96.03,20.81,359.435,89,fast
1323,44,2023-05-27 18:16:12,98.51,34.44,30.21,390.596,18,rapid
1324,40,2023-05-04 13:03:56,99.47,22.8,39.15,394.509,14,fast
1325,46,2023-09-26 21:29:06,97.58,23.29,17.77,388.56,21,fast
1326,47,2024-12-18 18:42:38,96.46,72.23,35.89,404.821,71,rapid
1327,38,2024-08-23 07:31:33,95.66,41.6,43.41,380.367,47,fast
1328,36,2023-12-08 16:09:40,97.08,26.81,38.44,415.219,17,rapid
1329,22,2024-01-10 14:39:57,97.49,64.36,18.51,340.969,45,rapid
1330,39,2024-03-12 20:54:39,98.17,42.52,25.39,408.577,46,fast
1331,26,2024-08-10 02:28:44,95.01,50.58,6.08,409.529,37,fast
1332,44,2024-08-02 18:35:36,96.79,52.1,39.28,412.976,50,rapid
1333,41,2024-01-30 05:52:21,99.36,14.81,21.89,409.655,41,slow
1334,32,2023-09-23 04:10:58,97.79,69.67,-3.02,360.167,30,rapid
1335,4,2024-11-19 16:42:23,95.89,66.95,35.42,413.568,48,fast
1336,13,2024-04-21 19:30:24,96.6,23.41,24.6,360.432,59,fast
1337,1,2024-06-13 18:39:08,97.41,17.26,19.78,389.931,56,slow
1338,5,2023-05-21 11:44:30,100.46,27.63,11.87,412.783,14,rapid
1339,5,2024-07-24 20:54:57,96.34,21.28,13.85,418.304,65,fast
1340,27,2024-05-29 09:55:44,97.56,53.51,44.51,379.097,50,fast
1341,12,2023-12-11 01:30:53,100.07,73.65,19.9,348.512,36,slow
1342,1,2024-05-20 23:20:28,96.08,76.29,-5.6,409.263,34,slow
1343,22,2023-05-03 23:38:03,98.47,95.93,6.24,404.587,9,fast
1344,46,2024-06-24 09:24:52,97.38,95.45,20.24,341.936,40,rapid
1345,43,2023-07-02 15:20:56,99.97,86.62,6.54,406.942,12,fast
1346,31,2023-03-31 20:27:18,99.64,14.34,11.64,374.405,11,slow
1347,32,2024-12-06 04:14:37,96.88,16.52,-3.28,349.43,38,slow
1348,39,2023-01-20 17:56:57,100.15,33.15,24.14,415.522,1,slow
1349,47,2023-03-23 08:21:18,100.94,79.07,4.93,391.017,8,rapid
1350,22,2024-02-23 22:15:24,96.41,50.91,10.06,387.405,51,rapid
1351,15,2023-11-06 11:55:43,97.07,63.02,30.04,362.36,28,rapid
1352,6,2024-10-09 08:46:29,94.29,83.65,31.85,397.29,63,rapid
1353,14,2024-07-30 13:11:10,95.72,74.46,12.12,352.979,65,rapid
1354,1,2023-08-13 11:34:56,98.7,29.26,4.55,356.963,16,rapid
1355,12,2023-01-21 05:25:49,99.79,23.85,42.41,377.489,1,fast
1356,23,2023-06-07 03:31:43,98.68,79.82,13.88,363.249,17,fast
1357,14,2024-02-15 21:20:28,97.27,83.67,35.11,390.772,22,fast
1358,33,2023-05-08 06:27:33,98.95,82.14,-0.36,371.063,8,slow
1359,2,2024-02-27 14:26:15,94.15,92.62,20.44,417.87,49,rapid
1360,1,2024-02-20 18:05:11,95.37,56.4,13.61,395.571,24,fast
1361,33,2023-01-17 01:50:19,100.13,45.8,7.52,406.315,1,fast
1362,9,2023-03-14 01:05:40,100.41,50.07,28.63,381.323,3,rapid
1363,7,2024-10-23 00:24:57,95.88,48.6,2.81,369.396,37,slow
1364,27,2024-01-11 22:18:20,97.95,68.81,-3.7,341.0,42,fast
1365,35,2023-11-15 18:25:04,98.78,76.44,6.89,363.266,39,fast
1366,39,2024-10-14 09:02:53,96.05,59.43,8.46,390.864,48,slow
1367,22,2023-05-14 21:39:57,100.19,62.46,21.33,395.579,14,slow
1368,44,2024-10-06 09:22:46,95.06,17.96,24.46,370.86,44,slow
1369,43,2024-05-20 12:02:28,99.34,18.99,27.2,341.357,51,rapid
1370,42,2023-02-17 23:34:05,99.4,81.64,34.59,368.092,6,slow
1371,40,2024-04-18 17:45:05,95.63,30.03,2.3,392.04,42,fast
1372,10,2023-09-19 14:11:59,99.28,47.67,28.61,368.912,34,rapid
1373,46,2023-09-25 15:14:38,98.39,82.39,17.78,363.297,22,rapid
1374,38,2024-06-14 21:05:56,95.32,91.14,-9.05,354.815,58,rapid
1375,6,2023-09-07 06:15:05,98.11,69.55,33.54,355.441,32,rapid
1376,35,2023-02-15 00:55:13,100.74,17.55,18.71,361.045,3,rapid
1377,14,2023-11-13 10:42:54,98.75,99.66,18.73,375.434,32,slow
1378,19,2024-01-14 10:50:42,98.23,91.19,4.33,396.307,33,slow
1379,7,2024-09-13 22:49:56,95.73,65.55,5.73,364.114,62,slow
1380,9,2023-10-31 13:46:24,98.67,75.64,18.74,341.934,33,rapid
1381,12,2024-03-29 08:58:39,94.74,60.41,22.41,384.519,35,rapid
1382,10,2023-10-21 07:28:44,97.84,52.91,1.32,348.166,37,fast
1383,34,2023-03-16 16:52:17,99.47,92.04,11.63,372.194,5,fast
1384,7,2024-04-28 19:15:38,98.87,88.04,3.88,413.602,42,fast
1385,46,2023-05-22 10:40:54,98.03,64.98,18.38,366.486,16,fast
1386,38,2023-05-19 05:46:05,98.74,43.36,15.38,359.803,14,slow
1387,41,2024-03-05 19:38:12,97.79,74.05,35.87,340.568,22,fast
1388,17,2024-06-14 11:06:57,95.96,57.39,-7.61,373.279,40,fast
1389,34,2023-08-20 13:18:18,99.78,26.09,13.96,379.632,26,slow
1390,23,2024-04-16 04:43:54,97.75,25.88,40.45,402.506,59,fast
1391,9,2023-08-11 20:54:18,97.63,20.68,38.0,393.069,27,slow
1392,20,2023-03-25 19:05:58,100.63,73.02,9.41,372.591,9,slow
1393,7,2024-05-15 18:37:58,95.92,18.98,27.05,376.998,34,rapid
1394,43,2024-06-12 13:41:31,95.33,66.64,35.56,380.516,55,fast
1395,34,2023-07-14 11:48:39,97.42,70.68,-2.59,377.986,11,fast
1396,32,2024-06-25 14:45:18,97.98,38.95,25.59,419.648,35,rapid
1397,1,2024-10-09 01:27:04,95.64,53.87,40.05,360.193,81,slow
1398,43,2023-05-30 08:42:55,100.21,82.19,38.29,383.029,16,slow
1399,37,2024-05-08 09:14:09,99.74,64.45,32.01,366.063,55,slow
1400,10,2024-06-23 11:04:17,95.09,51.81,3.85,350.14,45,fast
1401,36,2023-12-18 14:17:49,98.84,31.42,38.32,365.62,22,fast
1402,3,2023-01-11 09:23:35,100.28,42.86,19.91,393.53,0,rapid
1403,50,2024-03-04 12:38:35,96.36,10.04,41.03,376.485,26,fast
1404,34,2024-07-25 19:04:54,96.24,24.42,29.85,407.761,35,slow
1405,1,2023-12-19 20:49:43,97.42,90.97,13.33,399.035,45,slow
1406,46,2024-04-03 12:18:54,97.16,95.03,11.54,349.028,33,fast
1407,45,2023-02-22 15:10:10,99.14,10.23,32.82,411.581,4,slow
1408,40,2024-05-30 02:04:26,97.73,83.93,22.69,407.911,65,rapid
1409,36,2023-11-14 14:26:22,100.38,37.57,-0.79,410.562,21,rapid
1410,50,2024-11-26 16:11:09,95.19,58.65,25.47,361.546,53,rapid
1411,6,2023-02-11 04:17:52,99.48,94.61,9.77,407.934,3,fast
1412,10,2024-11-24 00:20:21,96.95,29.9,12.0,357.244,64,rapid
1413,7,2024-11-20 07:55:58,95.83,38.91,40.06,379.06,46,rapid
1414,41,2023-04-27 04:29:38,99.36,17.77,29.58,388.116,13,rapid
1415,40,2023-08-20 04:42:42,100.0,69.28,25.86,354.968,23,rapid
1416,40,2024-06-13 21:40:27,95.48,18.63,8.06,361.061,50,slow
1417,36,2024-04-23 10:37:16,95.94,35.16,33.08,364.068,53,fast
1418,38,2023-07-19 23:28:04,99.18,13.97,37.78,373.671,19,rapid
1419,26,2023-09-27 04:59:36,96.28,54.39,0.2,341.713,14,rapid
1420,43,2023-01-18 11:30:21,102.26,82.19,-5.58,412.275,1,slow
1421,49,2024-05-25 18:28:41,96.43,23.22,39.92,350.308,40,rapid
1422,49,2023-10-18 04:37:09,96.55,47.95,-8.65,395.006,20,rapid
1423,47,2023-01-11 07:14:06,100.74,20.01,32.92,370.414,0,rapid
1424,12,2023-08-16 21:19:13,97.07,98.31,5.7,378.68,12,slow
1425,23,2023-04-01 04:03:34,97.29,50.36,-2.36,395.553,10,slow
1426,40,2024-12-30 03:36:42,95.3,96.56,27.9,411.803,87,rapid
1427,31,2024-01-12 05:49:40,99.89,96.13,41.92,382.514,29,slow
1428,43,2024-02-21 18:54:00,95.32,95.03,-4.8,402.752,22,rapid
1429,45,2024-10-06 07:26:00,96.18,66.48,27.12,380.391,76,slow
1430,3,2024-06-10 14:02:00,96.6,27.53,7.38,409.436,47,fast
1431,30,2023-07-13 13:16:57,98.9,59.97,25.89,354.979,17,fast
1432,25,2023-09-25 08:46:04,98.45,42.39,9.65,351.103,24,rapid
1433,21,2023-10-26 09:31:09,98.29,48.36,11.15,418.861,27,rapid
1434,11,2024-05-25 23:04:28,95.7,88.73,18.06,348.925,27,slow
1435,12,2023-09-24 17:31:26,99.14,86.37,3.13,375.578,24,slow
1436,38,2023-07-26 05:22:38,98.0,97.82,5.74,376.41,15,slow
1437,45,2024-06-27 01:05:44,95.62,44.71,32.08,378.591,46,fast
1438,42,2023-03-24 06:11:55,98.94,57.03,22.48,391.867,5,rapid
1439,29,2024-10-26 11:46:21,94.44,60.75,-1.01,385.989,85,rapid
1440,13,2023-07-11 04:35:10,99.0,68.29,5.88,389.28,19,fast
1441,47,2023-03-09 16:03:46,99.26,72.42,14.28,402.702,4,slow
1442,25,2023-02-10 01:55:49,99.63,59.1,43.47,409.285,3,rapid
1443,10,2023-12-07 14:01:59,98.72,61.61,4.92,360.231,34,rapid
1444,20,2024-08-25 09:17:35,94.55,72.75,18.42,386.584,65,fast
1445,6,2023-10-31 16:03:58,95.81,69.88,34.28,370.648,39,fast
1446,34,2024-06-07 10:18:03,96.84,36.36,-5.53,389.465,53,slow
1447,47,2023-02-22 07:22:59,100.73,13.27,33.35,408.763,3,slow
1448,9,2023-11-23 03:53:43,98.45,38.67,36.52,363.935,20,rapid
1449,35,2024-08-07 11:36:51,93.19,58.4,43.27,375.346,57,fast
1450,37,2024-11-07 12:01:18,94.58,67.63,12.87,347.237,35,rapid
1451,16,2023-12-17 07:39:18,95.87,72.08,9.17,413.5,20,rapid
1452,16,2024-08-17 03:12:26,94.31,33.55,22.07,353.794,38,fast
1453,45,2024-02-06 01:07:32,98.52,38.73,17.5,413.365,45,slow
1454,45,2023-12-28 08:30:24,98.97,28.69,-4.35,402.664,36,rapid
1455,27,2023-06-06 05:55:36,99.52,18.97,4.1,412.222,8,rapid
1456,48,2023-02-27 16:26:31,100.34,44.23,32.96,408.253,4,fast
1457,18,2023-06-11 10:23:51,99.27,68.46,43.15,399.785,21,slow
1458,16,2024-07-16 18:47:49,96.81,35.0,29.07,391.065,55,rapid
1459,43,2024-01-20 17:25:43,98.35,42.4,29.71,347.051,40,rapid
1460,15,2023-09-30 15:11:14,97.04,18.58,-2.81,355.839,22,rapid
1461,24,2023-02-03 19:57:30,99.88,58.24,-0.68,344.103,4,slow
1462,47,2023-07-10 22:19:42,100.41,68.96,-1.54,353.477,10,fast
1463,47,2024-12-25 12:43:15,95.56,78.75,39.22,416.896,96,rapid
1464,2,2023-01-04 07:33:34,100.66,69.04,40.2,350.816,0,rapid
1465,11,2023-06-02 11:41:30,99.49,43.66,20.93,412.206,20,slow
1466,15,2023-09-17 18:56:52,98.52,42.19,3.19,369.651,24,rapid
1467,50,2023-04-30 11:47:38,98.14,80.01,6.34,403.217,11,slow
1468,3,2024-11-10 00:49:49,97.1,42.36,29.13,356.68,82,slow
1469,34,2023-01-03 13:28:38,97.38,46.55,11.36,386.24,0,fast
1470,17,2023-12-21 03:32:51,97.17,43.32,-4.36,404.584,18,fast
1471,44,2024-10-13 11:52:50,95.89,78.88,24.86,399.808,67,fast
1472,35,2024-12-25 22:12:04,96.85,63.17,37.59,399.898,79,slow
1473,13,2023-05-12 10:51:52,98.6,15.51,3.15,345.126,7,slow
1474,28,2024-10-24 05:10:43,95.11,85.43,-4.46,407.82,54,slow
1475,22,2024-04-04 14:44:37,99.08,86.06,44.01,351.759,24,slow
1476,36,2023-11-06 01:18:41,100.33,83.42,1.9,384.302,32,slow
1477,18,2023-01-02 12:53:19,99.43,39.69,-2.5,360.9,0,slow
1478,19,2023-07-06 07:16:36,98.75,30.83,-2.77,396.197,9,slow
1479,13,2023-04-11 12:25:46,98.8,69.34,-1.14,392.983,7,rapid
1480,38,2024-10-11 11:25:57,95.96,18.63,41.26,366.852,73,rapid
1481,21,2023-10-23 15:30:08,95.57,26.54,5.44,398.921,27,fast
1482,48,2024-01-15 04:33:56,97.97,35.73,39.48,382.988,49,rapid
1483,30,2023-12-23 00:40:24,98.07,91.46,-9.81,355.138,36,slow
1484,39,2023-02-11 18:02:35,99.02,90.65,3.06,344.38,3,slow
1485,8,2024-07-14 06:23:50,96.21,24.75,-6.21,399.671,70,slow
1486,28,2023-05-26 06:17:10,98.06,36.23,34.64,393.481,14,rapid
1487,29,2024-11-02 19:58:59,97.31,72.21,0.68,380.196,37,fast
1488,11,2024-04-06 09:06:35,98.42,26.75,-1.17,382.406,31,rapid
1489,47,2024-09-02 18:57:50,99.92,25.89,-1.02,367.028,81,fast
1490,10,2024-01-12 23:29:37,97.04,79.43,37.4,363.301,49,slow
1491,47,2024-06-17 22:47:38,97.95,38.03,40.84,354.842,70,fast
1492,24,2023-10-29 06:25:48,97.72,12.37,26.59,391.602,20,rapid
1493,15,2024-12-03 23:27:24,93.73,47.35,-1.41,417.234,75,slow
1494,42,2023-12-23 13:53:01,98.36,41.72,0.82,367.36,42,rapid
1495,15,2023-06-10 22:54:52,100.06,62.43,33.33,346.375,20,rapid
1496,2,2023-09-22 08:29:55,98.22,12.9,25.15,361.437,25,fast
1497,37,2023-09-26 09:48:51,99.2,82.78,16.23,358.0,29,rapid
1498,13,2023-01-11 21:08:32,100.57,10.4,13.18,411.079,0,rapid
1499,20,2024-01-26 15:46:00,97.42,51.97,24.66,368.007,43,slow
1500,18,2024-03-01 10:05:48,97.19,43.01,25.55,409.555,22,rapid
1501,50,2023-10-23 22:09:35,98.17,86.0,37.55,392.847,33,fast
1502,9,2024-06-10 05:16:53,96.32,82.26,24.93,396.543,65,slow
1503,8,2024-08-02 10:21:41,93.91,41.96,12.58,392.267,76,slow
1504,28,2024-05-27 09:57:17,98.18,47.88,25.47,342.094,53,rapid
1505,17,2023-02-08 08:01:51,100.46,13.19,1.02,405.72,2,fast
1506,50,2023-09-10 08:44:46,98.24,98.06,-1.43,374.414,18,rapid
1507,47,2023-06-24 16:49:58,99.57,98.97,6.41,344.693,18,slow
1508,31,2023-02-25 07:11:05,99.49,90.07,29.12,355.205,3,rapid
1509,5,2023-09-18 07:38:07,96.83,68.55,-8.34,413.095,28,slow
1510,47,2023-03-02 14:34:51,99.99,26.77,44.53,353.075,7,fast
1511,18,2024-03-31 12:27:27,98.17,49.14,25.78,393.439,33,slow
1512,33,2023-11-18 05:38:21,97.16,88.22,-7.96,418.613,35,fast
1513,34,2023-03-03 14:50:43,99.68,19.82,6.19,407.145,4,slow
1514,24,2023-11-01 06:21:16,99.37,36.76,-2.91,348.998,28,fast
1515,46,2024-03-31 11:30:48,95.74,16.26,-6.99,417.516,50,fast
1516,11,2024-06-26 15:26:39,97.38,16.42,36.2,363.475,52,slow
1517,19,2024-03-17 12:29:29,94.26,36.02,38.85,346.848,24,fast
1518,3,2024-06-05 08:54:55,95.06,71.66,1.38,342.338,41,slow
1519,14,2023-03-10 11:30:28,100.7,38.48,11.29,341.234,5,fast
1520,42,2023-03-31 21:58:05,99.7,33.84,2.54,414.979,6,slow
1521,37,2023-09-30 18:28:44,99.32,52.67,27.69,345.203,31,rapid
1522,25,2023-03-31 05:06:48,101.91,40.15,-3.54,412.577,7,rapid
1523,31,2024-10-19 03:52:33,97.14,27.35,-3.85,371.431,68,fast
1524,21,2023-01-09 02:11:48,99.01,95.84,38.03,354.942,0,slow
1525,8,2024-10-21 17:11:17,95.91,16.69,-1.99,375.097,50,slow
1526,35,2024-05-18 06:40:49,94.98,38.88,29.85,354.144,63,rapid
1527,34,2023-12-06 09:26:41,95.9,70.68,-2.94,401.26,23,slow
1528,27,2023-01-31 06:34:05,99.59,11.34,41.19,398.831,3,slow
1529,5,2024-10-09 03:03:16,91.7,73.47,4.79,344.714,76,rapid
1530,44,2024-01-28 07:09:58,98.65,85.12,37.38,376.134,42,rapid
1531,9,2024-05-29 00:12:23,95.72,56.87,37.17,364.472,28,rapid
1532,38,2024-11-01 17:57:56,94.35,66.04,34.03,361.175,44,rapid
1533,22,2024-09-29 13:20:55,98.33,25.63,3.36,414.948,54,rapid
1534,26,2024-10-14 07:52:47,95.49,35.06,-6.56,346.641,50,slow
1535,37,2024-05-12 12:35:07,96.28,83.73,0.4,398.874,45,fast
1536,40,2024-02-06 07:08:33,99.11,44.69,15.23,345.332,36,rapid
1537,45,2024-11-22 21:06:35,95.93,81.31,24.82,346.66,74,slow
1538,13,2024-07-30 15:17:42,95.44,99.4,14.99,354.273,55,rapid
1539,16,2024-09-06 17:45:20,94.82,67.86,-9.11,375.697,80,slow
1540,38,2024-09-22 08:16:03,93.05,76.01,27.36,370.508,75,fast
1541,4,2024-11-15 18:28:25,93.71,62.78,32.67,418.204,82,slow
1542,36,2023-07-30 09:21:17,99.82,31.54,-8.52,385.439,22,rapid
1543,31,2023-10-31 18:15:52,96.96,79.71,12.96,411.039,20,rapid
1544,39,2024-05-18 10:47:08,94.06,13.96,11.51,372.352,66,fast
1545,1,2024-09-07 04:47:10,95.76,12.39,-7.97,406.518,33,rapid
1546,4,2024-03-01 22:53:37,97.0,47.45,24.2,368.857,45,rapid
1547,49,2024-01-28 06:00:10,98.15,43.37,13.71,363.6,45,rapid
1548,37,2024-08-04 14:48:07,94.75,16.08,-3.03,356.895,32,slow
1549,24,2023-01-10 23:34:10,101.3,62.59,43.28,375.217,0,slow
1550,49,2024-05-04 14:32:19,97.67,76.78,39.51,388.904,46,fast
1551,32,2024-02-10 08:29:22,97.4,95.09,14.75,362.327,48,rapid
1552,6,2023-04-03 08:27:12,99.17,49.19,8.31,341.863,9,rapid
1553,3,2023-08-05 18:21:53,100.44,27.92,38.1,366.592,18,rapid
1554,43,2024-10-29 17:29:24,97.13,25.96,7.72,397.295,47,rapid
1555,26,2023-01-28 18:57:31,99.42,48.21,6.01,374.348,3,fast
1556,31,2023-10-13 05:32:33,97.54,79.48,7.87,346.001,21,fast
1557,43,2024-06-26 17:06:51,95.32,94.07,17.31,381.45,34,fast
1558,35,2023-02-04 18:28:39,99.69,74.37,1.41,383.182,4,slow
1559,1,2023-07-13 11:09:04,98.51,23.7,3.16,412.53,22,fast
1560,1,2024-04-08 22:05:34,96.44,12.21,15.52,379.125,43,fast
1561,8,2024-11-19 15:52:49,95.7,89.2,4.34,361.269,68,fast
1562,15,2024-09-01 00:14:58,95.48,77.04,28.84,410.955,66,fast
1563,42,2023-04-20 18:12:46,99.0,85.61,14.42,374.522,5,fast
1564,50,2024-05-18 10:58:30,94.69,95.19,-0.68,370.525,56,slow
1565,34,2024-05-19 15:05:57,97.04,39.8,-2.18,347.282,47,fast
1566,25,2024-02-25 03:39:19,98.08,46.06,3.76,418.235,41,slow
1567,13,2024-06-03 09:00:48,95.32,88.91,42.99,382.579,33,rapid
1568,19,2024-03-08 05:07:58,97.41,17.58,25.14,364.293,29,rapid
1569,15,2024-06-04 02:43:28,96.6,79.4,25.53,389.638,62,rapid
1570,22,2023-12-07 11:33:36,97.83,80.01,15.73,364.477,28,slow
1571,7,2024-02-15 14:19:45,97.04,61.52,-9.28,362.841,40,rapid
1572,32,2024-02-22 06:30:02,96.52,40.77,36.58,363.632,46,rapid
1573,6,2023-09-04 11:44:03,96.56,20.02,34.78,379.355,27,rapid
1574,39,2023-11-14 14:25:00,99.22,11.78,42.0,374.176,24,rapid
1575,29,2024-01-25 22:39:09,97.09,43.26,13.18,384.189,43,slow
1576,36,2024-09-27 08:22:03,96.99,73.22,40.41,390.236,47,fast
1577,41,2023-09-19 13:26:42,98.96,45.95,18.99,412.413,29,fast
1578,25,2024-04-13 02:38:34,94.78,57.09,44.94,363.537,44,slow
1579,9,2024-04-14 22:24:14,95.41,26.5,20.57,411.379,57,fast
1580,43,2024-12-27 16:09:17,99.47,53.14,15.65,388.074,96,rapid
1581,3,2024-09-10 05:11:14,97.89,48.23,-8.74,368.713,57,rapid
1582,15,2024-12-09 09:25:46,93.3,93.69,5.24,365.498,45,rapid
1583,10,2024-04-13 06:49:46,95.38,77.82,17.94,355.944,42,rapid
1584,7,2023-08-25 08:55:31,99.11,77.75,28.97,351.576,18,fast
1585,20,2023-06-22 17:20:36,97.58,63.53,35.43,344.766,18,slow
1586,29,2024-01-30 20:33:23,96.19,50.18,8.31,340.047,45,slow
1587,48,2023-09-05 12:42:16,97.19,90.35,11.11,344.772,16,fast
1588,14,2023-06-18 18:20:07,99.1,16.12,-0.06,360.256,12,fast
1589,49,2024-10-05 07:18:31,98.11,65.42,14.02,396.703,66,rapid
1590,50,2024-09-09 05:43:29,94.39,24.06,28.47,392.207,52,rapid
1591,22,2023-02-28 09:42:35,99.06,42.55,17.25,356.237,6,slow
1592,17,2024-11-07 01:31:40,92.7,12.65,17.09,360.393,38,fast
1593,20,2023-01-20 22:10:07,98.09,62.94,8.01,394.128,2,rapid
1594,22,2024-12-21 04:35:14,94.03,92.87,35.59,375.689,50,rapid
1595,31,2024-01-06 22:42:57,97.59,30.2,41.64,377.688,22,fast
1596,8,2024-11-19 03:16:12,96.81,34.53,38.29,402.364,64,slow
1597,27,2024-09-27 17:00:46,95.71,96.77,-0.05,357.82,67,fast
1598,24,2023-10-29 18:02:22,100.22,43.29,3.85,393.937,21,slow
1599,50,2023-08-25 20:42:04,96.65,97.33,3.57,375.915,23,fast
1600,16,2023-11-07 03:40:57,97.94,66.55,-0.68,394.867,37,fast
1601,29,2023-01-27 02:50:31,98.98,45.79,17.74,396.696,1,rapid
1602,50,2024-07-03 20:34:23,95.81,11.01,41.97,398.284,48,rapid
1603,39,2023-05-08 16:12:58,97.05,56.03,8.21,397.816,15,rapid
1604,29,2023-02-18 18:15:35,98.81,41.79,27.93,358.667,5,rapid
1605,50,2023-07-27 00:10:19,98.1,72.03,15.64,397.345,19,fast
1606,18,2024-11-08 23:05:43,92.95,82.28,-6.66,389.223,90,fast
1607,35,2024-08-16 22:08:39,98.37,44.67,29.82,390.227,64,rapid
1608,41,2024-04-27 23:25:16,99.39,74.1,12.03,411.07,57,rapid
1609,12,2024-01-14 18:15:55,99.36,20.03,14.5,376.488,34,rapid
1610,6,2023-09-23 03:44:02,97.13,21.03,38.58,352.549,29,slow
1611,25,2024-12-25 05:19:55,93.89,75.02,0.86,363.341,78,slow
1612,5,2024-03-18 02:00:32,95.65,20.56,13.38,409.371,48,fast
1613,11,2023-08-30 08:08:35,98.73,59.1,29.76,391.444,20,fast
1614,12,2024-12-27 18:56:35,95.19,55.2,-0.09,377.155,95,rapid
1615,12,2023-04-08 20:02:27,101.76,93.56,13.3,343.393,10,slow
1616,26,2024-10-16 01:56:15,94.36,67.41,18.53,385.663,57,slow
1617,22,2023-12-21 06:23:58,97.79,38.39,-1.68,380.22,46,slow
1618,40,2023-05-27 21:13:42,99.84,16.32,32.75,359.134,11,slow
1619,19,2024-01-07 12:45:47,96.52,15.89,38.17,381.432,24,slow
1620,5,2024-03-08 22:09:34,98.64,60.92,-5.37,347.366,43,slow
1621,29,2024-10-01 02:46:45,99.16,97.76,23.31,406.137,38,slow
1622,26,2024-12-01 09:42:58,93.24,38.14,20.44,355.453,86,slow
1623,23,2023-09-08 09:51:24,95.96,32.03,28.19,399.018,27,slow
1624,47,2023-03-10 18:37:01,101.77,24.44,42.14,395.849,5,rapid
1625,5,2023-08-15 23:38:07,98.84,61.38,36.88,375.92,12,slow
1626,45,2024-09-17 00:40:01,96.74,42.43,19.31,398.044,50,slow
1627,12,2023-02-01 22:23:49,100.11,39.68,10.4,404.369,3,fast
1628,31,2024-04-23 12:31:27,94.53,71.78,44.08,358.436,43,slow
1629,27,2024-05-06 10:30:07,96.04,74.74,39.38,380.621,29,rapid
1630,26,2024-12-24 00:30:37,91.58,77.64,33.12,408.755,82,rapid
1631,9,2024-05-07 06:07:40,97.52,34.73,37.72,386.445,30,rapid
1632,9,2024-08-10 11:20:16,99.33,65.28,-0.38,375.752,76,rapid
1633,49,2024-09-06 20:54:25,94.08,53.5,39.48,344.78,60,slow
1634,33,2024-01-08 22:17:19,98.01,20.68,-2.39,341.482,34,rapid
1635,38,2024-04-22 19:56:58,98.38,63.62,35.88,343.275,38,slow
1636,50,2024-06-01 15:56:48,95.97,70.98,10.22,367.95,38,fast
1637,6,2023-12-04 13:05:36,97.6,97.93,18.21,416.002,17,rapid
1638,2,2023-01-05 18:18:39,101.57,39.41,44.06,361.607,0,slow
1639,6,2024-09-16 08:55:37,94.44,91.25,1.62,359.22,31,fast
1640,32,2023-07-23 11:50:51,97.29,19.21,38.53,349.577,26,fast
1641,37,2023-09-16 03:53:10,98.17,21.7,-5.49,394.672,25,slow
1642,39,2023-10-22 07:43:04,98.81,99.36,24.19,392.636,29,slow
1643,16,2023-10-22 14:12:25,99.48,95.88,21.29,341.446,35,fast
1644,37,2023-08-24 01:24:50,98.3,28.36,11.89,412.083,31,slow
1645,27,2024-10-02 09:45:55,95.33,90.45,35.33,357.335,71,slow
1646,40,2023-10-27 00:56:39,98.16,64.76,10.02,407.57,19,fast
1647,39,2024-01-18 20:20:46,96.38,47.26,42.03,369.729,29,rapid
1648,2,2023-10-06 16:44:16,97.96,81.49,8.91,374.564,17,fast
1649,44,2024-03-11 10:11:25,96.06,71.96,43.29,341.395,50,rapid
1650,32,2023-02-03 13:31:38,100.95,34.86,38.59,366.437,2,slow
1651,44,2023-11-11 04:50:16,97.37,12.84,8.32,401.182,39,rapid
1652,19,2023-03-19 11:19:59,98.16,67.62,1.27,355.922,4,slow
1653,16,2024-02-03 12:44:47,98.32,83.29,12.02,375.249,20,rapid
1654,24,2023-05-01 12:38:41,100.28,55.66,35.78,394.116,14,fast
1655,34,2024-11-10 21:10:08,94.73,64.55,-2.06,341.121,90,rapid
1656,44,2024-05-27 21:10:19,93.2,98.84,7.96,412.931,48,rapid
1657,21,2024-01-11 23:41:32,96.97,96.45,-7.52,378.261,25,fast
1658,14,2024-08-06 17:24:33,96.23,14.66,43.19,403.209,49,rapid
1659,45,2023-08-26 13:45:15,98.29,32.68,15.23,384.097,27,fast
1660,2,2024-07-15 10:04:57,95.57,72.22,-3.53,361.904,42,rapid
1661,5,2024-03-05 22:57:49,98.67,16.75,38.33,340.188,56,rapid
1662,23,2023-08-25 10:48:14,99.59,19.82,36.77,417.239,14,slow
1663,43,2023-07-14 19:56:34,97.08,62.44,27.31,353.233,14,slow
1664,45,2024-03-20 10:18:09,96.15,39.09,9.86,346.265,32,slow
1665,43,2024-07-10 12:40:29,94.81,58.79,-6.63,412.913,30,slow
1666,43,2023-04-11 08:30:40,102.29,23.11,4.07,379.7,8,slow
1667,7,2024-11-18 06:16:02,94.54,32.54,28.69,387.913,77,slow
1668,44,2023-11-16 11:40:36,97.28,21.85,11.34,403.031,42,rapid
1669,20,2024-02-05 23:52:23,98.85,10.17,-6.46,396.769,27,rapid
1670,2,2023-04-06 04:43:44,100.78,62.17,10.98,418.539,9,fast
1671,42,2023-12-27 22:39:14,96.14,68.24,44.14,355.373,33,slow
1672,19,2023-07-07 01:40:27,97.83,45.38,-0.66,404.156,9,fast
1673,17,2024-05-29 13:09:18,93.57,56.12,44.77,398.431,59,slow
1674,22,2024-07-21 02:25:10,94.82,10.67,31.98,413.606,74,slow
1675,34,2024-05-12 22:32:49,99.08,39.82,14.51,354.33,25,rapid
1676,32,2023-05-24 17:06:56,99.35,95.81,-3.27,344.033,18,rapid
1677,6,2024-12-12 18:09:32,93.74,88.23,17.99,406.984,87,fast
1678,22,2023-09-19 02:19:08,98.07,38.08,9.65,417.973,21,rapid
1679,28,2023-07-18 19:54:52,99.24,53.55,-2.95,364.439,14,rapid
1680,31,2024-12-20 09:18:35,94.02,25.44,19.41,393.052,37,slow
1681,40,2023-03-01 02:03:13,100.14,38.29,-4.15,391.829,6,slow
1682,3,2023-08-31 14:58:05,98.03,85.69,18.36,348.897,32,slow
1683,19,2023-10-09 20:54:02,96.91,43.56,-6.67,344.837,17,slow
1684,15,2023-01-13 03:58:31,100.37,20.18,-6.37,373.943,1,slow
1685,6,2023-08-08 00:47:40,99.65,88.74,-8.47,407.875,17,rapid
1686,9,2024-07-27 23:41:00,98.5,53.06,16.08,415.394,34,slow
1687,48,2023-08-26 12:04:20,100.21,52.57,22.1,417.29,30,rapid
1688,12,2023-10-01 01:07:20,96.98,63.25,25.64,364.458,15,fast
1689,1,2024-10-25 08:36:42,96.57,66.03,14.84,396.046,72,slow
1690,14,2024-03-14 15:27:32,97.01,12.37,-7.8,349.055,25,fast
1691,32,2023-09-02 00:42:09,98.22,26.56,-7.5,345.284,30,fast
1692,1,2024-07-22 17:36:23,97.34,21.57,28.48,414.555,62,slow
1693,42,2024-07-11 11:33:44,94.45,82.74,2.78,348.937,69,slow
1694,28,2023-11-12 10:34:42,96.17,65.93,26.55,364.592,23,fast
1695,38,2024-01-13 22:12:11,97.62,57.43,29.47,366.44,20,slow
1696,8,2023-10-15 10:39:12,97.2,91.24,-2.94,386.632,36,fast
1697,8,2023-09-08 01:53:08,96.98,10.94,12.13,350.418,20,slow
1698,47,2024-10-14 20:32:58,96.99,81.73,19.57,418.412,71,rapid
1699,38,2024-10-22 17:44:54,96.15,68.23,17.33,409.145,61,slow
1700,23,2024-05-16 20:50:09,95.67,66.44,-6.29,417.992,60,rapid
1701,17,2024-05-05 23:47:59,96.81,53.86,4.32,380.717,34,fast
1702,20,2024-12-28 22:26:45,96.28,64.67,1.27,371.178,94,fast
1703,20,2024-02-23 10:42:36,96.14,20.51,19.62,346.082,23,slow
1704,48,2024-01-16 10:09:28,98.51,68.02,6.27,375.632,28,fast
1705,29,2024-02-07 05:59:14,97.04,90.64,28.04,359.388,41,slow
1706,41,2024-02-06 03:59:38,96.08,91.33,-4.25,373.232,30,fast
1707,8,2024-09-28 11:59:21,97.69,88.7,9.35,392.95,63,rapid
1708,2,2024-07-16 06:06:39,95.19,80.53,-6.64,411.475,58,fast
1709,41,2024-05-12 00:35:37,96.88,11.77,16.67,348.31,63,slow
1710,10,2024-01-01 15:31:55,98.41,41.63,-0.35,391.065,35,rapid
1711,23,2023-10-24 15:04:56,97.9,42.94,33.35,413.208,18,slow
1712,32,2023-12-31 09:31:13,97.85,57.86,13.71,352.481,37,fast
1713,10,2024-08-12 18:22:02,94.72,23.9,30.94,402.569,30,slow
1714,4,2023-08-02 18:06:55,98.12,47.65,39.75,372.465,18,fast
1715,22,2023-05-02 11:13:18,97.06,19.62,5.32,376.906,6,fast
1716,29,2023-06-30 02:25:09,99.46,43.65,-6.98,359.09,11,slow
1717,48,2024-03-21 00:32:33,98.06,27.56,-0.13,369.959,22,rapid
1718,23,2023-02-02 08:54:15,102.79,61.15,40.07,349.081,3,fast
1719,35,2024-02-08 18:27:21,98.23,45.72,21.92,361.151,23,rapid
1720,2,2024-09-13 16:12:32,98.25,89.98,-0.61,383.022,50,fast
1721,48,2023-01-27 11:30:14,98.89,32.05,0.26,406.921,1,fast
1722,21,2023-04-07 18:52:43,99.63,52.55,33.6,411.246,8,fast
1723,34,2023-12-01 07:24:53,97.4,81.69,4.88,354.251,17,slow
1724,19,2023-06-18 12:57:24,98.97,71.63,41.25,376.593,10,rapid
1725,30,2023-07-17 03:08:12,96.61,92.13,21.15,398.71,17,fast
1726,11,2024-02-25 00:04:14,97.2,12.97,16.74,371.35,52,rapid
1727,31,2024-06-02 14:26:56,95.94,55.24,38.14,344.588,30,slow
1728,3,2024-05-22 03:13:34,96.91,71.83,21.93,415.598,47,fast
1729,11,2023-04-25 21:54:40,99.76,35.79,18.84,342.398,11,rapid
1730,12,2023-07-25 00:18:49,98.92,71.31,11.95,360.028,10,slow
1731,46,2023-05-12 12:16:10,100.51,39.24,7.1,377.367,9,rapid
1732,38,2024-03-19 08:34:55,96.14,21.9,38.84,363.827,36,rapid
1733,25,2024-04-20 20:45:15,95.75,70.25,-5.99,351.905,47,fast
1734,43,2024-08-11 15:13:08,96.36,98.89,4.49,346.603,66,fast
1735,13,2024-01-16 00:52:14,96.2,47.3,40.85,342.631,19,fast
1736,27,2024-08-27 16:35:17,94.37,25.15,42.21,405.402,79,fast
1737,26,2024-06-02 11:59:53,98.74,45.75,6.18,400.803,64,slow
1738,6,2024-03-30 11:57:09,93.97,92.03,7.61,371.433,31,slow
1739,44,2023-11-10 23:56:22,97.5,83.28,17.98,349.124,24,rapid
1740,11,2024-06-13 09:23:06,96.42,81.69,21.99,372.434,39,slow
1741,49,2023-04-24 06:32:11,99.2,41.33,20.05,345.655,9,fast
1742,25,2023-03-09 07:03:51,100.01,43.69,16.65,352.79,4,fast
1743,34,2024-11-28 14:29:13,91.85,49.24,-9.23,386.825,47,rapid
1744,19,2023-02-07 00:16:50,100.05,75.98,34.15,377.752,2,rapid
1745,8,2023-10-01 03:50:29,99.31,47.32,12.32,391.556,14,slow
1746,31,2024-04-02 08:47:52,98.25,40.23,-7.2,343.957,53,fast
1747,24,2023-01-11 12:02:26,100.45,11.42,15.87,340.458,0,slow
1748,16,2024-11-25 23:58:02,98.03,82.16,4.57,394.577,47,fast
1749,19,2023-12-16 04:40:34,98.22,62.09,24.7,394.819,46,rapid
1750,33,2024-04-28 04:48:54,97.48,61.35,4.3,379.9,40,slow
1751,40,2023-07-11 08:48:53,98.27,75.79,37.97,380.861,11,fast
1752,2,2024-06-11 10:20:31,98.95,81.84,18.33,402.558,53,fast
1753,40,2024-01-26 04:19:52,97.55,16.78,17.56,387.162,35,slow
1754,39,2024-02-19 23:19:28,97.63,15.62,-8.93,356.628,34,slow
1755,29,2023-04-24 20:40:26,98.72,21.43,16.61,388.183,6,fast
1756,15,2024-09-11 05:59:53,98.26,73.34,28.83,354.356,77,slow
1757,21,2023-09-28 12:54:33,99.41,45.31,37.58,355.008,33,rapid
1758,29,2023-07-16 23:29:28,97.31,17.68,26.58,367.06,21,slow
1759,28,2023-01-04 06:33:48,98.81,84.99,33.08,410.3,0,rapid
1760,28,2023-11-27 22:59:36,94.87,10.42,30.45,367.282,29,slow
1761,42,2024-03-22 14:04:08,97.39,53.1,43.69,347.48,25,slow
1762,43,2023-01-03 23:11:14,102.16,27.4,21.53,386.636,0,fast
1763,26,2023-09-14 00:29:32,96.46,94.35,13.79,395.605,31,fast
1764,5,2023-10-21 18:29:18,99.46,76.37,13.13,409.921,23,rapid
1765,49,2024-03-26 20:35:22,97.33,84.23,22.19,372.478,50,slow
1766,13,2023-10-21 18:52:53,98.74,37.57,29.01,403.438,23,slow
1767,19,2023-07-02 03:19:54,98.06,89.86,3.86,352.406,18,fast
1768,10,2023-11-30 20:31:22,98.43,54.77,15.82,361.726,41,slow
1769,12,2023-04-23 17:20:16,99.22,97.04,-4.08,397.33,11,fast
1770,13,2024-02-03 15:00:06,97.65,75.93,34.12,386.107,50,fast
1771,29,2023-06-08 10:52:54,99.48,25.9,41.05,383.236,17,fast
1772,1,2024-01-29 02:41:57,96.54,31.16,16.07,341.952,29,rapid
1773,21,2023-03-10 00:33:03,99.77,28.16,26.96,363.581,4,rapid
1774,29,2023-03-02 11:12:19,98.6,96.73,43.14,411.506,4,slow
1775,49,2023-09-28 11:36:13,99.71,88.45,37.59,356.894,34,rapid
1776,33,2024-11-29 15:04:56,98.02,37.24,16.66,372.813,68,slow
1777,45,2024-06-07 13:03:56,98.74,61.27,25.47,412.187,37,rapid
1778,45,2023-02-02 06:38:22,99.11,56.1,6.7,376.869,3,fast
1779,37,2024-06-17 08:51:10,94.68,56.28,-5.31,399.484,43,fast
1780,39,2024-04-14 22:53:25,99.3,92.83,7.72,398.372,36,slow
1781,14,2024-12-16 02:04:26,96.76,47.28,28.08,407.896,40,slow
1782,28,2024-10-03 14:23:26,97.1,34.54,2.46,394.556,57,rapid
1783,45,2024-10-07 15:06:56,97.34,73.07,16.61,373.408,72,fast
1784,16,2024-09-16 22:36:15,97.5,19.72,33.42,405.224,62,slow
1785,43,2024-06-17 23:20:15,96.78,63.47,14.55,351.265,28,slow
1786,36,2023-12-01 00:23:36,99.05,27.58,23.87,418.219,34,fast
1787,36,2024-12-19 22:38:08,94.94,94.24,11.18,360.628,93,slow
1788,50,2024-11-17 05:50:06,96.69,83.86,25.1,367.562,84,fast
1789,22,2023-09-11 08:52:56,97.93,49.1,6.22,358.718,30,fast
1790,4,2023-06-26 01:53:26,96.8,51.95,36.5,378.141,12,fast
1791,27,2024-09-27 18:24:10,94.61,33.22,9.57,392.806,35,fast
1792,26,2023-06-02 17:17:08,98.78,75.81,1.99,366.407,11,rapid
1793,49,2024-02-11 02:38:10,97.63,65.6,44.54,378.895,27,fast
1794,13,2024-12-26 01:16:01,95.39,72.94,26.91,389.407,42,rapid
1795,30,2024-11-16 02:27:13,95.19,56.06,11.55,404.068,67,slow
1796,22,2024-07-07 12:18:14,95.12,98.94,2.46,395.385,36,fast
1797,12,2024-01-26 08:57:22,95.79,96.86,14.05,408.897,50,fast
1798,39,2024-08-11 06:39:12,95.89,97.95,23.3,414.02,68,fast
1799,43,2024-03-17 06:31:36,97.9,21.56,4.5,373.04,50,slow
1800,39,2024-03-21 15:12:49,94.86,73.35,18.63,366.022,45,slow
1801,29,2024-03-26 19:12:11,97.2,92.11,-5.32,411.768,48,fast
1802,11,2024-12-08 08:11:52,98.51,32.72,29.72,418.304,37,fast
1803,30,2024-10-16 11:50:38,96.33,95.86,9.84,360.936,49,fast
1804,11,2024-08-01 08:16:15,94.98,53.64,27.99,419.345,66,slow
1805,24,2023-07-15 08:04:06,100.27,81.99,2.73,417.178,22,rapid
1806,29,2024-03-18 23:52:53,95.16,53.97,-5.77,391.581,43,fast
1807,46,2024-05-24 05:05:46,96.21,65.93,5.56,379.013,60,slow
1808,18,2024-09-17 01:33:07,98.22,42.63,-7.7,349.467,69,fast
1809,4,2024-02-03 17:59:05,98.08,22.92,7.47,400.565,26,slow
1810,1,2023-05-20 07:04:35,98.73,42.03,-6.48,398.887,10,fast
1811,44,2024-10-05 21:05:33,93.65,73.75,44.96,365.76,45,rapid
1812,13,2024-06-23 05:17:17,94.82,32.72,42.81,379.563,48,fast
1813,21,2023-10-20 15:00:27,97.33,44.4,0.76,405.867,20,rapid
1814,36,2024-02-27 13:34:40,95.56,89.59,37.66,367.412,41,slow
1815,14,2024-07-07 18:14:56,96.98,22.41,-5.09,343.291,47,slow
1816,26,2024-05-29 01:19:13,95.33,32.92,37.17,361.036,50,slow
1817,24,2024-05-11 04:31:30,95.74,93.45,-3.47,378.826,44,rapid
1818,13,2023-06-08 08:47:17,95.9,71.85,2.85,400.075,16,rapid
1819,30,2023-03-28 05:45:38,98.62,18.99,36.79,352.768,10,rapid
1820,2,2024-11-18 01:34:00,97.44,26.95,-0.93,357.579,64,fast
1821,30,2024-05-08 00:54:11,95.85,82.5,-8.5,404.194,62,slow
1822,16,2024-12-14 08:18:14,94.77,31.69,11.95,386.175,64,slow
1823,50,2024-06-08 20:50:31,96.81,50.48,38.55,359.182,41,fast
1824,18,2024-05-27 03:17:13,99.57,16.26,26.05,355.14,38,fast
1825,45,2023-05-24 13:13:57,99.01,73.13,-1.06,404.58,15,slow
1826,33,2024-06-29 13:30:01,94.44,66.07,-6.83,345.625,56,rapid
1827,5,2023-07-22 23:51:24,99.95,12.12,0.52,393.991,23,slow
1828,34,2024-11-26 03:40:11,96.79,31.74,8.7,386.105,71,slow
1829,2,2023-10-25 10:37:30,98.03,92.77,0.14,370.72,39,slow
1830,49,2023-08-18 12:17:01,98.33,14.72,-0.21,363.996,18,rapid
1831,40,2024-03-22 11:36:03,96.3,59.31,29.85,399.126,23,slow
1832,44,2024-12-17 18:47:19,95.81,67.1,42.29,395.408,84,fast
1833,44,2023-08-29 20:43:17,99.41,54.22,-2.23,375.727,13,slow
1834,47,2024-10-01 17:33:29,93.11,86.99,15.64,417.881,68,slow
1835,7,2024-07-15 05:45:56,97.02,14.92,8.94,360.091,69,rapid
1836,34,2023-07-07 06:28:26,98.29,12.34,44.17,354.076,20,slow
1837,47,2023-02-10 13:46:21,100.99,16.08,44.3,412.728,4,fast
1838,12,2024-04-07 11:47:33,97.31,84.93,7.97,368.576,60,slow
1839,28,2023-06-16 16:31:59,99.66,64.65,32.36,414.551,18,slow
1840,45,2023-01-18 22:32:30,100.77,24.25,-4.31,370.97,1,rapid
1841,40,2024-04-19 16:47:55,96.91,47.61,-4.57,356.632,35,rapid
1842,46,2023-09-28 00:06:31,98.73,67.51,42.08,416.956,34,fast
1843,11,2023-02-19 15:46:26,98.53,39.36,22.9,386.677,5,fast
1844,20,2023-02-28 07:41:25,97.46,54.86,40.52,400.88,4,slow
1845,49,2023-12-17 23:08:02,94.74,25.78,42.87,414.815,39,fast
1846,35,2023-11-29 18:09:18,98.41,99.56,14.03,386.685,41,fast
1847,44,2024-01-21 18:26:58,96.97,46.62,10.09,406.532,31,rapid
1848,47,2024-08-24 06:14:59,95.65,93.1,37.54,345.33,48,rapid
1849,1,2023-09-01 03:01:41,96.84,47.15,15.1,364.833,15,fast
1850,25,2024-04-19 01:51:24,98.22,42.14,36.64,383.637,54,fast
1851,45,2023-11-05 16:36:21,95.68,45.08,17.9,402.577,36,rapid
1852,24,2023-01-25 14:14:04,99.7,19.2,-2.18,377.175,1,rapid
1853,41,2023-05-07 10:04:55,100.03,25.73,0.14,402.033,8,slow
1854,12,2024-03-27 03:50:31,96.46,74.92,4.6,405.609,59,slow
1855,32,2023-10-21 15:02:57,98.12,88.41,18.13,361.084,35,rapid
1856,6,2023-09-02 18:09:51,98.22,21.84,22.86,366.304,19,rapid
1857,39,2023-07-06 17:22:13,99.16,66.89,37.61,366.52,22,fast
1858,37,2024-04-18 02:32:48,96.65,64.27,23.78,400.186,40,fast
1859,15,2023-09-28 10:30:02,98.27,40.58,-2.66,397.24,28,fast
1860,6,2023-04-11 18:42:22,100.08,61.42,-7.57,383.857,9,fast
1861,49,2024-03-22 17:51:52,97.1,35.84,23.4,359.105,38,slow
1862,37,2024-02-26 14:13:53,97.39,18.67,37.87,365.161,21,rapid
1863,49,2023-09-08 06:44:48,99.65,65.66,14.88,391.907,18,slow
1864,46,2023-10-09 06:55:50,96.66,43.03,18.59,360.938,29,fast
1865,23,2024-04-11 08:50:36,96.07,36.97,-9.08,380.714,34,slow
1866,33,2023-05-26 05:19:09,98.83,93.36,12.39,361.715,7,fast
1867,36,2023-12-11 01:00:58,99.2,37.97,8.4,410.95,34,rapid
1868,14,2023-12-22 17:52:48,96.57,50.3,15.62,340.178,42,fast
1869,38,2023-10-22 10:26:49,95.79,46.17,39.95,373.901,21,slow
1870,49,2023-10-11 13:01:52,97.15,25.47,19.81,403.054,27,fast
1871,39,2023-09-01 05:52:12,97.32,42.8,43.32,378.75,27,rapid
1872,27,2024-03-28 20:23:47,97.93,21.83,-2.49,387.924,47,fast
1873,25,2024-03-13 13:40:34,95.54,49.15,-8.85,381.897,28,fast
1874,8,2023-01-16 02:20:00,100.8,74.05,9.48,346.157,0,rapid
1875,49,2024-11-05 04:33:23,95.02,44.54,-3.97,416.118,60,rapid
1876,17,2024-04-11 17:36:19,97.71,27.52,9.03,390.782,39,slow
1877,31,2023-10-06 11:23:14,99.62,63.3,-5.32,398.591,30,rapid
1878,34,2024-01-22 19:37:20,96.59,20.17,18.37,390.39,40,rapid
1879,44,2023-03-09 21:22:16,99.5,64.91,38.26,414.899,4,slow
1880,18,2023-07-02 15:06:54,97.42,17.34,39.79,340.996,16,slow
1881,10,2024-01-16 08:08:56,97.32,32.11,18.04,400.757,38,slow
1882,33,2024-07-16 20:32:53,98.9,70.76,-0.53,398.909,66,slow
1883,12,2024-11-13 21:17:20,97.65,83.27,3.16,365.445,68,rapid
1884,50,2024-11-11 23:56:59,93.39,18.83,38.44,386.89,60,slow
1885,19,2023-04-20 16:44:20,99.9,11.54,28.68,409.247,7,fast
1886,11,2023-04-14 09:22:19,98.29,18.77,-7.6,349.952,12,rapid
1887,15,2024-10-23 15:37:17,94.07,70.84,1.53,342.793,87,slow
1888,22,2024-07-27 21:20:16,94.88,61.66,8.27,404.548,32,slow
1889,15,2023-07-11 00:26:55,98.91,55.08,31.8,343.75,19,fast
1890,10,2024-04-21 06:51:25,95.47,72.0,23.89,384.243,63,fast
1891,12,2023-03-05 04:09:37,99.62,14.82,-0.97,381.133,8,slow
1892,18,2023-01-08 15:45:37,99.99,79.75,10.76,362.758,0,fast
1893,43,2024-09-26 17:17:46,96.23,20.46,28.29,411.091,49,rapid
1894,7,2023-03-23 10:58:14,98.53,33.07,23.32,383.341,8,rapid
1895,21,2023-01-22 00:24:24,99.67,84.27,5.69,415.24,2,fast
1896,23,2023-07-30 22:32:24,98.74,74.93,5.29,387.504,12,fast
1897,30,2024-10-16 11:59:04,96.91,54.05,33.28,364.531,39,slow
1898,29,2024-10-11 19:58:37,96.48,30.78,4.14,340.152,46,fast
1899,21,2023-03-20 08:44:55,99.56,72.44,9.97,364.757,4,fast
1900,48,2023-09-05 03:42:10,98.1,22.12,38.81,400.497,23,fast
1901,20,2023-10-22 07:19:55,97.12,30.64,-8.63,359.058,16,rapid
1902,19,2023-05-01 14:10:20,99.4,94.52,-4.61,402.149,13,rapid
1903,32,2023-09-22 06:24:03,98.53,53.64,39.25,350.601,30,fast
1904,48,2023-04-05 17:54:27,98.38,32.62,-1.66,360.591,5,fast
1905,49,2024-09-10 02:12:48,97.58,28.95,31.65,354.883,55,slow
1906,15,2024-11-02 19:51:43,92.76,92.24,-7.6,363.802,37,fast
1907,23,2023-06-18 04:29:58,97.09,87.03,2.99,358.779,21,rapid
1908,36,2024-05-30 18:37:58,95.67,91.24,41.59,356.779,66,slow
1909,7,2023-01-01 11:59:12,99.44,67.61,10.11,394.591,0,slow
1910,27,2023-06-25 19:46:05,99.56,17.88,23.2,404.008,19,fast
1911,7,2024-07-18 21:07:17,99.58,60.75,27.9,381.271,61,slow
1912,34,2023-04-06 02:56:09,99.35,81.91,23.09,361.621,9,fast
1913,46,2024-03-11 04:29:15,96.92,47.06,0.43,392.642,43,rapid
1914,21,2023-09-21 14:54:43,97.72,37.78,0.32,385.107,23,slow
1915,50,2024-04-07 18:19:34,97.65,84.58,37.94,393.998,31,fast
1916,10,2023-08-04 04:13:15,98.74,84.52,43.41,406.909,11,slow
1917,40,2024-05-16 03:38:23,98.16,30.25,10.69,357.724,37,slow
1918,1,2024-05-25 19:39:38,98.24,81.67,17.39,416.858,38,fast
1919,33,2023-07-05 17:27:52,98.54,20.69,-2.55,412.857,11,fast
1920,40,2024-09-22 01:28:50,97.89,62.92,41.4,418.774,34,fast
1921,8,2024-03-17 21:05:44,94.87,52.37,-1.04,362.479,45,fast
1922,12,2023-01-29 23:38:14,101.08,61.35,24.57,346.167,1,rapid
1923,14,2023-03-08 05:21:48,99.57,55.61,9.63,374.098,5,slow
1924,7,2024-11-13 21:59:32,96.4,14.74,5.18,417.879,76,fast
1925,29,2023-10-30 19:22:32,99.14,18.76,-2.43,407.489,24,slow
1926,3,2023-01-16 00:40:18,100.38,87.42,31.27,367.905,1,slow
1927,38,2024-08-27 20:32:09,95.65,59.38,37.17,376.082,62,slow
1928,48,2024-06-22 09:35:25,96.02,82.17,10.14,345.963,44,slow
1929,12,2023-03-25 05:30:51,99.21,27.28,0.65,408.262,10,fast
1930,8,2023-03-14 12:33:52,100.86,69.74,41.38,399.515,4,rapid
1931,6,2023-02-10 22:44:09,99.21,42.66,11.1,376.349,2,rapid
1932,12,2024-06-09 10:40:04,96.14,87.74,-1.62,352.778,38,fast
1933,22,2024-09-26 11:10:59,95.24,30.03,-5.77,388.153,47,fast
1934,39,2024-10-16 07:00:03,98.62,44.64,2.39,419.923,83,fast
1935,11,2024-10-09 00:26:24,96.6,33.01,13.33,409.354,72,slow
1936,11,2023-11-14 22:43:23,95.94,53.37,-5.94,364.331,27,slow
1937,18,2024-09-17 01:33:52,96.41,78.05,6.18,400.545,67,fast
1938,39,2024-08-30 04:31:00,98.62,97.31,-1.9,363.118,53,slow
1939,25,2023-07-31 02:58:43,97.31,96.39,40.98,343.2,21,fast
1940,49,2024-09-16 04:14:17,94.83,53.72,42.0,345.528,53,slow
1941,23,2023-10-23 05:07:31,97.15,64.27,0.18,347.354,33,rapid
1942,47,2024-06-13 14:37:18,95.05,83.06,4.03,347.471,27,rapid
1943,17,2023-06-15 23:12:57,101.19,15.47,18.86,407.019,8,rapid
1944,16,2023-09-20 20:16:49,97.62,77.35,39.08,418.883,27,slow
1945,28,2023-07-22 14:47:41,99.62,78.9,14.69,385.212,22,fast
1946,17,2023-04-14 07:02:06,100.23,36.32,-1.09,386.473,13,rapid
1947,50,2024-10-20 18:33:17,96.93,52.97,12.2,360.465,86,rapid
1948,34,2023-09-12 14:41:17,98.65,72.35,40.7,381.8,26,fast
1949,31,2024-12-20 13:29:26,96.87,56.04,8.35,340.456,87,fast
1950,34,2024-06-08 00:38:20,95.22,89.76,4.38,348.665,63,rapid
1951,15,2024-06-11 15:33:25,94.62,53.41,25.51,391.401,53,slow
1952,30,2023-09-19 03:17:21,98.15,49.52,-4.2,410.161,28,rapid
1953,40,2024-09-07 03:42:49,97.19,38.64,34.09,384.759,55,fast
1954,4,2023-10-12 11:08:30,99.31,26.3,20.95,359.655,16,rapid
1955,41,2023-01-16 15:17:43,100.33,81.14,-4.04,416.623,0,rapid
1956,43,2023-08-13 10:51:40,98.2,15.16,13.51,366.249,28,fast
1957,37,2024-08-29 08:24:10,94.15,79.58,18.84,387.313,32,slow
1958,30,2023-03-02 06:48:35,98.14,89.62,31.27,415.969,5,rapid
1959,30,2023-03-20 17:08:28,100.41,15.14,15.59,403.975,5,slow
1960,41,2023-03-24 00:07:08,98.61,82.18,33.71,375.795,8,fast
1961,20,2023-11-18 09:25:02,96.79,45.97,23.51,392.145,27,fast
1962,4,2023-01-02 06:11:20,99.9,51.58,-6.54,357.233,0,rapid
1963,45,2024-08-30 18:46:53,96.38,10.78,-4.84,382.132,47,slow
1964,30,2023-02-01 20:34:06,100.28,15.61,-8.86,340.494,1,slow
1965,9,2024-07-17 01:08:42,98.06,29.64,43.83,389.124,43,rapid
1966,3,2023-04-05 16:16:52,100.33,84.9,31.88,411.455,11,rapid
1967,25,2024-03-15 20:27:06,98.12,10.47,11.01,377.056,44,fast
1968,5,2023-01-31 19:25:47,98.41,19.89,23.76,346.349,3,fast
1969,15,2024-10-11 07:09:23,96.72,20.09,10.96,401.841,81,rapid
1970,22,2024-01-29 16:43:56,96.57,20.94,14.53,348.684,49,fast
1971,2,2024-11-04 21:48:41,93.95,37.13,34.8,371.238,51,slow
1972,46,2023-08-02 22:06:11,98.68,24.1,29.38,407.559,22,slow
1973,21,2024-10-09 15:43:56,94.61,72.58,42.11,389.415,84,slow
1974,11,2023-08-17 16:00:01,99.27,32.66,32.2,373.514,16,fast
1975,12,2023-06-26 10:17:42,100.13,55.29,17.38,349.996,18,slow
1976,10,2023-01-02 20:22:59,99.79,46.06,27.96,389.249,0,slow
1977,16,2023-03-24 05:29:54,100.21,75.88,34.91,362.406,7,slow
1978,12,2024-02-01 08:19:00,96.18,59.92,17.44,355.624,21,fast
1979,40,2023-12-02 20:29:44,99.08,47.57,37.68,400.611,28,rapid
1980,25,2023-01-25 13:55:54,101.92,95.26,29.0,407.92,3,fast
1981,40,2024-04-09 15:35:29,97.95,81.28,17.1,418.719,34,rapid
1982,21,2024-11-02 19:10:14,96.65,84.74,7.64,380.17,48,fast
1983,27,2023-09-25 07:50:20,98.38,71.91,39.51,376.016,21,fast
1984,11,2023-12-28 15:13:35,98.08,62.38,24.96,353.961,45,fast
1985,50,2023-06-16 23:30:16,99.16,52.16,10.77,416.869,11,rapid
1986,35,2024-05-05 13:24:20,98.03,54.97,6.78,387.523,57,fast
1987,45,2023-08-26 04:12:36,98.72,90.3,-8.35,342.233,24,fast
1988,15,2023-10-26 20:11:42,97.84,78.11,39.09,385.077,23,slow
1989,36,2024-03-05 15:07:27,97.54,32.4,33.42,366.632,30,fast
1990,25,2023-11-21 01:49:11,97.88,24.57,-2.71,400.91,32,rapid
1991,49,2023-11-19 15:29:16,96.98,37.29,39.59,351.901,16,slow
1992,45,2024-04-22 11:43:13,98.15,20.17,2.8,390.845,49,slow
1993,40,2023-03-02 13:48:43,99.98,10.72,40.28,410.132,3,slow
1994,23,2024-08-04 12:41:01,96.08,19.72,10.92,352.301,32,slow
1995,40,2023-08-01 07:10:37,98.22,51.64,29.73,372.401,11,slow
1996,25,2023-06-06 21:25:01,98.13,50.36,25.07,341.814,19,rapid
1997,39,2024-08-08 00:45:38,93.67,43.36,-7.88,415.084,56,slow
1998,4,2023-01-24 15:12:39,98.29,86.95,6.22,341.21,1,fast
1999,15,2023-04-18 10:35:18,99.51,60.93,-1.97,391.459,10,rapid
2000,1,2024-10-09 22:51:30,95.93,25.58,37.49,414.739,79,fast
2001,27,2024-07-26 03:00:37,97.5,32.18,31.06,376.703,39,rapid
2002,33,2024-11-02 13:08:25,94.28,87.5,44.59,362.106,48,slow
2003,28,2024-07-14 04:16:13,94.32,81.47,26.86,404.064,62,slow
2004,19,2023-06-04 09:00:44,98.44,28.16,39.78,380.501,17,fast
2005,32,2023-08-22 09:03:07,97.29,63.56,7.21,364.851,12,rapid
2006,19,2024-05-25 00:39:49,95.75,32.15,33.48,363.425,62,slow
2007,33,2024-04-02 19:53:25,96.35,40.04,23.39,412.999,44,rapid
2008,35,2023-05-19 15:37:40,100.67,81.78,8.69,395.355,7,rapid
2009,18,2023-04-28 13:53:47,98.67,63.24,11.97,348.761,13,fast
2010,29,2024-02-14 03:15:21,97.71,35.18,1.48,399.113,42,rapid
2011,23,2023-12-08 21:39:07,98.21,21.52,30.92,387.564,41,slow
2012,16,2024-03-16 00:39:56,97.82,31.71,41.12,406.803,23,rapid
2013,41,2024-11-25 23:52:59,97.62,27.58,8.41,392.701,84,fast
2014,26,2024-06-22 10:03:33,96.7,85.84,16.81,399.708,31,fast
2015,11,2023-08-30 21:56:36,98.84,12.88,2.15,347.598,28,slow
2016,29,2023-09-30 16:08:58,100.01,31.39,1.34,384.575,22,fast
2017,37,2024-05-05 20:55:57,98.26,62.12,7.13,384.256,60,fast
2018,5,2023-12-22 10:27:47,95.83,30.79,42.3,410.721,24,rapid
2019,43,2024-02-03 20:19:20,96.57,41.48,35.15,383.081,45,slow
2020,22,2023-12-03 11:47:01,98.35,91.78,1.71,373.962,24,rapid
2021,50,2023-06-06 23:25:16,100.14,10.02,22.97,351.296,14,rapid
2022,35,2024-05-28 13:54:29,95.1,52.81,6.13,393.331,45,fast
2023,7,2023-09-02 06:32:17,99.8,14.24,22.45,408.906,27,fast
2024,3,2024-10-04 06:16:59,97.69,65.44,-4.29,414.659,38,rapid
2025,35,2023-09-01 16:20:04,97.71,60.88,5.14,346.298,17,rapid
2026,16,2023-06-09 14:04:02,100.57,91.47,-5.21,370.522,16,rapid
2027,21,2023-08-31 11:22:53,96.84,21.27,18.48,371.454,26,slow
2028,46,2023-07-10 16:59:07,96.96,46.79,-0.66,394.779,21,rapid
2029,21,2024-11-04 09:28:26,97.34,83.72,11.94,355.942,83,fast
2030,48,2024-09-22 13:34:51,97.13,65.81,42.51,346.283,66,rapid
2031,19,2024-06-13 10:13:36,97.4,27.89,-9.78,391.659,60,rapid
2032,49,2024-11-28 01:12:46,90.93,76.43,15.79,363.281,72,fast
2033,27,2024-09-30 08:00:32,93.88,19.02,1.55,372.11,42,slow
2034,24,2023-06-22 04:37:13,99.26,95.64,3.32,374.684,9,fast
2035,48,2023-10-02 07:53:14,99.22,88.73,14.93,344.669,32,fast
2036,2,2023-12-21 13:28:16,97.16,44.36,13.47,414.907,34,rapid
2037,23,2023-01-15 23:25:09,100.27,17.37,-7.4,381.032,1,fast
2038,48,2023-06-12 11:29:13,98.88,78.69,4.01,361.691,9,rapid
2039,17,2023-02-19 19:07:22,99.98,85.41,0.75,374.876,3,slow
2040,21,2024-03-28 21:09:59,94.64,44.9,-9.61,410.549,43,rapid
2041,10,2023-01-07 00:05:50,100.93,29.51,38.81,349.74,0,rapid
2042,38,2024-05-05 10:14:07,96.2,52.91,21.15,380.476,48,slow
2043,36,2024-10-15 05:32:17,92.91,88.77,-2.93,373.065,32,rapid
2044,5,2023-12-28 10:52:28,97.38,51.09,30.95,348.204,19,rapid
2045,28,2024-07-07 15:26:29,95.63,21.35,-2.79,387.768,31,slow
2046,44,2024-02-07 14:23:30,98.4,25.12,-4.1,403.68,48,fast
2047,22,2024-09-08 10:18:50,96.02,16.99,-5.41,389.143,72,fast
2048,37,2023-07-11 01:20:43,99.12,39.35,29.23,403.448,17,fast
2049,12,2024-08-31 11:59:41,95.14,54.27,26.26,345.009,74,slow
2050,21,2023-12-06 15:44:56,96.54,48.15,32.57,348.82,23,slow
2051,30,2023-05-12 15:50:14,99.07,72.39,12.74,382.8,16,slow
2052,19,2023-04-05 08:37:23,100.3,40.04,0.33,362.66,4,fast
2053,20,2024-04-05 09:45:57,97.98,39.32,6.58,399.592,39,fast
2054,20,2024-07-04 14:06:44,98.13,22.82,18.34,411.108,73,slow
2055,40,2024-03-09 04:44:39,96.24,39.69,7.93,383.464,39,fast
2056,18,2024-09-30 00:16:21,97.38,80.11,-6.81,401.562,50,slow
2057,20,2024-08-16 12:44:11,96.27,69.65,7.78,373.45,57,fast
2058,45,2024-08-01 17:27:35,96.33,54.13,4.66,378.346,52,slow
2059,20,2023-03-09 09:40:18,99.75,56.68,28.28,412.127,6,fast
2060,6,2023-01-20 19:33:52,101.31,79.89,35.49,350.827,2,rapid
2061,29,2023-11-24 10:50:39,98.22,95.43,32.53,410.136,38,rapid
2062,4,2024-11-04 10:14:12,95.43,64.62,1.77,370.069,81,fast
2063,30,2023-07-18 18:44:48,97.28,90.64,27.6,360.154,19,slow
2064,48,2024-08-22 16:19:20,93.84,56.78,44.24,344.398,30,rapid
2065,18,2023-01-28 07:40:37,99.75,56.0,16.25,394.734,3,fast
2066,13,2024-06-17 23:35:45,94.0,22.17,42.78,344.238,30,slow
2067,28,2023-11-05 15:43:36,96.9,18.68,42.04,414.568,27,rapid
2068,32,2024-07-10 05:54:49,95.69,66.0,18.93,380.959,41,rapid
2069,41,2024-07-01 05:34:45,97.04,51.87,21.95,346.824,40,rapid
2070,6,2023-12-22 19:40:46,98.05,64.15,6.15,345.363,43,slow
2071,25,2024-04-02 10:00:19,94.65,67.48,21.41,368.348,23,rapid
2072,47,2024-08-29 19:01:05,95.67,28.38,-2.69,379.454,56,fast
2073,26,2024-02-09 01:41:10,97.76,64.58,18.88,351.688,20,slow
2074,25,2024-12-30 14:11:10,94.02,15.44,2.56,343.976,55,slow
2075,17,2023-03-14 20:13:50,99.7,49.87,12.39,407.512,9,slow
2076,14,2023-09-19 23:53:41,99.1,60.66,23.01,378.111,14,rapid
2077,41,2024-08-07 23:23:30,95.59,12.72,4.88,417.968,59,rapid
2078,11,2024-08-09 13:20:13,95.53,53.01,6.56,365.387,54,fast
2079,35,2023-12-12 00:52:14,96.9,50.38,17.0,352.187,44,slow
2080,22,2023-08-22 00:48:09,96.94,46.36,-6.25,362.46,16,slow
2081,23,2024-07-29 13:55:40,97.94,27.21,38.37,384.678,68,rapid
2082,38,2024-07-07 23:26:24,96.0,32.05,41.14,354.26,73,slow
2083,3,2024-02-08 17:50:24,96.86,14.3,32.83,409.412,29,rapid
2084,29,2023-01-25 20:45:16,100.02,74.48,0.08,359.492,2,slow
2085,14,2023-03-02 07:01:15,99.49,15.63,38.64,375.186,7,rapid
2086,31,2024-11-07 14:52:20,94.54,24.62,-5.88,378.426,83,rapid
2087,43,2024-09-24 17:01:25,93.28,96.56,25.3,354.212,33,slow
2088,32,2023-04-16 11:14:01,99.82,34.08,32.18,346.473,8,slow
2089,31,2024-08-18 10:59:22,94.37,71.55,13.2,346.414,36,rapid
2090,4,2024-05-29 12:43:46,95.03,94.04,22.27,405.318,52,fast
2091,45,2024-05-15 02:40:27,95.66,45.3,16.48,362.108,45,fast
2092,21,2024-12-20 06:12:10,93.05,91.16,13.84,380.595,45,slow
2093,29,2024-02-02 07:24:32,97.69,70.85,43.47,349.838,22,rapid
2094,37,2023-06-01 10:29:59,99.75,69.02,23.28,346.911,12,rapid
2095,31,2023-01-01 19:24:28,99.98,11.02,-3.02,391.735,0,fast
2096,50,2023-05-05 22:01:01,100.14,37.55,0.07,380.462,14,slow
2097,1,2024-06-27 05:40:12,94.44,55.06,31.51,373.604,62,fast
2098,28,2024-11-28 13:31:55,92.02,85.01,6.91,387.744,73,rapid
2099,27,2024-02-26 14:29:35,96.4,68.6,16.76,361.739,45,rapid
2100,12,2023-01-06 23:42:12,100.74,62.32,-0.82,384.233,0,rapid
2101,31,2023-01-20 21:50:53,99.6,97.31,30.58,379.29,1,fast
2102,21,2024-01-12 00:29:31,96.06,90.73,38.78,357.149,36,fast
2103,48,2023-11-22 02:20:23,97.11,30.02,-1.74,367.681,28,slow
2104,17,2023-03-01 01:12:36,99.61,47.94,6.82,359.082,6,rapid
2105,49,2023-01-03 08:21:36,99.53,97.09,25.58,375.482,0,rapid
2106,10,2024-05-27 05:54:28,95.77,47.97,-2.0,392.615,46,fast
2107,1,2023-06-06 11:00:59,97.59,55.21,16.47,345.621,8,fast
2108,21,2024-02-13 06:13:41,95.3,74.44,27.23,374.286,24,fast
2109,42,2024-04-01 08:28:49,98.54,53.05,3.45,409.87,52,rapid
2110,15,2024-08-10 02:07:58,95.53,78.92,3.52,355.655,38,fast
2111,28,2024-03-06 05:44:11,98.79,56.98,33.5,351.972,39,fast
2112,14,2024-03-08 20:35:44,96.62,49.03,19.62,412.884,35,slow
2113,48,2023-04-21 08:01:02,97.68,67.15,35.86,390.545,7,rapid
2114,32,2023-06-30 20:31:55,98.1,42.39,-3.73,388.291,9,rapid
2115,17,2024-12-18 08:49:18,94.46,93.66,41.1,354.121,90,rapid
2116,47,2023-09-30 12:40:11,98.15,45.51,-1.53,397.569,22,rapid
2117,28,2023-05-24 18:30:43,98.14,49.63,30.76,375.542,16,fast
2118,29,2024-06-04 22:32:35,96.45,73.11,16.52,382.622,28,rapid
2119,3,2023-10-06 18:03:38,99.88,55.12,33.3,411.576,19,slow
2120,24,2023-06-17 09:49:10,97.84,35.26,26.77,352.627,11,fast
2121,8,2023-02-12 23:28:05,99.62,60.05,15.97,355.024,3,rapid
2122,35,2023-08-01 14:57:09,97.38,19.99,19.51,372.709,17,slow
2123,10,2024-03-26 17:57:40,99.54,97.46,0.04,377.369,54,rapid
2124,36,2023-09-28 11:39:57,96.83,23.27,11.82,395.97,20,slow
2125,30,2023-04-19 15:23:23,99.62,30.4,25.66,395.565,10,slow
2126,2,2024-03-25 16:16:07,97.4,62.99,18.1,374.695,48,rapid
2127,37,2023-05-06 02:07:30,97.51,88.89,7.22,341.313,9,fast
2128,40,2023-01-23 07:04:14,100.1,78.0,31.12,367.579,2,fast
2129,18,2023-06-25 06:58:57,97.6,99.23,36.25,389.49,14,rapid
2130,4,2024-01-14 12:20:25,97.75,92.62,23.29,375.57,23,slow
2131,10,2024-06-25 20:50:17,95.98,70.75,31.59,365.9,37,slow
2132,1,2023-04-25 18:26:22,99.95,22.22,32.63,399.372,13,fast
2133,27,2024-09-17 05:01:50,93.15,90.36,14.03,385.04,75,rapid
2134,3,2024-11-27 19:30:47,96.27,32.69,3.22,384.327,72,rapid
2135,1,2023-04-01 21:20:09,101.16,23.94,42.61,342.999,7,slow
2136,4,2023-01-20 15:34:33,100.09,87.28,39.77,394.726,2,fast
2137,34,2024-11-18 02:31:40,92.83,62.69,26.39,409.196,83,fast
2138,21,2023-10-04 10:51:58,97.65,40.48,1.67,350.174,20,rapid
2139,40,2023-08-29 02:48:13,97.55,79.63,21.6,392.476,30,fast
2140,37,2024-04-10 19:09:26,97.13,94.4,3.12,346.331,40,fast
2141,38,2024-12-09 11:57:35,95.81,70.64,13.94,369.547,39,fast
2142,14,2023-11-16 09:22:15,96.88,68.57,-6.5,351.214,38,fast
2143,3,2024-07-01 12:53:27,95.45,84.47,43.98,394.947,53,rapid
2144,15,2024-10-08 20:53:18,95.85,16.23,7.27,383.618,80,rapid
2145,38,2024-04-12 23:21:30,95.31,55.48,42.9,358.765,53,slow
2146,36,2023-08-11 20:09:49,99.82,23.01,17.64,343.787,18,slow
2147,36,2024-12-27 18:23:53,96.31,68.74,-7.06,396.136,69,rapid
2148,34,2024-03-16 14:26:31,97.02,33.71,41.47,345.437,57,fast
2149,1,2024-04-06 13:21:37,98.06,48.51,44.45,376.724,46,slow
2150,32,2024-05-13 05:48:10,96.18,14.63,42.41,360.279,43,rapid
2151,31,2023-01-29 16:29:03,100.37,87.21,40.96,343.784,2,slow
2152,38,2024-05-18 21:07:08,94.49,34.5,11.52,348.645,25,slow
2153,9,2024-10-14 11:43:54,93.63,29.91,8.4,373.364,66,fast
2154,28,2024-10-11 14:23:06,99.3,98.68,9.8,418.761,65,rapid
2155,24,2024-05-15 03:32:09,97.95,58.4,21.6,406.086,44,rapid
2156,16,2024-03-29 07:47:28,97.96,64.17,16.81,358.06,28,rapid
2157,38,2023-02-02 08:43:47,100.01,72.45,32.18,385.322,4,fast
2158,2,2024-04-05 04:48:35,97.57,22.43,13.24,402.538,42,fast
2159,12,2023-07-15 02:02:35,98.41,16.68,24.78,343.935,16,fast
2160,49,2024-06-07 07:25:14,97.38,53.65,0.57,390.592,50,slow
2161,16,2023-01-06 18:37:03,99.22,99.7,10.35,352.998,0,slow
2162,14,2023-08-28 18:22:27,98.67,82.02,30.58,354.454,20,rapid
2163,10,2024-09-15 19:16:25,97.51,91.66,11.6,400.833,32,rapid
2164,22,2024-12-15 17:05:15,92.65,12.82,29.35,412.594,69,fast
2165,45,2024-08-08 09:17:27,96.37,43.52,39.09,413.029,70,fast
2166,15,2024-06-15 17:49:22,95.56,71.94,34.26,366.642,50,rapid
2167,41,2023-02-08 07:27:19,102.13,74.12,5.06,414.112,4,fast
2168,34,2024-02-08 14:22:15,95.57,20.3,26.83,407.433,53,slow
2169,19,2023-07-30 13:40:04,97.58,63.45,3.89,376.332,11,fast
2170,24,2023-11-19 08:38:40,96.38,91.96,11.5,382.906,25,fast
2171,43,2023-09-16 06:49:28,97.67,29.78,41.21,379.703,22,rapid
2172,40,2024-11-21 20:33:30,97.16,63.96,-0.72,358.291,50,slow
2173,15,2024-11-25 10:34:09,93.13,26.61,13.6,361.55,83,rapid
2174,42,2023-03-25 15:59:48,98.8,45.29,7.16,410.92,7,slow
2175,26,2023-06-19 06:23:09,98.98,43.66,1.36,346.936,13,rapid
2176,13,2023-03-01 23:43:07,99.62,27.73,13.7,405.218,7,slow
2177,11,2024-01-12 19:47:20,98.31,51.06,35.67,403.098,32,rapid
2178,12,2023-06-26 01:17:45,98.38,90.0,31.1,378.607,14,rapid
2179,45,2024-11-04 23:28:30,95.6,57.0,8.76,415.76,89,fast
2180,43,2023-06-03 00:53:03,98.85,67.11,31.32,395.697,16,fast
2181,1,2024-02-14 21:28:41,97.64,50.65,23.55,352.119,41,slow
2182,48,2024-01-14 08:15:51,97.79,40.74,16.68,385.739,45,fast
2183,8,2024-01-29 15:10:17,96.38,39.59,-5.25,343.006,30,fast
2184,21,2023-03-02 12:41:00,100.35,95.42,-3.07,348.358,7,rapid
2185,28,2023-07-04 00:01:10,99.01,48.33,32.53,393.667,9,rapid
2186,43,2023-10-23 15:32:15,98.15,91.91,6.74,366.034,39,fast
2187,45,2023-09-29 12:00:55,95.74,44.31,-4.74,374.83,28,fast
2188,44,2023-08-21 01:50:36,97.46,41.56,16.07,355.023,19,rapid
2189,18,2023-01-06 14:19:25,99.29,66.64,17.88,341.248,0,slow
2190,37,2023-10-18 18:10:45,97.68,19.19,42.64,412.289,16,rapid
2191,23,2023-03-18 14:44:43,98.7,39.42,32.61,383.411,9,fast
2192,36,2023-01-29 04:21:17,100.86,52.03,22.71,374.107,1,rapid
2193,4,2024-02-20 14:57:19,96.95,16.17,35.53,364.875,25,fast
2194,46,2023-05-12 23:14:36,99.45,68.69,-8.72,387.561,6,slow
2195,20,2024-07-15 22:19:16,94.77,31.25,26.46,370.213,28,fast
2196,46,2024-07-16 03:11:31,96.76,64.92,-7.38,346.692,52,slow
2197,14,2023-02-10 23:30:21,101.72,31.52,44.71,404.622,3,slow
2198,14,2024-08-30 12:40:07,95.89,84.95,23.72,365.918,43,slow
2199,10,2024-12-13 02:23:14,93.85,14.33,15.54,368.531,55,slow
2200,11,2023-11-21 22:08:00,97.85,69.12,10.13,387.176,17,fast
2201,14,2024-03-13 13:18:09,96.86,43.22,0.71,392.687,51,rapid
2202,28,2023-08-18 21:26:00,98.22,15.33,10.89,344.955,11,rapid
2203,40,2024-07-02 19:45:49,98.52,73.06,-5.07,392.378,38,fast
2204,19,2023-03-12 18:44:42,98.97,64.72,37.0,396.096,6,fast
2205,20,2024-07-11 01:18:16,99.03,72.83,40.83,410.818,35,slow
2206,3,2023-11-17 14:01:08,99.97,77.72,21.63,354.652,21,fast
2207,14,2023-10-07 14:53:17,98.56,58.4,22.83,413.904,20,rapid
2208,37,2023-05-10 21:16:55,100.31,15.74,16.54,409.376,9,rapid
2209,18,2024-04-28 15:26:24,97.54,19.19,18.32,402.156,44,rapid
2210,43,2023-09-16 17:59:06,96.67,28.17,0.35,379.236,22,fast
2211,4,2023-06-13 05:57:34,98.76,66.47,3.5,391.521,20,rapid
2212,32,2023-10-04 20:28:25,97.62,67.69,27.42,360.938,15,fast
2213,48,2024-02-02 03:48:28,97.89,79.8,8.24,402.733,29,rapid
2214,34,2024-07-07 03:44:10,96.63,65.66,38.71,417.647,53,slow
2215,24,2023-04-28 01:05:03,99.38,87.14,41.6,395.14,14,fast
2216,12,2023-02-19 18:16:12,99.46,54.12,27.42,362.922,4,slow
2217,28,2024-02-18 15:51:51,97.79,76.14,-1.66,399.906,36,fast
2218,31,2024-08-28 11:15:13,98.09,90.23,-9.05,343.714,76,slow
2219,14,2024-09-28 07:58:42,97.59,22.59,22.02,416.894,37,slow
2220,27,2024-04-08 04:03:32,96.46,22.28,-1.57,368.407,33,fast
2221,9,2024-12-27 14:35:28,96.2,47.12,44.95,350.209,54,fast
2222,13,2024-12-06 15:37:17,96.7,40.25,-8.0,365.748,84,fast
2223,32,2024-02-27 04:42:26,97.35,12.9,35.63,346.276,25,fast
2224,49,2024-04-15 07:23:31,98.07,26.08,19.52,354.896,58,rapid
2225,44,2023-11-02 10:36:16,99.08,64.97,-7.77,355.38,25,rapid
2226,37,2024-07-02 03:11:16,96.86,13.16,38.33,367.298,31,fast
2227,16,2023-05-17 16:39:41,100.26,40.67,-2.43,417.362,17,rapid
2228,31,2023-12-06 11:00:56,97.7,24.55,10.95,410.358,41,fast
2229,28,2023-08-09 17:32:43,99.56,66.03,31.79,382.726,20,slow
2230,39,2024-07-16 13:09:50,97.38,53.35,20.84,379.635,54,fast
2231,37,2024-03-19 20:16:59,96.48,19.74,21.32,391.686,54,rapid
2232,37,2023-08-14 13:18:00,97.21,83.63,27.51,361.83,13,slow
2233,43,2023-03-06 20:01:13,99.67,36.02,9.93,349.046,7,fast
2234,34,2024-08-13 17:14:38,96.7,29.6,40.71,376.247,45,slow
2235,11,2024-11-14 03:56:46,94.39,63.38,12.1,417.023,62,rapid
2236,24,2024-09-23 19:56:21,94.36,77.15,1.69,347.112,40,slow
2237,4,2024-07-07 07:55:38,97.33,77.91,6.76,389.26,66,slow
2238,40,2024-12-27 03:21:35,94.51,42.73,33.47,399.924,41,fast
2239,23,2023-12-07 22:34:21,98.95,71.23,44.91,401.803,30,rapid
2240,27,2023-02-02 05:27:27,101.76,66.67,44.43,401.066,3,rapid
2241,29,2024-04-17 04:08:05,98.43,28.34,39.59,355.067,33,fast
2242,50,2023-09-16 23:26:55,97.8,19.13,9.01,409.586,32,fast
2243,3,2023-11-26 12:48:56,98.5,66.21,18.17,384.125,35,slow
2244,42,2024-03-22 00:44:08,95.94,74.85,30.05,389.506,26,slow
2245,20,2024-08-01 18:42:01,95.91,60.25,-9.22,346.335,40,fast
2246,31,2024-05-03 18:01:11,97.46,24.54,23.08,372.123,33,fast
2247,17,2023-02-26 01:13:08,99.0,50.7,7.61,361.355,3,rapid
2248,48,2024-11-01 10:39:02,96.06,40.65,22.98,397.912,34,fast
2249,9,2023-07-16 21:40:23,98.26,73.71,5.2,369.393,13,rapid
2250,45,2024-06-29 02:37:17,95.51,82.46,12.01,392.107,61,slow
2251,29,2024-09-08 07:43:02,93.43,25.92,21.26,383.847,58,slow
2252,10,2023-08-27 04:33:46,98.0,79.23,11.44,414.86,29,rapid
2253,3,2024-04-15 06:16:45,95.79,78.57,15.74,396.475,47,rapid
2254,16,2023-10-06 00:38:24,97.47,19.14,35.69,365.452,15,fast
2255,22,2024-05-19 09:33:10,97.35,70.36,9.27,356.304,46,fast
2256,1,2024-02-17 17:42:50,97.33,37.75,25.59,377.417,37,fast
2257,36,2023-12-24 21:10:03,99.14,54.31,-8.05,349.189,24,slow
2258,2,2023-01-06 17:50:18,99.15,88.18,8.52,370.624,0,fast
2259,18,2023-12-12 16:08:04,96.77,93.16,2.97,413.838,27,rapid
2260,27,2024-01-26 19:26:38,98.3,36.16,19.67,403.168,29,slow
2261,27,2024-05-24 12:51:43,96.11,29.1,22.62,406.695,26,slow
2262,42,2024-05-22 07:25:14,94.68,72.23,-3.54,346.086,60,rapid
2263,22,2023-06-02 05:25:58,98.89,17.92,12.05,373.497,19,slow
2264,22,2023-03-06 19:58:59,100.5,37.13,-0.72,381.203,6,slow
2265,9,2024-11-15 13:36:10,96.06,69.4,29.88,405.91,68,rapid
2266,37,2023-06-14 10:51:31,97.83,63.65,12.35,417.882,14,rapid
2267,16,2024-05-13 02:46:38,96.94,54.66,43.86,371.005,25,fast
2268,19,2023-03-10 14:40:27,98.38,93.67,41.99,399.047,3,fast
2269,3,2023-05-01 19:55:24,98.18,10.75,42.06,411.198,6,fast
2270,13,2023-04-21 02:12:36,99.42,11.88,0.43,361.547,6,slow
2271,2,2024-06-08 21:06:24,98.04,45.72,35.16,373.073,39,fast
2272,10,2024-07-21 06:49:15,96.9,92.01,12.34,415.727,60,fast
2273,13,2023-10-28 23:53:29,100.43,53.3,42.59,378.301,22,fast
2274,41,2024-10-26 11:49:20,93.83,44.78,18.26,396.74,33,slow
2275,45,2023-06-30 13:27:17,98.22,60.48,34.13,397.502,23,slow
2276,29,2023-01-01 21:45:06,98.98,95.5,26.65,378.716,0,fast
2277,5,2023-08-19 09:13:03,98.01,58.61,-3.42,398.779,18,slow
2278,27,2024-07-28 00:15:52,97.49,28.8,5.57,415.884,75,slow
2279,26,2023-01-23 17:14:35,100.44,24.19,17.6,385.305,2,slow
2280,20,2024-08-27 19:35:22,97.71,10.97,40.25,370.603,64,fast
2281,40,2023-05-12 19:51:51,98.42,95.79,14.85,387.928,16,rapid
2282,22,2024-09-10 22:27:53,92.79,48.12,-9.18,344.388,67,slow
2283,19,2024-07-25 14:36:43,97.14,75.62,31.88,345.695,37,slow
2284,31,2023-06-15 02:37:21,99.22,85.87,-2.36,358.748,15,fast
2285,41,2024-03-21 06:43:13,96.6,72.48,-2.34,390.09,58,slow
2286,30,2023-04-29 09:52:38,101.26,14.11,1.26,369.736,11,slow
2287,15,2024-03-23 15:50:37,97.07,72.89,42.65,390.118,59,rapid
2288,32,2024-08-15 17:11:06,95.43,92.74,3.4,405.897,52,slow
2289,29,2024-03-04 04:52:45,96.57,58.01,-1.4,371.32,44,rapid
2290,19,2023-05-22 15:07:39,98.72,79.33,34.54,400.637,16,fast
2291,7,2023-08-25 13:58:12,98.89,40.49,4.89,341.891,19,slow
2292,25,2024-02-14 23:34:56,97.27,70.83,43.55,384.567,30,rapid
2293,40,2024-05-01 09:58:41,99.05,14.53,36.36,381.115,26,slow
2294,49,2023-01-04 15:45:13,100.02,31.39,25.58,386.801,0,slow
2295,38,2024-07-01 22:39:01,96.16,96.41,14.09,372.817,68,slow
2296,41,2023-09-20 05:27:41,97.78,99.88,31.42,362.365,34,slow
2297,19,2023-08-08 17:07:08,98.17,84.32,22.48,385.63,27,slow
2298,10,2024-07-02 11:46:49,97.04,97.88,25.74,400.975,32,fast
2299,6,2024-06-07 15:29:44,96.59,46.76,-0.16,406.469,48,rapid
2300,50,2023-09-14 15:56:05,95.99,20.32,39.01,392.135,17,slow
2301,33,2023-03-22 14:20:55,97.49,38.81,29.16,363.54,4,fast
2302,27,2024-12-21 04:15:42,96.65,47.3,30.12,388.078,43,fast
2303,9,2023-10-07 17:12:26,97.14,41.49,34.14,358.741,25,slow
2304,8,2023-11-16 12:26:49,98.99,79.87,29.3,372.843,29,fast
2305,7,2024-10-01 07:42:05,97.62,81.31,-4.47,344.708,41,rapid
2306,42,2023-03-20 10:47:27,100.53,56.93,37.25,408.564,9,rapid
2307,8,2024-10-13 17:10:23,97.68,20.87,41.95,347.5,53,slow
2308,13,2024-08-17 21:28:50,94.76,32.5,8.58,402.834,77,rapid
2309,11,2024-02-01 07:43:36,96.47,14.33,-3.75,351.247,27,fast
2310,15,2024-09-22 19:04:17,97.1,54.57,11.04,343.925,55,fast
2311,36,2024-03-28 20:03:21,99.34,60.04,37.9,381.007,48,fast
2312,6,2024-02-28 12:47:28,98.63,65.41,36.41,382.543,31,rapid
2313,29,2024-08-03 08:17:20,97.73,83.62,30.81,360.441,40,slow
2314,41,2024-03-06 21:18:42,98.5,99.81,-0.95,347.549,25,slow
2315,45,2023-08-20 12:20:37,97.28,87.02,35.71,364.071,16,fast
2316,49,2023-08-18 13:42:45,97.52,61.04,19.29,387.096,14,fast
2317,37,2023-11-17 13:15:38,100.13,11.41,-8.83,347.315,28,rapid
2318,47,2024-07-21 07:22:40,96.72,32.21,9.78,344.895,33,fast
2319,6,2024-06-01 18:42:02,98.45,49.9,11.39,371.215,46,fast
2320,45,2024-12-23 04:46:50,97.59,71.68,12.11,398.697,87,fast
2321,45,2024-02-23 05:46:12,95.78,12.79,22.96,379.1,39,rapid
2322,5,2024-02-02 14:17:48,97.32,45.03,11.63,351.175,45,fast
2323,17,2023-02-13 07:18:09,101.58,37.82,31.58,353.69,4,rapid
2324,27,2024-10-24 21:35:05,96.21,96.86,-1.6,396.573,65,fast
2325,1,2024-05-28 10:15:30,96.92,95.69,16.24,396.066,62,slow
2326,40,2023-01-23 04:43:24,101.06,15.03,34.1,373.878,2,fast
2327,16,2024-09-27 03:57:56,95.01,42.67,20.51,357.237,50,fast
2328,47,2024-07-12 22:34:34,93.97,68.97,34.37,364.378,29,fast
2329,45,2023-12-21 15:35:00,98.14,47.49,11.36,367.717,42,rapid
2330,18,2023-03-20 07:45:01,99.74,38.4,11.44,376.604,6,slow
2331,6,2024-09-30 14:32:34,96.24,19.41,27.88,341.415,49,rapid
2332,50,2024-03-16 04:22:52,97.69,43.05,13.25,390.492,51,fast
2333,12,2023-10-08 19:36:20,98.21,47.89,9.22,396.914,35,slow
2334,13,2023-09-27 16:35:52,96.76,64.67,24.54,391.649,25,rapid
2335,27,2023-02-20 22:30:38,100.36,67.21,30.72,355.294,2,fast
2336,14,2023-08-06 16:24:45,99.21,24.49,23.16,393.235,19,fast
2337,14,2023-04-12 13:54:51,98.02,15.81,3.22,412.082,9,slow
2338,1,2024-03-14 22:14:12,97.43,10.66,3.6,414.584,53,fast
2339,36,2023-08-29 05:20:33,96.59,69.53,-9.13,411.337,12,fast
2340,28,2023-09-16 12:22:14,98.58,23.33,9.36,383.861,13,rapid
2341,39,2023-02-06 01:45:32,100.16,92.54,30.45,385.09,2,slow
2342,26,2024-04-14 15:12:34,96.11,80.0,31.95,412.832,43,slow
2343,50,2024-02-10 04:54:07,97.69,26.89,-2.68,386.94,52,slow
2344,27,2024-06-28 01:45:33,95.82,95.82,26.95,378.001,30,rapid
2345,30,2023-09-05 05:10:23,100.79,61.35,6.45,393.864,16,fast
2346,40,2023-03-19 02:30:41,98.36,34.49,19.71,389.129,9,rapid
2347,47,2023-03-10 07:07:31,99.61,33.2,35.78,403.594,7,fast
2348,3,2023-10-08 21:00:22,97.47,57.99,43.6,367.028,21,fast
2349,28,2023-05-07 15:13:44,98.68,58.91,42.39,409.513,15,rapid
2350,35,2024-05-27 01:33:40,96.52,44.69,18.41,387.338,41,slow
2351,7,2023-06-25 07:56:09,97.39,57.3,-6.58,413.677,20,slow
2352,20,2024-11-11 03:40:42,96.12,19.11,5.21,389.874,71,rapid
2353,20,2023-06-14 12:07:57,98.38,69.74,41.08,414.849,12,fast
2354,25,2023-05-18 09:37:59,99.66,57.97,27.8,355.682,10,fast
2355,49,2023-05-24 15:58:07,99.91,30.45,-7.39,392.868,7,fast
2356,21,2024-08-26 04:16:33,97.78,45.71,17.5,404.279,42,slow
2357,5,2024-08-03 11:46:18,92.28,38.97,42.71,370.963,49,fast
2358,30,2024-09-15 01:37:21,94.36,26.94,33.0,377.78,79,rapid
2359,40,2023-03-01 00:30:40,99.78,93.49,24.82,403.369,6,fast
2360,26,2023-12-13 08:28:25,99.23,51.88,22.82,369.778,19,slow
2361,14,2024-07-09 03:55:52,97.22,38.67,28.12,350.64,30,rapid
2362,41,2024-04-07 05:09:22,96.86,57.4,9.05,400.648,56,rapid
2363,22,2023-10-18 04:47:53,98.42,36.8,-5.95,374.115,34,fast
2364,44,2023-07-05 01:05:28,100.94,91.68,29.99,411.678,16,fast
2365,10,2024-09-14 21:20:49,94.12,20.23,7.56,385.459,73,rapid
2366,14,2024-03-14 10:07:55,96.65,38.84,15.27,349.402,30,fast
2367,46,2023-11-01 19:12:34,95.21,51.08,-9.74,406.676,19,rapid
2368,18,2024-02-08 10:34:08,95.59,27.4,32.68,358.194,35,fast
2369,24,2023-11-23 13:38:28,98.45,43.83,37.59,366.015,38,fast
2370,8,2024-08-15 04:07:17,97.38,35.46,13.02,418.161,59,rapid
2371,47,2023-01-28 09:20:47,100.81,67.02,5.72,403.454,2,rapid
2372,48,2023-12-07 23:20:29,97.21,45.5,6.46,347.021,36,slow
2373,18,2023-04-17 20:02:17,99.28,71.33,36.61,389.354,10,fast
2374,6,2023-11-06 12:48:17,97.27,26.52,18.68,418.029,20,slow
2375,6,2024-03-03 19:03:20,97.98,99.45,-6.26,362.772,53,rapid
2376,32,2023-12-09 18:47:16,98.32,94.67,32.77,386.735,35,slow
2377,2,2023-05-31 02:45:22,101.34,99.81,42.48,354.324,13,rapid
2378,27,2023-02-12 12:57:28,100.06,70.06,17.8,381.755,3,rapid
2379,46,2024-08-30 23:24:29,94.68,39.75,28.66,393.174,72,fast
2380,35,2023-08-18 22:22:30,99.82,22.98,-6.17,356.739,26,fast
2381,6,2024-02-17 15:36:49,95.57,41.15,-5.28,345.094,51,rapid
2382,15,2024-07-07 06:06:00,97.58,66.58,17.6,407.34,56,rapid
2383,48,2024-10-07 08:07:28,95.26,80.91,40.64,360.277,77,slow
2384,7,2024-01-19 19:31:58,99.58,78.96,9.25,358.954,32,slow
2385,7,2024-11-28 00:44:33,94.67,24.85,11.32,346.228,42,fast
2386,24,2023-09-18 02:01:28,97.54,69.23,30.46,368.904,23,fast
2387,13,2024-12-15 06:18:14,96.65,10.51,34.89,352.729,88,rapid
2388,8,2023-03-06 02:41:34,99.19,17.27,-7.24,351.45,7,rapid
2389,34,2023-02-09 23:56:40,99.75,49.86,27.72,405.243,3,fast
2390,44,2024-01-13 09:37:19,99.35,71.8,1.91,384.832,26,rapid
2391,5,2023-05-27 04:57:25,101.57,59.48,35.28,359.284,12,rapid
2392,17,2024-04-29 10:13:50,100.27,42.25,18.21,340.795,35,rapid
2393,34,2024-09-23 11:07:15,94.37,80.34,39.09,380.838,71,fast
2394,10,2024-01-04 07:28:08,97.25,68.3,15.64,390.01,26,fast
2395,26,2024-10-21 16:28:21,95.34,97.97,29.94,388.152,53,slow
2396,37,2023-08-19 14:55:18,97.25,27.86,-6.99,373.334,29,fast
2397,19,2023-11-11 22:44:47,98.49,92.98,22.46,379.976,41,fast
2398,49,2023-08-22 10:16:51,96.77,96.3,3.34,351.385,21,fast
2399,9,2024-06-17 20:47:46,95.46,37.51,3.51,385.37,28,rapid
2400,6,2024-06-16 09:24:59,98.24,22.45,-0.01,400.151,41,slow
2401,9,2024-05-16 07:40:17,96.46,55.87,-8.24,363.252,29,fast
2402,43,2023-09-15 19:17:16,98.31,30.69,-9.57,401.312,31,fast
2403,32,2024-01-05 19:14:50,99.11,28.51,-1.29,398.03,19,slow
2404,19,2024-08-13 09:57:15,95.7,55.85,5.78,352.861,52,fast
2405,35,2023-08-29 10:55:53,97.82,79.88,34.94,419.137,14,slow
2406,35,2024-12-24 16:01:18,94.4,41.86,4.16,375.727,62,fast
2407,16,2023-02-12 19:36:26,100.84,16.94,13.26,399.491,4,rapid
2408,40,2023-11-22 21:16:08,98.1,22.47,1.33,412.923,34,slow
2409,10,2023-10-04 06:58:31,98.11,65.21,0.75,389.34,29,slow
2410,31,2024-02-27 02:45:32,97.38,20.0,40.77,401.469,37,rapid
2411,27,2023-12-16 22:31:40,98.56,73.31,30.18,397.571,41,slow
2412,20,2023-07-17 00:31:27,97.66,83.63,6.52,406.058,17,rapid
2413,39,2023-12-07 06:57:42,98.65,82.74,28.14,373.217,31,fast
2414,14,2023-04-01 23:12:22,98.82,21.75,-1.35,404.346,6,rapid
2415,28,2024-11-19 04:55:56,94.19,57.55,10.42,357.098,40,slow
2416,37,2023-01-12 07:28:17,100.82,41.16,27.36,380.274,0,fast
2417,13,2024-06-13 03:37:59,97.27,85.46,17.0,345.676,33,fast
2418,12,2023-03-27 18:48:41,100.17,25.57,20.24,375.109,5,rapid
2419,36,2023-01-25 02:05:02,100.79,76.37,32.7,391.0,2,fast
2420,3,2023-10-22 04:35:29,97.34,84.19,21.83,389.64,32,rapid
2421,41,2023-04-01 21:02:19,100.53,34.04,30.98,419.602,6,fast
2422,10,2023-05-27 17:28:18,98.15,80.94,-0.53,411.177,17,rapid
2423,31,2023-01-05 04:05:58,99.69,88.48,-0.17,419.051,0,slow
2424,48,2023-05-10 13:34:29,99.6,62.78,21.67,368.749,17,slow
2425,34,2024-03-19 16:49:21,97.22,86.44,-3.59,407.934,54,fast
2426,31,2024-11-01 13:38:41,94.42,33.72,15.62,368.196,65,rapid
2427,7,2024-08-20 06:35:36,98.82,81.15,13.03,344.663,49,rapid
2428,41,2024-07-19 04:27:43,96.12,51.58,13.63,343.098,50,slow
2429,8,2023-11-26 21:18:12,98.42,23.84,6.8,409.633,16,slow
2430,9,2024-07-30 07:43:19,97.12,85.18,-6.66,395.264,61,slow
2431,18,2024-12-11 14:44:30,96.18,83.23,32.79,390.857,54,fast
2432,25,2024-02-21 23:47:33,97.65,52.01,32.53,414.59,46,fast
2433,27,2024-04-21 22:16:22,95.26,55.45,-9.54,340.404,59,slow
2434,45,2023-03-27 05:42:16,99.18,94.67,14.4,355.309,7,fast
2435,47,2023-03-17 19:47:07,100.92,26.05,42.74,351.782,9,rapid
2436,44,2024-02-26 03:07:03,96.47,30.09,13.51,401.649,26,rapid
2437,10,2024-11-07 11:12:47,93.4,14.0,8.83,349.489,61,fast
2438,30,2024-02-23 15:43:04,96.6,99.88,14.04,343.384,43,slow
2439,2,2024-11-20 02:21:41,93.56,57.67,10.97,391.53,49,rapid
2440,49,2023-07-05 10:18:56,97.09,66.29,1.34,364.11,19,slow
2441,19,2023-02-13 13:38:20,98.41,45.0,40.54,358.023,5,rapid
2442,23,2024-05-06 22:40:14,97.48,57.31,25.67,380.27,39,fast
2443,30,2023-09-13 03:34:40,99.16,93.61,2.29,397.967,15,slow
2444,32,2023-02-12 02:44:14,100.12,58.38,5.1,371.053,5,fast
2445,2,2023-03-23 20:50:47,99.66,55.59,29.32,412.467,6,slow
2446,36,2023-08-28 18:37:23,99.24,30.32,42.31,399.188,31,fast
2447,3,2023-02-21 01:12:50,98.73,50.39,2.57,409.635,5,slow
2448,4,2023-11-24 23:02:18,100.5,46.15,9.03,403.195,38,fast
2449,6,2023-05-23 19:04:57,98.93,58.06,38.31,353.202,14,fast
2450,21,2023-11-21 23:33:06,95.69,93.18,22.88,396.29,36,fast
2451,45,2023-01-18 02:46:06,101.29,44.94,23.59,368.754,1,slow
2452,6,2024-09-28 19:17:16,94.8,60.05,20.29,350.373,36,slow
2453,31,2023-09-01 06:41:55,98.69,82.8,-8.77,379.444,16,slow
2454,45,2023-10-21 03:38:50,97.74,96.2,21.8,418.555,17,rapid
2455,38,2023-11-13 22:50:14,95.6,20.81,16.12,391.743,30,slow
2456,17,2024-12-01 02:53:55,95.34,34.74,22.53,370.564,51,rapid
2457,11,2023-05-15 00:26:24,98.91,90.18,21.54,352.254,15,rapid
2458,50,2023-07-06 21:09:12,100.9,27.83,35.82,382.776,19,rapid
2459,36,2024-08-26 14:08:11,98.56,32.11,30.95,389.368,66,slow
2460,33,2024-02-07 03:14:57,96.1,30.93,43.96,413.185,28,slow
2461,39,2024-10-09 14:59:52,93.97,24.72,14.9,415.257,81,rapid
2462,14,2023-08-13 03:04:41,97.7,62.47,27.71,404.799,13,rapid
2463,6,2024-12-30 05:43:57,95.72,90.87,17.01,393.238,43,slow
2464,19,2023-02-03 18:08:55,99.11,96.78,17.03,357.502,1,fast
2465,21,2023-12-20 09:53:08,97.13,65.2,17.61,391.107,17,slow
2466,2,2024-08-06 20:03:51,96.87,84.35,2.52,344.718,69,rapid
2467,11,2024-07-14 08:33:35,97.09,32.97,-9.56,347.492,66,slow
2468,50,2024-05-14 01:48:04,97.63,19.8,26.33,384.686,55,slow
2469,38,2023-04-27 12:07:13,99.82,35.97,25.48,396.854,14,fast
2470,25,2023-02-28 15:25:17,99.58,92.77,38.5,364.82,5,slow
2471,24,2024-12-03 00:45:36,96.24,28.57,11.84,366.264,79,fast
2472,32,2024-11-17 14:14:08,98.04,99.8,42.95,348.341,63,rapid
2473,45,2023-04-03 04:43:46,99.77,11.34,18.1,357.938,11,slow
2474,48,2023-10-19 22:47:53,99.65,20.92,15.86,390.805,33,fast
2475,35,2024-11-19 21:12:43,98.12,65.53,-3.5,398.372,67,rapid
2476,11,2024-07-20 00:04:38,94.69,51.18,14.92,342.145,67,rapid
2477,28,2024-06-24 14:57:14,96.75,81.21,40.95,398.667,43,rapid
2478,29,2023-12-10 13:22:07,95.56,38.78,39.97,377.118,29,slow
2479,45,2024-05-31 19:30:58,95.68,91.22,7.5,398.589,43,slow
2480,13,2024-05-24 06:18:50,95.95,80.23,2.93,412.07,49,fast
2481,30,2024-08-22 21:14:27,95.64,25.81,17.43,380.009,70,fast
2482,4,2023-12-14 00:09:01,97.46,83.72,39.76,369.447,41,slow
2483,48,2024-07-31 10:30:50,93.67,99.55,41.64,350.824,40,slow
2484,41,2023-09-16 01:57:37,96.03,49.49,20.83,353.396,26,rapid
2485,1,2023-05-08 16:25:22,98.36,62.96,34.93,366.693,14,fast
2486,26,2024-04-25 09:37:11,98.34,14.96,18.74,357.223,56,slow
2487,29,2024-04-09 19:59:46,96.48,70.51,33.1,340.812,28,rapid
2488,43,2024-05-19 06:29:44,99.91,76.68,2.37,364.525,51,rapid
2489,32,2023-08-30 00:04:26,99.13,97.44,5.69,399.405,21,slow
2490,46,2023-12-08 15:18:57,96.74,24.25,23.53,390.499,40,fast
2491,16,2023-07-18 22:02:18,100.31,75.18,-7.41,389.359,11,slow
2492,41,2024-06-24 13:09:17,94.14,79.51,43.02,354.28,27,rapid
2493,25,2023-05-08 08:18:06,99.52,74.2,-2.15,348.083,15,fast
2494,28,2023-12-15 14:38:04,98.68,70.92,24.08,380.865,20,slow
2495,1,2023-07-27 23:28:21,98.5,63.87,29.4,343.606,24,rapid
2496,39,2024-03-03 10:43:59,97.19,97.96,-1.76,346.302,25,rapid
2497,38,2024-05-18 04:45:11,97.24,38.12,-4.01,413.878,28,slow
2498,19,2023-03-11 19:48:33,98.74,53.42,28.87,412.903,5,fast
2499,24,2023-08-22 01:00:37,98.49,32.26,1.35,418.758,18,slow
2500,27,2024-09-08 13:45:01,94.49,37.15,24.08,367.915,51,slow
2501,2,2024-06-20 03:16:24,97.14,74.35,17.99,366.622,29,fast
2502,17,2023-06-12 04:10:17,97.97,90.94,7.44,392.118,8,rapid
2503,6,2023-11-17 23:00:07,99.04,82.64,25.82,389.066,38,rapid
2504,50,2024-06-11 03:12:03,95.89,55.65,-4.55,407.682,37,fast
2505,22,2023-04-27 06:40:57,98.62,48.99,32.4,345.186,13,slow
2506,23,2024-12-13 13:07:21,98.5,11.56,4.6,417.077,79,slow
2507,34,2023-08-04 09:00:36,97.44,63.87,23.06,360.6,23,fast
2508,7,2024-08-28 13:55:55,95.87,23.03,15.07,343.933,45,rapid
2509,38,2023-03-22 13:15:33,101.51,91.38,5.41,400.229,10,fast
2510,49,2024-01-02 15:37:07,95.98,75.96,20.85,386.069,23,slow
2511,24,2023-02-07 19:49:26,98.83,29.01,21.16,398.762,2,slow
2512,26,2023-04-09 16:51:56,98.91,99.71,-2.62,384.193,7,rapid
2513,8,2023-03-28 07:28:50,98.26,73.75,43.82,399.461,5,rapid
2514,50,2023-06-14 14:18:44,100.49,12.39,-0.47,359.119,15,rapid
2515,14,2024-12-08 22:08:51,93.63,42.76,12.79,385.642,64,fast
2516,8,2024-06-13 17:07:28,96.22,49.3,17.03,404.779,30,slow
2517,40,2024-12-12 04:42:34,93.32,73.28,21.08,359.912,47,slow
2518,6,2024-12-04 12:27:17,93.5,41.7,-0.78,400.351,85,rapid
2519,9,2024-07-11 23:08:55,98.13,11.98,5.0,414.365,70,slow
2520,37,2023-07-17 01:02:49,97.72,81.4,26.58,347.205,23,rapid
2521,11,2024-02-18 02:33:48,97.18,68.55,5.96,370.893,26,slow
2522,26,2023-06-01 03:26:22,99.21,63.81,-9.79,381.855,18,fast
2523,42,2024-11-04 02:23:54,93.16,67.75,38.3,351.321,73,slow
2524,9,2023-04-18 07:40:20,99.48,87.05,1.0,418.795,10,slow
2525,26,2024-02-03 00:40:09,96.28,36.42,44.96,414.709,45,rapid
2526,18,2024-01-06 08:29:00,97.27,10.67,4.2,362.643,21,fast
2527,20,2023-06-16 20:43:09,98.33,62.76,26.73,342.69,17,slow
2528,49,2023-09-29 16:36:58,98.27,62.11,24.76,361.447,32,rapid
2529,35,2024-08-09 06:21:18,97.21,95.55,10.3,413.525,66,rapid
2530,45,2024-04-13 21:17:26,97.53,38.63,34.5,379.528,51,slow
2531,48,2023-09-08 07:04:01,97.01,26.01,33.54,340.042,27,slow
2532,12,2023-01-21 09:50:46,99.71,69.34,14.67,419.11,1,fast
2533,36,2024-12-20 06:22:42,95.47,96.99,13.63,367.88,91,rapid
2534,44,2023-07-04 14:30:39,98.64,77.63,20.22,398.251,22,rapid
2535,4,2024-01-31 03:08:02,98.45,86.83,22.67,381.154,25,slow
2536,38,2024-10-04 11:50:17,98.72,25.92,-3.67,391.739,74,fast
2537,50,2023-04-23 00:00:08,99.92,60.84,1.64,398.38,10,rapid
2538,9,2024-04-01 07:25:08,95.27,62.22,-0.79,346.953,23,rapid
2539,11,2023-05-12 13:23:10,100.8,85.95,36.06,385.774,15,rapid
2540,34,2023-07-12 08:13:36,99.61,65.11,34.51,393.397,24,slow
2541,28,2024-09-05 12:19:39,97.55,14.42,-9.76,391.904,54,slow
2542,1,2023-06-30 23:00:18,98.27,58.07,16.99,402.958,9,fast
2543,35,2023-09-12 13:56:25,99.77,90.17,20.91,386.843,30,slow
2544,44,2023-02-08 19:47:01,98.93,20.54,9.7,402.458,2,rapid
2545,27,2024-12-12 18:39:27,93.34,62.5,29.52,417.336,52,fast
2546,8,2023-03-21 20:20:30,98.6,19.9,44.58,411.845,5,fast
2547,33,2024-07-13 18:06:37,97.84,65.23,34.1,402.178,63,slow
2548,21,2024-04-12 17:49:13,96.37,55.55,18.66,356.301,52,rapid
2549,9,2024-03-14 08:39:15,96.3,69.43,24.58,345.953,33,rapid
2550,12,2024-09-20 17:17:48,95.62,83.96,27.94,411.787,66,rapid
2551,49,2024-11-28 00:04:49,97.92,37.18,26.93,392.402,37,fast
2552,6,2024-04-11 04:23:33,95.76,76.75,28.76,413.686,32,slow
2553,15,2023-11-08 22:36:17,96.13,20.3,41.34,354.363,22,fast
2554,49,2024-05-05 08:56:10,98.89,38.85,42.93,414.475,50,fast
2555,27,2023-07-12 07:39:24,97.18,34.49,2.17,377.302,15,slow
2556,22,2023-08-25 01:05:54,98.05,91.14,-3.63,407.526,25,rapid
2557,40,2024-09-17 22:48:30,96.58,20.32,-1.86,396.797,48,rapid
2558,22,2023-04-02 08:04:54,97.84,30.95,25.98,373.844,8,fast
2559,15,2023-03-10 12:01:49,100.42,99.21,30.95,395.996,6,slow
2560,8,2024-10-03 09:35:23,97.16,90.74,3.64,353.17,46,fast
2561,16,2023-05-04 10:20:22,98.9,61.17,30.37,346.423,11,rapid
2562,43,2024-01-25 05:02:54,100.96,62.13,17.53,393.114,47,slow
2563,29,2024-04-09 13:39:40,98.27,62.12,39.66,343.264,48,slow
2564,18,2023-10-13 04:49:57,97.19,33.09,42.55,356.394,37,fast
2565,40,2023-07-31 21:16:02,97.26,13.01,-9.68,386.925,17,rapid
2566,6,2024-04-13 06:27:40,96.17,29.44,41.39,419.344,30,fast
2567,31,2024-04-02 13:40:55,94.67,35.93,31.92,406.878,31,slow
2568,29,2023-09-27 12:16:05,97.54,60.75,21.61,342.166,34,fast
2569,2,2024-02-05 16:55:47,98.7,61.77,14.29,370.068,23,fast
2570,39,2023-05-06 23:56:41,98.55,12.29,11.04,357.211,11,rapid
2571,18,2023-10-02 20:33:08,97.98,26.94,18.89,409.417,30,fast
2572,47,2024-07-10 18:21:42,97.56,89.59,43.05,360.461,49,rapid
2573,7,2024-09-07 23:30:04,96.14,56.26,-3.17,377.517,78,rapid
2574,48,2024-03-09 08:25:14,96.11,99.39,28.78,393.73,27,slow
2575,39,2023-12-27 16:07:55,98.62,66.47,18.89,377.139,30,slow
2576,46,2023-05-15 05:15:54,99.46,92.6,19.93,346.789,14,rapid
2577,42,2023-04-01 08:32:55,100.57,89.44,36.82,383.641,7,rapid
2578,18,2023-08-30 14:32:39,98.61,45.01,13.91,395.992,31,slow
2579,17,2024-11-06 14:35:50,93.0,64.74,38.49,365.245,38,fast
2580,17,2023-08-20 15:57:17,95.76,59.06,33.86,375.235,24,fast
2581,6,2024-04-07 05:12:11,97.31,65.38,43.37,345.337,55,rapid
2582,17,2023-01-22 18:55:05,97.87,62.87,-8.82,364.282,2,fast
2583,37,2023-11-25 09:09:54,98.57,84.54,13.16,359.693,41,rapid
2584,30,2024-09-26 08:11:19,95.57,83.12,1.94,386.565,78,rapid
2585,4,2023-12-22 08:11:03,97.47,42.1,-1.65,360.541,26,slow
2586,16,2023-03-22 14:44:07,98.64,78.97,16.44,387.498,4,fast
2587,36,2023-02-21 00:45:12,99.14,15.26,16.0,384.053,4,fast
2588,3,2024-06-08 18:14:26,94.76,47.94,18.14,409.952,51,slow
2589,30,2023-04-04 00:31:48,99.75,87.09,23.4,358.315,6,fast
2590,1,2023-03-07 22:01:32,99.28,66.63,14.61,408.733,5,rapid
2591,5,2024-10-12 19:01:40,92.1,18.87,8.45,403.535,83,fast
2592,1,2023-03-05 20:55:42,97.61,98.88,36.29,350.241,4,slow
2593,42,2024-05-02 14:13:25,94.59,92.58,2.25,362.033,64,rapid
2594,26,2024-01-01 20:56:11,96.72,11.54,14.92,383.563,41,rapid
2595,24,2023-06-20 22:36:01,99.11,36.55,17.89,365.9,14,rapid
2596,36,2024-11-15 21:51:25,96.53,27.4,-4.14,380.724,65,slow
2597,16,2023-10-22 03:25:51,97.92,83.84,37.88,386.954,20,rapid
2598,30,2024-08-06 20:11:54,97.07,44.56,25.72,356.739,31,slow
2599,11,2023-03-16 14:53:27,97.97,56.21,15.65,347.652,4,slow
2600,45,2024-10-01 17:43:08,94.22,84.59,8.49,361.029,75,rapid
2601,6,2024-11-28 06:20:13,96.73,26.06,19.96,355.235,86,slow
2602,19,2023-01-12 19:39:44,100.8,17.02,21.63,345.791,1,fast
2603,45,2024-07-04 19:14:15,97.67,49.33,11.35,386.553,60,slow
2604,23,2023-06-06 14:40:21,98.21,85.0,-4.37,349.827,9,slow
2605,20,2023-10-12 21:27:09,98.53,66.89,43.25,367.263,22,rapid
2606,47,2023-05-15 03:45:29,99.27,10.52,41.42,354.793,17,slow
2607,15,2023-12-16 14:32:01,97.76,98.92,26.41,355.409,40,rapid
2608,23,2024-12-12 13:33:42,97.28,63.94,24.11,390.151,45,slow
2609,5,2023-02-23 08:51:37,98.38,49.77,36.45,407.075,6,rapid
2610,38,2023-06-14 21:53:03,99.02,47.95,15.91,390.444,9,rapid
2611,46,2024-06-26 11:08:42,95.41,92.82,35.92,409.047,38,slow
2612,5,2023-02-01 03:55:16,100.21,20.33,42.57,401.278,2,slow
2613,22,2023-05-25 10:09:54,97.63,84.52,39.42,382.787,12,fast
2614,6,2023-01-17 05:01:28,99.54,85.77,9.71,377.774,1,slow
2615,30,2024-08-23 00:47:44,97.01,91.53,30.58,340.653,47,slow
2616,12,2023-08-27 20:15:32,99.12,58.94,37.68,341.778,27,fast
2617,39,2024-09-26 15:54:42,95.85,81.49,7.3,357.067,50,rapid
2618,11,2024-03-06 09:42:48,96.5,33.07,2.98,345.834,52,fast
2619,22,2024-06-15 01:41:29,98.66,71.24,37.91,345.264,29,slow
2620,47,2024-01-31 13:43:29,97.6,82.58,19.93,415.882,38,slow
2621,11,2023-06-15 19:36:29,98.83,61.57,5.93,376.328,19,fast
2622,35,2023-08-24 22:36:56,97.6,80.66,11.73,389.542,28,fast
2623,20,2023-09-13 04:59:33,99.05,43.12,-2.28,399.435,14,slow
2624,25,2024-07-11 14:38:08,97.44,15.78,1.16,386.347,40,rapid
2625,9,2023-12-09 06:45:31,98.14,94.76,-2.72,398.669,27,fast
2626,24,2024-07-28 14:39:32,93.57,67.37,-1.9,366.805,56,slow
2627,14,2023-12-09 21:58:49,96.65,81.46,14.28,408.857,23,rapid
2628,44,2023-12-24 23:03:48,97.89,31.71,23.63,397.986,25,rapid
2629,26,2023-05-05 23:23:34,102.15,95.3,20.97,405.339,7,rapid
2630,41,2024-03-28 04:54:13,95.28,59.41,-1.3,414.788,43,slow
2631,33,2024-10-14 21:08:50,93.5,11.18,2.99,380.029,61,fast
2632,22,2023-01-09 11:11:48,101.03,45.21,-3.46,347.514,0,fast
2633,9,2023-12-24 18:19:28,97.36,67.11,-1.14,377.558,45,fast
2634,11,2024-06-08 05:19:16,95.16,74.39,7.04,405.442,62,fast
2635,18,2024-11-08 02:30:43,94.12,17.5,36.52,361.484,67,fast
2636,14,2024-05-20 00:30:28,100.35,36.64,11.17,356.994,48,fast
2637,21,2023-08-09 12:37:11,98.26,22.81,-5.96,389.366,23,rapid
2638,42,2024-01-26 12:36:20,97.92,19.01,-5.66,417.752,50,rapid
2639,16,2023-02-13 10:18:27,101.26,12.14,21.12,352.161,5,slow
2640,46,2023-01-31 17:52:03,100.07,95.91,6.98,345.527,2,fast
2641,38,2023-12-07 17:21:45,98.21,46.35,19.18,395.739,21,slow
2642,25,2024-07-03 12:34:04,98.43,36.06,27.6,341.471,27,rapid
2643,31,2024-01-14 20:06:45,98.49,69.27,0.19,393.258,37,rapid
2644,2,2024-07-21 13:39:26,98.45,18.17,10.03,413.33,30,slow
2645,22,2023-06-22 05:40:22,98.07,33.26,13.62,357.812,9,fast
2646,41,2023-09-12 23:12:45,97.63,36.86,-8.74,390.387,18,slow
2647,12,2023-04-03 20:02:06,99.96,39.74,42.54,395.829,5,fast
2648,24,2023-09-06 18:12:50,99.72,24.65,11.82,417.528,27,rapid
2649,50,2024-08-27 15:00:19,93.31,41.66,-9.96,371.001,76,fast
2650,24,2023-01-11 16:11:59,101.68,57.06,1.47,371.345,0,slow
2651,36,2024-01-26 14:36:36,98.55,95.67,-1.76,398.306,36,rapid
2652,47,2024-07-06 07:17:55,95.86,88.88,17.8,382.274,32,fast
2653,41,2024-06-10 22:25:27,96.81,26.2,8.95,416.404,58,slow
2654,21,2023-05-16 16:18:08,101.03,77.21,13.39,415.885,16,slow
2655,28,2024-10-05 21:02:17,93.05,11.61,25.09,379.728,46,slow
2656,2,2023-02-05 00:23:15,99.95,69.29,35.05,408.35,1,rapid
2657,40,2023-08-17 04:52:24,95.61,61.31,44.77,388.168,19,rapid
2658,36,2024-02-03 03:32:34,96.36,14.24,4.44,369.556,23,fast
2659,50,2024-04-09 03:31:17,98.87,89.38,6.28,400.569,43,rapid
2660,3,2023-08-28 11:23:26,98.43,37.66,43.23,360.822,25,rapid
2661,30,2024-01-15 00:15:34,96.56,16.98,28.4,372.047,37,slow
2662,9,2024-04-04 10:59:55,100.05,68.12,15.09,401.432,24,slow
2663,26,2024-03-06 19:53:01,97.46,52.99,12.21,358.851,21,rapid
2664,45,2024-12-23 16:35:13,95.56,52.39,25.26,348.005,42,fast
2665,42,2024-09-21 10:37:36,95.26,37.18,15.7,415.568,51,fast
2666,18,2023-03-21 14:04:44,101.6,31.78,14.45,413.411,8,fast
2667,36,2023-09-24 19:55:06,97.35,44.01,3.01,345.445,35,slow
2668,7,2023-11-11 10:25:57,96.23,43.21,34.6,419.246,19,slow
2669,32,2023-04-02 09:30:38,100.6,24.75,12.37,359.842,10,slow
2670,12,2023-09-10 03:51:31,98.97,21.03,-5.5,353.242,32,rapid
2671,34,2023-06-07 18:17:58,98.47,79.58,4.84,344.258,9,slow
2672,3,2024-09-18 12:27:37,98.84,50.8,6.8,360.656,60,fast
2673,44,2024-01-05 00:02:02,96.28,83.01,38.74,355.106,33,slow
2674,48,2023-02-22 14:44:05,99.01,38.99,28.14,352.329,6,fast
2675,48,2023-01-07 19:05:35,98.8,62.62,15.37,391.501,0,fast
2676,47,2023-05-30 23:12:09,98.91,35.93,8.15,354.277,11,fast
2677,4,2023-05-14 18:43:50,98.2,84.15,26.39,371.879,11,rapid
2678,9,2024-12-17 00:27:48,94.48,53.54,28.45,385.737,44,slow
2679,45,2023-04-01 04:55:06,100.33,12.29,38.37,415.36,6,fast
2680,49,2024-07-23 06:01:29,97.21,30.75,14.17,368.792,70,rapid
2681,12,2024-03-18 09:41:07,95.23,56.22,44.85,371.151,53,rapid
2682,3,2023-04-18 12:16:51,99.16,35.07,41.34,352.291,9,fast
2683,45,2023-04-13 10:23:31,101.28,91.74,23.99,363.686,10,rapid
2684,19,2024-09-19 07:16:47,94.54,63.95,4.52,376.456,35,slow
2685,32,2024-05-06 15:37:23,97.54,85.29,13.72,411.672,56,slow
2686,16,2024-06-14 20:34:42,95.57,11.02,27.57,341.103,54,rapid
2687,31,2024-02-21 13:59:47,99.64,59.7,24.42,373.755,42,slow
2688,1,2024-04-18 12:07:23,99.19,26.29,-0.65,350.223,45,fast
2689,40,2023-01-17 05:12:24,98.16,83.74,32.55,412.409,1,slow
2690,15,2023-05-10 06:16:16,99.7,30.3,4.25,361.434,16,fast
2691,4,2024-02-05 14:17:26,99.52,17.33,31.66,386.729,39,rapid
2692,43,2023-05-10 12:28:48,98.94,24.77,27.72,355.324,8,rapid
2693,20,2023-11-27 02:03:47,96.74,62.53,14.46,343.632,35,rapid
2694,26,2023-06-02 20:44:57,99.39,92.42,-3.9,391.454,13,rapid
2695,21,2024-07-09 21:15:42,94.4,33.4,26.41,406.033,39,slow
2696,10,2024-01-07 07:59:12,99.02,14.61,4.53,381.274,37,rapid
2697,41,2024-04-25 03:27:54,94.68,24.88,-0.37,367.459,51,fast
2698,13,2023-01-25 17:35:31,101.51,32.78,37.28,369.179,1,slow
2699,29,2024-10-14 07:48:05,96.38,77.66,38.87,419.201,54,slow
2700,42,2024-08-30 06:19:52,94.14,10.18,42.3,379.001,78,rapid
2701,43,2023-10-24 13:54:18,98.84,62.34,14.3,378.922,17,rapid
2702,48,2023-09-04 08:39:40,97.51,31.09,2.79,419.666,22,fast
2703,50,2024-04-03 03:07:40,95.03,93.72,31.15,413.162,34,rapid
2704,4,2023-09-11 14:48:33,97.29,75.83,27.35,376.68,28,rapid
2705,11,2023-12-26 21:10:53,96.17,76.88,39.58,376.913,36,slow
2706,18,2024-02-25 04:15:43,98.83,61.7,23.75,352.662,30,slow
2707,49,2023-12-20 01:24:07,97.24,32.09,43.54,352.098,19,rapid
2708,45,2024-10-06 22:16:13,93.08,15.73,14.54,391.045,50,fast
2709,30,2023-12-24 00:00:38,97.68,13.88,13.02,397.238,43,fast
2710,45,2024-04-14 19:15:20,95.85,81.12,21.0,343.397,51,slow
2711,45,2023-11-06 13:46:12,100.09,76.47,18.34,358.803,36,fast
2712,49,2024-03-23 02:04:37,95.87,29.72,27.2,340.155,56,rapid
2713,14,2023-06-24 06:17:47,98.15,97.62,32.87,396.549,20,slow
2714,13,2024-04-24 06:14:08,97.09,14.93,36.21,380.764,58,slow
2715,13,2024-08-06 17:01:03,96.11,32.44,30.46,348.747,74,rapid
2716,24,2024-09-10 06:26:35,93.28,81.53,4.88,411.943,63,rapid
2717,35,2023-03-26 03:22:16,100.79,60.86,44.39,376.997,5,slow
2718,42,2024-03-29 01:37:27,98.49,85.02,18.89,389.755,28,rapid
2719,16,2024-11-16 11:52:08,95.06,45.65,38.08,347.531,36,slow
2720,2,2023-08-03 17:05:56,99.57,84.74,20.9,412.852,26,slow
2721,35,2023-02-19 09:17:09,101.5,77.91,19.99,378.374,4,fast
2722,45,2024-04-20 14:36:45,96.46,77.48,36.57,405.542,34,fast
2723,38,2023-02-19 21:51:29,99.97,40.87,26.79,375.228,6,fast
2724,22,2024-11-20 15:01:10,95.36,11.33,-4.36,380.328,37,fast
2725,9,2023-09-20 02:46:16,97.93,21.81,25.24,378.032,34,slow
2726,32,2024-06-20 22:41:26,94.34,43.51,-3.69,367.507,69,fast
2727,50,2024-07-20 18:27:29,94.01,16.21,-3.37,361.312,41,rapid
2728,25,2023-10-26 00:49:34,97.46,31.05,-1.27,376.961,33,rapid
2729,29,2023-04-13 09:54:16,100.77,55.8,5.13,342.125,6,fast
2730,26,2024-12-14 10:49:51,93.84,67.46,14.22,411.728,80,rapid
2731,25,2024-09-07 11:17:08,95.83,95.9,32.97,387.637,55,fast
2732,45,2023-08-14 11:21:36,96.68,46.05,-1.29,350.066,13,fast
2733,31,2024-08-07 00:03:23,97.2,78.05,22.84,413.126,77,slow
2734,6,2024-08-30 11:19:57,98.81,12.88,36.73,377.671,42,slow
2735,34,2024-10-08 01:17:48,93.7,67.54,-6.11,383.2,68,slow
2736,14,2024-12-09 00:35:47,97.44,38.59,30.32,347.077,47,rapid
2737,44,2023-04-27 13:51:11,98.73,36.2,10.3,392.785,9,fast
2738,50,2023-08-08 23:11:11,98.07,95.25,14.4,413.092,23,slow
2739,19,2023-08-08 13:43:46,97.45,51.37,34.86,376.448,11,fast
2740,36,2023-10-28 23:15:25,99.58,79.36,31.01,350.053,15,fast
2741,8,2023-06-19 20:51:21,99.86,24.88,14.9,346.832,16,fast
2742,47,2024-04-14 23:21:50,96.54,85.57,1.24,342.378,42,fast
2743,37,2023-01-23 14:07:06,98.57,25.86,-5.46,352.908,1,fast
2744,46,2024-09-03 21:41:11,93.15,42.88,16.3,342.688,79,fast
2745,11,2023-05-13 09:47:10,98.87,64.71,0.56,373.543,15,rapid
2746,19,2023-08-14 17:20:30,100.54,70.52,33.86,354.688,28,fast
2747,2,2024-07-16 06:59:29,94.15,72.74,-6.79,361.23,36,rapid
2748,5,2024-02-25 02:15:19,98.86,78.57,-3.53,363.33,52,fast
2749,43,2023-11-22 09:00:50,97.65,28.56,0.6,347.802,20,rapid
2750,18,2023-02-08 23:51:15,100.79,29.44,44.56,368.025,2,fast
2751,44,2024-02-20 13:49:23,96.02,76.31,-4.41,387.637,33,rapid
2752,40,2024-10-28 12:49:59,92.86,18.97,5.98,366.107,67,slow
2753,33,2024-07-14 14:06:30,92.81,41.52,33.41,366.878,70,fast
2754,3,2023-10-17 21:08:19,97.32,58.56,31.46,367.759,33,rapid
2755,14,2024-06-23 01:16:47,96.88,85.21,10.0,353.968,47,rapid
2756,40,2024-01-04 01:05:41,98.55,87.74,38.88,377.808,40,rapid
2757,21,2023-02-06 17:59:55,99.22,90.5,34.65,392.967,4,slow
2758,31,2023-05-12 01:34:48,98.0,89.22,27.26,385.608,10,fast
2759,41,2023-01-10 05:34:48,98.65,59.13,8.17,402.529,0,fast
2760,10,2023-07-04 15:24:35,98.52,49.76,16.67,355.301,9,fast
2761,21,2024-11-25 08:11:44,97.29,48.36,12.24,378.627,88,slow
2762,39,2024-06-23 11:01:25,96.03,87.1,-7.89,356.69,59,slow
2763,40,2024-07-16 08:08:34,98.66,29.58,-6.21,390.753,64,fast
2764,17,2023-01-20 17:05:33,99.07,26.41,-5.61,415.516,1,fast
2765,2,2024-05-31 17:59:24,95.44,37.07,43.95,361.703,33,slow
2766,35,2023-06-23 22:11:15,99.27,74.18,-8.13,350.701,20,slow
2767,23,2024-12-02 02:32:10,98.26,89.03,44.56,390.779,46,rapid
2768,16,2024-12-19 22:40:50,96.49,14.16,19.64,371.333,37,slow
2769,43,2024-09-08 16:59:43,94.27,19.44,10.6,355.317,53,fast
2770,5,2024-11-14 13:43:40,91.84,58.7,35.32,366.128,45,rapid
2771,5,2024-08-09 19:32:32,95.86,45.74,32.15,373.747,31,rapid
2772,46,2024-04-17 18:43:05,96.08,42.41,8.43,405.147,31,fast
2773,38,2024-04-11 20:50:08,94.05,85.52,13.42,373.54,47,rapid
2774,26,2023-09-14 08:12:41,99.1,61.69,42.67,411.708,24,fast
2775,42,2023-08-24 03:35:03,97.89,52.72,14.89,380.709,18,fast
2776,30,2023-08-10 12:02:57,97.35,93.13,15.42,371.746,20,rapid
2777,22,2024-07-26 22:23:23,97.06,38.09,33.52,408.946,42,rapid
2778,15,2024-12-22 10:44:43,98.26,51.98,10.08,346.584,93,rapid
2779,21,2023-11-27 17:15:22,98.42,17.6,25.33,405.333,43,slow
2780,25,2023-11-08 10:18:15,97.07,66.16,19.58,383.187,36,slow
2781,29,2024-09-19 09:55:47,94.19,32.94,3.1,348.155,68,fast
2782,46,2024-12-20 10:02:24,95.43,45.98,27.74,390.767,69,slow
2783,11,2023-07-05 10:41:50,99.67,28.95,18.64,398.055,12,rapid
2784,6,2023-07-24 14:30:57,96.9,68.58,9.67,362.85,15,rapid
2785,44,2023-05-08 20:09:31,97.85,77.08,41.75,404.546,10,fast
2786,14,2023-07-20 22:18:50,99.22,50.36,28.38,347.013,19,slow
2787,10,2024-10-17 17:56:14,95.23,28.47,-0.77,373.451,55,slow
2788,30,2024-03-11 12:42:08,98.37,74.58,35.37,403.693,32,rapid
2789,46,2024-03-26 18:28:23,97.92,95.81,28.21,402.253,35,slow
2790,47,2024-04-17 22:58:29,94.32,94.04,-1.1,344.994,26,slow
2791,37,2023-04-01 10:25:40,99.28,39.49,22.2,411.342,11,slow
2792,38,2023-12-27 09:31:46,96.08,77.08,39.94,370.077,26,rapid
2793,49,2024-09-02 22:38:32,97.67,70.21,32.01,377.953,65,slow
2794,29,2023-12-25 01:02:14,97.1,91.59,6.97,341.578,24,rapid
2795,25,2023-07-26 02:07:38,99.41,51.02,31.75,413.51,11,slow
2796,14,2023-06-22 22:07:09,99.22,38.7,27.54,361.817,15,slow
2797,7,2024-10-12 03:17:17,95.49,77.84,25.05,376.203,38,slow
2798,25,2023-08-06 15:15:01,98.36,76.31,28.21,382.26,21,slow
2799,13,2024-04-18 10:40:45,97.1,95.8,-2.81,382.334,24,rapid
2800,19,2024-06-24 10:24:00,97.77,85.9,44.19,357.236,43,fast
2801,42,2024-06-01 14:35:36,94.55,64.02,34.14,404.721,37,rapid
2802,38,2024-07-09 06:29:41,95.81,21.63,0.52,412.069,54,slow
2803,1,2023-03-07 05:33:07,100.05,75.73,-6.81,403.328,6,fast
2804,17,2023-10-08 06:19:33,97.28,62.87,-4.49,365.044,31,slow
2805,1,2023-04-17 06:36:46,99.54,69.96,-9.91,376.163,7,rapid
2806,41,2023-11-30 14:59:57,100.02,35.92,-2.77,351.295,42,slow
2807,3,2023-08-11 09:02:30,99.78,22.98,-7.78,344.837,16,fast
2808,21,2023-08-21 16:38:12,98.85,70.99,8.21,374.676,25,fast
2809,10,2023-05-22 23:54:05,97.82,39.0,4.65,404.512,12,slow
2810,23,2024-10-31 15:02:18,95.5,29.33,30.27,389.604,72,rapid
2811,27,2024-08-08 16:41:26,92.86,84.99,3.82,381.308,53,rapid
2812,16,2023-09-17 18:00:51,97.21,96.69,44.51,400.659,17,rapid
2813,41,2024-12-04 05:30:01,93.39,17.44,38.21,390.854,38,fast
2814,31,2023-01-19 00:33:17,101.3,56.9,28.37,394.968,1,slow
2815,30,2024-11-10 20:40:55,96.17,59.15,15.3,398.383,46,slow
2816,10,2024-06-25 04:27:51,94.44,78.63,-1.13,350.2,29,slow
2817,20,2024-02-16 06:28:55,97.9,76.61,39.25,358.551,20,fast
2818,27,2023-07-19 07:34:30,97.12,42.71,32.83,342.39,18,rapid
2819,21,2024-07-28 11:58:01,95.97,72.56,-6.61,386.786,33,slow
2820,8,2024-06-21 14:27:18,95.64,34.86,4.87,357.425,43,slow
2821,38,2024-02-23 23:12:39,100.31,31.73,3.98,393.089,50,rapid
2822,2,2023-02-12 14:21:22,100.69,93.08,38.24,372.334,3,rapid
2823,26,2023-10-18 03:14:43,98.68,41.64,36.72,375.188,27,fast
2824,22,2023-10-12 10:42:19,98.25,85.73,38.74,364.937,17,slow
2825,32,2024-01-19 11:11:05,97.26,82.33,-2.82,372.625,33,rapid
2826,18,2023-04-17 21:22:28,98.69,78.67,-0.48,373.949,5,fast
2827,12,2023-05-29 06:36:17,98.36,59.28,-5.84,363.02,16,rapid
2828,45,2023-06-22 17:54:27,98.18,51.09,17.43,389.826,10,fast
2829,4,2023-08-14 04:02:16,99.93,29.18,-1.94,358.323,12,fast
2830,22,2024-05-11 13:32:34,97.36,29.63,15.68,390.537,62,fast
2831,42,2023-12-02 08:26:40,97.29,49.1,43.71,368.483,20,fast
2832,23,2023-08-22 00:50:33,98.92,66.65,11.36,417.41,23,slow
2833,23,2024-06-08 22:57:15,97.12,67.18,25.21,396.996,59,fast
2834,34,2024-12-24 01:51:21,97.48,34.15,32.55,395.507,74,rapid
2835,9,2024-03-16 04:09:50,97.25,52.07,-3.7,341.688,33,fast
2836,26,2023-03-03 00:42:31,100.75,74.49,42.12,368.244,7,slow
2837,32,2024-12-24 00:05:29,97.19,60.62,12.08,400.418,88,slow
2838,6,2023-10-17 02:50:18,98.67,64.74,-6.47,345.753,26,slow
2839,38,2023-12-21 08:45:52,95.97,89.4,17.89,391.339,28,fast
2840,11,2024-05-18 10:12:53,96.84,26.75,11.47,369.943,61,slow
2841,50,2023-03-16 23:19:05,99.42,64.91,8.88,359.742,8,fast
2842,36,2024-09-03 11:10:08,98.59,94.44,-6.3,405.575,45,fast
2843,6,2024-03-28 00:44:03,96.8,25.58,28.85,342.573,53,fast
2844,16,2023-04-08 20:56:17,100.84,50.65,24.29,351.207,12,slow
2845,3,2024-09-18 17:54:46,93.05,60.73,35.29,344.915,52,fast
2846,14,2024-11-10 20:23:08,98.28,22.39,41.99,398.971,70,fast
2847,26,2023-06-12 17:57:08,98.28,72.27,31.91,398.424,19,rapid
2848,5,2024-03-15 21:37:31,96.81,58.11,36.8,367.985,46,fast
2849,19,2023-10-08 21:10:22,97.54,97.52,-1.83,363.384,24,rapid
2850,38,2024-01-24 01:44:54,97.91,84.08,2.98,392.103,45,fast
2851,18,2024-06-21 20:49:50,97.36,77.61,16.55,391.981,64,fast
2852,45,2023-04-11 21:26:03,99.86,34.3,12.5,395.196,6,fast
2853,22,2024-12-03 15:44:02,93.14,59.75,-9.54,377.481,42,slow
2854,29,2024-08-16 19:18:04,94.54,32.52,38.63,393.315,55,fast
2855,35,2023-08-23 01:00:20,98.41,53.51,10.84,340.463,13,slow
2856,28,2024-08-11 09:36:45,95.54,53.64,8.47,375.898,38,rapid
2857,47,2024-09-26 21:29:37,95.93,94.5,29.17,387.1,53,fast
2858,20,2024-05-12 15:06:30,98.4,75.93,-9.57,400.656,47,slow
2859,27,2023-06-12 00:30:53,99.21,54.1,-8.93,393.619,11,fast
2860,29,2024-11-10 22:13:53,92.63,41.13,4.83,404.901,59,slow
2861,22,2023-06-13 16:43:11,99.72,97.99,44.21,373.552,16,rapid
2862,42,2024-05-19 22:50:14,96.25,91.13,-0.88,411.826,60,slow
2863,22,2023-01-21 09:37:18,98.83,50.14,25.81,391.176,1,slow
2864,34,2023-07-17 21:45:04,98.88,19.96,41.03,410.949,15,fast
2865,44,2024-07-07 05:10:23,96.65,80.97,36.71,411.068,58,rapid
2866,3,2023-01-27 01:24:16,99.27,11.1,-1.73,392.938,1,slow
2867,13,2023-06-25 14:41:11,100.0,59.77,10.51,401.453,11,slow
2868,4,2023-04-08 07:15:41,100.01,69.7,12.63,383.443,8,fast
2869,37,2023-08-06 08:16:17,97.59,55.7,30.19,413.622,21,rapid
2870,37,2024-01-08 12:58:48,95.54,88.76,36.86,349.137,25,rapid
2871,20,2023-08-17 04:01:38,98.14,24.54,11.44,379.786,20,fast
2872,38,2023-08-31 00:53:22,98.53,24.05,1.49,380.278,23,rapid
2873,26,2023-03-26 11:55:00,100.13,83.22,0.16,380.972,4,slow
2874,7,2023-09-21 10:33:41,98.32,20.12,18.09,363.626,30,fast
2875,1,2024-08-10 08:06:41,95.17,20.24,40.84,414.563,42,slow
2876,28,2023-10-16 08:31:11,97.93,98.87,11.82,347.651,18,fast
2877,31,2024-06-15 11:49:24,96.44,63.74,-9.03,368.517,36,slow
2878,13,2024-02-03 20:20:36,98.66,94.24,12.73,405.723,27,fast
2879,43,2024-04-11 11:56:24,97.16,72.31,-1.56,396.396,57,slow
2880,39,2024-09-30 19:29:58,94.07,53.82,-8.0,385.406,55,rapid
2881,24,2024-06-04 09:39:26,94.93,92.38,27.59,358.411,65,fast
2882,7,2023-08-31 12:55:52,98.18,81.89,36.38,386.516,26,slow
2883,33,2024-04-01 00:01:36,98.94,19.08,5.74,387.633,57,slow
2884,49,2023-09-21 04:24:16,99.72,69.2,23.72,381.54,18,rapid
2885,6,2024-06-29 02:25:01,97.33,72.08,38.72,361.088,64,rapid
2886,28,2024-10-09 14:12:47,96.46,50.54,-2.79,376.601,61,slow
2887,26,2024-04-24 08:19:30,96.83,98.67,11.66,388.226,61,rapid
2888,6,2024-01-27 17:43:51,98.09,52.02,-6.87,349.112,26,rapid
2889,36,2024-06-06 22:38:59,96.45,77.64,-5.75,345.167,61,rapid
2890,38,2023-08-21 10:03:53,98.18,72.84,19.38,365.47,26,slow
2891,31,2023-08-13 04:58:07,98.54,90.46,7.07,363.731,12,slow
2892,11,2024-02-11 21:20:18,96.55,86.7,36.57,380.116,42,slow
2893,42,2023-12-24 10:39:40,97.5,41.11,27.59,357.902,20,rapid
2894,8,2023-01-29 18:24:59,98.81,68.14,22.03,354.355,2,slow
2895,10,2024-02-26 00:58:34,96.93,61.74,33.83,391.177,52,fast
2896,50,2024-11-08 05:13:12,95.26,68.71,-7.11,345.704,65,fast
2897,29,2024-10-15 00:33:42,96.04,76.36,9.75,394.974,65,slow
2898,21,2023-08-05 11:19:52,99.06,84.72,11.3,351.977,22,slow
2899,15,2024-10-23 23:18:55,95.74,57.95,40.08,371.872,67,slow
2900,35,2024-07-11 17:37:22,95.83,35.43,32.08,381.472,71,slow
2901,12,2023-03-04 12:14:09,99.93,41.52,39.22,356.339,5,rapid
2902,26,2023-04-24 13:38:51,98.32,30.32,-2.34,361.629,14,slow
2903,25,2023-03-11 06:08:49,98.05,81.58,19.35,344.622,5,slow
2904,28,2023-05-06 14:17:31,101.3,55.62,17.36,369.898,9,fast
2905,3,2024-07-27 13:49:47,95.73,20.61,10.64,388.79,53,rapid
2906,41,2023-10-01 18:23:28,98.67,13.97,13.9,373.817,21,fast
2907,30,2024-09-01 19:07:48,96.76,22.34,24.0,401.297,70,rapid
2908,14,2023-02-02 00:00:38,100.28,45.17,-5.83,388.949,3,slow
2909,25,2024-07-22 04:37:36,97.53,71.91,11.84,348.931,45,fast
2910,42,2024-09-08 13:47:58,96.09,98.58,37.71,407.174,68,fast
2911,35,2023-06-05 02:38:48,100.5,50.69,15.7,383.988,11,rapid
2912,2,2023-12-21 06:25:30,98.38,46.29,-3.61,351.727,25,fast
2913,22,2023-08-23 22:36:34,99.12,72.13,31.21,356.781,15,rapid
2914,36,2024-06-02 07:35:53,94.76,28.8,24.05,403.702,60,slow
2915,14,2024-10-30 18:51:51,97.87,18.72,2.7,387.557,87,rapid
2916,36,2024-09-25 01:56:42,95.47,12.76,25.35,375.678,81,rapid
2917,14,2024-01-23 02:36:46,96.46,30.86,8.43,375.789,41,rapid
2918,14,2024-07-28 21:32:46,96.42,52.4,30.52,387.765,32,rapid
2919,9,2024-04-02 23:58:58,96.95,89.92,-6.26,356.73,23,fast
2920,21,2024-11-17 03:42:04,96.5,34.04,-9.61,384.186,52,rapid
2921,31,2024-07-02 06:58:30,98.56,17.27,2.42,352.433,33,fast
2922,38,2023-11-25 04:35:50,99.01,66.09,20.03,351.822,28,slow
2923,6,2023-07-05 07:33:43,99.31,29.63,3.74,355.816,12,fast
2924,48,2023-12-21 04:12:23,98.52,85.03,0.93,396.239,19,rapid
2925,4,2023-08-09 11:27:48,99.71,89.67,38.88,373.648,27,rapid
2926,21,2024-02-21 06:34:57,97.61,20.01,-5.89,371.84,53,rapid
2927,19,2024-05-28 18:33:11,94.58,62.07,-0.97,358.876,57,fast
2928,48,2024-01-27 22:15:39,99.21,92.04,8.86,394.124,51,slow
2929,42,2024-05-19 12:17:28,96.19,99.61,20.77,403.474,54,slow
2930,31,2023-05-03 23:06:32,98.71,75.46,-2.21,411.592,14,fast
2931,20,2024-07-29 01:31:04,96.38,66.24,31.86,361.397,29,rapid
2932,14,2023-08-27 11:39:45,97.73,34.25,-1.67,359.852,17,fast
2933,39,2024-08-11 19:29:58,96.45,59.4,16.16,379.953,37,rapid
2934,9,2024-01-29 17:09:17,98.04,27.08,-6.96,345.26,34,slow
2935,39,2024-11-03 17:27:02,97.53,63.35,32.31,396.32,43,slow
2936,20,2024-11-30 06:18:30,96.53,70.26,37.58,418.647,52,fast
2937,3,2023-09-08 02:59:44,98.52,92.53,31.94,373.904,24,fast
2938,5,2024-03-01 18:32:30,96.95,80.57,33.32,406.714,53,rapid
2939,27,2023-03-09 21:25:35,98.2,49.41,0.28,416.568,4,slow
2940,20,2023-05-13 03:40:21,99.52,54.32,33.62,383.685,7,slow
2941,45,2024-11-22 18:45:47,96.04,75.47,-1.75,413.67,71,slow
2942,4,2023-10-28 12:24:30,98.24,20.42,12.75,352.884,35,slow
2943,21,2024-11-20 07:35:21,96.68,12.35,-7.69,388.711,58,slow
2944,24,2023-08-02 01:21:09,99.84,12.17,36.37,380.479,22,rapid
2945,48,2023-09-17 14:22:14,96.58,11.29,4.26,404.584,29,fast
2946,14,2024-10-14 05:05:19,96.87,57.13,14.2,383.443,56,slow
2947,25,2023-06-24 06:12:04,98.39,32.89,-3.64,358.458,11,rapid
2948,42,2023-02-12 07:54:48,100.5,71.5,-5.94,357.264,4,slow
2949,2,2023-04-21 06:14:24,99.18,27.85,34.26,408.815,9,fast
2950,20,2024-06-03 19:22:40,96.76,83.02,33.12,377.869,28,rapid
2951,34,2023-06-06 15:34:53,97.35,33.75,10.93,364.928,12,fast
2952,15,2024-09-20 02:00:15,94.98,62.64,-3.82,400.189,68,rapid
2953,10,2024-10-14 22:29:22,96.98,75.63,25.8,390.096,71,slow
2954,15,2023-02-13 20:23:38,99.06,11.45,39.52,343.528,4,rapid
2955,22,2024-03-01 06:34:55,97.33,56.22,9.24,367.455,51,fast
2956,9,2024-04-12 20:03:09,97.98,95.59,19.45,342.672,52,rapid
2957,18,2024-04-20 13:13:42,99.99,32.63,3.21,414.782,33,slow
2958,12,2024-09-24 12:17:14,94.55,65.34,1.26,382.429,70,fast
2959,22,2023-11-10 00:03:22,98.13,87.0,39.03,340.78,29,fast
2960,13,2024-02-27 12:36:21,95.37,77.99,42.45,393.935,41,rapid
2961,10,2023-12-16 10:56:44,95.64,96.0,30.87,371.696,19,slow
2962,44,2023-10-15 03:55:43,96.57,63.48,4.03,349.064,18,slow
2963,47,2023-07-26 02:41:11,101.33,93.61,5.1,340.443,24,slow
2964,44,2024-05-21 10:39:07,96.27,15.39,30.48,384.929,59,slow
2965,50,2023-03-27 06:27:52,99.93,84.91,29.94,374.433,5,fast
2966,24,2023-06-22 02:02:16,98.41,31.7,23.92,377.134,21,slow
2967,7,2024-01-19 22:40:10,94.26,84.25,10.66,403.668,49,slow
2968,17,2023-01-18 21:12:10,97.72,67.69,-7.41,350.778,1,fast
2969,46,2023-09-17 12:22:06,97.04,13.45,-7.52,351.63,23,rapid
2970,18,2023-01-10 22:16:07,99.55,57.75,17.01,418.47,0,rapid
2971,34,2024-07-15 04:30:52,96.68,17.3,20.87,393.889,61,slow
2972,28,2023-08-30 09:34:55,98.36,67.24,22.2,409.732,26,fast
2973,5,2023-10-29 02:25:31,96.09,88.78,17.02,391.997,38,fast
2974,42,2024-04-27 18:41:13,97.63,80.8,34.73,408.094,48,slow
2975,1,2023-09-26 16:48:18,96.07,43.01,25.75,340.446,19,fast
2976,46,2023-05-27 14:23:53,97.48,30.79,5.92,360.012,10,slow
2977,24,2024-12-03 07:18:40,93.37,72.16,18.41,363.418,47,rapid
2978,32,2024-12-05 02:53:16,94.12,20.03,4.47,414.015,43,slow
2979,15,2023-01-16 14:55:45,98.75,10.67,23.4,345.618,1,slow
2980,32,2023-09-25 10:51:53,97.5,61.4,19.57,374.955,14,fast
2981,14,2023-07-16 00:08:54,98.84,31.08,-6.74,357.062,24,rapid
2982,31,2023-09-19 11:41:35,99.98,11.89,18.31,411.635,25,rapid
2983,41,2024-02-19 05:17:12,96.72,95.28,25.91,386.497,31,rapid
2984,35,2024-10-27 07:10:15,94.54,54.15,33.52,405.473,83,slow
2985,20,2023-10-23 19:27:06,98.88,37.49,34.81,405.346,20,rapid
2986,46,2024-12-06 18:55:20,93.54,58.87,-0.25,356.742,86,slow
2987,34,2023-06-23 03:32:20,98.53,38.1,4.39,410.13,10,rapid
2988,19,2023-01-23 01:38:33,101.05,41.73,20.23,389.367,1,rapid
2989,4,2023-05-09 13:05:46,99.45,55.7,17.74,391.817,14,rapid
2990,2,2024-09-27 04:05:24,97.01,71.35,-4.89,358.852,59,rapid
2991,12,2024-01-03 23:12:20,99.48,91.32,-7.46,385.857,38,fast
2992,6,2024-02-19 21:15:00,97.66,91.9,32.74,415.778,22,slow
2993,10,2023-08-19 01:21:46,99.79,75.0,43.33,347.595,15,fast
2994,29,2023-05-27 21:44:19,97.59,32.25,-6.77,408.995,11,fast
2995,49,2024-09-30 09:02:46,95.32,59.45,39.58,349.166,78,fast
2996,30,2023-12-19 22:52:40,96.74,99.51,-6.89,376.007,24,slow
2997,10,2024-08-06 17:23:05,93.61,65.71,13.58,368.851,55,fast
2998,45,2023-03-23 14:50:27,100.27,19.57,-9.99,400.593,10,fast
2999,18,2023-09-04 07:16:03,98.26,87.09,21.98,400.289,15,fast
3000,2,2024-01-14 22:01:49,96.64,27.13,2.48,406.537,44,fast
3001,19,2024-10-19 18:21:17,96.12,54.59,-0.06,363.361,46,fast
3002,4,2024-05-18 23:40:48,93.69,64.7,8.08,356.49,26,slow
3003,50,2024-08-06 08:21:04,93.73,23.43,-6.36,354.169,46,fast
3004,32,2023-08-07 12:48:14,99.04,71.47,23.18,371.665,19,fast
3005,10,2023-03-19 04:24:45,100.37,25.03,35.82,387.373,9,slow
3006,40,2023-06-14 13:01:34,98.72,71.75,1.19,412.783,16,rapid
3007,26,2023-08-06 04:40:57,98.02,42.75,24.15,404.693,16,fast
3008,11,2024-09-13 14:51:47,99.78,39.22,-1.77,404.219,37,fast
3009,30,2024-10-18 12:10:20,98.8,67.84,-1.31,372.76,58,slow
3010,14,2023-12-01 20:52:17,98.96,18.3,11.31,357.503,38,slow
3011,45,2024-07-25 23:33:37,96.96,98.92,22.43,404.907,42,fast
3012,31,2024-07-26 11:25:48,99.2,79.12,8.79,411.349,75,fast
3013,47,2024-09-02 09:53:34,96.15,19.11,13.94,376.815,38,fast
3014,16,2024-03-23 02:11:53,98.37,91.5,31.43,357.663,23,fast
3015,38,2024-02-17 03:54:43,95.29,67.56,35.31,384.445,50,fast
3016,33,2024-01-17 02:14:40,95.42,69.79,10.07,373.499,38,slow
3017,7,2024-01-27 04:00:11,97.8,76.76,-2.19,391.417,47,rapid
3018,31,2023-12-07 00:54:22,98.93,76.58,-3.56,343.83,40,rapid
3019,40,2023-12-26 01:10:55,98.96,57.1,34.31,340.159,36,fast
3020,40,2024-06-09 09:05:59,95.3,78.19,31.97,387.391,51,rapid
3021,26,2024-08-25 11:10:46,93.74,86.96,37.54,412.618,65,rapid
3022,3,2024-02-28 00:32:32,97.71,89.87,-2.7,371.495,56,fast
3023,15,2024-05-17 20:27:26,97.11,50.76,13.52,389.881,41,fast
3024,9,2024-01-05 00:43:22,97.45,11.03,33.47,376.226,29,fast
3025,1,2024-05-20 17:59:50,95.94,55.93,32.95,385.897,29,fast
3026,21,2024-12-12 12:48:05,96.49,58.96,-2.79,404.844,88,fast
3027,39,2023-01-10 08:05:46,101.34,62.26,17.64,398.083,0,slow
3028,34,2023-05-16 06:52:17,99.06,73.56,12.78,360.878,16,rapid
3029,42,2023-01-03 20:19:38,99.79,25.38,43.02,394.354,0,fast
3030,28,2023-03-06 18:36:23,99.48,47.19,-4.91,395.913,5,fast
3031,26,2023-11-14 20:43:01,96.3,54.81,-7.11,412.554,30,rapid
3032,13,2023-06-03 02:42:04,99.48,25.8,44.21,393.884,14,slow
3033,40,2024-03-24 21:03:53,96.0,63.89,15.04,401.297,43,fast
3034,29,2023-12-12 04:18:05,95.68,36.68,14.43,407.052,33,fast
3035,4,2024-06-11 11:06:23,95.0,75.04,41.06,363.997,33,rapid
3036,9,2023-12-03 14:03:13,98.99,88.7,27.83,404.518,33,fast
3037,30,2024-07-10 18:53:42,95.95,55.09,36.25,346.221,47,rapid
3038,3,2024-01-16 16:26:40,97.02,74.34,29.94,343.682,48,fast
3039,37,2024-01-01 20:17:14,98.74,14.71,-1.19,341.991,46,rapid
3040,45,2023-12-01 01:28:48,97.2,21.77,18.14,350.92,26,slow
3041,10,2023-01-23 23:52:14,97.33,97.46,26.0,372.114,2,slow
3042,10,2024-07-29 09:40:20,92.84,12.09,9.86,419.991,59,slow
3043,37,2023-07-16 04:09:57,98.24,46.25,4.35,352.742,21,slow
3044,29,2024-08-26 01:10:27,97.29,47.41,23.74,357.623,45,rapid
3045,21,2023-01-21 06:51:35,100.17,23.28,41.02,404.713,1,fast
3046,10,2023-02-16 03:01:46,100.06,69.72,0.54,411.945,3,slow
3047,1,2023-11-11 20:03:01,98.69,55.04,10.14,382.284,31,fast
3048,3,2024-04-10 19:28:29,95.78,83.2,-8.83,387.815,51,rapid
3049,8,2024-03-04 18:02:49,96.63,16.43,4.18,386.28,39,rapid
3050,7,2023-06-23 15:40:37,96.76,32.85,19.72,389.151,21,fast
3051,46,2024-02-18 15:01:45,97.0,93.52,0.42,348.04,42,fast
3052,31,2024-04-24 22:19:51,95.71,40.27,42.89,383.31,43,slow
3053,47,2024-06-21 23:19:30,95.94,75.72,3.84,354.441,64,fast
3054,42,2023-02-11 19:29:51,100.59,76.96,15.44,400.93,3,slow
3055,33,2023-01-03 11:49:27,99.99,70.09,34.7,353.199,0,rapid
3056,27,2024-07-20 02:24:13,95.09,94.64,38.78,390.854,34,slow
3057,17,2024-08-17 16:36:14,97.34,11.26,39.15,395.723,63,fast
3058,24,2024-02-29 09:30:52,97.0,72.67,28.18,415.098,30,fast
3059,34,2023-02-22 00:21:07,99.79,18.39,39.45,375.037,3,fast
3060,21,2024-10-28 13:03:37,93.22,29.75,28.6,346.767,68,slow
3061,22,2024-11-16 12:43:24,96.42,17.76,5.39,351.971,75,fast
3062,37,2023-04-30 11:50:35,99.23,52.63,28.26,371.881,7,fast
3063,4,2023-06-27 10:08:25,99.39,13.52,8.27,370.685,23,slow
3064,29,2023-05-02 04:57:34,100.73,34.39,11.51,406.919,10,fast
3065,17,2023-04-01 19:49:30,99.42,74.66,-9.69,408.31,9,slow
3066,21,2024-12-22 00:51:08,98.31,99.38,42.08,400.294,43,rapid
3067,33,2023-06-07 00:06:56,99.2,30.2,38.31,342.443,16,rapid
3068,3,2023-06-18 05:18:54,98.39,56.28,43.45,379.699,17,slow
3069,3,2023-11-15 13:59:48,100.3,40.15,-2.4,369.532,18,fast
3070,44,2024-06-15 09:03:07,94.25,58.33,8.47,383.422,48,rapid
3071,16,2023-04-03 18:58:08,98.44,23.9,18.22,355.697,10,fast
3072,35,2024-12-20 12:11:20,96.51,47.73,38.33,397.51,94,rapid
3073,7,2023-04-14 12:52:50,96.51,46.74,36.17,367.888,7,slow
3074,8,2023-03-23 20:58:01,98.7,84.08,31.78,356.964,6,slow
3075,22,2023-10-24 23:21:23,98.67,40.37,14.4,348.364,21,slow
3076,9,2024-04-16 22:05:56,97.74,58.28,36.31,345.368,34,slow
3077,36,2024-05-04 04:57:05,96.72,65.8,7.57,406.724,36,fast
3078,3,2024-09-18 01:48:55,96.37,39.08,19.74,410.851,62,rapid
3079,50,2024-06-23 11:16:08,95.36,31.63,33.13,378.004,50,rapid
3080,38,2024-03-24 22:34:44,97.44,67.64,19.96,411.195,51,slow
3081,26,2023-01-31 02:50:05,101.15,13.14,24.97,387.69,1,rapid
3082,42,2023-04-14 02:39:06,98.5,60.91,21.56,341.478,13,fast
3083,30,2024-01-23 09:43:08,100.29,89.11,8.13,341.599,50,slow
3084,14,2023-06-07 13:12:30,98.92,81.78,15.57,344.849,9,fast
3085,38,2023-04-17 04:28:41,99.84,80.05,41.51,395.693,10,slow
3086,15,2023-04-22 10:00:01,99.47,92.91,-2.31,368.599,12,rapid
3087,17,2024-08-21 11:19:31,95.25,78.21,13.23,378.898,38,slow
3088,9,2024-06-05 17:57:53,95.41,17.95,36.21,406.828,40,rapid
3089,18,2023-08-29 19:31:54,99.09,23.11,6.43,372.611,13,rapid
3090,45,2023-02-24 19:06:43,99.76,58.06,38.41,379.581,3,fast
3091,32,2024-06-10 21:14:34,96.24,94.63,24.88,366.788,30,fast
3092,41,2024-09-04 13:03:08,97.08,50.22,37.59,353.755,46,slow
3093,41,2023-05-19 06:32:08,98.64,37.31,-8.87,352.656,12,fast
3094,28,2024-07-03 16:37:00,94.67,89.59,1.29,392.48,41,fast
3095,5,2023-08-01 17:45:53,98.63,64.01,3.82,346.634,13,fast
3096,35,2024-11-08 02:29:53,96.2,51.15,8.99,363.477,84,rapid
3097,50,2024-06-04 18:23:19,97.48,23.56,21.27,381.834,30,rapid
3098,23,2023-05-29 00:57:57,97.73,62.41,21.83,387.721,15,fast
3099,3,2023-02-22 05:28:34,101.24,52.27,42.98,402.722,5,fast
3100,45,2024-09-30 05:58:40,95.34,65.93,4.66,371.195,60,slow
3101,6,2023-08-25 18:23:34,97.52,40.05,-8.42,404.769,26,slow
3102,10,2024-08-24 01:21:28,97.73,27.85,12.6,385.701,72,rapid
3103,20,2024-07-12 04:04:26,96.15,95.42,3.7,352.559,68,rapid
3104,46,2024-07-09 14:48:58,98.58,24.91,-5.23,358.441,41,slow
3105,26,2023-02-25 20:39:43,100.2,46.38,9.67,387.079,6,fast
3106,17,2024-12-17 19:16:35,97.17,93.16,29.68,372.533,57,rapid
3107,11,2023-10-24 23:38:22,98.19,62.47,0.98,417.337,30,rapid
3108,44,2024-08-07 01:58:31,98.61,78.84,20.82,343.763,44,fast
3109,11,2023-03-06 18:07:51,99.67,36.98,6.34,363.786,4,fast
3110,10,2024-06-22 05:05:08,94.72,38.36,-1.48,345.627,44,fast
3111,26,2023-08-19 14:31:44,98.69,24.42,15.47,371.472,18,rapid
3112,1,2024-12-13 11:19:38,96.09,74.65,-6.05,357.422,77,rapid
3113,14,2023-12-26 00:08:20,99.39,64.29,2.33,377.792,32,slow
3114,20,2024-08-22 12:20:17,93.78,90.51,-0.71,380.796,69,slow
3115,12,2024-10-19 12:58:13,96.48,92.74,33.17,350.69,73,slow
3116,28,2023-03-24 00:43:09,99.58,85.11,22.08,409.331,7,fast
3117,39,2024-03-16 14:07:41,97.47,85.71,-5.97,364.931,53,fast
3118,46,2024-03-04 07:21:15,95.25,86.22,9.08,417.1,47,fast
3119,3,2024-03-10 05:01:47,97.0,39.13,18.67,371.421,56,rapid
3120,5,2023-01-24 10:58:03,100.42,24.37,15.31,415.376,1,fast
3121,40,2023-05-31 20:43:54,98.8,58.19,13.06,365.355,19,slow
3122,22,2023-07-24 03:36:46,100.92,81.24,17.63,398.34,18,fast
3123,30,2024-08-18 04:02:41,94.27,43.78,-2.38,341.323,66,rapid
3124,16,2023-05-30 23:42:57,97.54,54.24,-8.33,369.694,10,rapid
3125,5,2023-06-11 21:14:11,99.46,44.84,-2.43,356.133,12,slow
3126,24,2024-05-19 16:34:53,95.41,24.64,44.0,364.913,48,rapid
3127,27,2023-06-20 03:31:01,99.46,42.75,5.96,408.717,13,slow
3128,4,2023-08-04 13:59:00,97.02,81.0,31.06,415.888,23,rapid
3129,25,2024-08-16 12:06:37,97.25,62.08,21.28,391.306,40,rapid
3130,42,2024-01-27 09:24:11,97.62,99.5,24.43,359.693,24,fast
3131,32,2023-02-13 13:26:25,98.83,45.14,43.4,405.453,2,rapid
3132,39,2024-06-02 04:52:33,94.24,26.38,38.33,347.497,52,rapid
3133,26,2024-12-09 08:19:07,97.33,69.57,-4.8,397.099,67,fast
3134,17,2024-06-08 20:54:03,95.05,72.88,43.14,404.253,58,slow
3135,21,2023-07-07 10:10:49,98.51,78.57,36.66,364.448,18,fast
3136,30,2024-06-28 10:13:37,96.2,14.72,6.19,351.336,69,fast
3137,36,2024-08-03 08:15:55,94.38,49.08,43.23,345.162,66,fast
3138,26,2024-03-12 17:24:45,98.33,90.46,40.6,387.7,35,rapid
3139,4,2023-10-15 10:26:35,99.26,12.47,32.51,417.753,25,rapid
3140,11,2024-06-09 02:37:37,94.88,44.28,-4.72,408.534,59,fast
3141,15,2023-01-14 05:48:13,98.52,23.45,22.92,398.456,1,fast
3142,13,2023-01-10 17:33:15,100.72,62.87,23.78,389.996,1,fast
3143,26,2024-10-14 08:51:08,96.09,52.77,38.11,392.192,49,rapid
3144,45,2024-02-29 03:55:54,97.64,27.58,20.41,384.963,50,slow
3145,45,2024-03-08 23:36:10,99.44,19.57,6.7,377.3,42,fast
3146,48,2024-09-22 20:01:15,93.52,81.86,15.0,384.234,34,rapid
3147,28,2024-07-10 23:22:49,93.66,67.89,19.12,367.502,47,slow
3148,42,2023-01-17 13:44:10,101.06,81.08,2.47,352.891,1,fast
3149,14,2024-04-07 00:27:56,96.82,65.75,32.82,379.948,60,rapid
3150,29,2023-11-02 11:02:55,97.05,71.18,11.09,386.666,25,fast
3151,7,2024-02-19 03:54:15,94.39,42.08,2.48,343.117,35,rapid
3152,37,2024-12-03 20:13:23,93.54,49.71,24.69,367.537,40,fast
3153,21,2023-11-22 13:55:53,96.5,35.14,12.68,352.189,17,slow
3154,25,2024-09-23 19:36:19,95.32,26.43,23.82,389.651,53,fast
3155,11,2024-08-22 12:19:01,94.62,85.08,43.9,357.175,70,slow
3156,25,2024-12-17 11:29:58,97.77,54.29,-6.42,373.044,66,fast
3157,13,2023-11-23 13:04:25,96.07,89.88,-7.54,377.818,35,fast
3158,11,2023-11-24 20:34:18,98.47,99.21,43.08,386.79,33,rapid
3159,46,2023-12-31 00:54:33,96.25,84.39,19.87,416.163,41,rapid
3160,50,2023-07-18 11:32:51,98.38,36.34,38.32,370.549,16,fast
3161,44,2023-03-25 12:09:56,98.1,71.0,9.1,353.268,6,slow
3162,4,2023-01-25 12:16:52,99.87,43.7,28.22,380.737,2,fast
3163,40,2023-05-22 15:09:01,98.09,97.88,-8.99,370.789,16,rapid
3164,44,2024-04-29 15:35:41,97.0,68.2,6.82,349.227,35,rapid
3165,4,2023-03-06 10:43:43,98.93,35.67,-2.08,397.392,8,rapid
3166,30,2024-10-20 15:27:17,94.01,16.09,17.48,362.446,72,fast
3167,34,2024-01-03 01:57:48,95.76,74.58,26.88,349.668,33,fast
3168,10,2023-04-07 14:34:16,99.37,49.04,-4.02,358.817,6,rapid
3169,22,2024-01-30 03:25:19,96.75,64.35,19.67,399.82,41,rapid
3170,7,2023-11-12 15:18:51,98.76,42.22,34.9,348.142,21,fast
3171,45,2023-05-08 03:28:12,96.98,87.39,-7.88,370.092,7,slow
3172,9,2023-03-20 00:58:53,100.25,11.88,28.4,341.96,7,fast
3173,16,2024-04-12 19:20:10,97.31,36.52,20.09,395.604,38,rapid
3174,49,2024-03-09 19:32:58,98.07,72.66,6.61,419.271,38,rapid
3175,20,2024-12-19 20:02:12,97.29,70.36,15.69,369.517,61,fast
3176,6,2024-10-07 13:25:31,92.06,45.86,-5.18,353.62,84,rapid
3177,12,2024-04-26 23:56:27,96.07,86.54,16.58,370.766,25,slow
3178,9,2024-09-15 15:45:21,96.51,40.57,34.28,396.512,81,fast
3179,10,2023-10-21 23:30:44,98.6,39.88,-5.84,349.159,20,rapid
3180,35,2023-06-16 04:35:44,100.25,15.56,-8.98,367.329,15,fast
3181,43,2024-11-25 19:05:42,94.74,64.07,3.37,361.686,79,slow
3182,6,2024-03-12 00:10:19,95.66,15.53,9.24,378.25,25,rapid
3183,29,2024-11-12 09:17:50,95.15,26.71,5.1,352.529,56,fast
3184,47,2023-01-19 09:01:54,100.71,96.46,18.4,349.989,1,rapid
3185,37,2023-10-02 21:52:06,98.81,74.03,-1.22,361.167,17,fast
3186,17,2024-09-06 19:38:23,95.11,12.46,30.83,374.57,76,slow
3187,23,2024-03-21 13:34:36,96.84,88.81,16.99,370.796,47,rapid
3188,25,2023-02-21 03:48:53,100.15,77.38,20.84,367.878,6,rapid
3189,38,2023-04-03 07:01:15,99.34,20.29,16.55,362.347,7,slow
3190,50,2023-09-25 05:56:10,98.62,25.74,18.99,343.061,22,fast
3191,33,2023-01-02 15:10:34,99.41,30.16,18.5,364.554,0,slow
3192,17,2023-05-01 09:01:07,99.2,89.98,28.0,368.638,6,slow
3193,28,2023-10-10 14:06:30,98.44,53.04,17.09,354.949,34,rapid
3194,48,2024-03-22 19:39:09,97.59,10.17,4.4,374.437,43,rapid
3195,40,2024-02-22 22:21:43,96.37,89.7,35.75,398.28,25,slow
3196,42,2023-06-27 00:28:21,99.2,26.3,13.71,345.706,16,fast
3197,45,2024-01-04 23:27:17,98.9,75.76,-5.64,402.861,31,slow
3198,2,2024-02-20 03:49:13,98.04,59.46,35.89,341.495,47,rapid
3199,6,2023-08-24 23:56:14,99.34,31.4,34.42,411.872,28,fast
3200,16,2023-03-12 04:59:12,100.9,73.61,18.39,353.401,3,slow
3201,6,2023-06-28 22:15:06,97.93,52.47,-0.12,376.034,15,slow
3202,48,2023-02-01 17:20:37,98.86,86.81,17.91,393.646,2,slow
3203,48,2024-04-01 07:52:36,98.52,70.66,15.24,374.152,28,fast
3204,30,2024-07-26 13:09:04,99.11,89.58,19.14,369.46,46,rapid
3205,40,2023-02-20 23:35:59,101.7,95.37,2.42,408.93,4,rapid
3206,17,2023-07-14 09:16:57,98.95,67.97,34.48,349.716,19,fast
3207,18,2023-05-13 09:21:25,98.76,25.77,29.47,392.206,17,fast
3208,5,2023-01-08 05:19:40,99.21,64.57,24.84,348.274,0,slow
3209,34,2024-05-31 01:22:23,97.45,40.56,35.93,402.881,63,rapid
3210,28,2023-08-12 05:51:46,98.42,45.72,-9.39,399.636,23,fast
3211,17,2024-01-23 21:50:02,95.6,95.14,31.72,383.76,43,fast
3212,35,2023-06-24 12:48:52,99.14,21.64,15.94,346.375,20,slow
3213,1,2024-10-19 23:52:04,92.14,23.6,43.6,381.617,80,fast
3214,17,2024-08-29 13:29:23,94.64,47.93,32.25,356.123,51,rapid
3215,6,2024-09-18 10:12:29,92.72,71.01,-5.97,362.998,37,rapid
3216,2,2024-01-19 07:25:53,99.63,34.38,5.3,349.279,41,fast
3217,37,2024-11-08 14:13:13,96.93,95.96,-6.41,404.222,68,slow
3218,31,2024-05-22 08:58:08,98.37,56.58,43.34,419.925,32,fast
3219,11,2023-07-28 17:53:32,96.87,20.74,1.99,370.618,26,rapid
3220,19,2024-10-02 19:29:35,95.49,92.11,27.81,341.958,60,fast
3221,13,2023-09-22 05:27:01,98.8,75.33,43.0,366.354,26,rapid
3222,24,2024-12-12 06:05:52,93.46,97.51,2.96,358.114,89,fast
3223,48,2024-04-09 04:10:29,97.36,26.51,12.84,357.551,36,fast
3224,40,2024-01-21 11:21:10,96.77,81.28,26.13,379.742,45,fast
3225,11,2024-08-13 09:00:51,97.66,54.79,-3.36,381.025,62,slow
3226,30,2024-10-18 22:16:50,96.05,43.83,24.35,365.307,48,fast
3227,24,2024-07-23 22:59:44,99.93,56.89,-8.98,356.254,41,fast
3228,39,2023-11-08 19:23:04,100.25,43.39,4.65,407.462,15,fast
3229,34,2024-04-06 09:42:09,96.93,24.54,0.39,386.55,23,rapid
3230,36,2023-01-24 09:02:01,99.04,68.29,35.96,379.148,1,slow
3231,37,2024-02-27 04:15:14,96.85,13.22,-8.4,368.309,36,rapid
3232,22,2023-12-14 12:39:56,99.02,24.79,1.16,374.306,20,rapid
3233,4,2023-03-01 04:50:30,100.78,89.58,3.42,406.249,6,fast
3234,44,2023-07-30 06:14:29,97.37,72.12,22.59,415.661,11,fast
3235,48,2024-12-08 22:42:04,97.16,67.97,39.96,359.305,37,slow
3236,33,2024-09-01 19:39:18,96.1,62.85,35.73,345.116,41,slow
3237,34,2023-08-31 22:11:39,97.25,83.94,2.66,372.61,29,rapid
3238,1,2024-09-23 18:57:34,95.93,30.08,-1.93,411.961,72,fast
3239,41,2024-03-21 15:07:18,96.09,86.78,-0.41,382.766,24,slow
3240,45,2023-09-08 12:27:19,99.04,23.95,-5.28,341.411,31,rapid
3241,6,2023-07-26 00:33:42,97.8,70.1,28.95,370.159,14,slow
3242,3,2024-04-03 20:19:07,98.66,61.9,40.21,417.317,38,rapid
3243,34,2023-09-19 13:29:12,97.29,44.69,37.27,361.905,24,rapid
3244,21,2023-07-20 22:22:25,97.12,28.52,37.6,378.148,14,slow
3245,3,2023-06-22 23:55:44,98.66,70.09,34.67,352.126,12,rapid
3246,12,2023-10-12 06:12:06,98.13,68.09,-7.43,349.67,17,rapid
3247,41,2024-09-16 07:04:44,97.95,19.77,-2.52,367.516,33,rapid
3248,47,2024-01-26 10:43:24,96.81,54.55,26.11,347.818,32,fast
3249,27,2024-05-20 21:45:06,97.26,33.46,27.96,391.219,45,fast
3250,46,2023-10-13 08:25:25,98.82,31.24,42.83,408.803,22,fast
3251,28,2024-07-29 03:32:06,96.74,73.81,15.2,413.932,47,slow
3252,40,2024-01-14 05:34:54,96.95,91.62,32.69,340.116,48,slow
3253,42,2023-04-30 17:15:21,100.06,18.83,-4.43,347.726,13,fast
3254,40,2024-10-02 18:38:29,94.55,15.1,7.1,380.767,64,fast
3255,22,2023-12-04 15:58:07,98.86,34.38,4.97,408.691,42,rapid
3256,45,2024-12-03 22:53:53,93.72,52.01,15.43,369.485,88,slow
3257,11,2023-07-11 00:13:25,98.6,72.79,-2.66,388.99,23,slow
3258,41,2023-03-11 12:35:08,99.49,53.45,-0.93,397.458,5,slow
3259,7,2023-04-25 19:01:57,100.73,13.79,6.53,360.461,7,rapid
3260,9,2023-08-19 18:39:13,97.31,99.71,27.03,383.804,18,fast
3261,47,2024-02-02 17:41:42,97.78,31.55,14.52,356.634,43,fast
3262,15,2023-09-02 23:09:03,96.94,67.38,11.46,345.496,21,fast
3263,37,2024-01-22 07:43:16,96.85,76.97,37.81,369.08,49,fast
3264,35,2023-09-05 14:35:41,98.52,82.78,7.8,398.95,24,slow
3265,21,2023-07-29 21:53:02,99.43,14.86,3.19,379.446,25,slow
3266,1,2024-02-24 20:56:02,96.16,60.26,12.24,342.606,50,rapid
3267,8,2024-12-22 03:57:36,93.25,77.18,38.71,343.985,88,fast
3268,38,2023-05-30 05:05:52,98.71,54.72,28.47,385.918,8,fast
3269,23,2023-01-13 23:52:25,98.86,61.55,18.63,366.586,0,rapid
3270,21,2024-11-27 17:26:01,94.4,68.08,43.29,388.245,54,fast
3271,3,2024-10-19 08:37:25,94.04,55.21,-6.62,384.222,84,fast
3272,36,2023-07-02 20:25:44,97.26,14.88,-4.62,382.068,13,slow
3273,12,2023-12-22 13:41:16,98.05,14.76,40.15,354.193,44,fast
3274,2,2023-07-06 15:18:48,97.44,48.5,3.46,383.515,13,slow
3275,7,2023-04-06 17:02:27,100.61,56.76,24.54,406.706,10,fast
3276,25,2023-01-21 10:23:25,98.5,26.88,6.85,386.369,1,fast
3277,27,2024-11-04 08:10:06,95.03,21.19,10.68,344.309,75,fast
3278,29,2023-05-28 17:09:41,99.07,61.75,4.35,366.914,10,fast
3279,12,2024-09-17 14:38:16,94.4,99.0,1.64,395.845,66,rapid
3280,3,2024-03-07 07:48:34,96.77,71.38,44.92,357.352,39,slow
3281,47,2024-12-12 01:21:03,93.18,76.67,33.04,384.722,82,rapid
3282,7,2024-10-29 02:24:48,96.8,46.27,32.62,376.231,33,fast
3283,25,2023-11-30 21:19:55,100.07,84.06,41.6,374.683,17,rapid
3284,14,2023-06-24 21:13:19,98.48,15.94,-0.1,351.222,12,rapid
3285,3,2023-03-25 22:47:32,99.37,27.93,22.78,362.352,10,rapid
3286,39,2024-02-09 19:13:58,97.0,69.08,18.34,362.55,40,slow
3287,32,2023-05-19 04:58:09,98.67,83.72,8.49,358.574,17,rapid
3288,19,2024-03-19 13:17:06,97.46,87.88,-8.06,354.599,30,slow
3289,1,2023-03-28 17:20:06,99.95,58.23,39.79,371.892,10,fast
3290,15,2024-01-30 04:23:46,98.37,72.07,9.99,343.946,22,rapid
3291,6,2024-10-03 03:24:57,93.29,93.25,41.46,347.335,40,fast
3292,9,2023-08-18 19:02:00,99.92,47.07,16.26,396.511,27,rapid
3293,50,2024-06-26 23:36:34,97.58,66.85,-0.17,409.358,67,rapid
3294,7,2023-06-07 14:16:39,98.48,69.07,16.21,407.582,20,rapid
3295,23,2023-11-11 06:01:39,99.2,77.01,-5.04,379.067,30,slow
3296,1,2023-10-09 17:59:45,96.77,49.76,44.53,372.807,23,slow
3297,32,2023-06-03 17:18:23,98.21,59.8,-5.92,344.842,17,slow
3298,2,2023-05-11 21:00:18,98.55,12.0,33.46,404.288,11,fast
3299,2,2023-10-30 05:40:04,96.52,70.28,10.37,400.709,28,fast
3300,20,2023-03-28 08:33:13,99.69,75.87,7.09,362.963,4,rapid
3301,12,2024-09-05 02:08:08,95.54,23.37,43.98,389.759,33,rapid
3302,19,2024-10-30 00:27:58,99.16,75.13,36.71,393.72,44,fast
3303,8,2023-12-06 04:04:37,101.05,78.35,26.76,380.298,38,rapid
3304,39,2024-05-14 17:07:16,96.75,23.75,38.02,395.196,53,slow
3305,29,2024-11-14 09:03:48,94.22,92.38,8.93,387.243,47,slow
3306,13,2024-11-23 20:16:22,97.0,93.01,16.21,357.743,87,slow
3307,46,2023-08-01 18:40:01,97.04,77.45,17.29,363.373,18,rapid
3308,15,2023-08-04 16:32:56,99.52,37.52,35.44,410.318,25,fast
3309,25,2023-07-22 15:19:16,100.45,61.09,3.72,346.646,11,fast
3310,9,2024-10-12 11:17:21,97.94,16.66,37.51,382.491,51,rapid
3311,23,2024-12-29 07:22:11,94.36,81.8,30.05,382.142,59,rapid
3312,43,2024-03-05 06:18:13,95.48,30.9,3.04,369.715,24,rapid
3313,38,2023-09-13 06:59:55,97.2,61.78,33.76,368.928,13,slow
3314,31,2023-11-09 08:13:05,96.41,19.24,35.02,405.604,41,rapid
3315,14,2024-10-07 04:19:41,99.08,26.92,18.11,363.403,47,slow
3316,29,2023-10-06 03:23:35,97.89,34.81,8.88,361.911,33,fast
3317,42,2023-04-06 02:40:09,101.31,78.19,0.66,345.375,7,fast
3318,33,2023-12-20 20:12:42,97.03,50.38,-5.03,406.748,39,slow
3319,27,2023-10-31 16:34:53,95.4,40.22,27.01,347.437,26,rapid
3320,25,2023-07-14 14:38:51,99.5,79.15,13.88,411.251,17,slow
3321,20,2024-12-29 19:08:03,94.11,25.62,27.14,388.586,96,rapid
3322,19,2023-09-14 19:30:46,100.54,18.89,12.3,404.468,14,fast
3323,19,2024-11-13 13:38:15,94.14,40.01,37.06,342.232,52,slow
3324,34,2024-07-25 10:23:44,95.07,11.22,26.47,361.857,36,fast
3325,49,2024-04-23 08:32:43,96.06,13.36,24.62,377.043,45,rapid
3326,28,2023-09-13 15:38:47,97.04,72.59,2.44,348.424,31,slow
3327,43,2024-12-18 02:03:48,95.5,50.29,4.35,386.764,76,fast
3328,32,2023-02-22 07:19:12,99.73,38.85,15.97,394.041,4,fast
3329,28,2024-01-18 08:25:20,97.51,75.83,20.27,341.85,49,fast
3330,10,2024-05-23 13:19:47,96.82,52.13,6.44,344.828,62,fast
3331,19,2024-12-26 03:10:33,95.39,45.91,33.18,384.605,41,rapid
3332,36,2024-05-12 21:34:32,100.1,44.25,33.09,407.801,65,rapid
3333,32,2023-06-05 02:48:26,97.93,38.83,28.37,389.185,12,fast
3334,29,2023-10-18 21:19:29,98.24,19.01,42.37,385.708,21,slow
3335,13,2023-03-14 21:40:11,97.62,35.85,0.14,370.798,4,rapid
3336,50,2024-06-05 04:40:15,97.21,65.68,15.4,417.251,61,rapid
3337,41,2024-04-20 03:45:42,96.12,48.02,43.84,367.811,48,slow
3338,47,2023-07-30 10:03:07,97.99,94.77,-0.42,381.534,18,rapid
3339,40,2024-06-09 18:18:25,93.71,91.2,30.18,371.397,62,fast
3340,1,2024-03-21 16:18:27,97.0,72.92,0.12,413.086,27,rapid
3341,11,2023-04-27 23:47:05,97.68,73.99,1.17,374.067,6,slow
3342,47,2024-03-15 03:55:01,97.48,42.37,-0.03,375.591,38,slow
3343,3,2023-12-02 22:12:25,98.54,62.37,-9.18,415.049,30,slow
3344,16,2023-12-21 19:39:00,97.47,31.76,32.64,369.959,40,rapid
3345,4,2024-01-29 11:55:46,96.77,46.06,35.13,385.093,36,fast
3346,4,2023-08-05 03:15:49,97.93,72.02,16.85,386.707,13,rapid
3347,40,2024-08-17 01:53:19,98.02,91.69,37.9,356.978,64,rapid
3348,50,2024-12-30 14:47:51,97.62,34.25,40.07,351.693,46,rapid
3349,34,2024-12-28 23:10:54,95.71,62.05,20.94,409.21,65,rapid
3350,29,2024-01-05 18:58:57,101.59,16.22,26.72,411.471,27,slow
3351,18,2023-08-09 07:30:09,96.51,65.86,1.94,351.415,11,slow
3352,26,2024-01-02 10:04:31,96.5,33.76,-8.06,387.094,48,fast
3353,50,2024-06-01 17:01:50,95.62,63.03,1.84,395.346,47,slow
3354,35,2023-02-17 02:25:44,99.59,35.07,-8.39,376.554,3,rapid
3355,36,2024-05-13 19:08:56,96.75,99.17,8.99,403.187,57,slow
3356,32,2024-05-09 17:32:28,96.94,89.94,19.95,396.785,46,rapid
3357,7,2024-04-07 01:59:24,95.74,73.11,6.44,392.439,33,slow
3358,11,2023-05-28 13:04:34,98.1,58.35,43.38,360.317,17,slow
3359,20,2023-11-13 13:31:46,100.61,99.67,30.6,402.55,23,fast
3360,24,2024-09-24 23:51:20,93.89,59.04,34.06,413.166,82,fast
3361,28,2024-09-08 10:37:40,97.06,17.51,13.81,343.024,35,rapid
3362,18,2024-06-30 16:49:01,94.34,20.32,20.5,348.098,45,fast
3363,26,2023-05-19 17:20:24,96.53,45.98,25.71,397.63,11,slow
3364,6,2023-10-20 13:15:13,97.6,52.21,30.21,352.518,23,slow
3365,20,2023-02-22 15:12:50,99.09,33.12,0.01,368.584,6,fast
3366,1,2024-05-31 01:30:22,97.36,49.2,19.21,371.246,32,rapid
3367,26,2024-08-01 17:25:54,97.05,34.94,44.95,376.636,66,fast
3368,44,2023-06-12 01:39:10,99.67,87.53,21.32,342.966,20,fast
3369,18,2023-10-30 09:07:47,98.51,35.92,9.46,345.864,30,rapid
3370,28,2024-06-11 23:29:16,95.78,35.34,-1.85,390.156,37,slow
3371,7,2023-08-05 06:22:03,100.2,87.71,43.11,393.085,25,rapid
3372,9,2024-10-03 11:37:13,96.76,54.52,0.54,404.992,77,fast
3373,12,2023-12-26 01:47:40,98.56,22.87,16.92,373.287,44,rapid
3374,43,2024-03-17 20:54:00,99.75,84.79,7.3,375.608,51,slow
3375,27,2024-07-16 14:05:46,94.59,86.52,39.81,396.466,44,slow
3376,17,2023-04-02 00:47:09,99.46,67.35,33.27,411.712,9,fast
3377,28,2023-08-28 00:47:54,99.63,17.15,17.53,407.255,14,slow
3378,25,2023-06-11 01:15:33,98.37,94.06,17.17,390.933,16,fast
3379,40,2023-08-01 04:32:25,98.86,42.04,5.42,392.794,19,fast
3380,29,2024-09-16 19:16:18,95.92,61.75,-4.9,364.217,57,fast
3381,38,2024-08-16 17:35:33,94.25,11.09,-0.87,402.3,37,fast
3382,45,2023-07-18 17:26:00,99.16,27.96,-2.53,394.367,21,fast
3383,45,2024-05-07 23:29:59,98.08,11.47,21.47,355.332,63,slow
3384,4,2023-09-17 16:45:56,97.26,19.02,24.0,384.844,22,slow
3385,49,2023-08-16 10:41:57,97.38,17.7,39.87,378.502,18,rapid
3386,30,2024-03-23 21:40:15,95.8,13.27,15.24,383.113,50,slow
3387,2,2024-02-26 16:50:02,100.11,63.13,-6.76,414.661,28,fast
3388,18,2024-12-02 07:00:53,91.12,20.1,40.09,418.169,37,rapid
3389,45,2024-04-16 22:44:32,94.9,71.96,-7.6,394.212,36,fast
3390,1,2023-05-29 12:17:24,97.09,18.97,33.56,395.85,8,fast
3391,37,2023-10-05 02:58:13,97.09,61.35,-0.49,361.439,27,fast
3392,8,2023-12-03 14:41:47,99.36,39.04,34.09,370.326,18,rapid
3393,6,2023-03-26 19:09:54,99.29,59.31,26.88,352.092,6,rapid
3394,13,2023-11-05 06:58:24,99.5,35.83,43.64,395.633,31,fast
3395,38,2023-05-02 05:10:47,99.45,38.04,37.26,383.634,14,slow
3396,19,2024-11-28 02:46:12,93.84,59.77,42.27,370.351,41,slow
3397,31,2023-01-12 05:59:22,100.84,78.76,4.16,343.326,0,fast
3398,41,2024-03-29 15:16:48,95.79,93.42,2.3,355.907,26,slow
3399,13,2024-09-15 22:53:16,93.87,90.78,0.16,355.83,67,fast
3400,25,2024-06-25 11:36:23,99.41,84.53,-3.88,356.106,58,fast
3401,12,2023-03-02 19:02:40,101.74,33.21,31.97,340.177,7,fast
3402,27,2024-07-19 07:52:12,99.06,21.8,8.88,418.831,41,rapid
3403,19,2023-07-20 05:29:34,99.05,48.31,-6.61,378.363,18,slow
3404,44,2023-05-27 16:29:07,98.15,29.0,28.17,416.174,18,fast
3405,5,2024-11-07 13:07:44,95.56,10.29,26.48,370.922,63,fast
3406,21,2023-07-22 15:42:57,98.48,31.49,13.42,399.683,25,fast
3407,6,2023-04-20 10:28:07,98.58,56.91,23.54,413.801,5,slow
3408,3,2024-06-29 14:28:30,95.51,15.57,37.62,385.25,70,rapid
3409,34,2023-09-01 16:53:21,98.29,46.34,0.66,413.021,16,rapid
3410,48,2023-11-11 02:27:39,98.34,72.09,11.81,356.341,30,fast
3411,20,2024-01-16 02:50:25,98.98,35.86,36.62,368.687,45,rapid
3412,13,2024-11-26 14:24:16,95.37,61.3,-1.13,375.595,44,rapid
3413,50,2023-04-26 19:19:13,100.09,79.16,38.64,369.436,11,fast
3414,1,2023-08-17 06:13:10,99.4,59.97,15.56,364.402,20,slow
3415,25,2023-08-06 22:24:28,98.24,57.03,41.38,389.432,21,slow
3416,18,2024-11-02 21:41:45,93.55,93.67,2.75,366.009,36,rapid
3417,34,2023-08-31 13:10:44,99.97,30.06,35.58,414.911,24,slow
3418,26,2024-06-27 14:47:59,98.39,48.0,19.85,351.809,55,rapid
3419,9,2024-03-30 14:15:29,96.13,71.87,15.89,368.39,32,fast
3420,27,2024-07-10 14:50:22,96.4,82.51,37.3,393.101,57,rapid
3421,27,2024-01-27 18:30:28,97.35,52.73,35.45,410.164,49,slow
3422,41,2023-05-18 03:44:03,98.12,47.1,7.72,412.754,12,slow
3423,30,2024-01-20 20:12:12,98.5,17.26,24.87,389.898,37,slow
3424,47,2023-06-26 13:21:44,99.86,37.92,14.5,352.863,10,rapid
3425,33,2023-08-09 02:08:33,96.34,81.76,14.6,395.754,21,slow
3426,6,2024-06-15 03:46:52,95.67,43.93,15.95,351.453,49,rapid
3427,9,2024-06-14 06:28:41,95.93,76.0,42.4,417.831,54,rapid
3428,2,2023-07-25 13:06:29,98.04,65.06,-4.97,354.061,19,rapid
3429,37,2023-10-17 09:15:30,97.36,99.22,39.65,400.143,29,fast
3430,29,2024-12-23 03:24:09,94.61,48.13,29.93,358.333,56,rapid
3431,14,2024-08-31 14:33:44,93.73,73.82,0.61,376.252,36,rapid
3432,11,2023-10-09 18:35:18,98.86,80.75,0.19,398.618,17,slow
3433,24,2024-02-04 12:46:46,98.25,65.54,26.22,418.921,40,fast
3434,6,2024-04-28 11:14:49,94.12,99.61,27.52,374.604,31,fast
3435,24,2023-04-27 09:13:04,100.2,51.93,2.81,401.231,11,rapid
3436,43,2024-04-30 02:48:50,95.84,56.57,7.29,414.472,30,slow
3437,39,2023-05-02 01:26:31,99.36,42.85,22.19,384.109,9,fast
3438,21,2024-10-16 00:59:17,96.55,24.2,-7.91,363.554,85,rapid
3439,29,2024-12-25 23:16:47,96.34,19.96,23.02,392.548,89,rapid
3440,26,2023-12-14 22:03:56,100.03,68.68,27.19,394.945,30,rapid
3441,28,2024-08-02 17:24:13,97.22,16.68,-5.3,418.006,64,fast
3442,31,2024-09-09 10:06:04,96.09,21.93,38.61,391.93,36,fast
3443,9,2023-02-24 19:28:10,100.02,85.4,4.85,384.6,4,fast
3444,19,2024-09-26 06:06:23,97.13,31.31,-9.1,373.105,44,rapid
3445,28,2024-06-02 17:09:55,94.86,50.95,-3.59,376.51,66,fast
3446,2,2023-09-17 04:11:27,97.74,78.84,19.23,384.134,20,fast
3447,12,2023-05-25 18:32:20,99.67,21.08,-1.37,361.812,12,slow
3448,16,2024-11-12 15:35:05,97.16,10.0,10.55,384.87,79,slow
3449,34,2023-12-17 06:39:50,98.73,17.78,22.35,393.722,37,fast
3450,17,2023-09-21 01:44:24,98.67,96.76,-8.88,378.139,22,rapid
3451,17,2023-02-09 02:43:28,100.18,16.46,-0.45,365.628,4,fast
3452,7,2023-03-17 07:33:07,100.96,86.18,24.43,354.591,9,rapid
3453,2,2024-09-06 10:52:01,99.08,75.45,-7.04,368.953,33,slow
3454,2,2024-11-25 05:34:53,94.63,68.69,2.56,368.06,41,fast
3455,41,2024-04-26 23:07:50,98.06,41.71,-2.99,410.796,63,slow
3456,17,2023-09-12 07:29:30,99.49,14.93,34.81,385.18,13,fast
3457,5,2024-12-03 06:48:19,93.78,79.05,11.07,377.403,73,rapid
3458,4,2023-10-26 07:04:02,95.56,48.52,41.13,397.352,16,fast
3459,19,2023-01-22 17:31:47,99.27,59.65,5.15,406.217,2,rapid
3460,19,2024-07-17 05:39:21,96.69,50.89,-8.88,356.171,52,rapid
3461,49,2024-09-26 20:06:34,96.9,76.48,37.53,374.66,50,rapid
3462,23,2023-05-02 09:42:35,98.38,68.6,-5.59,359.852,8,fast
3463,36,2024-10-01 17:45:12,92.85,60.97,38.02,370.774,60,slow
3464,21,2024-05-09 00:41:16,96.54,31.59,1.26,417.05,51,rapid
3465,27,2024-09-03 22:45:03,96.03,93.33,43.31,419.459,44,fast
3466,33,2024-05-03 19:42:32,95.41,49.52,42.84,408.166,60,rapid
3467,24,2024-01-17 20:56:58,98.05,19.34,43.11,359.53,42,fast
3468,42,2024-08-24 07:41:05,94.56,32.95,1.97,377.032,64,fast
3469,22,2023-12-20 01:49:25,97.56,68.59,-6.59,404.452,41,slow
3470,4,2024-01-09 01:42:01,96.74,52.69,38.31,402.747,39,fast
3471,44,2023-01-25 13:23:44,100.07,47.97,36.17,419.883,2,fast
3472,27,2024-10-10 14:57:37,95.69,16.06,18.09,402.807,80,rapid
3473,39,2024-02-24 04:24:15,98.75,57.52,-3.81,343.516,36,rapid
3474,42,2024-05-14 17:58:54,98.01,72.82,3.92,365.274,61,rapid
3475,9,2023-09-29 03:57:22,96.57,91.93,-6.46,394.423,21,slow
3476,1,2024-03-17 09:13:52,95.72,75.38,27.35,350.549,35,rapid
3477,41,2024-12-27 21:40:21,97.72,37.0,13.85,394.435,88,slow
3478,1,2024-02-19 02:01:04,95.34,58.79,18.66,417.91,36,fast
3479,20,2024-08-01 11:02:01,95.44,50.08,-1.19,380.566,44,fast
3480,38,2024-07-17 03:03:19,94.52,17.04,31.55,385.095,44,rapid
3481,36,2023-02-25 19:22:33,99.76,22.88,12.89,413.954,6,slow
3482,38,2024-06-08 11:52:15,95.97,75.0,3.03,416.594,45,slow
3483,7,2023-01-08 06:21:20,99.58,82.96,33.04,418.7,0,rapid
3484,15,2023-06-11 21:16:23,99.91,58.94,-3.71,419.407,17,rapid
3485,19,2024-03-22 07:21:59,98.3,93.05,13.74,408.044,27,rapid
3486,30,2024-08-23 02:01:27,96.51,84.98,40.89,382.913,34,rapid
3487,33,2023-04-23 04:45:02,98.04,49.53,37.04,401.066,5,rapid
3488,50,2024-03-24 21:11:54,96.45,90.28,19.45,390.685,47,slow
3489,17,2023-04-22 22:09:51,100.13,46.57,29.39,372.518,12,slow
3490,24,2024-11-20 19:33:03,98.5,45.31,-8.34,405.496,62,slow
3491,12,2024-03-01 12:21:13,96.42,54.59,-3.01,383.987,34,slow
3492,10,2023-03-31 23:56:41,97.83,85.75,43.39,411.996,7,rapid
3493,25,2024-06-06 00:25:39,96.83,26.32,2.59,353.529,50,slow
3494,42,2024-09-19 14:32:11,97.04,45.73,7.85,394.897,46,slow
3495,41,2024-05-23 05:53:52,95.2,55.56,21.59,414.994,66,rapid
3496,16,2023-04-24 01:19:39,99.85,16.94,35.53,399.249,7,slow
3497,18,2023-08-19 22:51:22,99.92,28.92,42.67,382.559,18,fast
3498,23,2024-08-04 01:04:01,97.89,38.1,-0.74,341.984,66,rapid
3499,50,2024-08-11 13:59:42,94.89,46.43,1.87,373.983,61,rapid
3500,49,2023-10-28 06:31:09,95.4,35.91,-4.76,344.398,16,slow
3501,29,2024-03-31 07:27:08,96.39,33.92,-3.12,350.615,57,fast
3502,44,2023-11-03 12:54:58,99.24,88.49,31.64,342.092,36,fast
3503,27,2024-04-05 23:29:25,95.6,70.0,-4.68,379.832,42,rapid
3504,33,2023-01-10 01:35:56,101.55,22.67,-1.73,344.962,0,slow
3505,49,2024-03-12 02:39:28,96.86,23.64,35.9,373.896,57,fast
3506,29,2023-06-25 07:16:33,98.71,38.36,37.34,395.714,20,slow
3507,6,2024-07-26 07:02:45,95.66,80.98,7.74,361.683,31,fast
3508,45,2023-10-30 01:13:20,98.01,49.3,17.3,407.502,19,slow
3509,10,2023-12-09 15:29:35,100.27,22.76,-4.9,349.807,29,slow
3510,43,2024-03-30 09:53:05,98.36,31.63,28.43,399.73,40,slow
3511,5,2024-08-22 10:58:04,98.23,94.68,15.44,359.716,36,fast
3512,36,2023-03-13 03:32:40,99.96,73.42,1.48,384.351,4,slow
3513,3,2023-08-24 21:24:47,96.14,89.07,43.81,391.348,19,slow
3514,43,2023-09-16 17:32:14,99.22,77.27,30.01,409.062,18,fast
3515,36,2024-09-04 02:49:00,92.99,44.19,40.5,340.265,77,fast
3516,6,2023-01-22 12:42:55,100.28,13.14,43.29,412.911,2,rapid
3517,23,2024-07-31 08:10:16,95.24,57.63,1.15,351.881,62,fast
3518,21,2023-05-30 21:21:23,98.11,99.18,32.55,363.915,7,slow
3519,36,2023-02-25 16:59:28,101.51,96.46,34.8,364.065,6,fast
3520,42,2023-02-28 02:26:33,100.48,15.9,-0.87,392.851,6,fast
3521,7,2024-12-15 14:46:02,95.44,38.04,8.03,397.118,39,slow
3522,42,2024-09-05 18:02:14,95.65,31.61,34.27,383.705,41,slow
3523,44,2023-10-28 01:18:12,98.87,93.78,17.81,375.511,34,rapid
3524,23,2023-12-25 02:57:16,97.68,76.84,15.39,374.853,40,rapid
3525,41,2024-12-13 00:47:15,95.21,87.16,10.35,342.518,43,fast
3526,39,2023-07-31 15:26:57,97.49,27.37,11.19,386.752,22,slow
3527,16,2023-01-19 02:42:43,101.9,32.9,7.56,352.463,2,fast
3528,21,2023-08-14 12:33:56,97.98,65.95,4.06,350.021,20,slow
3529,17,2023-03-12 18:50:40,99.33,23.31,38.45,382.233,6,slow
3530,16,2023-06-13 22:50:02,100.29,93.5,1.75,367.823,9,rapid
3531,15,2023-03-25 19:14:06,100.42,54.34,41.81,395.721,10,fast
3532,31,2024-07-10 21:28:07,96.96,14.87,-0.08,416.106,71,rapid
3533,24,2024-07-17 23:01:50,95.79,83.22,-5.79,381.325,29,rapid
3534,36,2023-06-17 19:17:59,99.28,14.39,16.51,385.598,20,slow
3535,3,2024-04-11 20:57:37,95.31,68.43,-5.46,391.587,45,fast
3536,2,2023-05-06 14:43:31,99.1,78.23,39.69,352.26,12,rapid
3537,43,2024-07-22 18:35:11,95.82,31.26,32.04,413.828,58,rapid
3538,27,2023-05-20 05:12:54,98.28,32.33,41.84,380.439,13,fast
3539,35,2024-02-12 12:20:32,97.35,83.82,13.96,342.896,34,fast
3540,37,2023-02-09 23:35:05,99.39,35.53,4.37,352.681,2,fast
3541,37,2024-02-16 09:17:36,97.31,56.28,-8.45,398.046,47,slow
3542,44,2024-08-23 00:27:41,96.84,89.26,21.72,404.601,75,fast
3543,10,2024-09-10 07:45:15,93.31,33.73,22.06,342.958,46,fast
3544,35,2024-03-23 20:05:08,95.12,86.5,1.39,372.133,46,rapid
3545,49,2023-03-25 16:52:30,100.21,55.85,12.91,381.985,10,fast
3546,4,2024-08-29 00:28:39,97.64,34.41,36.77,411.004,78,fast
3547,16,2023-11-24 07:07:24,97.13,68.67,-0.52,373.327,22,fast
3548,44,2023-12-12 14:16:37,100.47,70.26,-6.06,377.916,45,rapid
3549,25,2023-11-13 21:20:39,96.46,69.39,11.39,381.554,22,rapid
3550,4,2024-02-12 11:35:13,97.01,82.08,29.17,377.648,22,slow
3551,25,2023-04-01 09:06:27,98.04,25.01,1.77,391.237,11,rapid
3552,27,2023-01-09 22:26:31,101.69,41.57,8.41,368.153,0,rapid
3553,24,2023-01-18 18:41:00,100.09,11.67,30.42,382.727,2,fast
3554,35,2024-05-25 21:32:06,95.25,71.1,29.59,345.306,30,fast
3555,21,2023-12-08 11:18:23,98.3,21.7,25.83,403.671,34,rapid
3556,1,2024-05-08 11:16:46,97.8,55.65,26.23,415.447,63,rapid
3557,4,2023-06-21 11:06:20,97.43,78.7,15.58,361.998,14,fast
3558,14,2023-06-01 14:17:42,99.52,10.58,28.88,376.519,11,fast
3559,2,2023-03-27 14:17:06,99.64,27.52,43.57,402.007,10,slow
3560,48,2023-03-11 07:23:30,99.91,52.29,-2.63,394.743,7,rapid
3561,28,2024-06-24 04:52:53,98.58,31.1,4.15,401.055,44,slow
3562,44,2023-02-07 17:43:14,99.85,77.08,36.45,417.377,2,slow
3563,11,2023-06-11 13:59:16,96.98,81.17,36.65,390.157,12,fast
3564,33,2024-06-18 01:32:23,95.83,47.69,43.15,369.742,39,slow
3565,48,2024-06-25 08:58:14,98.87,55.97,15.84,371.943,60,slow
3566,6,2024-08-29 04:54:07,96.04,18.27,21.09,404.842,52,fast
3567,7,2024-03-02 23:37:10,95.33,21.37,-5.62,368.466,53,rapid
3568,7,2024-08-24 15:32:47,98.6,19.9,4.88,353.563,57,slow
3569,30,2023-11-19 07:17:02,97.65,33.68,2.82,375.736,18,rapid
3570,34,2023-11-09 03:50:51,95.87,78.31,7.45,362.406,40,fast
3571,19,2023-09-16 13:22:54,98.92,81.3,0.18,361.13,27,fast
3572,39,2024-12-18 05:03:27,95.22,88.83,25.78,388.006,37,slow
3573,9,2023-07-12 10:46:37,99.55,23.05,-4.09,368.367,24,slow
3574,15,2023-12-07 22:20:23,98.15,71.51,14.85,393.111,43,fast
3575,44,2023-03-21 23:58:43,100.28,58.65,39.7,346.703,6,slow
3576,10,2023-07-09 04:02:44,101.03,77.68,40.63,342.616,13,rapid
3577,30,2023-12-17 21:22:54,98.5,99.42,5.73,407.431,25,slow
3578,1,2024-08-30 22:13:48,94.55,61.91,22.49,381.585,47,fast
3579,46,2023-01-04 13:05:24,101.42,92.25,43.45,394.972,0,rapid
3580,37,2024-07-29 07:09:39,98.05,93.12,27.02,355.575,59,slow
3581,50,2024-06-30 21:11:56,96.29,13.74,36.76,378.952,58,rapid
3582,39,2024-05-03 11:43:26,97.73,11.47,26.24,398.314,45,slow
3583,45,2023-07-08 23:42:07,98.37,78.14,12.21,350.424,9,rapid
3584,13,2023-03-05 11:45:17,99.86,81.12,-1.76,417.348,5,fast
3585,31,2023-08-11 01:43:07,97.04,89.66,30.01,407.173,13,rapid
3586,48,2023-09-13 11:52:41,99.57,37.46,11.01,398.927,31,rapid
3587,19,2024-01-25 00:32:19,95.42,77.68,39.2,386.25,27,fast
3588,12,2023-01-06 17:33:39,101.54,57.99,21.37,351.937,0,slow
3589,43,2023-12-18 16:05:34,96.11,25.8,28.93,355.402,32,rapid
3590,4,2024-09-04 18:59:55,96.99,91.93,15.37,413.508,64,rapid
3591,11,2024-02-20 21:19:27,97.16,76.44,21.45,388.554,35,fast
3592,15,2024-02-15 19:29:45,96.51,40.3,24.5,365.187,52,slow
3593,10,2023-01-10 06:03:46,98.25,81.71,27.38,390.674,0,fast
3594,1,2023-05-18 17:25:37,97.7,23.51,17.28,342.837,8,rapid
3595,6,2023-07-03 22:26:39,98.52,58.1,38.84,344.765,17,slow
3596,40,2024-06-17 21:45:43,97.42,98.7,-1.84,405.677,51,fast
3597,21,2023-10-12 10:48:48,99.43,80.2,37.65,340.589,30,rapid
3598,34,2023-04-14 14:30:24,99.67,82.11,6.49,394.513,11,slow
3599,15,2023-01-31 16:36:46,99.76,43.39,26.11,378.871,2,rapid
3600,13,2023-11-13 13:18:07,98.42,82.88,38.47,361.931,18,slow
3601,8,2024-01-31 13:21:35,98.09,70.36,37.79,399.596,38,slow
3602,5,2023-01-20 19:31:49,99.49,26.1,38.29,352.646,2,slow
3603,14,2024-03-18 00:34:39,97.77,58.62,40.96,406.988,55,fast
3604,12,2024-01-20 09:47:08,100.2,13.26,-2.44,397.058,44,rapid
3605,6,2023-11-01 21:54:47,95.67,63.97,36.59,367.157,32,slow
3606,1,2023-09-13 06:00:42,97.57,55.22,6.34,392.988,16,rapid
3607,35,2023-03-10 23:23:17,97.59,67.23,36.24,396.936,6,fast
3608,45,2024-07-02 15:33:49,98.55,87.24,15.76,388.511,51,slow
3609,32,2023-11-12 18:57:59,99.13,68.99,36.84,400.103,18,fast
3610,14,2024-07-22 06:19:45,98.83,49.15,14.52,344.148,60,slow
3611,1,2024-12-30 09:04:17,93.96,83.23,18.7,405.211,61,rapid
3612,23,2023-10-23 11:53:50,94.52,68.29,-8.37,342.051,28,rapid
3613,12,2024-07-02 00:09:28,97.24,68.33,26.76,417.86,55,slow
3614,24,2024-05-10 14:49:20,95.55,21.36,30.88,391.013,40,fast
3615,45,2024-07-21 09:07:43,96.78,48.31,42.04,345.739,74,fast
3616,40,2023-08-30 08:02:35,99.92,73.46,-4.67,341.739,31,fast
3617,9,2023-09-07 11:08:44,97.83,37.85,24.66,376.369,13,rapid
3618,13,2023-01-13 16:42:11,98.27,48.28,20.15,377.809,1,fast
3619,8,2024-03-22 02:54:29,97.65,70.5,38.92,405.539,27,rapid
3620,23,2023-08-13 09:44:39,99.33,11.26,12.18,347.386,27,rapid
3621,43,2023-07-18 14:09:22,98.1,48.86,25.89,353.277,23,fast
3622,34,2023-03-31 08:13:16,99.01,11.61,-9.28,366.586,9,rapid
3623,35,2023-05-25 08:09:04,99.62,52.64,-8.04,393.099,12,rapid
3624,50,2023-12-25 02:22:26,97.44,85.91,-1.99,349.908,29,rapid
3625,7,2023-09-01 14:14:27,97.43,42.34,0.56,363.82,16,rapid
3626,41,2023-04-18 10:25:27,96.9,50.83,18.04,355.778,6,rapid
3627,12,2024-12-07 12:21:49,93.16,23.75,25.35,372.008,55,rapid
3628,1,2023-05-27 21:22:25,98.98,14.66,19.54,368.653,11,rapid
3629,24,2023-03-03 08:11:07,100.32,31.93,23.31,367.654,3,fast
3630,49,2024-07-03 16:50:22,94.38,67.28,6.54,409.635,72,rapid
3631,47,2024-11-20 13:19:18,94.05,43.48,7.61,361.63,69,slow
3632,49,2024-02-13 18:59:53,98.25,85.12,34.34,411.102,39,fast
3633,38,2023-08-17 07:04:05,97.33,56.23,-2.26,390.85,17,rapid
3634,30,2024-11-09 05:28:20,96.75,49.45,42.9,412.028,67,fast
3635,48,2023-06-20 12:43:34,99.78,84.12,8.76,385.406,19,fast
3636,29,2024-02-17 19:08:01,94.89,44.19,5.68,410.527,27,rapid
3637,11,2024-01-29 05:01:35,93.74,99.02,29.59,385.095,24,slow
3638,11,2023-03-23 07:49:14,98.32,91.89,22.51,410.04,6,slow
3639,7,2023-03-06 20:55:43,98.85,90.81,10.29,357.821,6,slow
3640,1,2023-02-07 13:32:46,100.24,36.59,27.36,355.469,2,slow
3641,6,2023-09-28 14:47:17,98.7,90.6,10.08,418.675,20,fast
3642,37,2023-08-10 22:06:20,96.95,33.82,11.44,398.232,19,slow
3643,22,2024-04-25 19:31:15,94.62,74.97,35.87,370.648,29,fast
3644,30,2023-07-23 12:57:18,97.44,69.11,-3.26,405.538,17,fast
3645,27,2024-06-17 23:21:19,97.27,37.89,11.86,359.489,42,rapid
3646,26,2023-03-30 23:34:24,98.42,17.58,13.23,405.888,7,fast
3647,39,2023-06-25 03:08:26,97.9,62.62,12.37,352.345,13,slow
3648,28,2024-04-11 12:04:34,95.75,55.29,7.36,367.573,30,rapid
3649,14,2024-01-21 17:58:03,97.41,36.07,17.49,357.265,41,fast
3650,48,2023-02-13 08:10:54,98.76,96.0,42.18,415.448,3,rapid
3651,3,2023-10-13 14:17:49,98.66,28.44,41.2,407.168,32,slow
3652,28,2024-06-06 07:44:11,96.59,69.69,9.94,364.748,57,rapid
3653,41,2024-12-08 09:53:41,95.33,56.01,7.15,364.121,81,fast
3654,25,2023-01-05 19:56:10,100.68,70.16,10.4,376.145,0,fast
3655,2,2023-06-08 05:28:59,98.1,25.21,5.57,382.988,13,slow
3656,10,2024-01-23 20:05:22,98.93,65.95,24.51,346.975,26,fast
3657,48,2023-09-19 11:13:06,98.06,64.67,10.78,394.421,31,fast
3658,11,2024-01-22 16:45:33,96.61,78.2,40.99,393.302,32,rapid
3659,29,2023-11-17 02:43:13,98.86,47.01,28.11,399.465,41,rapid
3660,8,2023-11-20 15:22:11,96.83,90.81,-1.32,348.802,35,rapid
3661,9,2024-09-27 02:47:57,96.21,32.97,41.01,398.16,40,rapid
3662,17,2024-04-06 21:13:50,96.45,50.99,4.9,397.423,30,slow
3663,20,2024-09-13 06:51:49,94.58,91.44,8.71,391.625,57,slow
3664,36,2023-07-09 17:16:38,98.53,67.4,-9.07,419.592,12,slow
3665,48,2023-03-31 23:58:09,99.26,10.85,0.63,359.876,11,rapid
3666,3,2024-02-18 20:01:02,99.1,17.8,19.46,383.447,33,fast
3667,37,2023-11-09 16:56:48,98.02,95.52,10.02,399.299,17,slow
3668,13,2023-01-11 10:47:21,98.61,84.82,22.36,409.976,0,slow
3669,36,2024-06-22 00:54:43,95.09,82.62,32.34,347.814,44,fast
3670,26,2024-05-08 22:33:40,96.11,70.78,1.07,340.286,32,fast
3671,34,2023-09-29 10:10:05,98.35,82.81,33.01,414.671,20,rapid
3672,2,2024-02-05 00:04:44,97.34,10.55,36.48,378.278,28,rapid
3673,38,2024-02-11 01:22:49,97.95,99.51,33.01,407.968,26,rapid
3674,16,2024-01-25 16:17:07,97.39,84.41,19.62,387.87,24,rapid
3675,45,2023-06-28 14:23:44,99.39,33.68,4.78,402.995,16,rapid
3676,50,2024-04-24 17:08:24,96.37,87.36,14.07,404.989,49,slow
3677,38,2024-08-02 21:47:05,95.49,34.95,9.39,394.365,59,slow
3678,19,2023-10-13 15:37:48,97.37,46.17,2.56,357.141,22,slow
3679,34,2024-12-12 22:48:29,96.87,62.68,2.57,347.141,62,slow
3680,49,2024-12-20 05:43:45,95.64,88.5,35.9,371.68,73,fast
3681,37,2024-08-16 11:27:06,97.05,66.94,-6.7,349.159,63,rapid
3682,16,2023-07-30 01:54:52,98.49,99.56,13.56,388.753,14,fast
3683,26,2023-05-24 01:31:02,99.27,31.54,42.73,347.075,16,slow
3684,21,2024-01-14 13:53:30,96.13,21.59,-6.21,391.195,32,fast
3685,33,2023-05-26 05:02:28,99.51,70.02,18.11,342.658,19,fast
3686,26,2023-08-29 12:27:30,97.76,39.46,31.99,411.252,25,slow
3687,31,2023-11-06 08:50:45,97.99,11.35,42.81,386.172,16,rapid
3688,28,2023-12-28 01:47:01,99.15,30.5,40.06,418.712,35,slow
3689,18,2023-10-10 16:57:17,95.22,46.58,27.01,415.218,22,rapid
3690,42,2024-10-13 15:40:23,96.91,32.13,-8.96,394.312,36,rapid
3691,44,2023-03-03 03:46:30,99.73,26.18,-8.82,411.236,5,fast
3692,33,2023-08-08 21:55:59,99.26,99.85,-7.84,346.908,21,slow
3693,13,2023-09-24 03:20:22,99.19,21.51,12.02,380.61,26,rapid
3694,34,2024-08-02 07:12:23,98.82,22.3,39.1,384.358,68,slow
3695,41,2023-03-01 14:52:12,100.81,30.05,-1.2,405.066,7,slow
3696,41,2023-10-21 04:31:39,98.26,41.16,14.84,355.525,34,rapid
3697,17,2023-10-28 08:55:43,97.22,93.89,11.96,350.296,20,slow
3698,48,2024-01-15 05:39:53,98.73,11.32,39.53,416.587,44,fast
3699,28,2024-10-21 10:29:03,93.37,11.52,18.5,353.366,69,slow
3700,19,2023-07-26 08:04:06,96.61,78.09,32.94,360.297,19,fast
3701,41,2024-02-02 14:02:22,98.01,18.77,21.98,358.672,37,fast
3702,50,2023-08-07 15:29:30,98.18,50.97,34.06,391.891,15,rapid
3703,38,2024-02-01 22:37:08,97.2,84.7,35.24,412.827,20,rapid
3704,30,2023-10-13 12:48:23,98.39,94.57,44.99,358.347,30,rapid
3705,36,2024-11-07 07:54:52,97.33,95.95,33.09,416.549,82,rapid
3706,17,2023-05-21 21:07:08,97.89,63.1,3.18,418.428,15,fast
3707,19,2024-07-26 03:15:50,96.33,90.12,6.49,355.766,64,rapid
3708,42,2023-01-07 10:28:31,100.17,43.04,41.14,372.879,0,rapid
3709,6,2024-12-27 20:50:40,93.65,33.19,34.81,414.684,63,rapid
3710,36,2023-02-18 00:26:30,98.96,71.67,28.64,360.03,5,rapid
3711,11,2023-10-15 21:10:16,96.82,35.83,-9.63,375.851,22,slow
3712,7,2024-05-20 12:12:48,97.06,28.22,32.61,343.179,47,fast
3713,25,2024-08-18 01:54:13,95.38,82.26,-6.4,414.672,71,fast
3714,21,2024-07-23 12:07:45,97.73,33.41,26.41,412.029,60,fast
3715,50,2024-06-04 22:26:21,94.79,27.46,-2.87,412.348,62,fast
3716,14,2024-12-24 19:45:24,92.95,26.22,32.23,412.595,80,rapid
3717,32,2024-02-26 15:09:57,96.91,53.25,11.1,371.287,52,fast
3718,50,2023-01-22 20:11:45,99.28,23.07,-4.69,391.07,2,fast
3719,21,2024-03-12 07:14:47,97.8,65.01,42.61,408.613,32,fast
3720,45,2024-07-05 20:25:23,97.17,71.05,-6.35,387.547,51,rapid
3721,11,2024-01-09 11:49:05,95.26,92.6,35.76,387.085,20,slow
3722,15,2024-01-12 16:31:06,99.1,43.63,13.03,417.965,24,rapid
3723,39,2024-01-31 19:29:09,101.61,23.71,16.99,416.822,23,slow
3724,45,2024-12-07 16:02:38,93.03,93.07,42.8,399.475,77,slow
3725,28,2023-04-15 01:29:46,100.69,85.55,36.55,375.698,5,fast
3726,5,2023-04-03 10:31:54,98.48,91.64,14.3,377.257,5,slow
3727,8,2024-06-18 07:03:55,95.9,63.45,12.09,392.055,66,rapid
3728,49,2023-11-03 08:42:02,97.4,20.02,18.52,385.899,29,rapid
3729,15,2024-06-17 01:22:41,95.34,71.58,-7.98,350.448,55,slow
3730,43,2024-02-03 08:06:29,98.67,30.22,26.39,411.805,37,rapid
3731,30,2023-08-08 02:34:42,98.01,15.47,41.0,401.849,25,rapid
3732,19,2023-05-04 14:47:22,97.5,36.96,31.87,390.282,15,slow
3733,33,2024-01-20 18:13:09,98.62,50.61,2.51,381.658,32,rapid
3734,5,2023-08-31 05:50:24,97.45,99.93,1.69,387.335,14,fast
3735,6,2024-10-31 08:40:51,92.68,53.96,0.35,353.856,55,fast
3736,4,2024-02-09 05:53:36,96.4,67.21,7.06,384.963,52,slow
3737,2,2024-02-09 14:33:52,97.65,64.92,-4.0,416.363,23,fast
3738,43,2024-01-29 16:13:40,98.27,93.33,28.76,396.922,46,slow
3739,37,2023-12-03 11:45:14,97.83,38.18,27.12,380.842,17,slow
3740,37,2023-02-07 00:32:08,98.25,99.05,13.47,400.227,2,slow
3741,41,2024-05-30 21:53:16,94.94,23.82,5.97,376.889,60,rapid
3742,10,2024-07-15 16:47:12,95.1,13.43,13.03,368.026,45,fast
3743,42,2024-12-23 07:26:42,94.46,27.07,43.42,375.188,40,slow
3744,37,2024-12-04 15:18:08,93.69,95.54,10.61,397.269,56,fast
3745,15,2024-12-06 15:36:36,96.85,98.5,32.64,376.249,50,slow
3746,30,2023-03-14 05:48:55,99.58,52.8,32.38,407.41,7,rapid
3747,23,2024-10-25 02:29:12,94.53,71.93,29.48,377.795,78,slow
3748,33,2024-03-11 03:40:43,98.22,39.61,33.82,400.904,34,rapid
3749,8,2024-02-15 11:38:23,97.57,28.48,18.51,344.562,42,slow
3750,37,2023-10-10 18:25:15,97.85,41.02,12.13,406.321,18,slow
3751,1,2023-02-07 22:41:49,99.73,80.61,33.39,400.399,1,rapid
3752,22,2024-11-26 17:56:12,94.52,40.53,22.54,404.798,45,fast
3753,1,2024-11-21 07:42:58,97.25,15.69,44.07,373.842,46,slow
3754,4,2023-04-21 02:01:50,97.88,51.39,6.14,357.379,12,rapid
3755,13,2023-12-13 12:23:49,98.48,19.96,37.72,362.005,17,slow
3756,10,2023-11-02 20:25:30,96.6,77.28,38.58,412.314,33,slow
3757,40,2023-04-11 01:14:54,101.2,44.9,-7.13,347.513,13,fast
3758,10,2024-11-05 16:10:52,98.41,74.38,35.06,374.971,35,rapid
3759,38,2024-01-24 18:26:42,96.88,17.3,-9.02,349.574,32,rapid
3760,35,2023-09-14 03:56:40,97.95,63.09,0.55,367.932,23,rapid
3761,28,2023-07-13 21:22:42,98.1,57.25,18.78,396.009,24,fast
3762,22,2024-06-16 11:23:24,96.56,21.21,18.64,382.702,58,slow
3763,37,2023-04-04 13:15:09,98.19,59.83,-1.32,400.983,9,rapid
3764,45,2024-10-16 10:03:30,94.46,37.56,32.71,410.542,58,fast
3765,21,2023-08-10 20:13:48,95.82,72.03,16.75,368.151,14,slow
3766,13,2023-11-24 00:18:15,96.38,65.76,34.68,342.737,39,rapid
3767,42,2023-08-21 12:41:20,97.56,19.46,27.95,409.196,20,rapid
3768,30,2024-02-04 09:35:38,97.42,54.62,9.59,356.298,32,slow
3769,1,2023-08-03 08:09:59,96.51,37.34,17.4,362.557,19,fast
3770,15,2023-12-28 23:33:18,98.78,28.69,39.65,407.918,38,fast
3771,13,2023-12-17 07:34:30,98.99,52.87,42.28,353.074,22,rapid
3772,21,2024-12-27 18:44:20,96.03,68.43,25.04,359.371,72,slow
3773,4,2024-03-26 08:05:44,97.64,82.59,10.56,409.091,50,slow
3774,9,2024-04-12 04:50:32,96.21,11.52,40.75,368.371,43,rapid
3775,39,2024-01-02 17:49:31,99.44,16.89,44.45,379.526,35,fast
3776,32,2024-03-08 10:11:28,95.92,48.56,2.24,379.222,43,fast
3777,26,2023-02-23 18:48:07,100.06,63.98,3.4,383.662,2,rapid
3778,20,2024-08-26 08:33:03,97.32,35.65,-8.59,343.046,67,rapid
3779,21,2024-09-01 03:20:30,98.72,46.82,-6.66,414.74,51,slow
3780,30,2023-01-09 06:48:58,100.62,16.79,26.12,343.167,1,rapid
3781,7,2024-01-13 01:36:16,95.35,42.7,14.25,384.486,21,fast
3782,48,2023-07-23 13:41:29,99.55,65.37,18.85,377.875,17,rapid
3783,14,2023-02-28 04:20:57,99.69,87.27,7.73,418.962,3,fast
3784,14,2024-08-02 00:36:49,98.06,67.69,19.08,381.564,40,fast
3785,1,2023-02-01 11:34:34,99.78,83.47,20.15,384.115,1,rapid
3786,44,2024-11-20 13:23:11,93.97,93.38,30.17,379.163,39,rapid
3787,35,2024-02-29 17:43:48,96.62,27.4,27.78,367.279,53,fast
3788,36,2023-11-13 00:17:00,95.61,18.47,7.42,384.339,18,slow
3789,1,2023-01-29 18:00:14,101.46,24.77,12.43,372.147,1,rapid
3790,28,2024-01-15 03:04:46,99.89,97.54,3.22,402.42,37,fast
3791,46,2023-03-05 23:37:11,97.55,73.13,28.39,354.204,5,rapid
3792,49,2024-02-01 20:20:21,96.51,25.9,7.16,387.704,41,slow
3793,50,2024-03-10 07:42:26,97.97,90.11,-0.66,374.466,44,rapid
3794,6,2024-06-27 19:51:11,95.14,51.65,21.99,391.627,35,fast
3795,34,2023-06-03 03:58:23,97.84,21.47,-9.05,395.249,9,fast
3796,9,2023-11-27 14:00:32,98.95,16.16,-5.12,391.095,40,slow
3797,2,2024-01-08 22:51:29,100.07,60.53,-6.63,405.98,38,slow
3798,6,2023-04-16 19:03:52,99.77,27.89,32.62,394.58,12,fast
3799,9,2024-10-02 04:30:03,96.5,67.49,8.29,412.633,34,fast
3800,46,2023-02-09 18:58:36,99.36,92.66,-5.6,388.621,4,slow
3801,21,2024-01-27 19:36:29,98.16,17.5,28.16,406.968,47,fast
3802,2,2024-05-30 20:23:33,97.21,19.65,35.45,398.032,40,slow
3803,8,2023-05-10 08:56:28,100.43,39.84,44.37,354.536,11,slow
3804,13,2024-03-15 17:08:42,97.91,53.65,20.67,375.106,43,fast
3805,39,2023-07-06 21:23:50,98.39,18.39,5.17,348.866,11,fast
3806,46,2024-02-22 22:26:37,97.51,99.96,33.32,365.445,35,slow
3807,37,2023-09-29 08:11:50,97.87,75.05,8.66,387.692,31,fast
3808,22,2024-11-11 07:48:03,97.51,47.53,0.17,413.891,60,rapid
3809,48,2023-02-13 11:12:59,99.61,94.72,26.33,364.629,3,rapid
3810,5,2024-11-25 04:10:50,96.96,27.39,30.22,355.316,72,fast
3811,3,2024-05-04 22:06:29,95.91,39.75,20.39,348.029,39,fast
3812,31,2023-03-07 21:58:51,100.65,12.11,36.4,368.868,5,fast
3813,9,2024-12-08 11:14:11,93.76,45.09,42.0,362.805,81,slow
3814,16,2023-01-17 06:48:35,99.24,92.89,30.36,358.722,1,slow
3815,33,2023-02-20 20:57:11,99.19,11.9,29.66,414.485,5,rapid
3816,25,2024-11-22 06:01:31,98.14,89.57,23.27,344.968,64,slow
3817,17,2024-07-08 16:23:23,97.09,36.78,18.87,360.682,70,slow
3818,49,2024-04-03 19:56:22,96.15,46.96,23.12,371.991,29,slow
3819,39,2024-11-25 06:06:30,97.42,19.68,35.35,382.741,88,slow
3820,18,2024-12-11 00:30:50,95.1,65.41,6.73,346.355,89,slow
3821,37,2024-07-29 11:14:43,95.67,52.39,27.29,347.121,46,rapid
3822,39,2024-10-04 08:45:17,95.84,20.56,34.53,341.866,36,slow
3823,8,2023-07-08 08:32:55,96.6,66.31,17.59,345.4,24,fast
3824,43,2024-04-15 10:15:01,96.12,69.93,18.85,407.785,29,slow
3825,4,2024-03-22 00:57:17,97.9,22.67,7.58,363.904,52,slow
3826,39,2024-05-13 01:20:29,100.74,47.32,0.28,366.494,49,fast
3827,27,2024-07-01 10:12:41,97.49,92.33,-9.9,381.352,28,slow
3828,24,2024-07-29 12:32:45,96.11,24.08,17.8,401.465,57,slow
3829,30,2024-05-10 17:02:48,95.06,33.68,-3.67,342.146,65,slow
3830,27,2024-06-11 11:45:29,95.28,19.37,14.63,350.935,67,rapid
3831,41,2023-12-09 02:02:45,95.23,39.58,2.34,407.245,38,slow
3832,44,2024-04-03 23:44:12,97.6,21.19,36.47,418.614,33,slow
3833,17,2024-02-15 06:59:42,97.56,28.37,3.66,375.984,51,rapid
3834,19,2024-07-05 00:17:26,97.47,53.96,37.03,413.033,43,slow
3835,31,2023-03-18 23:09:23,99.76,10.96,4.12,381.194,9,slow
3836,28,2024-02-22 19:28:47,100.38,14.97,-2.13,351.557,54,slow
3837,21,2024-09-18 21:38:10,96.75,53.54,40.75,402.22,67,rapid
3838,24,2024-07-07 05:25:22,95.41,38.17,15.43,398.401,50,rapid
3839,29,2023-04-20 06:36:06,98.99,63.58,3.46,367.418,12,fast
3840,46,2024-05-14 16:52:33,96.98,33.49,28.3,408.128,52,slow
3841,41,2023-09-27 05:55:12,96.64,66.95,-5.69,379.479,17,slow
3842,22,2024-10-18 21:56:41,95.69,91.58,-6.77,395.096,70,fast
3843,28,2024-07-12 14:46:21,96.79,97.96,-5.28,402.605,69,slow
3844,30,2024-10-09 19:52:12,96.3,11.93,-6.28,396.199,36,fast
3845,22,2024-06-19 02:14:37,99.21,61.63,23.52,404.223,48,rapid
3846,11,2024-10-11 08:07:16,93.84,47.71,42.27,402.729,84,fast
3847,43,2023-08-01 04:49:20,98.96,56.57,8.42,418.139,16,rapid
3848,6,2023-02-13 20:36:15,99.08,50.73,16.87,406.344,3,rapid
3849,16,2023-09-01 11:04:50,97.74,76.65,-6.23,373.928,22,slow
3850,4,2023-01-08 09:50:47,99.95,75.75,20.44,394.793,0,fast
3851,15,2023-12-12 13:53:56,96.99,83.12,22.18,382.003,30,slow
3852,9,2023-07-23 15:19:42,96.75,50.06,-5.05,388.865,21,fast
3853,35,2024-01-20 00:59:29,97.63,29.96,-8.78,389.997,48,slow
3854,17,2023-10-10 09:34:57,98.96,92.64,40.27,400.356,16,slow
3855,50,2023-10-31 07:49:23,97.84,72.27,12.14,360.791,25,fast
3856,23,2024-10-29 03:16:16,94.92,58.76,-8.21,354.69,73,rapid
3857,6,2024-05-15 15:01:54,97.77,94.72,0.65,363.952,42,slow
3858,11,2024-10-01 13:29:34,98.24,24.56,23.45,398.301,55,rapid
3859,20,2023-02-28 01:51:36,101.66,76.81,26.8,349.697,4,slow
3860,45,2024-04-27 10:37:36,97.8,62.44,10.82,413.402,56,rapid
3861,4,2023-05-12 03:02:41,100.19,48.97,29.87,354.297,6,slow
3862,50,2024-12-16 12:56:20,94.57,29.38,10.13,405.08,78,slow
3863,27,2023-11-17 13:23:46,97.31,64.75,23.26,379.566,21,fast
3864,31,2023-08-05 19:36:32,99.49,26.88,42.66,366.54,12,rapid
3865,22,2024-10-29 06:09:25,98.32,58.61,16.16,419.301,71,slow
3866,17,2023-02-23 14:52:10,100.45,25.66,19.89,378.253,3,slow
3867,25,2024-03-31 02:18:26,96.24,37.9,25.54,384.879,44,slow
3868,12,2023-07-31 08:06:17,99.29,91.27,7.07,386.794,22,fast
3869,21,2024-12-30 19:03:26,93.62,52.25,-3.65,343.972,63,slow
3870,25,2024-03-07 12:41:40,101.42,13.93,33.55,354.502,26,rapid
3871,41,2024-04-11 07:04:35,98.4,97.09,0.89,415.219,45,rapid
3872,15,2024-03-24 14:00:53,97.62,53.24,43.9,388.579,24,rapid
3873,34,2023-08-22 12:01:00,99.01,74.38,18.2,362.053,27,rapid
3874,50,2023-03-31 13:06:41,100.39,57.61,-9.78,358.586,6,fast
3875,3,2024-06-29 09:32:21,97.3,29.33,33.64,379.233,50,slow
3876,49,2024-06-20 17:55:20,96.14,54.84,-9.75,394.778,34,rapid
3877,24,2023-01-29 10:37:35,99.56,32.33,-7.47,362.553,2,rapid
3878,21,2024-04-22 12:56:58,98.07,20.07,9.1,353.642,36,rapid
3879,1,2023-02-26 01:21:05,100.18,69.87,7.91,383.856,4,slow
3880,31,2024-01-13 02:24:51,98.05,85.54,30.28,359.179,48,rapid
3881,32,2024-04-09 01:45:14,95.98,62.76,22.68,412.668,55,rapid
3882,44,2023-04-07 03:24:45,99.84,17.23,20.43,379.226,11,slow
3883,4,2024-08-30 23:39:48,95.88,24.81,39.61,390.416,41,slow
3884,43,2024-01-13 18:15:14,97.23,96.14,24.72,357.036,30,slow
3885,38,2023-08-05 21:26:08,97.76,25.5,-2.39,412.225,15,fast
3886,10,2024-01-25 13:13:49,95.0,67.75,2.06,399.73,24,fast
3887,3,2024-08-23 14:12:24,94.73,22.25,26.22,366.425,35,rapid
3888,23,2024-02-14 20:29:17,98.7,71.36,26.93,345.729,36,slow
3889,40,2024-09-23 06:38:53,94.02,75.78,18.35,346.673,70,rapid
3890,10,2023-08-13 10:58:51,99.62,87.7,-2.18,348.755,27,rapid
3891,28,2023-06-25 20:46:53,99.77,22.36,28.28,358.228,9,rapid
3892,15,2024-04-02 05:43:31,97.56,33.56,20.1,405.412,54,rapid
3893,12,2024-04-19 13:59:21,98.85,84.74,5.16,367.963,34,rapid
3894,39,2023-08-31 02:09:04,98.3,75.99,-2.25,419.663,30,fast
3895,15,2024-01-16 00:24:15,98.91,30.8,43.62,360.299,25,fast
3896,44,2023-10-02 04:15:04,98.63,72.07,25.09,407.964,33,fast
3897,35,2023-09-22 07:11:20,98.31,91.1,-4.11,412.683,21,slow
3898,8,2023-04-23 16:37:02,99.11,47.81,9.05,370.498,12,fast
3899,29,2024-12-08 02:58:39,96.86,19.64,37.72,347.489,72,slow
3900,42,2024-02-24 08:35:20,97.65,30.7,39.66,358.584,34,rapid
3901,42,2024-09-10 23:39:04,95.73,78.6,6.78,400.868,33,rapid
3902,16,2024-07-20 00:01:46,97.06,17.02,2.82,355.405,59,slow
3903,43,2024-05-08 05:51:30,95.92,94.84,2.57,405.523,65,slow
3904,41,2023-12-01 01:35:46,96.85,13.54,33.96,383.116,34,rapid
3905,45,2024-08-02 02:30:43,95.62,53.26,24.36,417.733,67,rapid
3906,35,2023-11-13 13:13:44,97.24,93.01,31.2,380.769,27,fast
3907,36,2023-03-18 14:18:02,100.65,61.67,42.89,346.913,3,rapid
3908,34,2023-08-26 01:12:42,99.49,28.68,37.32,365.587,27,slow
3909,10,2024-12-26 04:32:15,94.93,44.97,5.94,380.051,60,rapid
3910,43,2023-04-08 11:57:01,98.35,93.33,36.41,398.059,10,fast
3911,21,2024-08-29 03:19:13,96.54,95.6,40.25,417.299,33,slow
3912,43,2024-03-09 11:31:51,96.27,37.82,27.54,348.869,24,slow
3913,48,2023-10-27 07:22:54,98.86,32.69,12.71,366.658,36,slow
3914,40,2023-11-19 14:44:11,98.68,93.44,22.72,384.916,27,slow
3915,4,2024-02-14 08:50:24,98.61,26.86,12.89,399.429,48,rapid
3916,50,2024-10-30 11:32:58,95.33,87.29,26.31,413.014,37,rapid
3917,18,2024-04-26 06:46:04,95.38,11.93,10.08,384.974,45,rapid
3918,39,2023-06-22 03:55:55,97.91,24.49,28.69,364.882,21,fast
3919,11,2024-01-26 14:20:46,96.11,47.88,13.72,401.125,20,rapid
3920,32,2023-04-26 04:09:17,99.72,85.68,24.31,415.839,12,slow
3921,5,2023-04-09 04:23:42,98.94,18.76,9.9,347.965,12,slow
3922,48,2024-04-10 15:38:38,97.34,56.33,20.99,394.104,34,rapid
3923,41,2023-04-30 22:40:39,100.35,95.61,35.84,372.43,14,rapid
3924,16,2023-03-21 15:49:15,99.96,14.54,42.52,366.726,4,rapid
3925,46,2024-05-06 01:17:30,96.99,39.43,34.46,353.155,27,fast
3926,50,2024-06-23 04:14:04,97.04,71.06,-9.29,415.499,63,slow
3927,15,2024-09-28 11:56:35,96.96,43.52,21.99,361.86,48,fast
3928,33,2023-06-22 13:00:44,101.49,94.06,32.88,415.648,22,rapid
3929,38,2024-11-12 03:51:13,93.73,99.06,11.9,374.901,63,rapid
3930,46,2023-10-25 20:24:23,98.57,12.79,16.67,377.212,18,rapid
3931,21,2024-01-09 15:24:45,97.88,28.77,-3.46,405.946,21,slow
3932,33,2024-04-22 09:13:26,95.9,19.17,-2.1,365.704,41,rapid
3933,9,2023-05-15 14:38:32,97.94,70.98,36.99,408.461,17,rapid
3934,28,2023-04-16 20:27:17,96.77,98.35,-2.21,350.5,12,slow
3935,10,2023-11-21 12:08:34,97.5,34.72,34.01,355.384,16,fast
3936,25,2024-09-01 00:36:44,96.52,49.42,13.17,398.24,50,rapid
3937,41,2023-04-28 12:36:38,98.78,37.16,-3.14,383.316,8,rapid
3938,35,2024-10-08 18:36:52,95.1,60.66,1.0,416.829,33,rapid
3939,7,2023-12-05 02:00:46,97.59,56.54,32.11,352.001,40,rapid
3940,47,2024-03-06 22:09:40,96.14,76.86,9.01,390.385,25,fast
3941,43,2024-07-08 03:56:51,94.95,96.1,33.87,370.053,57,rapid
3942,21,2024-09-02 02:32:39,94.62,51.05,13.42,402.784,59,fast
3943,24,2024-04-09 12:06:28,96.54,59.51,-1.2,407.334,40,fast
3944,27,2024-04-22 07:28:32,95.53,35.0,29.34,354.662,52,fast
3945,30,2023-10-22 09:56:10,98.85,60.26,-0.57,343.825,19,rapid
3946,25,2024-02-02 11:02:39,96.97,93.33,37.49,417.649,44,rapid
3947,5,2023-07-02 03:59:38,99.08,77.76,42.17,373.563,14,fast
3948,11,2023-02-21 15:40:59,100.16,67.26,43.93,404.785,6,slow
3949,25,2024-09-09 16:44:42,96.5,13.93,36.77,351.602,69,slow
3950,3,2023-07-28 12:36:17,99.33,14.39,33.5,377.091,24,rapid
3951,2,2024-05-09 13:43:23,96.43,89.34,-0.07,380.209,37,rapid
3952,40,2023-09-21 04:20:58,99.49,10.88,34.09,406.7,23,rapid
3953,8,2023-02-09 10:51:17,98.65,35.64,31.02,344.307,3,rapid
3954,25,2023-07-30 10:23:45,97.78,48.96,25.0,403.637,27,rapid
3955,50,2024-07-07 15:25:21,95.75,21.91,12.07,409.606,39,fast
3956,13,2024-01-10 18:01:40,98.3,24.79,25.76,402.879,22,slow
3957,16,2024-03-07 00:28:08,95.71,54.35,-6.73,342.15,41,fast
3958,18,2024-12-09 14:01:23,96.6,46.62,22.85,404.454,72,fast
3959,16,2024-06-03 01:47:00,97.23,27.47,7.82,363.768,53,slow
3960,42,2023-06-16 08:20:01,99.35,96.74,-1.5,356.524,21,slow
3961,9,2024-05-10 12:20:52,95.88,32.18,3.05,371.648,58,slow
3962,16,2023-03-12 08:21:04,99.75,64.8,14.32,341.299,7,slow
3963,18,2024-11-27 08:17:07,96.17,40.17,31.72,399.155,68,fast
3964,37,2023-05-27 03:36:56,98.43,34.15,29.03,345.402,15,slow
3965,24,2024-04-24 16:25:01,97.99,72.89,38.49,373.321,30,fast
3966,22,2024-12-14 14:32:32,97.08,89.94,38.46,348.584,89,rapid
3967,23,2024-05-06 21:17:31,93.87,65.12,13.86,342.003,41,fast
3968,1,2024-03-28 03:05:10,96.17,73.86,10.94,418.102,56,rapid
3969,14,2023-04-06 19:06:07,99.0,43.99,6.03,403.507,6,slow
3970,18,2024-06-01 06:00:41,97.92,26.01,31.78,360.62,37,fast
3971,33,2023-03-16 00:58:26,100.24,91.94,33.49,410.055,7,fast
3972,36,2023-03-30 01:54:09,99.92,94.03,-3.99,373.015,6,slow
3973,41,2024-01-14 01:07:10,98.11,49.5,28.18,388.843,40,fast
3974,2,2024-06-03 19:00:16,96.41,58.84,43.91,351.134,44,slow
3975,26,2023-01-24 19:20:42,101.09,95.57,4.6,384.0,2,fast
3976,5,2023-08-31 09:33:31,99.5,99.22,16.85,388.697,28,slow
3977,2,2024-08-25 04:00:27,93.38,71.15,30.97,389.641,76,rapid
3978,27,2023-08-24 16:21:02,97.74,50.04,25.83,395.167,19,slow
3979,6,2023-11-10 09:59:52,97.46,47.06,8.27,419.807,24,slow
3980,24,2023-02-21 14:53:39,99.32,82.12,-2.55,397.989,2,fast
3981,7,2024-09-03 01:53:28,94.27,23.69,18.92,416.946,45,fast
3982,25,2024-03-31 04:51:46,97.48,40.94,-3.27,373.779,42,rapid
3983,18,2024-11-29 16:14:13,93.27,76.04,2.76,366.931,66,slow
3984,3,2024-08-01 18:36:21,95.51,22.06,33.31,416.368,35,slow
3985,29,2023-03-21 01:38:49,99.22,26.25,-7.76,418.049,7,rapid
3986,33,2023-08-15 06:52:23,98.85,99.83,42.6,390.658,24,slow
3987,25,2024-05-04 11:11:46,95.73,29.94,27.83,386.811,41,fast
3988,33,2023-02-23 13:26:49,99.98,24.41,8.57,411.564,3,rapid
3989,43,2023-07-03 10:08:23,99.02,93.17,2.0,416.128,13,slow
3990,15,2023-03-03 14:34:50,99.32,88.52,7.09,405.416,6,fast
3991,41,2024-07-20 06:33:50,92.8,75.9,27.78,401.459,59,rapid
3992,15,2023-03-02 17:00:44,99.38,73.98,-0.43,370.301,3,slow
3993,38,2023-09-23 16:33:58,98.2,25.02,18.29,367.749,27,slow
3994,39,2024-05-31 04:31:52,94.11,28.81,15.2,381.748,47,slow
3995,5,2023-01-03 14:33:12,100.36,96.66,19.01,373.165,0,fast
3996,14,2023-01-04 12:19:09,100.15,62.65,-7.13,400.239,0,fast
3997,4,2024-11-16 04:44:27,95.04,66.39,0.84,400.059,42,fast
3998,4,2023-03-03 20:19:56,100.77,25.55,18.04,341.631,6,rapid
3999,3,2024-12-28 21:34:23,93.27,56.67,34.83,377.1,58,rapid
4000,42,2024-07-13 21:53:54,97.4,54.17,-5.92,414.827,53,slow
4001,28,2023-11-22 14:31:19,97.15,40.08,9.89,369.633,23,slow
4002,4,2024-09-11 20:38:21,97.04,71.45,17.12,372.964,54,fast
4003,29,2023-09-04 14:49:48,99.79,39.79,38.27,394.328,26,rapid
4004,42,2023-11-29 05:44:48,99.51,16.62,12.39,381.374,41,rapid
4005,12,2024-05-21 10:21:39,96.69,60.99,3.28,414.788,62,rapid
4006,18,2024-04-15 21:26:50,98.04,91.44,4.66,403.782,45,fast
4007,26,2024-05-03 16:46:09,97.28,20.48,10.47,342.905,26,slow
4008,37,2023-05-02 20:20:42,101.1,85.9,16.14,375.449,15,fast
4009,26,2023-09-07 19:14:29,97.66,20.38,8.48,416.203,22,rapid
4010,3,2023-05-29 06:55:32,99.91,68.78,20.05,404.96,8,fast
4011,32,2024-06-10 22:21:53,95.83,73.02,25.79,391.894,32,fast
4012,11,2023-09-25 14:34:41,98.83,81.87,-8.44,415.391,21,rapid
4013,15,2023-04-04 23:05:14,98.89,69.64,-7.44,388.458,12,slow
4014,12,2024-04-30 05:00:45,94.96,57.43,44.1,405.172,45,fast
4015,7,2023-06-19 07:57:49,98.13,39.37,18.59,376.367,20,slow
4016,4,2024-11-25 03:56:51,94.59,24.95,41.55,360.301,54,rapid
4017,38,2023-06-28 07:20:41,99.87,92.7,2.42,392.592,13,fast
4018,47,2023-08-03 01:34:12,98.92,59.22,-3.76,373.388,13,slow
4019,47,2024-06-11 13:19:12,97.68,45.19,15.61,409.608,69,fast
4020,31,2024-12-25 02:28:02,92.95,13.22,-6.16,345.099,68,rapid
4021,1,2024-07-21 13:46:55,97.17,30.37,32.4,382.115,47,fast
4022,45,2024-10-12 18:02:35,94.67,45.69,39.58,406.78,84,fast
4023,23,2024-11-24 02:51:42,96.39,22.23,12.56,374.232,66,rapid
4024,29,2023-08-29 15:24:23,97.73,26.44,7.55,414.789,17,rapid
4025,5,2023-05-17 15:31:37,99.46,71.14,8.98,402.545,16,rapid
4026,17,2023-08-03 01:25:30,97.52,10.88,26.68,397.646,16,rapid
4027,27,2024-09-28 02:11:05,95.86,93.3,34.89,375.569,40,fast
4028,22,2024-10-20 11:25:17,94.72,88.48,0.41,404.99,80,slow
4029,18,2023-01-23 16:28:44,99.64,56.93,22.11,415.334,1,slow
4030,48,2024-03-26 21:34:48,97.46,65.38,-4.22,399.761,34,slow
4031,7,2023-02-07 01:43:26,99.27,36.86,6.97,350.434,3,slow
4032,4,2024-11-12 02:19:43,95.64,13.64,14.3,378.628,75,rapid
4033,41,2024-12-05 18:50:46,96.65,22.64,21.14,405.455,41,rapid
4034,46,2023-11-28 10:50:28,95.88,85.4,14.83,394.639,21,fast
4035,40,2023-02-19 15:21:49,101.52,30.09,6.42,376.579,4,fast
4036,30,2023-11-18 17:31:24,97.6,96.02,5.01,413.203,27,slow
4037,1,2024-06-23 17:53:50,93.59,76.15,16.71,384.367,30,rapid
4038,45,2024-06-11 19:59:25,93.07,53.54,33.2,397.131,28,rapid
4039,33,2024-05-20 07:04:42,96.99,57.97,42.23,364.083,53,fast
4040,13,2024-06-08 23:57:28,95.5,56.16,30.11,355.431,30,slow
4041,24,2023-08-12 22:52:55,97.63,52.28,7.58,403.467,28,fast
4042,15,2023-04-04 02:36:32,98.4,91.81,-3.93,399.643,11,slow
4043,13,2023-11-23 04:18:49,97.69,69.54,-2.01,396.853,35,fast
4044,1,2024-10-25 23:54:08,94.78,36.36,27.56,393.713,87,slow
4045,31,2023-04-14 12:43:14,99.07,84.01,31.69,348.697,9,rapid
4046,39,2024-01-11 08:05:01,100.77,93.91,41.07,413.51,35,fast
4047,36,2023-03-05 03:39:52,99.84,50.65,-4.17,368.716,7,fast
4048,21,2024-06-29 11:37:04,98.69,67.08,42.69,417.493,46,slow
4049,12,2023-01-28 13:56:09,99.26,85.71,32.61,407.17,1,slow
4050,42,2024-01-29 08:01:59,97.94,67.8,29.14,415.076,46,fast
4051,37,2024-04-28 21:32:31,94.96,17.39,-8.55,358.32,41,slow
4052,49,2024-08-24 14:49:07,95.37,46.44,39.38,386.271,59,fast
4053,39,2023-12-07 11:00:10,98.42,54.07,31.67,345.129,39,slow
4054,27,2024-05-30 18:23:24,95.23,62.25,-7.74,375.615,65,slow
4055,9,2023-12-18 02:34:07,98.74,83.04,-3.22,389.683,30,rapid
4056,2,2024-04-16 06:21:43,96.33,77.91,15.23,348.74,40,slow
4057,17,2024-03-16 18:04:04,97.44,48.82,18.58,398.796,52,rapid
4058,18,2023-01-08 06:09:38,100.22,58.77,40.87,392.026,0,fast
4059,7,2023-04-09 08:57:46,100.33,32.41,-9.31,361.64,9,rapid
4060,30,2024-01-11 23:09:12,98.59,73.1,10.19,391.848,48,rapid
4061,9,2024-08-12 19:26:09,93.18,81.83,43.49,351.623,46,rapid
4062,15,2023-06-16 21:55:51,98.87,60.7,20.95,387.267,20,rapid
4063,38,2023-06-16 03:52:40,100.61,24.29,7.38,346.455,18,rapid
4064,26,2023-02-21 16:37:43,98.61,62.89,-6.36,350.802,5,fast
4065,32,2023-09-02 20:53:39,98.02,61.01,20.82,357.027,22,rapid
4066,41,2024-05-02 19:31:40,97.2,94.4,-1.38,400.347,57,slow
4067,28,2024-05-27 23:57:48,97.53,17.83,40.84,405.608,40,slow
4068,32,2024-06-08 08:55:30,95.9,34.09,5.54,419.823,46,rapid
4069,48,2024-11-29 21:04:49,93.18,46.08,4.27,382.281,85,fast
4070,34,2023-12-04 07:03:14,97.56,38.38,3.8,417.616,23,rapid
4071,2,2023-11-08 08:09:29,97.87,23.81,28.6,379.681,31,fast
4072,8,2023-06-07 03:08:19,98.61,41.92,12.59,388.079,8,rapid
4073,17,2024-09-10 02:38:23,96.11,89.56,24.47,409.239,73,fast
4074,44,2023-01-01 23:39:26,99.78,67.74,36.08,394.574,0,slow
4075,15,2024-01-04 19:26:55,98.82,66.85,1.53,416.38,40,slow
4076,11,2024-01-10 04:13:53,95.95,90.81,41.93,413.746,27,slow
4077,25,2024-11-30 19:14:49,94.15,40.23,31.2,360.71,55,fast
4078,45,2023-02-12 05:58:13,98.58,29.23,-9.0,391.063,2,rapid
4079,22,2023-10-20 18:50:18,98.49,94.76,-4.17,381.98,26,fast
4080,44,2023-04-12 19:57:47,100.5,12.03,19.53,396.147,12,fast
4081,49,2024-10-24 19:15:38,94.4,90.59,14.96,379.35,55,fast
4082,37,2023-10-20 05:06:23,98.63,87.9,21.48,347.668,28,slow
4083,37,2023-11-03 05:37:50,97.43,15.56,5.55,355.644,24,rapid
4084,21,2023-03-03 13:07:45,100.85,16.71,41.78,374.1,3,slow
4085,46,2023-04-18 04:25:36,100.66,91.8,13.21,410.116,10,fast
4086,25,2023-04-15 09:42:31,101.88,87.06,39.52,398.305,6,fast
4087,35,2024-05-25 12:30:15,98.56,13.82,23.57,415.734,40,rapid
4088,42,2024-12-20 23:23:41,93.5,19.3,12.41,352.162,93,slow
4089,45,2023-03-01 18:22:26,99.21,58.45,31.28,378.313,7,slow
4090,12,2024-07-08 16:10:28,94.79,48.58,-9.35,360.052,41,fast
4091,5,2024-02-23 12:11:22,97.63,90.58,-7.15,342.94,22,fast
4092,9,2024-07-07 20:21:42,95.11,78.39,29.29,365.393,59,rapid
4093,31,2023-03-20 10:43:01,100.89,93.16,22.76,398.156,9,slow
4094,10,2023-09-18 13:30:12,97.5,62.46,8.42,415.974,17,slow
4095,47,2023-08-12 20:09:52,98.4,72.72,42.58,343.624,21,fast
4096,26,2023-11-17 07:58:48,98.05,92.56,-7.61,409.308,32,rapid
4097,10,2024-02-05 00:45:31,97.1,85.05,29.33,390.908,20,fast
4098,3,2023-05-01 03:55:12,99.34,88.98,37.38,366.822,14,fast
4099,47,2023-04-28 12:04:53,98.27,89.9,25.51,345.17,6,fast
4100,9,2024-11-09 08:16:36,95.86,52.45,5.96,374.543,87,slow
4101,40,2023-01-20 15:55:30,99.87,38.83,10.94,366.834,2,rapid
4102,48,2024-01-25 20:21:21,94.82,84.82,30.35,370.759,51,slow
4103,32,2023-04-23 19:59:57,99.46,25.07,-5.73,360.971,10,slow
4104,27,2023-11-25 17:59:39,97.98,25.77,7.47,361.434,31,rapid
4105,46,2024-11-16 08:18:42,94.05,50.25,35.2,414.769,83,fast
4106,49,2024-01-15 20:04:36,100.89,15.11,12.58,381.903,28,slow
4107,10,2024-04-27 21:45:09,96.86,17.93,-4.88,343.471,57,fast
4108,12,2024-04-22 14:18:30,98.31,60.89,7.96,402.668,53,fast
4109,6,2023-06-01 06:31:06,99.32,91.24,-9.6,379.654,15,rapid
4110,44,2023-04-26 04:55:02,99.11,23.51,-9.51,373.553,11,rapid
4111,50,2023-10-28 01:35:24,99.33,85.96,8.04,414.049,24,fast
4112,25,2023-04-18 09:12:39,100.03,26.96,27.61,379.738,8,fast
4113,46,2024-04-23 23:38:00,98.39,55.92,10.57,406.369,58,rapid
4114,47,2023-01-06 08:08:49,99.08,20.81,29.95,413.873,0,fast
4115,39,2024-04-25 19:07:45,95.03,86.77,35.18,371.18,58,fast
4116,49,2024-10-02 04:00:49,96.93,72.5,30.33,344.38,37,slow
4117,2,2024-01-31 11:52:26,96.75,86.34,-1.08,372.823,50,fast
4118,43,2024-04-29 22:07:25,95.83,59.83,20.52,408.551,53,fast
4119,19,2023-03-11 17:27:41,96.92,69.5,-6.35,377.588,4,rapid
4120,40,2024-07-23 21:39:55,95.47,25.4,5.61,419.153,44,slow
4121,22,2024-10-17 16:55:49,94.4,28.27,5.58,385.872,56,slow
4122,43,2023-02-08 20:57:25,99.71,68.75,42.29,405.335,4,slow
4123,22,2024-11-16 11:10:29,96.76,68.29,6.94,387.407,50,rapid
4124,32,2023-08-09 21:07:09,100.66,15.3,1.45,411.982,28,slow
4125,37,2024-04-29 07:26:40,95.85,45.91,1.28,414.792,50,slow
4126,17,2024-06-07 16:16:28,98.57,15.74,10.01,368.485,37,slow
4127,42,2023-11-07 03:27:14,95.91,36.72,28.83,406.559,16,fast
4128,4,2024-08-06 11:19:07,94.5,61.3,10.34,362.075,35,rapid
4129,12,2023-12-21 06:08:17,100.84,85.87,40.42,359.817,19,rapid
4130,10,2024-11-23 12:36:54,92.98,35.06,32.59,347.308,61,fast
4131,23,2024-06-30 11:51:31,96.79,73.69,33.65,415.669,63,slow
4132,22,2023-04-13 16:25:46,99.87,72.53,37.21,413.75,6,fast
4133,48,2024-04-12 05:36:32,96.84,54.58,15.85,409.233,47,fast
4134,7,2023-06-30 16:07:26,98.65,81.79,24.66,385.479,15,rapid
4135,34,2024-12-29 21:25:43,93.38,19.04,2.39,393.716,65,fast
4136,25,2024-08-12 04:46:46,95.01,38.14,15.6,397.735,31,fast
4137,17,2023-05-01 21:05:04,100.51,42.75,13.91,416.281,7,slow
4138,50,2024-04-25 21:34:08,94.59,36.99,-2.72,355.347,60,fast
4139,22,2024-10-15 04:49:00,96.59,34.46,8.84,374.652,42,fast
4140,24,2024-03-17 07:03:28,96.98,22.28,-5.93,389.897,57,slow
4141,31,2023-08-24 01:31:14,99.18,56.62,-1.0,405.977,25,rapid
4142,13,2023-04-12 20:54:43,99.97,89.8,7.77,381.662,11,rapid
4143,48,2023-04-07 22:43:08,100.76,87.23,28.3,411.783,11,slow
4144,48,2024-03-26 04:07:15,96.1,91.74,30.41,383.36,39,slow
4145,31,2023-04-23 12:10:17,99.86,87.53,25.55,410.928,14,fast
4146,17,2024-09-09 20:11:56,97.46,15.44,3.95,418.397,63,rapid
4147,11,2023-04-09 16:17:23,99.18,97.15,2.19,375.38,7,fast
4148,50,2024-06-16 18:32:09,96.73,42.31,-8.12,416.559,48,slow
4149,20,2024-01-09 20:42:53,97.96,38.86,29.06,355.006,45,slow
4150,47,2024-01-03 08:06:53,96.24,36.64,-0.07,391.241,41,slow
4151,25,2023-08-12 14:27:30,98.39,35.8,40.09,398.085,18,fast
4152,3,2023-09-08 18:27:45,97.68,55.29,9.98,368.401,23,fast
4153,37,2024-04-02 22:13:00,97.02,60.96,40.24,357.579,33,fast
4154,44,2024-12-25 15:03:18,97.19,77.05,21.75,402.849,94,fast
4155,14,2024-06-30 23:56:59,95.9,77.81,33.83,345.622,67,rapid
4156,14,2023-04-23 12:56:03,99.54,92.77,39.46,348.375,13,fast
4157,7,2024-11-24 10:32:20,93.27,90.25,13.08,368.517,39,rapid
4158,30,2023-06-10 17:11:11,101.11,18.99,-8.34,403.482,16,rapid
4159,41,2024-09-25 02:21:46,96.29,39.33,34.38,392.241,36,slow
4160,29,2023-08-09 03:34:03,98.15,78.25,23.59,383.888,22,fast
4161,5,2024-11-29 19:50:13,97.66,34.66,3.53,414.267,67,slow
4162,4,2024-02-25 19:23:34,95.16,46.82,8.19,416.386,23,slow
4163,40,2023-07-12 17:27:03,98.55,88.83,32.38,414.836,25,fast
4164,18,2024-08-23 23:29:20,95.89,41.45,21.21,364.872,76,rapid
4165,37,2024-12-03 20:47:46,92.8,60.18,9.92,377.402,47,fast
4166,30,2024-04-11 23:02:57,98.09,26.63,25.39,394.555,57,fast
4167,11,2023-11-19 13:22:15,98.08,21.64,23.11,392.07,27,fast
4168,9,2023-09-22 03:01:51,97.21,53.82,-6.19,401.824,13,rapid
4169,19,2023-02-05 12:41:53,98.66,24.48,-1.98,350.162,2,fast
4170,38,2024-04-24 05:47:35,98.16,15.7,18.27,366.749,42,rapid
4171,31,2023-06-09 10:05:27,98.45,45.63,16.37,395.506,13,slow
4172,44,2023-05-27 09:25:46,98.67,90.04,34.99,375.381,17,fast
4173,10,2024-03-07 10:25:33,95.86,21.03,41.58,414.011,42,rapid
4174,26,2024-07-29 19:56:08,95.63,12.97,0.25,419.308,51,slow
4175,12,2023-06-02 23:52:33,99.14,76.56,41.44,413.977,10,slow
4176,28,2023-04-28 20:45:16,97.21,66.2,27.18,371.716,8,fast
4177,35,2024-10-25 06:57:29,98.01,36.4,21.35,385.296,39,rapid
4178,15,2023-10-22 10:26:37,97.86,75.01,19.8,405.783,37,rapid
4179,46,2024-08-04 06:13:21,97.78,49.5,11.45,363.39,54,slow
4180,31,2024-10-07 18:53:40,96.92,84.42,42.83,405.179,77,slow
4181,39,2023-02-21 12:19:28,99.41,38.94,40.36,342.255,2,slow
4182,4,2024-02-27 14:38:56,99.35,81.57,40.74,417.409,37,fast
4183,4,2024-05-29 07:14:41,96.59,95.84,42.88,359.993,63,slow
4184,42,2023-09-21 02:28:56,97.85,55.08,1.52,372.334,14,rapid
4185,40,2023-04-08 13:13:14,100.26,48.62,43.78,357.908,9,slow
4186,19,2024-01-27 08:36:10,95.56,57.78,2.91,371.374,43,rapid
4187,42,2023-03-30 16:06:30,101.2,10.58,41.51,343.179,8,rapid
4188,30,2023-02-20 13:42:18,98.83,55.99,-9.3,393.49,5,rapid
4189,45,2023-09-26 06:32:18,98.56,20.96,32.3,353.069,22,slow
4190,50,2023-01-13 03:01:32,99.99,45.2,34.42,398.201,1,rapid
4191,25,2023-08-19 06:54:15,96.74,77.1,20.17,400.596,14,fast
4192,39,2023-07-19 15:39:09,97.53,52.41,7.9,409.4,25,rapid
4193,36,2024-01-31 05:34:39,98.05,74.57,16.54,363.503,23,rapid
4194,8,2024-02-10 06:40:16,96.36,82.31,12.89,350.228,28,slow
4195,35,2024-10-15 17:30:52,93.82,26.17,-7.42,358.771,40,rapid
4196,20,2024-05-13 11:38:03,95.7,15.32,26.41,393.038,29,rapid
4197,23,2023-03-09 01:15:37,100.58,23.24,22.97,390.785,4,rapid
4198,11,2024-05-12 04:31:09,98.21,42.99,16.3,409.224,26,rapid
4199,13,2024-03-27 14:32:38,96.18,31.79,29.94,415.204,30,fast
4200,33,2024-10-26 17:32:26,94.97,66.39,-6.35,391.362,76,slow
4201,47,2024-04-16 01:48:24,97.62,66.77,9.41,404.439,47,rapid
4202,43,2024-05-27 23:29:21,98.33,72.53,0.38,402.539,30,fast
4203,2,2024-10-03 13:33:55,98.35,26.65,31.48,369.746,44,rapid
4204,6,2023-03-09 20:52:38,99.98,11.94,-0.65,347.54,4,slow
4205,33,2024-09-18 02:41:55,97.97,85.88,-6.03,411.367,59,slow
4206,11,2024-10-04 00:31:41,94.32,56.15,3.74,350.566,46,fast
4207,17,2023-04-17 19:49:29,99.14,69.41,31.13,394.432,9,fast
4208,12,2024-09-12 23:31:23,98.15,34.68,-1.19,373.212,64,fast
4209,29,2024-10-07 17:41:35,98.09,32.9,-3.36,357.486,49,rapid
4210,9,2023-02-19 20:09:12,99.57,17.42,-8.74,392.088,2,fast
4211,5,2023-02-06 05:56:41,100.33,40.37,17.69,340.523,3,fast
4212,49,2023-02-19 23:02:06,99.09,80.8,3.95,349.955,2,rapid
4213,20,2024-09-24 11:28:03,96.16,66.21,1.98,380.927,56,rapid
4214,16,2024-09-16 10:48:16,92.86,66.27,-0.68,398.842,43,fast
4215,29,2023-12-08 08:07:57,98.01,43.36,37.68,418.877,27,slow
4216,32,2023-02-16 14:38:59,100.55,82.91,7.42,382.682,2,slow
4217,8,2023-10-18 00:38:56,98.25,22.12,20.76,389.513,35,rapid
4218,31,2023-04-06 16:49:18,100.48,78.36,12.23,409.951,8,slow
4219,20,2024-08-21 03:55:52,94.02,99.88,38.79,345.24,36,slow
4220,4,2024-04-03 11:06:11,96.84,67.49,13.38,349.471,49,slow
4221,47,2024-03-19 21:56:44,96.83,47.66,28.74,377.572,41,slow
4222,19,2024-03-19 19:16:24,95.71,19.43,33.94,397.744,58,rapid
4223,20,2024-02-27 09:10:17,98.5,12.66,8.79,363.98,52,slow
4224,32,2023-12-10 17:01:29,97.96,40.09,6.05,386.02,27,slow
4225,10,2023-04-28 07:59:57,98.81,30.94,34.55,415.197,6,rapid
4226,39,2024-04-21 02:45:14,98.39,62.78,0.83,417.908,48,fast
4227,13,2023-07-15 08:46:50,99.96,11.75,5.55,350.801,10,fast
4228,10,2023-02-24 14:10:27,100.28,28.66,-3.93,345.396,5,rapid
4229,29,2023-07-05 04:45:11,98.69,81.02,-4.58,392.802,14,rapid
4230,40,2024-12-12 16:19:38,95.35,73.46,32.2,410.376,49,slow
4231,13,2023-03-22 02:48:32,100.9,85.5,-4.38,383.157,9,fast
4232,42,2024-11-02 22:04:23,96.1,13.35,3.3,408.641,46,rapid
4233,2,2024-12-08 16:09:51,93.64,50.32,1.67,371.559,92,rapid
4234,46,2023-12-05 03:37:38,98.13,40.57,20.25,387.573,18,fast
4235,46,2024-06-22 05:43:02,93.73,21.99,26.38,379.449,54,rapid
4236,24,2023-10-18 16:48:39,99.08,88.96,34.48,352.533,35,slow
4237,47,2023-09-07 10:32:26,99.1,57.23,32.77,344.175,24,fast
4238,15,2023-09-01 11:35:35,97.07,77.69,3.53,383.581,12,rapid
4239,31,2024-01-15 20:52:50,97.89,80.66,4.79,392.163,26,slow
4240,5,2023-10-15 13:44:59,99.18,10.19,23.86,351.977,26,slow
4241,29,2023-05-31 04:30:06,98.87,96.94,25.51,401.45,9,slow
4242,17,2024-11-21 22:07:19,96.23,93.81,35.4,386.519,78,fast
4243,31,2023-07-21 22:14:35,99.86,30.96,-1.47,411.328,12,rapid
4244,23,2024-06-07 17:11:51,95.14,39.93,24.78,415.653,66,fast
4245,43,2024-02-04 03:47:47,97.32,10.7,37.86,373.55,30,fast
4246,23,2024-12-28 05:48:43,94.72,77.46,3.86,378.574,79,slow
4247,41,2024-11-19 03:00:21,95.55,69.56,37.19,378.033,86,rapid
4248,46,2023-06-16 16:33:43,99.31,65.73,34.73,362.881,10,fast
4249,17,2024-03-06 10:07:33,94.93,59.03,-9.31,399.512,23,fast
4250,13,2024-01-14 02:22:21,96.31,16.81,34.28,349.775,32,rapid
4251,16,2024-02-27 04:44:30,98.76,75.54,32.31,355.276,43,fast
4252,45,2024-06-20 00:11:32,99.7,85.11,5.67,404.718,60,fast
4253,49,2023-02-18 05:37:48,100.72,80.48,3.84,389.066,6,slow
4254,37,2023-06-04 04:33:59,99.05,59.23,15.37,350.386,17,fast
4255,7,2024-03-16 09:23:39,94.86,22.64,36.27,364.376,22,fast
4256,48,2024-07-19 15:09:00,95.65,77.26,29.6,359.546,69,rapid
4257,40,2024-02-27 13:06:59,97.26,71.16,16.77,393.485,29,rapid
4258,34,2023-02-15 19:46:42,99.89,91.27,-1.11,390.321,5,rapid
4259,39,2024-06-20 12:40:29,97.01,95.87,19.49,365.877,54,slow
4260,23,2023-09-23 19:11:36,98.77,34.68,6.56,407.652,32,fast
4261,13,2023-02-10 15:12:55,99.8,13.43,34.26,378.309,2,slow
4262,34,2024-12-10 03:16:01,93.85,97.17,40.98,383.27,92,slow
4263,39,2023-04-20 10:37:41,98.53,47.98,0.76,392.69,9,rapid
4264,37,2024-11-16 18:42:32,97.07,11.7,3.98,375.872,36,slow
4265,1,2023-06-04 17:38:32,98.6,34.33,-4.03,411.701,17,rapid
4266,37,2023-12-30 11:06:16,98.68,39.86,21.88,407.624,31,slow
4267,2,2024-01-27 14:27:11,97.8,98.02,42.32,353.29,47,fast
4268,24,2024-01-13 14:47:31,95.97,16.47,21.01,359.937,22,slow
4269,8,2023-06-21 05:24:17,99.54,67.66,31.03,384.391,14,slow
4270,31,2023-01-12 06:17:42,99.96,37.77,28.01,386.534,1,fast
4271,11,2024-08-19 20:00:17,95.88,76.78,42.56,390.95,47,slow
4272,47,2023-10-30 21:54:30,98.44,55.77,26.36,390.071,39,fast
4273,13,2024-07-20 20:08:20,94.11,54.72,5.72,354.616,67,slow
4274,3,2024-06-17 18:06:28,96.26,79.2,15.91,389.776,66,slow
4275,18,2023-10-03 00:39:49,97.7,69.97,36.09,417.135,17,fast
4276,20,2024-10-24 14:56:08,94.55,39.01,3.7,358.01,53,fast
4277,47,2024-03-21 17:00:38,94.97,85.82,25.93,412.085,40,fast
4278,12,2024-11-08 11:27:06,96.16,31.13,37.05,396.101,75,fast
4279,13,2024-12-01 07:45:15,95.14,94.14,15.73,370.425,38,rapid
4280,13,2023-09-21 11:29:36,98.39,80.78,17.88,342.334,21,fast
4281,42,2023-09-07 01:56:13,100.08,58.17,10.15,354.235,28,rapid
4282,13,2024-11-15 04:18:06,91.16,80.14,8.6,389.463,56,fast
4283,17,2023-08-19 11:57:41,99.83,53.89,20.17,357.647,28,slow
4284,11,2024-01-12 22:04:33,95.8,65.97,-3.94,394.29,28,fast
4285,22,2024-12-29 04:11:20,98.66,10.87,25.98,409.31,37,rapid
4286,48,2023-11-11 16:03:21,95.93,68.65,0.38,344.036,19,slow
4287,42,2023-08-13 12:14:49,98.17,84.24,4.39,381.755,29,fast
4288,33,2023-09-03 14:31:06,99.84,16.78,12.19,351.024,19,rapid
4289,40,2023-07-04 02:51:07,99.01,38.55,30.78,384.008,21,fast
4290,21,2023-04-23 11:44:33,99.51,61.25,-1.2,388.477,8,fast
4291,20,2023-06-20 15:41:28,98.97,89.42,-2.59,385.126,14,fast
4292,34,2023-06-16 06:12:58,98.4,54.36,25.42,413.292,20,rapid
4293,49,2023-11-25 21:06:35,99.94,51.14,21.73,389.283,23,slow
4294,12,2024-03-18 22:45:33,97.96,11.48,4.58,372.167,45,slow
4295,29,2023-10-01 13:26:10,99.88,50.63,9.13,357.635,15,fast
4296,41,2024-09-17 07:52:02,94.83,77.7,-3.26,376.617,53,fast
4297,47,2023-01-11 21:16:35,100.73,10.6,-0.34,341.513,0,rapid
4298,42,2024-12-29 12:24:57,97.64,63.61,30.11,393.68,63,fast
4299,40,2023-09-16 01:40:30,96.6,60.28,20.6,366.823,13,fast
4300,11,2023-02-22 10:11:40,100.14,61.6,-8.51,409.034,5,slow
4301,34,2024-05-22 09:38:06,96.15,11.54,29.13,373.59,27,rapid
4302,32,2023-06-30 03:42:00,97.11,37.44,-2.36,347.977,20,slow
4303,19,2024-11-25 02:40:19,98.01,47.86,17.71,390.274,42,slow
4304,33,2023-03-16 04:10:21,100.55,35.35,6.89,356.775,4,rapid
4305,39,2024-04-10 13:57:53,97.84,38.16,33.4,382.338,37,fast
4306,23,2024-06-23 14:22:32,93.89,16.47,33.58,405.175,71,fast
4307,41,2024-10-12 04:55:42,96.65,53.65,-2.73,401.761,42,slow
4308,12,2023-04-06 21:05:46,98.67,31.15,30.96,411.412,4,slow
4309,10,2024-05-07 22:55:51,96.11,97.64,23.42,377.913,27,slow
4310,44,2024-07-26 14:25:16,97.58,15.21,9.37,344.89,68,slow
4311,2,2024-08-09 05:33:15,95.25,82.85,11.22,386.668,61,fast
4312,31,2024-06-17 14:21:37,93.94,40.35,39.16,359.378,44,rapid
4313,41,2024-01-12 04:58:24,96.13,23.09,14.32,366.77,49,rapid
4314,31,2023-05-05 15:01:31,99.62,56.33,26.56,341.545,13,rapid
4315,45,2023-06-23 13:25:31,96.77,36.53,35.81,399.039,16,slow
4316,49,2024-05-19 03:01:30,95.13,64.24,-5.11,419.145,47,rapid
4317,35,2023-03-22 17:58:18,99.52,21.78,14.72,365.604,5,slow
4318,2,2023-07-15 05:39:57,97.29,92.52,-0.47,356.04,23,slow
4319,36,2023-10-21 18:24:50,97.59,64.35,16.99,392.156,20,rapid
4320,39,2023-06-30 21:00:12,98.11,16.39,2.32,395.731,22,fast
4321,42,2023-07-20 12:41:38,98.2,39.46,-5.85,382.215,19,slow
4322,38,2024-05-20 06:57:29,98.57,64.07,-5.85,413.093,48,fast
4323,18,2023-01-09 18:17:03,100.72,56.44,37.88,410.464,0,slow
4324,45,2024-11-27 15:23:39,95.3,53.53,4.72,363.27,85,slow
4325,50,2024-01-04 07:43:43,97.22,28.26,38.97,359.875,22,slow
4326,45,2023-09-14 22:30:00,96.63,46.12,40.96,403.8,13,fast
4327,11,2023-10-27 17:10:54,96.61,21.0,19.32,369.24,27,fast
4328,12,2024-06-30 06:04:46,97.05,94.62,13.95,369.556,54,fast
4329,14,2024-03-27 06:26:19,98.2,26.73,3.99,398.288,44,rapid
4330,13,2024-09-12 08:31:39,97.94,44.75,32.21,402.007,52,fast
4331,17,2023-08-21 15:18:38,97.87,11.64,10.38,364.662,24,rapid
4332,40,2023-10-30 19:30:40,98.95,63.6,25.03,379.227,37,rapid
4333,25,2024-01-23 18:32:36,97.86,58.36,-8.7,379.311,29,rapid
4334,45,2024-08-01 15:23:05,95.58,84.88,-8.72,348.363,53,fast
4335,23,2023-09-09 10:16:53,97.35,22.07,1.09,360.915,21,fast
4336,10,2023-02-05 19:49:56,99.1,92.42,11.7,419.16,3,fast
4337,49,2023-12-20 12:31:14,97.41,30.53,6.3,361.681,45,fast
4338,48,2023-10-23 06:32:46,97.22,30.87,28.84,385.51,24,slow
4339,29,2024-03-02 21:28:50,96.59,95.9,36.17,416.701,56,fast
4340,32,2024-08-23 22:29:33,96.08,86.34,25.3,402.87,32,rapid
4341,23,2024-12-11 17:18:23,95.72,67.83,-0.84,406.389,79,rapid
4342,43,2024-12-24 19:06:03,95.53,41.22,10.52,367.47,84,slow
4343,40,2024-10-29 23:28:51,97.4,27.06,-2.09,394.498,33,rapid
4344,18,2023-12-03 16:19:15,98.25,92.74,2.03,355.924,23,fast
4345,47,2023-02-11 18:34:13,98.61,96.49,42.43,394.03,3,rapid
4346,7,2023-07-25 05:30:59,98.47,30.57,30.89,342.724,22,rapid
4347,29,2024-02-11 21:56:09,96.34,16.38,-9.13,412.078,22,rapid
4348,2,2023-10-26 21:53:39,97.25,53.78,38.12,383.561,19,slow
4349,30,2024-12-24 21:42:24,91.7,51.78,-3.29,366.739,68,fast
4350,38,2024-06-02 07:10:00,96.34,79.14,17.9,364.275,26,slow
4351,5,2024-10-05 06:48:50,97.34,33.81,26.67,378.283,70,fast
4352,34,2023-10-21 17:45:00,98.01,19.13,19.24,400.838,23,fast
4353,13,2023-07-09 02:38:01,99.37,14.11,14.14,390.341,14,fast
4354,2,2023-05-30 23:47:43,99.23,52.27,15.18,391.617,10,rapid
4355,27,2023-07-24 20:36:28,98.85,53.28,31.92,378.389,24,rapid
4356,36,2023-01-11 18:15:52,100.2,77.82,-6.86,388.748,1,fast
4357,11,2024-12-01 17:49:32,94.56,57.75,44.29,368.666,53,rapid
4358,26,2024-01-23 06:25:38,94.41,15.07,5.74,368.304,37,slow
4359,7,2023-04-14 03:05:09,101.98,51.3,0.54,347.98,13,slow
4360,26,2023-06-02 08:34:37,99.29,16.65,-4.99,382.392,8,fast
4361,13,2023-09-24 12:19:55,98.03,80.82,43.61,341.753,31,fast
4362,27,2024-11-24 16:37:37,98.0,57.95,0.6,384.625,72,fast
4363,6,2024-04-11 21:49:50,94.67,83.0,34.55,360.925,40,fast
4364,40,2023-01-23 12:14:11,98.85,54.6,-0.85,353.441,2,rapid
4365,13,2024-03-19 18:01:43,98.64,90.2,0.8,388.486,29,fast
4366,9,2024-06-27 03:26:04,96.59,64.74,-5.45,412.294,52,slow
4367,7,2024-02-27 11:03:45,95.78,44.2,32.21,391.624,35,fast
4368,47,2024-10-28 18:12:55,95.77,89.8,14.99,356.186,71,rapid
4369,40,2023-10-09 13:03:08,98.6,94.86,7.73,395.045,29,fast
4370,28,2023-09-28 23:28:18,98.88,94.36,36.98,357.466,28,rapid
4371,20,2024-02-13 07:52:50,96.37,34.21,37.66,409.965,21,slow
4372,22,2024-12-21 11:56:57,97.1,18.35,5.65,414.054,75,fast
4373,20,2023-04-07 01:19:49,98.2,14.54,19.4,365.766,11,fast
4374,41,2024-01-06 02:52:09,95.34,57.09,28.26,357.869,22,slow
4375,47,2023-12-14 15:06:40,96.33,26.22,11.8,406.125,29,rapid
4376,30,2023-01-28 23:30:11,100.91,42.95,-9.75,389.498,3,fast
4377,47,2024-05-22 21:44:57,94.38,18.47,42.38,383.097,65,rapid
4378,21,2024-12-09 00:22:33,97.51,15.41,10.7,385.839,49,slow
4379,16,2023-04-18 13:35:39,100.51,31.62,28.28,394.941,11,slow
4380,6,2024-08-06 11:25:39,95.23,75.91,1.77,345.578,66,slow
4381,47,2023-04-21 01:50:15,98.76,31.79,-6.3,363.629,11,slow
4382,40,2024-04-06 11:27:55,95.42,99.83,21.28,392.817,32,fast
4383,2,2024-04-15 18:34:12,96.93,36.16,22.2,359.968,28,fast
4384,9,2023-07-20 05:19:26,99.31,75.47,44.47,399.394,26,fast
4385,15,2024-04-03 23:47:09,97.96,69.58,13.27,356.869,58,rapid
4386,6,2023-05-16 10:59:24,100.08,88.97,-8.51,354.818,9,fast
4387,4,2024-05-06 03:53:47,95.8,46.91,24.33,418.235,60,rapid
4388,13,2023-02-25 09:36:27,101.33,51.24,3.49,409.098,4,slow
4389,15,2024-04-02 06:42:30,99.02,33.12,44.87,362.375,47,rapid
4390,29,2023-09-30 20:14:02,97.98,71.95,27.49,366.928,19,rapid
4391,44,2023-09-23 02:52:02,98.98,96.49,32.52,370.604,28,slow
4392,10,2023-04-14 07:10:58,98.72,78.38,14.78,414.142,11,slow
4393,38,2023-01-13 13:05:55,99.21,45.24,6.04,358.195,0,slow
4394,22,2024-06-09 00:33:04,94.75,29.94,39.11,384.84,62,slow
4395,45,2023-04-14 18:31:06,99.35,65.2,-3.5,419.972,5,fast
4396,42,2024-09-02 17:29:23,95.67,29.98,11.31,366.68,74,slow
4397,16,2024-11-09 13:40:50,93.57,51.92,40.23,402.507,67,rapid
4398,13,2023-08-09 14:23:11,98.56,76.37,10.99,403.938,18,fast
4399,5,2023-04-23 10:03:22,97.92,52.47,44.89,378.801,7,slow
4400,28,2024-02-23 23:50:00,98.11,74.52,17.29,378.512,51,rapid
4401,13,2024-03-01 16:33:36,98.86,73.68,44.26,356.652,47,rapid
4402,9,2023-03-21 09:23:19,99.92,99.56,30.0,380.831,8,slow
4403,7,2023-11-05 16:12:24,97.51,88.97,33.04,397.651,30,rapid
4404,48,2023-10-16 17:15:26,98.9,74.32,-2.64,390.799,15,fast
4405,26,2024-01-26 07:45:59,100.77,83.07,-0.55,376.036,50,fast
4406,12,2024-04-27 13:33:07,94.9,86.41,27.28,383.128,24,slow
4407,42,2024-12-22 01:44:35,97.24,83.19,39.07,390.153,92,slow
4408,47,2023-09-16 02:24:19,98.48,94.65,-4.65,385.113,26,slow
4409,3,2024-04-29 23:15:53,96.85,45.57,37.96,351.471,28,fast
4410,23,2024-09-13 15:20:16,97.79,10.85,21.55,413.786,82,fast
4411,17,2023-03-02 19:41:25,100.24,62.12,4.29,360.142,5,fast
4412,10,2024-05-19 22:08:54,97.22,62.94,24.34,386.491,38,fast
4413,49,2023-08-29 06:52:23,99.11,36.68,27.47,369.946,16,rapid
4414,8,2024-09-02 22:27:56,95.2,81.4,0.16,384.848,58,rapid
4415,17,2024-06-05 04:44:53,97.55,96.15,6.66,395.518,65,slow
4416,28,2024-08-17 06:55:40,97.68,73.5,-2.65,384.063,73,rapid
4417,1,2024-06-11 10:13:16,95.46,38.08,44.59,409.8,28,slow
4418,23,2023-04-26 17:41:56,99.0,68.79,32.65,386.009,12,rapid
4419,40,2023-01-24 13:04:14,100.51,59.26,19.82,383.469,2,slow
4420,17,2023-10-20 22:31:58,99.21,10.04,22.21,375.485,30,rapid
4421,22,2024-05-20 01:43:08,99.1,32.43,25.78,415.16,44,rapid
4422,35,2024-05-29 10:13:03,95.42,58.13,18.62,397.435,29,rapid
4423,12,2023-11-01 17:27:29,99.11,34.17,38.82,352.817,21,slow
4424,34,2024-12-19 03:23:41,93.05,35.86,43.5,371.98,41,rapid
4425,47,2024-08-11 22:37:18,94.8,93.07,15.21,345.386,76,slow
4426,29,2024-08-28 16:12:31,96.41,65.45,4.08,396.086,63,slow
4427,24,2024-12-25 04:23:55,95.89,86.94,27.81,391.333,91,rapid
4428,49,2023-06-19 15:54:54,99.36,84.56,-1.69,407.039,15,rapid
4429,25,2024-09-15 13:51:17,94.15,19.35,9.77,406.809,31,slow
4430,32,2023-04-10 08:27:59,98.92,51.97,10.94,394.581,7,fast
4431,19,2024-07-31 17:31:07,92.88,35.91,44.89,344.119,55,rapid
4432,46,2023-08-12 14:23:49,97.17,41.24,29.77,350.745,27,fast
4433,9,2024-04-28 04:05:33,96.88,58.98,-3.94,373.819,61,fast
4434,39,2024-01-05 11:39:41,97.33,34.28,31.09,403.622,28,rapid
4435,21,2024-01-20 17:02:13,99.27,77.79,43.6,356.489,35,rapid
4436,38,2024-08-22 13:09:04,97.65,33.01,33.31,354.962,78,rapid
4437,35,2023-03-10 15:57:42,98.52,44.49,14.15,367.562,6,rapid
4438,43,2024-08-07 02:51:37,96.66,64.35,34.93,364.796,68,fast
4439,34,2023-01-25 21:07:26,100.55,49.83,36.31,345.823,1,rapid
4440,18,2023-11-21 21:12:03,97.22,54.88,13.22,352.093,22,fast
4441,1,2023-12-03 13:36:17,98.89,34.8,4.66,390.206,21,fast
4442,9,2023-08-30 20:14:07,97.1,70.02,11.44,386.984,22,fast
4443,21,2023-02-22 07:12:01,100.08,32.46,1.13,357.801,5,slow
4444,40,2024-03-15 16:44:39,94.84,48.85,-8.34,345.363,56,fast
4445,8,2023-10-11 02:07:03,97.34,51.26,26.21,346.017,20,rapid
4446,18,2023-09-13 00:01:22,99.39,99.7,23.94,346.284,13,rapid
4447,30,2023-12-19 09:33:14,95.88,19.28,39.3,413.507,24,slow
4448,21,2024-10-21 21:00:52,93.28,96.72,-2.56,387.835,79,slow
4449,30,2023-11-12 02:39:10,99.25,15.31,33.2,354.445,29,fast
4450,22,2024-09-25 03:44:54,93.73,71.09,-2.88,374.841,75,rapid
4451,5,2023-12-31 01:03:55,96.47,67.53,23.55,367.617,23,fast
4452,46,2024-04-06 01:57:43,94.73,56.55,-9.41,365.126,33,fast
4453,4,2023-02-13 05:00:54,102.11,78.02,19.11,416.974,5,slow
4454,41,2023-04-20 03:36:17,97.62,47.56,-2.89,405.311,12,rapid
4455,16,2023-06-30 15:12:04,98.1,62.08,12.45,400.192,22,fast
4456,6,2024-12-20 09:27:38,94.68,77.19,20.68,354.101,81,fast
4457,16,2023-04-06 08:12:03,101.19,51.02,-0.52,416.422,7,fast
4458,32,2024-08-20 23:50:04,95.78,58.51,36.68,382.395,67,slow
4459,27,2024-11-02 01:17:41,94.76,24.7,18.54,350.8,59,slow
4460,8,2024-08-10 10:07:09,96.6,51.74,27.34,405.508,71,rapid
4461,31,2024-02-21 09:07:37,97.43,53.04,27.45,377.634,30,fast
4462,23,2024-01-25 05:39:25,97.28,34.55,28.15,366.214,21,fast
4463,35,2023-01-07 06:00:18,98.66,29.29,13.52,363.821,0,rapid
4464,41,2023-07-24 16:32:00,99.18,59.97,39.93,367.07,22,slow
4465,31,2024-05-16 01:37:09,95.64,67.21,8.97,405.955,46,rapid
4466,16,2023-04-22 12:17:47,99.76,99.4,-6.41,412.696,6,slow
4467,36,2023-05-26 01:57:04,98.78,60.89,-6.91,356.231,14,fast
4468,30,2023-10-06 14:23:52,98.35,66.88,33.59,359.829,22,rapid
4469,15,2023-10-05 09:38:42,97.59,62.3,27.0,372.812,28,rapid
4470,7,2023-06-12 17:05:41,99.66,82.24,-2.26,358.589,17,rapid
4471,47,2023-03-18 23:22:14,99.01,73.99,26.93,376.16,8,rapid
4472,16,2024-11-20 20:15:35,97.68,44.0,3.54,381.253,86,slow
4473,33,2023-05-09 11:55:01,98.41,71.07,24.7,412.462,11,fast
4474,16,2023-01-26 18:27:49,99.77,38.1,-0.08,402.819,1,slow
4475,29,2024-10-07 06:48:32,96.42,58.52,26.97,397.61,46,fast
4476,15,2023-10-28 17:59:54,98.19,22.73,-8.95,410.91,23,fast
4477,25,2023-02-25 08:30:16,99.82,87.27,-5.0,354.058,3,rapid
4478,41,2023-11-19 03:09:18,96.15,27.04,26.5,360.813,19,rapid
4479,42,2024-03-24 02:36:26,94.9,68.01,40.65,393.876,47,slow
4480,35,2023-09-15 04:48:12,100.26,96.13,-6.95,354.166,16,slow
4481,6,2023-09-09 17:57:25,98.39,73.18,25.43,341.047,32,slow
4482,10,2023-08-30 03:41:03,98.08,23.89,42.4,383.949,28,fast
4483,48,2023-06-29 17:47:27,99.23,30.21,32.47,381.658,15,fast
4484,10,2024-01-10 22:12:12,97.67,56.77,-4.31,395.814,35,fast
4485,27,2023-05-31 21:28:09,99.32,76.89,30.58,358.101,7,fast
4486,28,2024-01-29 11:31:05,97.51,38.88,24.42,406.437,36,fast
4487,44,2023-05-03 10:48:50,99.7,86.22,14.02,414.295,11,slow
4488,47,2024-06-09 17:57:51,97.87,80.96,16.44,383.15,38,slow
4489,43,2023-12-08 20:24:34,99.15,69.31,11.69,393.673,35,fast
4490,29,2024-10-20 20:24:54,94.72,66.75,41.72,347.962,61,rapid
4491,20,2023-12-27 13:35:58,96.15,44.71,22.9,399.664,23,rapid
4492,25,2023-01-19 05:44:31,100.64,17.87,5.05,414.784,2,rapid
4493,17,2024-06-05 06:21:50,96.98,12.61,27.16,370.522,34,fast
4494,49,2023-12-19 16:53:19,98.08,15.33,43.41,419.068,32,slow
4495,41,2024-10-14 15:28:40,95.96,15.41,5.76,410.846,67,slow
4496,25,2023-02-16 13:55:40,100.59,77.0,38.14,342.093,4,slow
4497,30,2024-06-21 07:17:13,97.1,95.54,-1.15,345.923,49,fast
4498,27,2024-01-19 13:33:33,97.1,37.39,17.55,380.925,50,slow
4499,46,2024-05-01 11:35:58,97.73,80.68,37.26,380.184,62,slow
4500,28,2024-11-14 00:06:26,92.15,31.73,1.65,346.562,82,slow
4501,16,2023-09-03 23:43:34,100.01,49.2,15.15,377.23,23,rapid
4502,8,2024-05-25 11:06:51,96.79,81.04,4.06,349.153,38,fast
4503,25,2023-05-24 14:49:47,99.3,24.2,34.74,379.064,16,rapid
4504,19,2023-11-13 06:31:54,99.86,48.33,27.31,347.015,35,fast
4505,5,2024-02-08 02:15:29,98.04,89.55,27.03,386.29,25,rapid
4506,15,2023-11-30 09:06:44,97.06,79.27,-1.91,342.362,37,slow
4507,39,2023-12-14 21:57:42,99.2,84.9,1.69,363.786,21,slow
4508,37,2023-12-04 02:07:36,97.89,32.0,29.95,373.757,30,slow
4509,40,2023-12-01 20:12:44,98.98,51.16,-8.62,409.813,40,slow
4510,31,2023-08-23 08:01:17,97.91,63.59,6.33,415.14,16,fast
4511,44,2023-09-05 23:15:30,98.22,59.54,24.38,357.012,20,slow
4512,7,2023-08-16 14:07:34,98.01,85.2,16.94,348.948,12,rapid
4513,35,2024-06-09 13:55:11,97.76,88.97,-7.12,352.735,62,fast
4514,47,2024-01-28 19:30:28,97.64,31.3,-7.86,411.012,34,fast
4515,24,2023-12-15 18:52:37,100.66,75.28,21.33,364.265,32,rapid
4516,9,2024-01-21 20:51:43,96.46,55.62,36.54,396.711,48,fast
4517,29,2023-10-14 12:36:52,97.01,26.74,-0.6,393.619,33,slow
4518,38,2023-04-28 03:45:23,100.03,43.78,9.53,365.173,13,rapid
4519,25,2023-06-09 15:45:06,97.53,72.01,23.04,365.534,19,slow
4520,36,2023-12-21 00:13:08,95.1,47.47,-7.09,404.511,20,slow
4521,14,2024-09-15 03:09:18,95.45,39.44,5.83,384.085,36,rapid
4522,18,2023-09-13 22:23:56,98.6,73.16,19.91,365.172,19,rapid
4523,41,2024-09-22 05:36:53,94.66,87.92,9.02,356.223,64,rapid
4524,36,2023-12-14 17:45:05,96.79,62.44,30.88,392.868,19,rapid
4525,10,2024-11-27 09:02:01,94.48,99.23,33.76,369.373,68,rapid
4526,39,2023-10-24 01:00:34,96.87,97.42,7.69,370.361,15,slow
4527,26,2023-09-26 06:15:48,97.58,18.52,9.04,413.117,18,fast
4528,24,2024-03-05 03:16:31,98.68,86.54,27.26,393.9,45,slow
4529,27,2023-11-07 14:24:16,98.81,99.85,16.6,392.675,20,slow
4530,13,2023-12-05 21:15:46,97.3,58.38,5.04,397.633,22,slow
4531,2,2024-12-03 10:45:13,92.65,64.24,2.87,382.369,80,slow
4532,28,2024-03-30 10:12:31,96.6,20.27,23.18,389.615,56,rapid
4533,34,2023-12-18 18:48:26,97.5,82.98,0.89,340.531,36,rapid
4534,8,2023-12-02 13:52:35,99.07,47.71,-7.69,361.584,30,slow
4535,21,2023-06-04 15:14:22,98.95,65.16,8.17,375.996,8,slow
4536,12,2023-01-08 16:24:57,100.14,75.43,41.62,415.284,0,rapid
4537,7,2024-08-05 06:06:16,94.72,91.68,-6.87,365.987,38,rapid
4538,50,2023-07-24 16:10:38,99.59,21.8,9.04,361.183,23,rapid
4539,13,2023-07-20 03:31:24,98.79,68.05,-5.39,353.845,15,slow
4540,10,2023-09-15 03:11:50,98.89,67.26,1.16,395.391,17,rapid
4541,5,2023-07-05 13:07:37,97.11,76.06,-9.19,360.421,19,rapid
4542,31,2024-05-23 17:34:57,97.65,54.68,26.0,358.397,51,rapid
4543,33,2023-03-21 04:01:59,98.06,91.85,29.66,341.067,8,rapid
4544,32,2023-11-22 14:34:49,96.81,53.24,6.77,356.487,41,fast
4545,41,2024-05-20 08:46:43,97.6,51.4,6.34,376.447,58,rapid
4546,5,2024-01-30 03:26:53,95.19,71.51,0.96,399.323,32,slow
4547,14,2023-11-01 05:44:29,98.8,47.94,7.21,357.655,39,fast
4548,7,2024-11-28 18:21:56,94.15,81.7,11.73,403.966,77,fast
4549,36,2024-08-09 03:21:21,95.01,71.24,14.8,416.4,49,slow
4550,23,2024-11-20 12:36:40,91.87,11.15,4.71,392.016,80,slow
4551,11,2023-12-09 03:20:48,96.75,90.01,23.49,415.441,29,rapid
4552,34,2023-12-27 09:21:17,98.25,26.6,6.63,341.127,35,fast
4553,22,2023-03-05 03:30:42,97.86,61.17,23.3,407.882,4,slow
4554,37,2024-08-27 12:58:45,94.07,47.16,12.99,408.307,58,fast
4555,41,2023-10-23 00:34:25,98.56,70.69,18.82,347.315,35,slow
4556,14,2024-11-11 15:15:34,95.07,30.0,39.1,351.605,65,fast
4557,12,2024-07-13 07:41:27,97.32,28.35,-2.97,401.649,68,slow
4558,49,2023-01-29 23:19:23,98.93,68.19,5.91,413.519,2,fast
4559,1,2023-05-28 11:44:48,99.02,10.16,8.6,380.293,15,slow
4560,11,2023-01-19 13:48:17,99.37,42.0,-7.24,407.077,1,fast
4561,26,2024-04-06 08:58:02,98.87,49.16,-1.08,405.282,53,fast
4562,16,2024-02-14 04:03:43,97.4,37.15,17.14,359.647,32,fast
4563,40,2023-11-23 00:33:09,99.36,13.15,22.27,416.743,26,slow
4564,50,2024-05-07 21:21:12,97.69,22.35,26.13,388.578,61,fast
4565,50,2023-07-20 23:42:41,96.53,18.52,-1.96,340.629,26,fast
4566,50,2023-11-02 05:31:05,96.44,37.91,33.74,359.857,36,slow
4567,7,2023-07-02 05:09:09,100.12,37.78,43.2,369.435,19,slow
4568,47,2024-12-15 13:07:00,96.0,56.3,22.24,411.016,80,rapid
4569,19,2023-01-10 05:43:02,100.32,79.9,38.55,369.346,0,rapid
4570,1,2023-05-23 04:18:51,100.07,80.01,-1.83,352.158,7,fast
4571,42,2023-03-12 09:49:11,97.66,73.0,29.0,408.89,5,rapid
4572,26,2023-07-23 05:59:44,99.45,52.93,-8.26,409.588,12,slow
4573,34,2023-12-26 19:00:28,99.99,75.36,20.14,409.391,34,fast
4574,11,2024-09-05 10:00:05,98.07,86.65,23.97,340.702,68,slow
4575,27,2024-03-22 19:27:16,95.89,16.25,8.84,371.165,47,fast
4576,10,2023-04-21 22:25:45,99.14,35.84,32.38,416.508,8,fast
4577,8,2023-10-11 10:47:57,98.09,83.0,2.6,392.741,34,fast
4578,9,2023-12-25 08:45:22,98.57,71.98,6.31,414.253,38,fast
4579,3,2024-11-21 07:14:46,97.92,92.78,10.78,375.982,52,fast
4580,4,2023-11-22 10:21:08,98.71,35.83,5.99,398.704,16,rapid
4581,45,2024-01-16 01:11:25,98.24,24.12,-8.36,390.861,33,rapid
4582,4,2023-01-19 03:46:03,100.08,92.11,31.63,348.61,1,fast
4583,33,2023-02-11 04:00:37,99.22,95.22,27.03,380.667,3,rapid
4584,33,2024-12-28 19:02:54,96.98,79.62,19.45,407.505,42,rapid
4585,20,2024-02-25 05:59:47,97.39,84.76,4.42,395.971,27,rapid
4586,12,2023-04-23 04:52:30,97.77,99.21,-6.75,401.273,6,rapid
4587,12,2024-09-01 01:39:44,95.58,79.6,7.21,351.54,34,fast
4588,28,2023-12-11 09:14:23,97.57,22.92,33.91,392.772,28,fast
4589,28,2024-07-12 18:58:11,96.8,71.64,20.61,357.932,53,rapid
4590,43,2024-02-16 04:39:11,98.95,63.08,14.46,348.789,48,slow
4591,50,2024-02-10 05:16:56,97.5,74.42,39.38,382.413,35,fast
4592,13,2023-06-19 01:20:39,98.84,58.35,15.07,416.057,10,fast
4593,50,2024-08-24 19:52:46,95.77,77.2,-3.98,373.354,46,rapid
4594,47,2024-04-23 01:28:50,95.86,37.77,16.57,371.344,25,rapid
4595,12,2024-06-06 06:01:52,94.89,53.34,24.6,386.98,64,rapid
4596,40,2023-11-14 10:01:49,99.05,86.0,-5.1,359.675,36,fast
4597,22,2024-04-10 23:35:37,95.19,70.97,-5.99,392.829,26,slow
4598,6,2024-09-22 08:47:27,96.09,23.34,36.76,360.418,72,rapid
4599,50,2024-06-16 04:21:39,95.38,58.77,-1.85,344.874,49,rapid
4600,25,2024-06-06 09:06:07,95.3,78.92,-3.02,342.853,29,slow
4601,17,2024-06-22 10:19:00,95.97,99.98,32.95,392.6,33,rapid
4602,13,2023-08-08 13:29:44,97.77,23.71,3.58,406.532,28,slow
4603,29,2023-02-17 03:37:49,101.07,68.41,5.13,406.583,3,slow
4604,15,2023-11-04 07:38:20,96.45,19.61,38.62,391.448,21,slow
4605,20,2023-05-15 13:00:13,100.0,95.65,15.14,417.341,17,slow
4606,49,2024-06-19 14:26:15,92.6,96.26,-4.21,344.75,43,fast
4607,21,2024-10-29 18:24:21,94.79,24.34,15.95,349.673,42,slow
4608,37,2024-06-06 02:44:50,96.37,91.62,-1.4,402.014,54,rapid
4609,18,2023-06-02 11:11:45,98.78,78.17,23.43,400.389,18,slow
4610,31,2024-02-11 04:08:22,96.04,74.9,8.98,392.197,33,slow
4611,24,2023-11-13 13:23:23,100.76,34.54,26.8,390.843,24,slow
4612,19,2024-08-12 19:47:17,97.61,61.74,-9.71,399.804,75,slow
4613,34,2023-09-30 01:12:26,97.0,69.38,16.83,364.754,17,rapid
4614,5,2024-02-15 13:37:59,95.97,96.67,43.05,404.832,23,rapid
4615,13,2024-12-11 19:38:29,94.11,27.2,-3.55,359.49,42,rapid
4616,10,2024-06-17 10:47:09,93.21,77.09,14.02,403.231,40,fast
4617,34,2024-09-05 01:17:45,93.13,69.01,36.12,362.329,60,rapid
4618,46,2023-03-11 11:13:30,100.55,13.6,1.53,406.301,6,slow
4619,26,2023-02-25 03:11:59,99.49,65.45,11.93,344.188,4,fast
4620,1,2024-04-09 02:34:35,97.76,12.68,31.48,378.495,39,rapid
4621,42,2023-03-09 09:56:54,98.32,23.82,-8.78,367.539,4,fast
4622,14,2023-09-28 00:38:20,97.22,35.27,34.92,380.286,28,slow
4623,29,2023-08-27 14:58:50,98.88,98.61,18.99,383.67,14,rapid
4624,42,2023-05-21 13:58:00,98.48,79.82,9.33,351.57,9,slow
4625,16,2024-02-20 19:40:41,95.52,19.01,16.33,388.051,40,fast
4626,49,2023-06-12 05:14:29,98.94,17.78,-7.09,371.732,9,fast
4627,39,2024-05-06 03:13:17,95.92,80.39,-3.16,340.378,35,fast
4628,33,2023-12-30 03:12:10,98.75,69.4,22.79,378.497,41,slow
4629,36,2023-04-24 14:03:28,98.43,14.15,-4.08,362.308,12,rapid
4630,9,2023-04-01 21:08:30,99.07,59.93,38.42,385.917,11,rapid
4631,39,2023-08-06 01:12:24,98.18,67.7,26.94,413.357,15,fast
4632,39,2023-01-09 16:12:02,98.8,47.93,-3.79,389.056,0,slow
4633,34,2024-07-18 14:10:59,97.45,86.26,20.4,396.573,36,fast
4634,14,2023-12-23 00:02:18,98.62,71.12,43.99,377.207,18,rapid
4635,9,2024-08-09 00:02:14,95.2,58.93,40.27,407.064,50,slow
4636,27,2024-04-24 00:48:56,97.06,87.89,35.51,375.303,40,rapid
4637,50,2024-11-20 16:04:00,94.55,21.05,36.95,380.991,49,rapid
4638,14,2024-04-13 08:05:18,97.5,10.14,-7.83,396.257,31,rapid
4639,22,2023-11-28 22:10:45,98.71,49.54,17.58,401.826,37,slow
4640,26,2023-12-28 10:38:32,96.99,67.51,13.73,345.249,39,rapid
4641,32,2024-12-14 00:01:37,94.7,83.06,38.48,391.849,50,rapid
4642,35,2023-01-02 21:32:21,99.98,86.54,-6.14,417.124,0,fast
4643,45,2024-02-18 21:28:26,98.45,58.76,25.9,384.379,47,fast
4644,22,2023-11-05 20:37:25,99.58,92.39,40.19,419.832,26,rapid
4645,20,2023-06-19 17:55:48,97.72,12.54,32.57,399.558,11,fast
4646,31,2024-06-11 14:40:10,97.07,97.26,43.1,370.752,41,rapid
4647,49,2023-06-29 15:32:36,99.15,75.35,31.83,387.458,20,fast
4648,4,2023-07-22 03:40:16,97.72,26.54,21.5,386.536,14,rapid
4649,44,2024-07-05 22:06:33,98.7,61.6,7.2,404.516,53,slow
4650,46,2024-08-02 09:37:19,96.6,36.19,29.34,362.355,76,fast
4651,32,2024-07-06 19:57:01,96.87,38.35,9.52,346.037,70,rapid
4652,26,2024-08-12 06:39:03,94.31,22.81,32.02,357.77,65,rapid
4653,33,2023-05-05 15:06:14,98.95,44.36,33.58,350.849,13,slow
4654,46,2023-12-22 01:18:36,98.11,63.69,-5.8,354.669,41,fast
4655,30,2023-01-18 16:31:05,100.47,17.61,4.27,351.46,1,slow
4656,2,2023-05-23 08:18:24,97.01,65.3,17.74,384.64,17,fast
4657,29,2023-06-12 07:24:48,98.6,25.14,44.16,340.599,12,slow
4658,9,2024-05-30 18:48:27,95.8,78.48,10.61,407.896,52,fast
4659,49,2024-06-09 13:03:21,93.96,38.52,33.43,405.477,67,fast
4660,27,2024-04-12 15:31:02,97.51,51.84,-1.11,341.164,25,fast
4661,45,2024-01-13 10:06:37,96.68,80.38,16.08,371.109,47,slow
4662,7,2023-09-26 00:54:43,98.57,26.49,40.45,418.152,23,rapid
4663,35,2024-09-07 12:51:25,93.66,59.16,19.37,408.143,49,rapid
4664,7,2024-02-26 12:21:07,95.62,36.05,21.31,344.883,54,fast
4665,21,2024-12-22 12:30:16,96.0,51.72,43.69,418.802,37,slow
4666,2,2023-06-29 20:34:24,98.92,84.55,41.2,367.694,9,fast
4667,41,2023-06-30 19:26:48,99.89,10.02,43.49,373.403,23,rapid
4668,30,2024-02-26 20:08:38,98.11,69.79,35.1,373.308,22,rapid
4669,15,2023-06-03 18:46:31,99.69,55.52,7.57,341.691,16,rapid
4670,48,2023-02-24 01:25:03,100.2,36.0,7.74,383.012,3,rapid
4671,14,2023-05-15 16:27:03,97.58,81.14,11.53,416.351,10,rapid
4672,21,2024-10-29 20:30:15,95.72,63.97,-5.65,378.588,84,rapid
4673,29,2024-03-14 03:30:33,97.14,67.58,-8.26,408.884,36,slow
4674,21,2024-09-24 10:02:38,95.05,13.98,41.55,405.121,49,slow
4675,30,2024-06-16 13:54:54,98.51,98.01,41.07,355.937,51,slow
4676,27,2024-11-15 05:21:49,98.03,37.74,5.43,341.434,89,rapid
4677,2,2023-11-22 19:09:32,98.14,44.21,7.67,377.806,31,rapid
4678,16,2023-02-24 20:02:45,100.71,24.37,36.53,387.409,6,slow
4679,6,2024-02-05 07:48:13,98.51,19.89,42.42,394.677,42,fast
4680,23,2023-02-24 18:35:33,100.07,94.82,-5.47,379.077,3,slow
4681,35,2024-06-03 18:10:07,98.17,20.97,29.26,404.034,31,rapid
4682,30,2024-05-09 02:06:37,97.26,60.69,41.58,397.115,29,rapid
4683,7,2024-06-15 00:37:45,96.13,35.29,19.7,372.818,28,rapid
4684,21,2024-09-12 10:29:34,96.7,77.85,23.74,380.037,63,fast
4685,4,2023-12-15 22:02:10,96.63,63.56,0.46,419.594,38,slow
4686,10,2023-02-08 23:50:54,98.93,79.34,0.21,351.399,2,rapid
4687,19,2023-09-19 14:13:41,98.4,61.56,18.3,405.846,22,fast
4688,10,2024-10-14 13:21:52,94.38,30.11,10.75,346.866,34,rapid
4689,10,2023-03-29 17:38:50,99.75,38.76,31.62,393.758,7,fast
4690,5,2023-07-08 03:50:10,99.25,60.75,24.62,389.669,22,rapid
4691,20,2023-05-20 20:38:00,99.33,67.86,17.4,379.315,12,slow
4692,19,2023-09-20 08:28:23,99.35,16.5,9.76,350.935,32,slow
4693,8,2023-11-07 05:36:13,96.14,78.29,9.54,385.383,38,slow
4694,43,2024-03-17 04:16:02,95.14,32.58,4.53,385.956,38,fast
4695,47,2024-11-02 01:25:15,95.57,23.21,-6.92,389.187,62,fast
4696,26,2023-02-27 07:50:12,100.02,69.38,37.64,409.478,4,slow
4697,1,2023-12-07 10:43:48,98.07,82.88,-9.26,347.31,18,slow
4698,13,2023-03-31 05:19:05,100.74,48.88,15.56,408.826,6,slow
4699,27,2023-06-01 18:24:55,98.95,33.1,5.41,417.593,12,slow
4700,29,2023-12-04 10:59:18,97.22,37.59,19.04,411.64,33,fast
4701,24,2024-04-29 06:50:55,98.7,94.98,41.84,394.462,51,fast
4702,9,2023-09-05 20:47:13,97.9,55.01,17.35,363.662,15,slow
4703,1,2024-08-29 14:59:04,96.08,29.22,12.75,340.885,45,slow
4704,16,2023-05-18 09:11:43,99.36,78.55,-4.0,363.053,14,slow
4705,17,2024-08-07 11:36:55,99.02,39.52,18.11,355.376,71,slow
4706,45,2024-02-01 14:28:00,98.72,48.79,23.37,359.497,30,rapid
4707,18,2024-04-08 23:36:49,97.71,98.22,3.59,355.61,37,slow
4708,23,2024-06-25 20:56:36,94.3,75.81,-7.1,376.054,31,fast
4709,44,2024-08-14 20:09:14,97.82,71.53,41.33,380.227,50,rapid
4710,9,2023-11-11 14:59:12,98.29,12.35,-4.69,370.128,17,slow
4711,13,2023-01-27 17:27:56,100.32,82.99,31.89,361.96,2,rapid
4712,19,2023-01-06 22:35:01,101.03,36.54,17.12,369.799,0,rapid
4713,26,2024-04-28 00:16:47,96.13,64.81,21.81,396.173,46,slow
4714,11,2024-01-29 17:14:23,96.4,10.62,43.33,404.694,38,slow
4715,30,2023-12-31 22:24:56,95.41,57.34,36.05,377.044,47,slow
4716,30,2024-04-03 19:53:17,96.52,54.67,8.12,390.691,39,fast
4717,28,2023-04-06 10:42:22,99.86,76.26,5.56,398.186,7,fast
4718,25,2023-10-07 14:02:54,99.36,29.29,38.88,403.768,25,fast
4719,39,2024-02-15 01:04:55,97.77,23.09,19.63,415.85,37,slow
4720,7,2023-05-21 12:48:06,99.1,42.95,17.61,393.401,10,slow
4721,21,2023-05-09 22:49:59,98.18,72.82,42.61,408.051,16,slow
4722,13,2023-03-25 14:10:13,99.46,48.82,29.87,351.448,6,rapid
4723,17,2023-10-04 09:05:35,99.05,16.05,-0.22,344.492,25,slow
4724,28,2023-09-05 20:24:45,97.41,78.1,4.04,354.84,24,fast
4725,50,2023-06-24 01:27:11,97.77,93.67,22.95,349.699,11,rapid
4726,39,2024-11-02 05:07:45,93.81,83.87,27.35,354.759,41,fast
4727,47,2023-12-03 10:26:22,100.3,41.24,-5.36,412.795,31,fast
4728,45,2023-08-18 21:26:40,98.39,24.16,-3.39,366.268,15,slow
4729,45,2024-08-10 14:06:39,97.86,12.36,6.02,411.052,59,slow
4730,47,2024-10-31 17:10:49,96.03,34.09,19.41,364.684,86,slow
4731,41,2024-08-24 14:56:56,96.93,96.03,-4.16,377.168,35,rapid
4732,36,2024-11-10 05:45:46,95.26,22.14,16.35,363.252,80,rapid
4733,17,2024-05-23 22:43:28,96.06,63.17,12.15,378.996,64,fast
4734,44,2024-02-24 07:58:46,95.78,45.89,23.01,376.042,45,slow
4735,43,2024-04-20 09:20:54,98.7,86.55,11.58,343.32,44,slow
4736,7,2023-03-20 19:19:09,100.05,37.0,5.93,411.615,7,rapid
4737,31,2023-06-28 18:43:05,99.81,20.62,27.78,398.257,10,fast
4738,16,2024-03-14 22:15:29,96.12,79.12,-6.91,346.389,46,slow
4739,28,2023-04-11 17:32:41,99.65,14.66,39.82,378.296,9,rapid
4740,32,2023-12-04 07:24:22,97.81,77.27,4.09,394.888,27,slow
4741,26,2023-07-26 23:37:27,96.6,83.76,31.92,383.278,15,rapid
4742,20,2023-07-26 10:35:01,100.39,35.82,-6.8,361.805,20,rapid
4743,33,2023-11-10 19:45:18,99.07,60.31,44.42,363.433,18,fast
4744,22,2024-11-17 23:58:54,95.96,90.26,13.19,417.064,88,slow
4745,7,2023-09-24 11:15:26,98.78,72.57,35.64,419.394,33,slow
4746,6,2023-04-28 12:38:36,98.59,58.5,-3.99,372.988,9,fast
4747,14,2023-08-20 15:12:08,97.27,47.5,27.85,379.327,20,slow
4748,19,2023-10-13 06:25:31,98.18,43.89,44.21,399.917,27,fast
4749,45,2023-07-03 12:09:55,98.76,42.36,0.16,409.982,18,slow
4750,2,2023-09-15 19:06:39,99.49,17.39,1.53,354.559,32,slow
4751,21,2024-02-19 21:34:04,96.99,18.87,24.49,340.834,39,rapid
4752,33,2023-12-29 21:59:28,97.49,47.16,9.08,402.656,32,slow
4753,5,2024-08-19 10:32:45,94.07,50.93,0.54,412.185,38,slow
4754,2,2023-11-23 05:20:51,99.13,87.88,27.17,403.106,28,rapid
4755,23,2024-12-26 16:01:11,97.44,80.02,43.95,402.319,36,rapid
4756,13,2023-06-29 10:14:57,100.33,42.28,3.19,409.131,18,rapid
4757,24,2024-04-09 01:45:59,96.89,69.94,18.38,371.302,40,rapid
4758,5,2023-11-02 07:53:20,98.12,64.97,36.74,365.345,23,slow
4759,13,2024-09-06 23:31:15,95.46,70.38,15.99,365.867,69,rapid
4760,1,2023-08-14 11:27:47,99.3,81.32,7.62,384.518,18,rapid
4761,38,2024-03-27 09:34:42,97.8,52.92,14.63,374.62,51,fast
4762,13,2024-01-30 09:52:40,94.73,88.68,22.47,403.549,20,rapid
4763,18,2024-07-29 16:05:36,95.24,94.48,-1.52,341.943,70,fast
4764,30,2024-08-01 17:45:57,94.53,36.73,44.51,415.865,61,fast
4765,17,2023-02-10 19:23:06,100.09,52.7,13.76,380.716,5,fast
4766,29,2024-08-03 19:53:16,97.01,34.35,9.99,412.94,47,slow
4767,42,2023-01-27 20:03:16,99.32,56.56,18.89,401.886,3,rapid
4768,21,2023-07-15 17:30:21,98.63,94.57,7.52,346.704,25,slow
4769,42,2023-04-17 12:45:30,99.24,89.82,33.26,359.687,7,slow
4770,49,2024-12-14 21:50:20,94.98,97.15,26.87,360.191,61,fast
4771,38,2024-12-05 22:06:10,97.67,43.79,25.39,395.236,54,slow
4772,13,2023-12-30 02:18:50,98.59,21.12,24.86,370.333,36,rapid
4773,40,2024-02-11 02:03:48,97.05,92.73,39.09,391.236,50,slow
4774,27,2023-07-14 19:16:31,100.32,61.16,29.22,385.754,15,rapid
4775,22,2023-05-20 22:22:10,98.19,45.6,-3.16,417.137,13,fast
4776,1,2023-08-18 05:25:01,97.68,47.33,-6.8,417.772,16,rapid
4777,2,2023-12-07 00:48:46,97.45,11.38,16.83,376.814,24,rapid
4778,31,2024-09-04 17:18:26,95.23,56.45,31.71,361.582,73,rapid
4779,45,2023-04-29 01:05:59,100.06,32.22,19.28,380.308,11,fast
4780,27,2024-02-29 12:10:08,97.31,21.29,42.32,393.227,36,fast
4781,25,2023-10-10 00:25:26,98.99,69.87,27.83,389.302,27,slow
4782,44,2024-06-05 04:30:08,97.21,33.78,35.35,358.539,66,slow
4783,10,2024-02-28 21:05:26,97.17,67.31,15.88,359.293,33,fast
4784,40,2024-09-20 18:04:30,93.97,43.7,9.6,415.177,34,rapid
4785,39,2023-03-22 13:25:16,99.73,64.84,2.93,378.745,6,slow
4786,25,2023-06-19 02:35:07,97.47,35.3,-4.28,349.635,10,slow
4787,22,2023-04-02 05:13:31,99.98,20.64,9.21,356.706,6,rapid
4788,4,2024-05-09 17:33:10,96.35,30.42,18.25,390.074,24,fast
4789,23,2023-07-31 01:44:08,99.04,66.43,29.27,388.819,21,fast
4790,4,2023-02-12 19:40:24,99.73,59.29,30.93,386.134,4,fast
4791,50,2023-01-06 02:21:31,99.15,94.58,39.29,350.707,0,slow
4792,8,2023-07-06 04:35:54,99.73,79.74,8.67,376.062,15,rapid
4793,8,2023-01-10 07:31:11,99.4,10.27,16.77,394.315,0,fast
4794,40,2024-06-18 08:43:56,94.88,92.3,31.69,364.662,68,slow
4795,17,2024-05-07 15:11:01,97.02,87.57,5.87,418.751,34,rapid
4796,7,2024-11-05 05:16:23,94.92,20.52,10.59,377.366,85,slow
4797,27,2024-11-26 00:18:14,96.0,98.36,4.54,369.689,81,slow
4798,13,2023-01-29 06:59:03,100.43,51.66,2.82,369.891,1,rapid
4799,8,2024-01-30 09:04:12,98.14,53.76,13.02,350.961,48,fast
4800,48,2024-12-04 17:14:28,93.89,15.89,15.73,366.661,67,slow
4801,19,2023-08-17 22:30:44,98.44,40.97,39.49,352.445,13,fast
4802,4,2023-04-20 07:36:53,100.09,67.04,-0.76,410.612,13,fast
4803,20,2024-12-15 08:49:34,93.66,53.2,21.22,416.231,40,fast
4804,23,2024-07-26 05:14:11,99.03,52.04,1.47,368.117,67,rapid
4805,29,2024-11-20 12:10:15,95.64,98.5,39.97,384.706,63,fast
4806,7,2023-12-22 16:48:23,97.1,47.62,39.16,389.378,40,rapid
4807,50,2024-11-25 10:29:37,97.76,76.44,38.53,386.907,53,fast
4808,12,2023-01-24 03:59:00,100.64,28.53,7.4,349.707,1,slow
4809,8,2024-10-07 11:23:04,93.21,18.01,38.61,407.825,75,rapid
4810,47,2023-06-26 10:13:55,99.64,29.05,13.68,394.835,18,fast
4811,37,2023-04-16 08:54:55,100.17,79.04,30.94,388.578,9,slow
4812,3,2024-12-07 09:37:55,94.99,51.83,0.25,413.449,89,rapid
4813,7,2024-11-09 23:30:50,99.1,89.12,-6.11,361.95,36,fast
4814,2,2023-06-26 22:39:55,100.16,72.91,31.45,392.596,10,slow
4815,34,2024-12-07 01:42:47,95.28,32.02,40.32,387.045,41,rapid
4816,33,2023-04-25 05:53:19,99.46,91.28,34.55,353.569,9,fast
4817,19,2023-02-19 11:54:07,99.66,91.37,32.9,398.521,6,slow
4818,22,2024-09-30 07:34:13,94.11,64.47,10.24,379.558,75,fast
4819,25,2024-02-14 05:41:26,95.74,29.99,8.6,406.668,40,slow
4820,17,2024-03-30 06:32:53,97.46,22.08,30.44,391.695,52,slow
4821,24,2024-06-30 21:30:16,96.62,74.0,35.43,353.374,65,slow
4822,47,2023-07-29 19:25:34,97.67,19.37,22.68,399.615,20,fast
4823,21,2024-11-23 18:35:53,95.24,97.92,37.15,414.384,34,fast
4824,45,2023-04-16 00:38:17,98.44,88.98,2.86,362.946,11,slow
4825,1,2024-11-18 09:25:12,95.04,98.45,5.8,374.52,49,rapid
4826,41,2024-06-05 01:08:15,97.74,93.2,13.24,415.684,47,fast
4827,48,2024-01-23 18:37:12,96.62,62.03,44.24,356.254,31,rapid
4828,22,2023-12-05 04:35:20,97.56,19.76,22.26,340.353,18,fast
4829,40,2023-01-01 21:33:03,100.71,11.12,-7.4,353.134,0,rapid
4830,15,2024-08-30 11:58:08,97.01,44.76,43.0,369.56,51,slow
4831,38,2024-09-08 10:40:14,95.06,61.38,20.22,414.558,45,rapid
4832,18,2023-01-15 16:20:52,100.66,96.65,36.11,364.112,1,fast
4833,5,2023-09-15 10:13:33,99.66,72.5,44.04,341.012,15,rapid
4834,13,2024-09-06 01:38:10,96.7,98.76,-3.04,382.908,71,fast
4835,21,2024-08-09 09:09:22,93.33,68.05,-0.57,389.436,54,rapid
4836,2,2023-06-02 10:05:59,98.55,97.12,27.64,361.44,20,slow
4837,5,2023-01-03 20:26:56,100.57,91.29,41.29,377.926,0,rapid
4838,28,2024-10-07 11:09:17,95.66,91.95,10.71,364.118,84,slow
4839,8,2024-10-01 13:41:36,97.42,64.62,-0.66,380.003,61,rapid
4840,30,2024-09-23 17:33:50,94.61,85.68,17.5,414.959,64,slow
4841,24,2024-01-03 22:24:18,97.97,75.23,7.37,401.878,38,slow
4842,24,2024-06-18 13:22:15,96.08,63.42,20.08,365.039,40,slow
4843,2,2023-01-28 16:28:31,100.48,42.38,-0.12,418.8,2,fast
4844,44,2024-03-18 19:02:30,95.84,34.14,35.07,396.319,27,slow
4845,44,2023-06-23 00:13:00,98.08,67.91,-7.17,415.782,19,fast
4846,46,2023-02-22 17:01:44,99.84,75.17,31.82,403.78,5,slow
4847,24,2024-05-31 19:46:56,98.57,74.82,9.84,358.353,33,slow
4848,12,2023-07-08 08:15:57,100.18,46.16,-7.97,376.277,15,slow
4849,26,2024-04-29 00:14:40,95.6,95.96,-0.81,413.1,48,rapid
4850,6,2023-04-16 16:04:24,100.63,28.74,20.38,392.327,10,slow
4851,47,2023-11-21 19:26:05,100.46,46.5,28.68,351.494,29,fast
4852,13,2023-01-18 23:28:48,100.11,94.29,1.55,399.576,2,rapid
4853,19,2024-01-08 21:08:59,96.15,31.03,25.47,398.093,20,slow
4854,8,2023-07-08 13:46:13,97.96,13.57,18.71,406.11,17,slow
4855,13,2023-04-01 17:50:30,99.92,53.01,4.75,360.825,8,slow
4856,49,2024-08-07 17:53:23,94.71,66.93,25.84,406.638,66,fast
4857,6,2023-10-18 08:02:18,96.54,95.1,40.83,388.654,17,rapid
4858,20,2023-04-01 21:17:06,98.55,52.78,31.76,359.687,7,rapid
4859,42,2024-04-18 23:18:37,99.66,66.77,2.27,344.927,29,fast
4860,15,2023-10-15 10:29:16,96.61,63.1,29.81,355.674,25,slow
4861,50,2024-11-17 06:01:58,93.22,47.25,-9.83,373.411,77,fast
4862,9,2023-01-02 17:41:49,100.88,86.71,36.63,385.428,0,rapid
4863,27,2023-12-27 06:07:29,98.87,91.72,-7.65,396.493,18,slow
4864,48,2024-08-10 02:34:30,97.0,30.93,34.58,357.917,37,rapid
4865,11,2023-07-13 23:49:58,99.12,54.46,40.17,365.49,22,rapid
4866,22,2023-11-06 23:58:30,98.27,22.38,16.16,364.948,18,slow
4867,6,2024-10-21 03:38:51,95.48,38.28,39.94,413.575,42,slow
4868,40,2024-05-09 05:01:35,96.88,35.05,42.08,405.338,33,fast
4869,47,2024-07-26 01:07:37,93.37,44.19,-7.02,376.69,37,slow
4870,1,2023-09-29 17:59:42,96.72,41.79,-8.3,376.778,27,slow
4871,34,2024-10-04 23:10:35,97.44,28.01,37.27,386.001,67,fast
4872,47,2024-05-28 01:45:19,99.94,42.87,41.62,390.03,32,rapid
4873,40,2023-05-13 13:07:08,99.49,23.57,5.13,388.289,6,slow
4874,21,2023-05-13 08:18:36,99.54,71.44,42.88,344.226,15,fast
4875,34,2024-12-16 17:38:30,94.84,69.22,33.67,386.554,89,rapid
4876,12,2023-07-28 05:11:16,99.01,65.96,12.01,361.272,25,rapid
4877,38,2023-12-03 16:26:50,99.86,61.97,17.99,348.265,36,fast
4878,37,2024-07-14 17:12:03,96.1,84.85,-8.13,364.905,46,slow
4879,48,2023-08-12 13:53:38,98.91,26.05,19.71,411.789,27,slow
4880,22,2023-10-10 08:19:11,97.36,24.24,11.74,418.346,36,slow
4881,31,2024-05-18 13:00:19,96.2,51.27,0.19,359.131,50,slow
4882,36,2023-11-03 01:29:51,98.6,25.15,-2.9,372.185,17,fast
4883,4,2023-04-02 00:29:35,99.32,98.16,-9.46,394.252,6,slow
4884,31,2023-11-21 10:53:35,98.57,70.57,16.85,356.038,29,fast
4885,40,2023-06-18 04:59:17,99.09,83.92,4.94,414.024,9,rapid
4886,28,2024-09-14 09:07:02,95.51,36.74,30.87,373.487,49,rapid
4887,44,2023-07-28 05:07:53,99.08,23.38,11.32,364.074,16,rapid
4888,21,2023-07-15 06:31:00,98.67,20.95,15.91,414.107,20,rapid
4889,23,2024-08-07 11:43:00,98.46,23.19,31.47,409.184,64,rapid
4890,15,2023-05-15 18:49:51,98.97,34.73,28.85,410.899,16,fast
4891,41,2023-01-13 18:15:26,101.2,57.77,4.57,346.397,0,slow
4892,49,2023-04-24 00:28:24,99.37,77.87,18.04,362.103,14,slow
4893,9,2024-03-18 06:45:35,98.02,53.07,37.13,408.915,43,slow
4894,8,2024-03-13 01:31:08,97.73,99.41,12.59,366.148,49,fast
4895,17,2024-12-30 08:45:21,97.21,39.85,-6.53,389.068,67,fast
4896,45,2023-07-03 07:56:25,99.03,56.52,-8.34,380.679,12,slow
4897,40,2023-12-17 16:03:36,96.48,94.46,1.01,365.281,32,slow
4898,48,2023-03-26 21:32:19,99.15,58.27,38.86,358.874,7,fast
4899,16,2023-06-19 08:59:14,99.42,14.01,43.93,404.577,22,rapid
4900,42,2023-07-09 12:46:42,98.79,83.63,40.05,391.597,20,rapid
4901,16,2023-06-03 02:27:05,98.71,61.83,18.94,363.218,11,slow
4902,47,2024-02-06 23:31:41,96.83,24.46,39.6,379.92,23,slow
4903,31,2024-02-27 07:02:18,98.36,77.85,20.35,419.193,55,fast
4904,36,2024-06-19 16:25:02,95.9,56.37,-0.61,399.911,49,rapid
4905,21,2023-03-27 13:16:46,99.6,18.58,19.01,356.302,4,slow
4906,47,2024-01-21 21:01:44,99.01,72.89,40.91,365.639,29,fast
4907,46,2023-09-19 14:24:50,99.01,35.05,40.69,395.868,24,slow
4908,20,2023-09-02 16:54:55,98.72,37.44,2.36,392.188,15,fast
4909,50,2024-02-04 18:51:13,98.6,10.83,-4.0,349.71,20,slow
4910,43,2023-08-24 03:18:51,98.49,75.99,26.77,348.141,17,fast
4911,33,2024-06-18 09:09:45,94.04,19.81,24.81,371.754,36,fast
4912,23,2023-03-20 11:47:35,99.08,80.38,11.94,363.335,5,fast
4913,27,2023-10-16 21:40:32,96.79,60.15,27.97,407.47,36,fast
4914,23,2024-04-02 15:36:31,95.98,23.41,10.38,349.686,26,slow
4915,2,2023-04-19 17:07:51,99.76,52.82,38.28,374.639,6,slow
4916,4,2023-04-14 00:34:58,98.0,51.94,3.62,375.712,8,fast
4917,43,2024-08-27 17:25:36,95.22,19.33,27.64,355.155,49,fast
4918,29,2024-11-14 08:22:41,98.57,46.02,34.48,356.226,44,rapid
4919,15,2024-08-15 22:58:41,94.78,68.53,19.5,391.006,39,rapid
4920,48,2024-05-13 06:04:46,94.27,52.02,23.35,359.979,50,rapid
4921,9,2024-01-07 10:32:22,97.56,88.05,7.99,399.266,22,slow
4922,31,2023-02-26 05:37:06,99.22,86.85,21.45,360.153,5,rapid
4923,36,2023-09-19 00:27:22,99.33,33.41,9.01,389.214,19,slow
4924,12,2023-06-19 13:36:04,99.26,36.98,12.36,354.485,19,fast
4925,4,2023-10-19 11:34:00,98.48,87.86,11.85,400.75,20,fast
4926,1,2024-07-06 19:22:59,96.75,73.73,2.3,365.25,33,rapid
4927,27,2023-01-01 01:18:14,100.3,86.62,17.96,375.666,0,slow
4928,15,2024-01-08 12:39:35,96.93,25.87,15.79,358.98,33,rapid
4929,23,2023-12-03 23:29:46,98.97,78.16,24.01,386.375,33,rapid
4930,21,2023-08-09 12:23:10,99.22,54.7,14.12,360.309,24,fast
4931,34,2023-11-25 03:22:18,98.3,65.76,-3.46,414.375,25,slow
4932,43,2024-05-22 18:12:39,97.98,11.56,-9.35,362.734,33,rapid
4933,35,2023-06-27 03:18:51,98.71,10.17,12.92,407.162,9,rapid
4934,29,2024-05-02 06:24:49,98.64,32.17,29.51,361.227,63,slow
4935,2,2023-01-25 11:28:19,100.27,35.27,9.78,378.39,2,slow
4936,48,2023-03-08 00:15:17,100.69,58.37,3.52,416.557,6,fast
4937,16,2024-09-05 08:53:13,92.54,87.93,19.71,379.321,66,slow
4938,30,2023-08-19 21:47:02,98.5,97.38,29.88,341.425,29,fast
4939,41,2024-11-09 15:29:30,94.58,56.17,-5.95,381.769,69,fast
4940,9,2024-08-10 13:59:04,96.42,23.54,36.26,382.881,51,slow
4941,43,2024-12-21 00:57:26,96.77,41.38,0.72,400.078,56,fast
4942,10,2023-05-01 10:08:00,98.5,27.05,19.61,407.691,6,slow
4943,12,2023-10-02 00:30:36,99.38,84.54,33.4,388.19,30,fast
4944,30,2023-04-28 14:12:06,99.36,11.36,26.12,363.1,8,rapid
4945,24,2024-06-17 19:51:40,96.57,28.67,43.46,407.114,56,slow
4946,17,2023-12-05 18:06:05,97.6,36.15,15.36,369.407,24,rapid
4947,47,2024-07-25 13:17:43,95.72,79.36,30.0,372.726,28,rapid
4948,15,2024-07-03 03:22:13,97.87,35.54,18.07,371.212,49,fast
4949,2,2024-12-11 01:57:33,93.37,45.29,-3.36,406.171,47,fast
4950,20,2024-07-13 13:37:54,93.87,53.26,34.01,354.823,44,fast
4951,23,2024-03-05 21:42:53,96.47,58.83,22.19,385.619,22,slow
4952,1,2024-12-23 22:17:51,97.08,25.36,3.49,416.805,77,slow
4953,43,2024-12-17 15:51:11,93.71,74.71,21.21,361.772,80,slow
4954,20,2023-01-01 07:03:40,100.15,64.07,13.29,340.069,0,slow
4955,35,2024-12-28 12:29:49,92.7,53.76,0.42,365.153,77,rapid
4956,49,2024-05-04 03:09:47,94.89,25.25,-7.62,360.016,61,rapid
4957,50,2024-04-02 20:51:09,97.29,66.81,39.56,377.691,29,fast
4958,32,2024-01-17 22:39:36,97.82,75.54,2.17,364.746,39,slow
4959,18,2023-09-07 12:36:50,97.87,31.59,-5.02,397.484,13,rapid
4960,14,2024-03-02 11:34:07,94.86,90.24,25.01,401.995,26,fast
4961,12,2023-07-11 18:45:59,97.84,35.9,12.59,362.626,22,fast
4962,9,2024-03-31 12:51:33,96.33,58.88,3.6,367.135,59,slow
4963,35,2024-12-26 22:18:24,93.64,88.64,28.85,371.221,38,rapid
4964,34,2023-06-05 23:47:18,99.89,27.94,5.66,347.9,19,rapid
4965,42,2024-02-14 09:17:07,97.77,17.75,42.89,398.971,54,fast
4966,24,2023-07-22 04:50:48,100.15,42.6,-8.52,351.644,16,rapid
4967,20,2024-08-29 07:32:16,97.55,19.9,3.87,351.463,66,slow
4968,21,2023-08-27 19:46:29,99.94,76.89,34.85,355.302,13,slow
4969,46,2023-07-22 16:27:29,97.43,73.02,21.52,403.012,20,slow
4970,46,2024-11-21 10:57:02,96.41,13.82,14.53,409.42,85,rapid
4971,50,2023-09-09 06:22:28,96.83,71.06,-0.42,387.126,26,slow
4972,50,2024-10-29 22:48:02,96.05,99.74,44.93,407.468,77,slow
4973,35,2024-11-06 16:20:27,98.57,48.74,12.52,373.761,38,fast
4974,8,2023-09-15 19:06:18,97.92,14.69,19.27,341.722,13,fast
4975,3,2024-11-17 11:45:38,94.14,96.07,17.44,402.032,38,slow
4976,45,2024-10-25 21:42:41,98.05,71.67,13.7,341.624,49,rapid
4977,30,2023-01-16 22:47:13,97.91,53.5,6.51,372.79,1,slow
4978,9,2024-05-29 19:51:15,92.76,13.89,14.62,376.581,32,rapid
4979,36,2024-10-12 16:57:18,95.27,76.7,30.91,365.537,44,slow
4980,26,2024-01-29 19:44:30,95.0,60.88,-6.63,345.284,38,fast
4981,31,2023-09-12 01:10:25,99.69,87.13,-8.62,355.389,16,fast
4982,21,2024-10-19 23:47:48,94.84,49.79,39.8,349.062,38,slow
4983,8,2023-12-28 06:03:56,95.93,49.61,-4.96,350.624,30,fast
4984,18,2023-01-29 12:40:33,99.7,56.19,39.82,369.307,2,slow
4985,1,2023-06-28 02:49:34,98.33,15.2,3.33,364.969,13,rapid
4986,13,2023-03-27 22:47:26,98.13,37.89,-2.86,347.44,6,rapid
4987,33,2023-03-17 00:40:55,99.86,79.87,31.56,400.445,9,fast
4988,44,2023-12-11 15:57:25,99.06,57.0,22.92,359.775,41,fast
4989,39,2023-04-23 22:24:29,96.94,65.63,11.02,383.625,8,slow
4990,32,2024-09-22 01:56:15,93.96,86.13,0.23,379.419,42,slow
4991,44,2023-09-12 08:14:27,97.55,58.49,33.94,362.292,16,rapid
4992,8,2023-05-05 08:18:08,100.33,59.17,43.38,354.638,11,slow
4993,38,2023-03-15 09:40:49,100.33,13.94,26.35,413.704,5,slow
4994,14,2023-05-18 23:40:42,97.72,38.86,28.63,392.331,16,slow
4995,10,2024-12-09 04:31:52,94.54,64.88,-0.44,419.145,65,rapid
4996,42,2023-03-27 07:24:48,98.58,39.73,39.06,407.085,8,rapid
4997,43,2024-04-08 17:20:45,96.3,58.65,30.67,372.426,61,slow
4998,16,2024-12-25 04:11:11,94.22,29.25,22.17,369.776,80,slow
4999,30,2023-06-18 13:06:41,97.18,29.65,24.57,368.914,15,rapid
5000,19,2023-02-25 10:56:25,98.99,90.39,-9.67,389.229,4,fast
5001,18,2023-10-13 06:29:03,98.05,78.65,-3.38,378.754,16,fast
5002,6,2023-06-26 07:34:22,97.37,10.78,11.78,363.741,17,slow
5003,12,2024-11-13 13:57:33,95.91,43.93,-1.82,412.766,47,fast
5004,8,2024-02-26 22:46:33,97.12,42.92,22.65,375.427,54,slow
5005,13,2023-12-30 00:12:58,97.78,92.28,28.85,391.276,46,fast
5006,24,2023-09-28 10:49:00,98.82,78.05,-9.48,359.463,18,rapid
5007,21,2024-05-06 01:27:48,94.92,61.22,35.4,403.007,55,rapid
5008,11,2024-09-18 15:11:38,96.36,31.22,-4.16,416.879,67,slow
5009,9,2023-03-07 00:32:55,98.31,43.37,-4.31,384.132,8,slow
5010,45,2024-04-14 06:50:38,98.0,40.92,-7.29,372.573,38,rapid
5011,15,2023-09-23 14:25:16,97.76,15.27,20.17,347.816,28,slow
5012,42,2024-11-20 10:38:53,92.76,59.62,-9.38,382.862,43,slow
5013,31,2024-07-27 20:38:50,97.1,53.28,23.01,398.134,36,fast
5014,39,2024-12-25 11:58:28,94.59,69.46,25.6,386.363,60,slow
5015,37,2023-04-04 20:50:43,98.5,36.01,28.11,366.072,8,slow
5016,48,2024-11-24 03:40:49,97.06,21.34,24.13,344.185,81,slow
5017,49,2024-11-01 06:18:11,94.2,94.79,29.06,374.676,62,rapid
5018,22,2023-06-22 20:54:19,97.68,37.39,11.32,402.207,21,fast
5019,42,2024-03-25 11:22:19,95.66,15.69,41.74,406.248,31,slow
5020,41,2023-08-22 09:04:33,98.81,28.82,0.94,340.7,22,rapid
5021,23,2023-03-11 18:01:51,98.59,91.52,40.8,396.933,5,fast
5022,48,2024-08-30 11:00:01,94.65,43.12,40.21,341.975,51,fast
5023,1,2023-09-17 00:50:42,99.43,27.42,38.29,391.504,25,fast
5024,26,2023-10-19 01:37:27,97.77,28.59,24.7,351.838,24,slow
5025,11,2024-08-23 16:33:04,96.18,72.91,14.14,397.179,69,slow
5026,15,2024-01-29 08:27:53,97.55,87.8,33.44,341.72,40,rapid
5027,32,2024-07-09 23:04:58,96.44,62.39,36.08,366.625,61,slow
5028,48,2024-06-02 16:22:36,93.95,97.86,-6.46,341.683,39,rapid
5029,36,2023-05-04 14:30:13,99.4,11.7,40.76,370.168,7,slow
5030,30,2024-01-23 02:16:44,97.41,57.07,11.41,354.381,43,slow
5031,31,2024-10-06 01:34:57,94.1,69.48,11.34,387.08,68,fast
5032,10,2024-10-25 18:48:39,94.8,25.48,17.52,369.81,75,fast
5033,38,2024-11-12 01:38:58,96.29,87.07,18.72,353.19,80,rapid
5034,27,2023-03-09 00:06:49,99.61,57.51,14.15,372.687,7,slow
5035,25,2023-09-21 05:20:15,99.99,65.7,23.08,374.904,16,slow
5036,20,2023-03-23 05:17:44,99.39,95.39,28.42,419.859,7,rapid
5037,26,2024-01-29 09:46:10,96.38,54.1,27.51,352.944,45,rapid
5038,26,2024-11-20 16:33:16,94.46,23.9,6.31,412.131,54,slow
5039,41,2023-10-10 09:33:08,98.77,61.25,15.45,354.057,26,rapid
5040,9,2023-10-07 07:53:45,98.07,81.24,9.14,408.364,35,fast
5041,28,2024-12-09 12:09:27,96.55,34.17,44.39,387.576,70,fast
5042,15,2023-05-03 22:52:53,99.89,61.88,36.3,348.475,12,fast
5043,44,2023-07-13 03:11:36,100.11,44.25,33.77,361.037,13,slow
5044,43,2024-01-26 20:04:25,98.61,48.27,-4.01,348.298,28,fast
5045,6,2024-02-03 18:04:01,97.4,39.53,12.62,393.454,49,slow
5046,50,2023-12-18 03:29:54,96.79,87.99,-3.11,408.446,37,rapid
5047,30,2024-06-27 07:53:14,98.71,32.19,44.84,410.58,52,fast
5048,31,2023-07-21 21:18:35,96.68,62.26,35.07,343.406,10,fast
5049,5,2024-02-24 01:42:16,96.34,78.08,-8.0,340.632,38,rapid
5050,46,2024-04-07 10:58:56,96.96,31.46,10.7,407.197,43,slow
5051,21,2024-07-13 11:08:39,99.0,64.2,34.62,363.361,29,rapid
5052,17,2024-03-06 08:29:32,98.16,93.26,3.64,396.83,24,fast
5053,2,2023-12-10 15:48:48,95.7,27.11,-7.16,405.308,25,slow
5054,33,2023-04-27 09:41:53,98.55,66.84,13.73,343.464,9,slow
5055,46,2024-07-18 18:37:57,99.38,34.6,41.51,371.944,29,fast
5056,32,2024-09-11 08:45:40,98.16,25.2,8.93,391.787,58,slow
5057,3,2023-02-18 16:01:11,98.3,72.02,0.18,416.292,2,rapid
5058,1,2024-09-06 15:48:04,94.45,58.25,16.4,340.373,68,slow
5059,38,2023-02-12 01:27:00,99.34,46.79,25.09,373.095,4,fast
5060,26,2023-08-28 18:18:36,98.18,67.13,4.59,342.666,21,rapid
5061,19,2024-09-16 16:42:02,98.11,21.32,-0.84,416.705,63,fast
5062,9,2023-01-21 04:00:10,98.78,47.21,4.41,394.472,1,rapid
5063,14,2023-04-29 01:41:32,97.28,55.87,37.25,356.175,14,slow
5064,8,2024-08-31 21:39:00,97.57,85.73,16.42,364.87,62,fast
5065,10,2023-04-01 21:35:23,100.12,37.53,26.03,405.64,9,fast
5066,31,2024-05-16 16:51:37,96.92,67.65,25.58,395.386,42,rapid
5067,7,2024-01-19 13:06:41,99.08,70.47,25.01,382.787,43,fast
5068,43,2023-04-01 22:15:23,97.07,39.56,-8.38,346.882,6,fast
5069,1,2023-01-10 08:20:39,99.51,98.06,25.25,376.628,0,slow
5070,7,2024-05-09 13:52:06,97.75,66.32,28.47,358.291,56,rapid
5071,34,2023-06-13 05:33:19,98.92,47.8,-4.65,346.91,16,rapid
5072,46,2024-07-15 22:36:33,96.51,61.6,42.02,367.8,39,slow
5073,24,2023-07-04 02:01:02,99.28,84.91,11.35,389.892,18,fast
5074,42,2024-05-27 06:38:25,97.72,34.73,20.21,340.962,50,fast
5075,36,2024-04-16 00:03:08,98.23,20.38,8.37,364.529,55,rapid
5076,45,2024-07-17 10:11:57,96.99,99.1,17.76,388.67,60,fast
5077,9,2024-05-25 09:46:39,94.56,55.08,0.64,416.358,50,slow
5078,20,2024-09-26 14:17:31,94.59,17.07,-8.14,404.112,43,rapid
5079,48,2023-11-21 07:45:34,98.14,63.39,25.57,340.974,25,fast
5080,19,2023-10-08 16:58:44,97.89,59.19,-0.63,359.289,30,slow
5081,37,2023-04-04 18:48:46,98.98,60.97,39.67,378.821,11,slow
5082,34,2023-04-23 00:13:36,102.05,57.59,20.77,375.267,11,rapid
5083,29,2023-10-20 08:07:18,96.75,78.64,-7.5,368.48,31,slow
5084,20,2023-12-06 08:46:52,97.2,24.22,35.68,357.524,44,rapid
5085,25,2024-07-30 20:08:09,95.6,25.28,11.15,359.846,46,rapid
5086,22,2024-08-04 22:21:09,94.14,35.88,25.54,387.009,32,rapid
5087,17,2024-10-16 23:56:51,97.22,30.11,19.25,372.692,62,slow
5088,24,2023-02-07 14:37:24,98.48,37.14,-4.7,366.667,2,slow
5089,34,2024-07-29 07:43:17,94.45,68.83,-8.67,355.871,71,slow
5090,22,2024-05-27 09:24:57,96.69,69.31,7.85,347.837,52,rapid
5091,26,2023-06-22 07:47:44,100.55,59.56,38.29,395.783,22,slow
5092,28,2024-12-10 12:09:20,95.31,13.36,27.02,411.695,71,fast
5093,47,2024-05-15 04:32:30,96.99,26.53,17.72,363.656,41,slow
5094,30,2024-11-09 19:51:31,94.67,25.07,37.08,342.485,65,slow
5095,14,2024-02-04 07:43:15,97.09,53.6,-2.79,383.306,33,fast
5096,39,2023-10-23 02:37:55,98.69,58.5,17.8,401.337,33,rapid
5097,32,2024-03-31 01:13:41,97.56,27.79,-2.64,342.328,54,fast
5098,46,2024-03-06 00:39:49,97.38,98.0,38.16,362.742,33,rapid
5099,44,2023-10-10 05:25:49,97.91,21.47,43.21,399.476,36,rapid
5100,16,2024-11-23 15:34:40,91.45,36.07,37.88,344.177,81,slow
5101,11,2023-08-11 06:28:41,99.27,13.69,24.68,396.861,28,fast
5102,23,2023-02-14 03:41:01,99.85,85.03,34.59,369.843,4,rapid
5103,25,2024-12-08 09:32:41,93.25,71.84,36.87,352.958,39,fast
5104,6,2023-10-12 16:09:12,96.08,17.82,41.01,392.069,35,slow
5105,44,2024-01-30 00:07:54,97.15,29.59,31.27,347.034,39,rapid
5106,11,2023-06-11 20:12:17,99.17,29.47,27.46,397.142,19,fast
5107,44,2024-05-15 12:18:56,95.73,24.45,15.69,392.088,52,fast
5108,35,2023-11-22 10:01:11,96.88,95.08,41.09,372.269,24,rapid
5109,9,2024-08-14 18:05:33,99.13,19.26,41.6,369.65,57,slow
5110,47,2023-07-02 06:45:33,97.96,17.92,20.09,386.677,13,slow
5111,33,2024-07-28 12:16:58,97.33,41.25,-2.99,419.729,70,rapid
5112,11,2023-10-20 22:04:12,99.07,41.81,14.75,417.293,38,fast
5113,26,2023-11-08 23:49:33,98.04,40.79,9.96,365.067,17,fast
5114,15,2023-07-17 16:31:44,97.68,34.91,-2.26,365.512,9,rapid
5115,24,2024-07-30 07:57:57,94.32,81.41,40.49,376.027,68,fast
5116,48,2024-11-27 07:18:53,97.28,36.65,40.44,408.505,47,slow
5117,22,2023-08-22 05:56:52,96.53,60.54,25.98,396.473,19,slow
5118,37,2024-01-08 18:35:23,97.34,73.14,42.61,363.151,35,fast
5119,30,2024-04-06 10:16:22,96.52,50.47,35.12,414.265,52,slow
5120,3,2023-03-19 12:27:58,100.75,64.48,11.7,347.19,4,rapid
5121,29,2024-10-11 12:21:01,95.88,84.1,39.24,373.815,79,rapid
5122,42,2024-11-10 16:58:03,93.26,40.94,10.06,396.229,65,rapid
5123,38,2024-10-04 12:56:34,94.59,65.72,-4.13,375.447,36,rapid
5124,26,2024-03-08 13:35:42,99.0,67.24,20.61,403.283,34,rapid
5125,23,2023-03-21 01:14:58,100.37,90.44,12.23,375.057,4,rapid
5126,1,2023-07-21 21:35:56,99.76,10.35,-4.94,398.465,22,slow
5127,32,2024-06-24 17:11:09,96.79,20.97,10.11,413.816,64,slow
5128,41,2023-04-04 13:49:45,99.05,81.75,-8.55,412.541,8,rapid
5129,24,2023-09-22 21:07:57,99.93,87.52,27.71,410.232,18,rapid
5130,7,2024-11-15 03:38:08,98.33,11.74,33.81,379.288,56,fast
5131,18,2024-03-01 18:54:58,97.07,19.56,-3.73,365.604,53,fast
5132,42,2024-09-11 05:24:50,97.05,69.72,30.65,361.887,65,slow
5133,50,2024-11-12 15:30:06,98.5,39.17,39.92,355.281,70,rapid
5134,27,2024-07-08 23:47:13,94.92,19.44,16.5,367.267,43,rapid
5135,40,2024-01-16 02:36:47,99.49,87.68,13.58,418.191,20,slow
5136,25,2023-05-19 05:35:12,99.1,40.8,42.75,368.762,12,fast
5137,9,2024-02-19 20:21:05,96.66,63.71,41.32,379.596,31,fast
5138,28,2023-03-24 21:58:59,100.57,58.15,41.93,384.968,9,rapid
5139,21,2023-01-14 12:41:53,100.44,70.62,40.24,353.528,0,rapid
5140,16,2023-11-05 11:17:35,97.35,74.39,9.39,396.122,25,rapid
5141,41,2024-08-31 01:52:55,95.98,25.58,27.58,379.915,47,slow
5142,21,2023-08-26 13:59:22,98.73,59.99,27.62,349.521,15,rapid
5143,1,2024-01-16 17:50:27,99.17,29.43,18.28,381.76,37,rapid
5144,36,2024-08-09 20:12:40,95.96,63.92,44.44,396.93,49,fast
5145,21,2024-03-19 14:04:10,96.79,11.53,33.3,354.306,29,slow
5146,17,2024-05-07 19:24:47,95.93,67.85,30.11,418.724,55,slow
5147,32,2023-07-25 09:26:19,99.65,19.26,33.19,370.4,15,rapid
5148,35,2023-04-27 23:46:25,100.07,94.94,15.23,354.759,8,fast
5149,33,2024-09-17 23:05:57,96.08,33.95,18.81,365.616,32,rapid
5150,38,2024-11-04 00:13:31,97.99,44.88,11.7,341.045,63,fast
5151,26,2023-04-09 01:08:05,100.02,29.35,35.55,390.616,5,rapid
5152,37,2023-05-22 21:49:35,99.12,30.81,7.71,384.656,14,slow
5153,21,2024-01-19 16:08:59,97.12,70.99,-1.32,383.321,30,slow
5154,24,2023-12-18 11:04:16,95.77,75.11,42.45,366.303,40,slow
5155,39,2023-12-12 11:27:05,98.6,29.85,-3.59,408.485,42,slow
5156,40,2024-07-15 17:18:04,95.7,24.93,34.21,381.215,36,slow
5157,27,2024-03-29 02:05:53,98.51,59.31,44.07,340.821,48,slow
5158,41,2023-10-13 21:06:24,97.92,32.63,7.69,387.559,27,rapid
5159,32,2024-10-18 23:43:36,95.38,50.81,39.78,382.895,44,rapid
5160,44,2023-05-30 01:18:25,97.03,18.75,20.04,406.408,10,rapid
5161,2,2024-08-02 04:15:17,94.82,73.57,3.18,390.968,36,slow
5162,35,2023-06-12 08:56:21,98.94,92.57,36.99,370.199,10,rapid
5163,31,2024-04-02 23:11:04,97.55,15.77,-9.15,380.413,27,fast
5164,34,2024-10-06 18:09:22,96.95,18.58,0.4,374.323,41,rapid
5165,44,2024-09-25 01:03:48,95.98,15.59,10.49,399.93,63,fast
5166,31,2023-03-25 22:01:39,98.12,41.35,25.43,392.257,10,slow
5167,11,2024-06-04 23:27:26,94.53,57.29,33.53,351.094,55,rapid
5168,14,2024-03-13 06:49:10,96.99,93.41,31.72,374.761,28,slow
5169,37,2023-02-22 22:33:04,99.41,24.3,33.65,397.593,6,slow
5170,43,2023-12-10 06:36:54,98.21,82.27,16.71,400.147,26,rapid
5171,35,2023-05-16 20:33:01,98.16,34.69,26.19,395.018,9,slow
5172,38,2023-04-12 10:46:28,100.93,70.54,36.66,362.372,9,rapid
5173,12,2023-08-05 04:09:53,99.8,84.1,9.39,377.383,11,rapid
5174,44,2023-02-18 23:43:46,99.78,62.95,-3.98,396.731,3,fast
5175,48,2024-12-25 01:16:57,95.96,14.47,21.37,369.487,77,rapid
5176,2,2024-05-24 23:04:37,96.13,81.54,-5.88,407.274,53,rapid
5177,33,2023-11-15 05:30:44,97.64,95.13,16.43,372.809,23,rapid
5178,35,2024-04-08 06:14:16,97.51,79.2,-1.02,368.625,43,slow
5179,42,2024-12-22 22:50:44,96.01,66.95,-6.14,371.533,81,fast
5180,7,2023-10-09 19:24:29,97.47,33.65,14.26,419.307,31,slow
5181,43,2023-08-07 14:59:24,99.37,47.68,14.1,382.061,25,fast
5182,41,2023-12-01 22:27:10,97.78,81.89,-9.57,359.227,17,fast
5183,33,2024-08-26 22:20:56,95.75,38.87,-2.61,403.625,50,slow
5184,40,2024-09-13 16:46:48,98.12,32.18,15.0,406.764,76,rapid
5185,22,2023-11-14 06:48:22,97.52,92.52,28.3,391.28,39,slow
5186,12,2024-04-01 19:39:10,97.24,21.05,4.28,397.763,35,fast
5187,25,2023-07-03 00:49:54,98.66,63.84,32.54,345.55,12,slow
5188,3,2023-12-05 20:26:02,96.59,30.13,34.8,397.217,35,fast
5189,42,2023-02-17 21:44:29,101.17,88.29,30.02,414.935,4,rapid
5190,30,2024-09-15 11:15:10,96.38,47.03,11.15,386.835,60,slow
5191,18,2024-05-19 18:19:57,99.1,44.37,32.05,353.172,30,fast
5192,18,2023-04-13 07:22:25,97.68,67.61,14.36,405.393,11,fast
5193,12,2024-05-07 03:59:04,96.67,15.71,14.15,367.423,65,fast
5194,36,2023-11-22 02:40:54,99.44,77.16,-3.82,406.194,27,rapid
5195,37,2024-11-21 03:04:11,98.64,38.33,40.7,415.37,85,rapid
5196,41,2024-01-06 20:46:58,95.07,97.01,-6.72,352.444,21,rapid
5197,36,2024-12-22 18:17:09,95.13,14.08,31.35,412.952,50,fast
5198,5,2024-10-22 18:05:58,92.6,79.55,42.74,353.737,34,slow
5199,37,2023-04-15 13:45:25,97.56,93.74,-1.82,382.204,13,slow
5200,30,2023-01-02 08:35:10,99.67,63.73,24.35,378.957,0,fast
5201,16,2023-07-07 03:44:19,98.3,69.85,-7.14,407.262,11,slow
5202,11,2024-02-26 14:34:42,94.12,24.67,-2.22,340.669,34,slow
5203,9,2023-07-30 03:42:44,97.58,46.46,-8.81,361.508,25,rapid
5204,33,2024-01-27 06:15:49,97.19,32.56,27.99,388.731,40,slow
5205,38,2023-01-13 02:58:29,99.43,73.66,21.98,406.192,1,fast
5206,3,2024-06-06 06:44:00,93.98,26.78,36.04,412.947,59,fast
5207,47,2024-11-08 20:21:57,92.39,83.82,24.01,352.898,75,fast
5208,14,2024-03-23 22:21:28,96.01,72.83,16.94,365.305,38,slow
5209,5,2024-08-03 03:36:56,98.96,13.25,41.09,412.763,45,fast
5210,13,2023-04-21 18:06:40,99.6,47.02,41.52,416.52,14,slow
5211,8,2023-04-24 04:02:13,100.56,57.86,41.51,417.718,11,fast
5212,41,2024-12-30 21:46:13,96.23,79.49,32.54,366.971,50,rapid
5213,36,2024-07-30 08:54:12,95.41,22.21,13.98,414.934,32,slow
5214,24,2023-05-22 12:12:32,98.03,94.69,32.19,393.863,7,rapid
5215,30,2023-06-18 20:39:43,98.12,33.56,6.45,351.585,8,fast
5216,50,2023-04-25 18:56:22,97.95,69.04,-6.74,353.308,12,slow
5217,34,2024-05-18 15:07:58,95.86,50.64,10.83,349.094,30,rapid
5218,36,2024-08-21 06:40:37,96.21,44.54,26.31,393.123,60,fast
5219,46,2023-02-02 12:29:52,99.28,22.38,28.86,410.218,3,fast
5220,36,2024-03-08 14:56:40,96.33,62.65,-4.36,378.182,56,slow
5221,21,2024-01-15 20:26:10,98.32,11.86,27.4,358.596,45,slow
5222,4,2023-01-07 13:59:01,99.4,29.61,-9.35,347.141,0,slow
5223,4,2024-03-16 16:14:38,94.87,20.11,42.73,340.294,53,rapid
5224,34,2024-01-09 15:35:22,99.38,40.08,38.99,348.408,34,slow
5225,28,2023-10-13 01:17:18,98.13,82.76,11.67,398.889,34,rapid
5226,23,2024-12-17 11:01:01,94.25,42.99,40.4,380.811,38,fast
5227,38,2023-03-11 07:51:41,100.5,25.75,29.04,408.79,5,rapid
5228,13,2023-04-18 08:47:42,96.6,30.41,-6.56,369.987,10,fast
5229,22,2023-08-31 08:45:47,99.32,33.9,-1.72,363.301,30,fast
5230,4,2023-08-31 09:17:02,98.85,63.91,18.09,352.303,30,rapid
5231,2,2023-01-12 07:12:14,100.41,18.81,-7.81,345.407,1,rapid
5232,29,2024-07-18 22:32:43,96.34,48.77,25.72,360.356,39,slow
5233,18,2023-03-26 21:23:04,98.04,93.31,-8.28,396.427,4,fast
5234,12,2023-06-09 02:38:56,100.01,41.49,5.59,368.483,20,slow
5235,49,2023-07-02 09:30:58,98.26,58.8,18.28,368.984,19,fast
5236,47,2024-11-07 18:03:35,96.04,76.18,21.64,366.065,59,rapid
5237,46,2024-05-08 14:26:31,95.73,90.59,35.32,351.96,54,fast
5238,36,2023-08-23 17:15:48,97.64,18.95,31.62,373.903,25,slow
5239,25,2023-03-31 09:33:18,98.91,33.43,24.81,393.08,8,fast
5240,43,2024-04-30 13:10:14,96.79,78.86,7.58,358.321,48,fast
5241,18,2024-07-17 07:46:21,93.07,34.12,24.75,358.911,34,rapid
5242,12,2023-12-11 12:52:11,98.52,87.47,37.37,371.258,40,rapid
5243,9,2023-11-30 10:17:51,99.35,60.24,32.82,363.945,40,fast
5244,3,2024-05-11 18:23:20,95.83,54.36,17.98,386.709,46,fast
5245,44,2024-11-02 12:22:55,99.09,29.64,0.89,397.137,69,rapid
5246,48,2024-04-14 18:05:22,94.4,56.86,8.86,402.662,29,rapid
5247,33,2023-02-15 09:47:45,100.61,42.06,9.5,397.912,5,slow
5248,16,2024-06-30 18:07:36,99.04,39.46,23.23,366.81,37,rapid
5249,13,2023-02-27 08:02:33,99.52,75.09,8.37,378.693,4,fast
5250,18,2023-07-02 08:01:07,98.76,95.2,23.35,354.833,23,fast
5251,9,2023-03-03 00:23:23,97.82,90.22,-4.25,369.071,3,rapid
5252,24,2023-08-23 06:17:25,99.55,92.82,26.19,398.988,11,slow
5253,37,2024-06-16 23:39:50,94.26,46.1,28.19,349.662,26,slow
5254,2,2024-01-12 09:24:25,98.35,40.31,-1.22,364.345,45,fast
5255,8,2024-05-15 23:24:57,94.95,96.3,-7.72,382.433,38,slow
5256,4,2024-10-30 18:49:41,97.4,80.31,40.55,409.005,44,fast
5257,44,2023-04-01 01:35:42,99.84,38.73,19.55,417.03,4,rapid
5258,30,2023-03-23 04:28:17,99.57,19.99,40.01,386.868,8,rapid
5259,30,2023-03-01 20:27:18,99.19,98.22,40.46,340.727,3,rapid
5260,45,2024-08-04 08:26:50,94.48,57.15,-6.41,368.107,42,rapid
5261,22,2023-11-29 23:13:21,96.81,67.14,8.66,365.937,44,rapid
5262,37,2024-09-22 02:21:48,98.45,25.99,38.6,354.428,67,rapid
5263,4,2024-04-17 02:13:51,99.35,40.3,39.0,394.426,59,fast
5264,18,2024-08-23 22:47:26,96.12,15.94,-0.97,341.196,31,slow
5265,1,2023-01-24 00:12:23,100.73,88.02,-7.62,400.297,1,slow
5266,40,2023-10-22 04:13:36,96.85,95.94,18.17,412.936,32,slow
5267,5,2023-03-09 21:42:01,100.92,47.05,12.43,360.438,7,fast
5268,5,2024-05-26 01:42:16,94.8,23.53,37.97,403.363,46,slow
5269,25,2023-04-25 19:13:29,99.79,97.68,6.94,412.417,9,slow
5270,13,2023-04-28 08:19:42,100.43,77.94,39.03,392.996,6,rapid
5271,8,2023-09-17 18:26:57,99.12,23.72,3.62,386.807,24,slow
5272,10,2023-03-31 09:03:56,98.99,63.13,38.06,412.031,5,rapid
5273,17,2024-06-08 02:27:38,96.06,45.7,28.45,365.524,47,slow
5274,45,2023-05-12 00:12:13,97.33,50.64,-0.97,398.342,7,rapid
5275,47,2023-09-09 02:11:04,97.73,27.57,2.61,370.151,23,rapid
5276,27,2024-03-20 22:50:08,98.25,59.53,1.82,371.378,37,fast
5277,44,2024-03-24 23:36:12,98.14,64.74,3.62,393.916,34,fast
5278,27,2024-09-17 13:26:17,95.83,50.44,38.68,358.741,40,slow
5279,15,2023-05-30 21:41:55,98.09,83.9,28.19,377.976,11,fast
5280,9,2024-07-18 08:28:27,95.75,41.21,30.47,355.448,74,fast
5281,7,2023-08-14 19:26:45,97.59,20.56,30.21,346.33,21,slow
5282,21,2024-12-15 14:36:59,92.93,47.03,-5.05,387.786,84,slow
5283,50,2023-04-15 12:29:46,99.25,43.07,36.14,377.43,6,fast
5284,43,2024-04-11 23:07:09,99.47,42.53,23.04,409.531,34,rapid
5285,14,2023-03-25 12:51:44,99.18,63.54,1.84,413.203,6,rapid
5286,33,2024-10-11 12:56:34,95.69,25.66,23.31,416.053,74,rapid
5287,26,2024-01-26 04:29:37,97.77,56.47,24.0,418.657,48,slow
5288,42,2023-05-20 09:56:52,98.45,89.32,21.1,347.068,17,slow
5289,27,2023-05-12 22:51:13,99.22,43.32,39.33,405.573,6,rapid
5290,22,2024-11-15 08:23:55,94.98,86.41,33.53,384.786,54,slow
5291,14,2024-05-31 03:14:33,96.71,79.64,32.46,345.932,68,slow
5292,20,2024-09-27 05:13:28,95.55,54.58,29.35,408.868,72,slow
5293,18,2023-05-18 00:00:37,99.36,58.25,14.95,384.784,13,slow
5294,19,2023-09-06 03:37:05,100.26,45.46,-0.14,385.2,15,rapid
5295,45,2024-11-05 09:18:25,97.83,11.67,27.7,349.257,82,rapid
5296,41,2024-06-08 12:58:26,94.74,72.56,10.0,344.509,36,fast
5297,18,2024-09-10 06:11:28,96.27,64.91,6.52,344.498,43,rapid
5298,40,2023-10-07 22:37:35,99.14,14.52,45.0,410.241,28,fast
5299,4,2023-12-30 02:05:51,96.5,29.57,44.91,402.179,41,slow
5300,38,2023-06-05 11:12:53,96.37,98.96,18.64,395.39,18,rapid
5301,38,2024-02-11 16:18:15,98.58,72.21,24.04,409.217,33,rapid
5302,46,2023-10-30 05:21:41,99.44,16.03,20.1,343.996,29,rapid
5303,45,2023-01-01 10:56:54,99.94,18.52,22.52,401.833,0,fast
5304,42,2024-12-09 14:51:41,96.75,54.06,1.27,411.889,66,slow
5305,29,2024-06-14 19:59:42,96.68,38.15,10.13,402.742,47,rapid
5306,24,2024-12-24 20:55:38,93.71,55.29,13.5,342.123,83,fast
5307,45,2024-12-08 21:19:19,94.88,82.95,24.65,384.804,76,fast
5308,37,2023-12-12 07:12:34,97.64,51.47,-6.06,410.88,42,slow
5309,40,2023-05-26 09:38:15,99.12,39.29,36.39,371.139,14,slow
5310,17,2024-06-05 19:30:42,96.67,83.97,26.81,355.9,48,slow
5311,26,2024-04-07 20:48:58,96.4,75.83,42.49,387.169,36,fast
5312,41,2023-02-14 18:18:35,98.85,12.64,31.04,366.407,2,slow
5313,7,2023-08-10 12:14:05,98.51,71.97,13.02,372.78,13,rapid
5314,38,2024-08-23 13:23:49,96.15,66.13,-8.66,371.807,74,rapid
5315,17,2023-02-04 23:03:56,100.28,55.55,40.03,406.102,3,slow
5316,12,2023-10-22 21:51:27,98.82,11.64,2.38,408.65,22,rapid
5317,18,2024-01-05 11:50:47,97.8,19.05,26.56,348.402,34,slow
5318,27,2024-06-26 16:54:11,97.07,92.19,-8.47,346.436,55,slow
5319,46,2023-11-06 05:40:25,97.94,21.29,-2.92,344.02,22,fast
5320,26,2024-02-26 07:41:46,97.05,86.11,25.67,344.79,37,fast
5321,44,2024-11-19 13:26:48,95.91,61.44,23.74,408.692,70,slow
5322,46,2024-02-05 20:06:10,97.92,56.93,36.89,370.803,26,rapid
5323,15,2024-08-09 18:40:47,94.13,32.67,17.88,373.224,49,rapid
5324,3,2023-01-25 04:27:03,99.94,88.1,-0.16,367.357,2,fast
5325,2,2023-06-23 08:58:55,98.57,77.24,1.66,349.401,14,fast
5326,39,2024-11-20 21:23:24,94.94,54.24,16.16,388.727,85,rapid
5327,36,2024-08-18 14:26:03,94.75,13.98,36.62,364.657,64,slow
5328,19,2024-01-18 03:27:01,98.01,33.17,9.08,363.967,44,slow
5329,41,2024-09-22 11:57:51,97.97,21.07,-8.01,354.156,32,slow
5330,38,2023-02-21 12:18:57,101.83,84.57,4.22,419.61,5,fast
5331,17,2024-01-25 03:19:38,99.25,24.93,9.09,365.154,24,slow
5332,39,2023-04-18 08:33:05,97.94,66.68,-8.98,369.764,5,slow
5333,37,2023-10-28 13:36:04,100.19,90.13,19.01,396.7,28,fast
5334,37,2024-09-12 05:27:44,96.2,31.2,35.81,382.361,82,fast
5335,33,2024-06-17 17:42:11,96.25,71.66,44.8,352.071,68,fast
5336,12,2024-03-09 19:54:41,97.9,19.54,39.09,347.662,37,rapid
5337,11,2024-01-28 21:45:37,97.17,26.15,36.46,386.255,34,fast
5338,2,2023-07-28 23:17:31,99.04,28.69,9.52,401.941,16,fast
5339,14,2024-02-16 15:25:26,96.52,26.05,23.56,388.762,43,rapid
5340,8,2023-02-01 11:40:10,101.34,38.95,27.98,383.656,1,slow
5341,49,2024-02-20 05:57:20,99.54,83.66,38.15,397.928,39,rapid
5342,42,2024-04-13 07:58:47,95.75,74.42,-1.46,348.91,61,slow
5343,18,2023-07-04 14:04:23,98.78,80.55,-5.04,405.258,13,rapid
5344,50,2024-12-15 15:47:56,96.41,94.06,23.7,373.981,70,slow
5345,30,2023-01-31 10:38:27,99.43,88.8,30.16,375.743,1,fast
5346,38,2024-02-06 14:52:40,96.23,89.1,-6.73,375.559,34,fast
5347,4,2024-04-19 21:04:18,96.35,74.5,16.39,364.586,33,rapid
5348,24,2024-08-09 03:47:09,96.08,65.62,12.92,353.231,68,rapid
5349,4,2024-07-04 12:33:10,95.55,11.71,-3.48,389.374,44,rapid
5350,44,2024-07-19 16:50:25,93.21,13.76,2.35,344.088,73,fast
5351,25,2023-11-02 13:53:29,98.39,38.21,-6.68,384.439,40,rapid
5352,29,2024-08-27 01:22:41,93.64,10.59,13.09,392.001,77,fast
5353,13,2024-08-26 21:34:29,98.73,85.06,36.97,351.922,65,slow
5354,44,2023-04-04 07:59:38,99.04,66.08,40.89,406.825,9,fast
5355,43,2023-03-22 17:08:42,99.49,54.92,-8.76,383.514,6,fast
5356,33,2023-03-30 20:12:47,99.57,78.66,-8.88,401.737,10,fast
5357,42,2023-12-07 11:43:08,98.74,49.02,37.1,365.459,37,slow
5358,25,2023-03-29 06:54:42,98.84,97.0,0.46,368.032,6,rapid
5359,43,2023-04-24 19:50:35,100.01,22.84,40.55,340.575,13,fast
5360,29,2023-10-23 16:46:28,95.21,25.17,37.79,370.791,20,slow
5361,27,2024-07-10 03:31:48,97.76,81.95,-2.15,382.665,58,fast
5362,21,2024-08-30 13:06:36,93.27,40.3,11.5,415.65,77,rapid
5363,4,2024-02-13 01:32:00,98.64,41.49,36.13,378.362,25,rapid
5364,33,2024-09-30 00:18:11,94.03,59.45,-7.62,367.632,36,fast
5365,48,2024-10-18 18:00:33,98.38,25.92,-5.4,414.207,45,rapid
5366,26,2024-04-26 23:50:16,97.72,82.65,20.17,344.693,55,rapid
5367,17,2023-02-27 20:07:24,97.74,13.07,-0.95,344.338,6,slow
5368,11,2023-04-23 11:12:40,98.05,78.06,9.54,418.607,12,fast
5369,50,2023-04-29 15:59:27,100.26,87.7,5.68,385.675,12,slow
5370,49,2024-05-17 04:53:37,96.75,92.94,-9.15,350.277,39,slow
5371,37,2023-03-23 19:24:28,100.48,73.57,20.91,347.312,7,fast
5372,12,2024-09-18 22:04:36,95.85,37.4,-5.68,400.02,32,rapid
5373,24,2023-04-13 19:48:44,98.34,81.87,8.87,382.905,9,fast
5374,8,2023-03-27 18:17:44,99.41,36.84,5.98,413.635,9,fast
5375,43,2024-06-28 02:56:38,93.83,61.51,4.61,363.604,42,slow
5376,15,2024-09-24 22:33:56,93.48,92.23,41.25,348.075,63,rapid
5377,50,2024-12-15 08:04:50,95.31,33.16,28.25,353.441,54,rapid
5378,39,2023-12-29 17:24:48,98.24,82.74,10.08,368.037,29,slow
5379,18,2023-02-23 05:08:12,101.21,17.87,6.8,402.999,5,slow
5380,12,2024-04-24 14:28:22,95.6,70.51,5.92,371.888,47,slow
5381,24,2024-07-12 21:28:01,95.49,81.51,29.39,387.391,49,fast
5382,14,2023-08-22 14:08:43,98.73,43.72,39.76,366.862,11,slow
5383,16,2024-06-15 07:08:20,96.58,94.75,22.73,370.285,46,rapid
5384,11,2024-02-25 19:19:07,98.41,17.14,17.89,410.398,32,slow
5385,18,2023-02-02 04:02:56,98.46,99.67,2.04,362.599,1,slow
5386,15,2024-07-11 18:54:16,94.21,95.7,-4.17,393.042,30,slow
5387,5,2023-07-09 17:19:06,98.48,58.46,12.54,363.882,15,fast
5388,34,2023-11-11 05:37:00,98.19,96.98,5.17,380.971,38,rapid
5389,16,2024-12-01 20:18:38,94.86,25.15,40.57,387.979,49,rapid
5390,50,2024-05-25 19:39:02,95.63,12.92,7.42,385.691,36,slow
5391,27,2024-09-04 20:26:56,94.85,33.15,31.32,392.955,50,rapid
5392,17,2023-08-23 22:49:04,97.47,15.95,-5.82,372.82,11,rapid
5393,41,2023-02-04 18:36:22,99.16,30.64,12.54,411.072,3,fast
5394,7,2024-05-06 03:10:00,93.3,51.5,-8.18,341.581,58,fast
5395,28,2023-07-23 05:13:13,96.51,30.6,21.73,386.356,12,fast
5396,3,2023-02-20 23:20:26,99.76,75.53,30.59,389.289,6,rapid
5397,3,2024-06-24 22:19:30,96.65,96.04,2.06,380.518,41,fast
5398,8,2023-12-01 22:08:22,99.53,56.02,29.38,412.452,29,fast
5399,3,2024-08-16 10:35:53,98.72,98.62,42.88,348.208,39,rapid
5400,2,2024-06-14 03:48:17,96.1,95.85,40.56,396.584,69,fast
5401,46,2024-07-03 15:39:45,94.28,66.47,32.0,401.956,64,rapid
5402,49,2024-02-22 07:23:36,98.91,14.95,27.21,358.745,21,slow
5403,38,2023-07-02 12:38:51,98.55,76.14,-4.22,357.191,9,slow
5404,9,2023-03-11 16:11:58,101.02,64.97,28.74,362.666,5,fast
5405,5,2024-02-23 16:49:37,98.44,87.39,-8.51,349.377,34,slow
5406,46,2024-02-27 01:33:11,96.09,89.43,8.31,373.261,23,fast
5407,32,2023-01-22 23:37:05,100.92,53.29,-9.65,365.945,1,slow
5408,9,2024-01-04 19:47:28,95.99,52.31,3.35,402.619,30,rapid
5409,21,2024-07-07 20:28:06,95.41,88.06,-6.68,367.548,33,rapid
5410,19,2023-02-18 16:46:10,100.68,69.53,20.34,373.919,3,rapid
5411,23,2023-10-16 13:22:21,99.25,73.37,19.69,388.823,37,fast
5412,48,2023-08-22 14:48:29,96.78,21.05,-5.54,393.268,31,rapid
5413,6,2023-03-09 02:57:32,99.32,67.44,40.11,351.566,5,fast
5414,39,2024-08-19 22:09:09,95.34,69.55,22.22,374.483,76,fast
5415,27,2024-02-06 00:45:22,97.11,14.58,15.7,353.978,46,slow
5416,26,2024-09-30 06:42:54,95.53,33.53,31.99,379.687,77,rapid
5417,28,2023-07-30 09:17:22,98.68,88.77,16.46,356.865,14,slow
5418,1,2023-07-05 03:47:33,98.05,19.08,10.33,378.776,19,fast
5419,4,2023-02-24 00:47:00,98.11,52.51,6.81,413.46,4,fast
5420,23,2023-10-20 20:07:30,98.88,85.46,24.16,413.625,37,slow
5421,8,2023-06-02 20:26:08,97.41,99.33,0.82,401.495,10,fast
5422,18,2023-02-09 22:56:01,98.29,50.58,2.82,355.868,3,fast
5423,32,2023-05-05 12:41:22,99.57,20.01,11.45,391.965,14,rapid
5424,45,2024-01-09 00:54:32,98.35,43.29,-5.31,392.553,27,rapid
5425,25,2023-02-07 08:51:17,100.71,99.22,12.55,378.794,2,slow
5426,19,2024-07-21 17:06:52,94.88,67.76,34.94,357.649,53,fast
5427,38,2023-12-20 23:49:25,98.76,63.65,35.99,341.988,42,slow
5428,10,2023-11-24 23:42:39,99.26,52.41,3.1,344.219,42,slow
5429,48,2024-11-30 19:47:41,99.37,56.78,-1.48,397.37,78,rapid
5430,22,2024-04-29 13:09:25,97.02,59.86,3.39,397.323,61,slow
5431,35,2023-09-16 03:26:58,98.64,30.67,4.4,349.298,22,rapid
5432,5,2024-06-24 19:11:32,99.77,84.28,9.02,365.09,31,rapid
5433,10,2024-12-25 09:34:20,93.6,79.37,10.84,367.146,69,fast
5434,47,2024-11-10 19:46:16,94.45,65.35,36.54,366.519,89,rapid
5435,20,2024-02-29 17:39:44,96.62,83.67,15.67,388.11,47,rapid
5436,33,2023-10-18 14:23:52,99.22,55.26,21.72,410.127,29,rapid
5437,30,2024-11-17 13:04:23,97.89,64.98,24.92,382.699,85,fast
5438,26,2023-11-22 16:59:14,98.81,42.63,9.66,381.512,16,rapid
5439,41,2023-11-28 21:51:59,98.99,98.42,43.92,373.069,18,slow
5440,1,2023-02-19 06:09:04,99.74,42.49,11.66,348.409,4,rapid
5441,29,2023-05-22 16:57:54,98.24,83.94,11.0,361.603,16,rapid
5442,11,2023-04-11 20:58:30,100.57,96.01,19.13,356.644,7,fast
5443,7,2023-07-22 17:28:03,97.14,61.84,-0.17,410.702,17,slow
5444,26,2023-05-30 18:09:46,97.36,39.34,34.24,348.535,10,slow
5445,46,2023-07-24 05:15:01,98.2,38.84,-5.08,401.771,13,rapid
5446,3,2023-08-18 02:38:39,98.52,36.44,33.59,374.899,13,slow
5447,15,2023-09-25 21:19:25,95.82,97.31,43.81,405.989,28,fast
5448,10,2024-01-31 00:43:40,96.86,84.09,-2.08,348.928,51,slow
5449,32,2023-05-13 20:53:33,97.26,73.3,19.61,356.09,9,slow
5450,4,2023-11-25 21:19:51,97.15,96.86,24.14,404.294,28,fast
5451,5,2023-07-07 21:54:12,98.56,72.81,-1.53,350.323,22,rapid
5452,28,2023-03-19 03:09:39,99.0,51.13,26.65,342.714,9,rapid
5453,3,2024-03-04 00:18:30,97.89,72.19,14.91,392.024,31,rapid
5454,46,2024-04-08 06:23:27,98.69,29.95,28.27,347.345,42,fast
5455,36,2023-07-10 23:39:47,98.37,39.17,11.81,360.326,21,fast
5456,2,2024-05-06 03:20:38,97.13,37.65,1.45,350.963,49,slow
5457,33,2024-03-02 19:39:39,95.14,16.22,17.47,354.286,54,slow
5458,49,2024-08-22 20:23:50,96.87,32.27,26.64,353.618,60,slow
5459,50,2023-05-06 13:31:05,99.98,38.78,0.48,350.343,9,fast
5460,34,2024-06-21 13:07:28,96.28,99.19,21.44,347.466,39,fast
5461,28,2024-07-06 21:25:18,95.08,87.14,0.31,366.963,61,rapid
5462,38,2023-12-30 18:01:30,98.38,27.3,-5.2,359.378,38,rapid
5463,11,2024-10-03 11:33:24,93.9,55.9,37.63,416.834,82,slow
5464,43,2024-04-04 03:48:26,97.04,87.52,-8.02,361.998,43,fast
5465,50,2024-05-16 03:43:33,96.66,93.02,44.68,392.707,39,slow
5466,21,2024-11-14 17:27:29,95.79,67.64,43.21,358.955,44,fast
5467,5,2023-02-07 15:44:37,99.07,69.32,20.64,397.202,3,fast
5468,41,2023-09-14 03:25:55,96.68,76.2,43.8,358.803,19,slow
5469,24,2024-05-30 05:22:50,96.41,11.57,-2.52,347.235,51,fast
5470,1,2024-07-13 03:05:39,95.37,55.99,38.08,418.062,38,rapid
5471,34,2024-11-03 02:05:21,96.86,14.34,-1.85,413.488,85,fast
5472,42,2024-07-16 18:10:18,95.6,68.41,33.79,370.025,49,fast
5473,28,2024-03-16 21:00:32,95.02,99.28,0.43,400.615,58,rapid
5474,13,2023-12-12 22:54:20,98.99,84.52,41.11,340.639,36,slow
5475,12,2023-04-08 12:11:16,99.57,10.84,-8.63,361.872,6,fast
5476,18,2023-11-02 10:08:43,96.13,26.65,-0.69,416.992,38,rapid
5477,9,2024-01-24 13:30:45,98.17,79.59,0.86,377.413,24,slow
5478,17,2024-11-01 16:02:56,93.15,81.35,4.49,359.172,79,fast
5479,10,2024-05-10 13:13:16,95.64,61.41,6.9,384.593,47,rapid
5480,32,2023-09-29 08:22:55,96.83,42.81,22.75,379.388,31,rapid
5481,48,2024-12-30 15:14:23,93.8,19.57,3.08,341.972,67,rapid
5482,29,2023-03-14 10:40:33,100.49,23.21,8.47,388.655,4,rapid
5483,14,2024-08-16 23:44:49,96.81,77.0,34.15,362.125,67,fast
5484,44,2023-08-12 05:38:59,96.61,85.95,11.96,396.044,23,fast
5485,26,2024-06-26 04:03:31,96.6,48.38,-2.21,403.92,41,slow
5486,47,2023-02-16 07:32:55,99.45,20.07,31.43,376.828,3,rapid
5487,34,2024-10-11 11:43:55,97.74,69.09,44.48,363.877,74,fast
5488,45,2023-08-20 15:52:48,98.81,38.83,5.25,390.97,15,slow
5489,24,2024-01-02 01:14:01,97.46,17.41,18.17,364.571,36,fast
5490,43,2023-01-10 03:56:57,98.84,24.12,22.8,345.379,0,fast
5491,43,2024-03-12 15:27:05,95.7,16.73,28.64,368.129,51,rapid
5492,34,2024-04-16 19:45:43,98.53,63.6,36.52,375.298,47,slow
5493,24,2023-12-28 07:04:11,98.12,37.2,17.74,418.094,46,rapid
5494,3,2024-02-12 20:37:17,97.09,87.84,-1.47,405.519,45,slow
5495,11,2023-07-18 00:47:42,98.72,98.93,7.06,402.192,18,rapid
5496,29,2024-01-27 11:27:05,99.28,38.89,-0.97,403.183,31,slow
5497,21,2023-11-12 10:35:22,99.46,31.07,16.92,387.379,24,rapid
5498,45,2024-10-14 18:06:41,94.89,22.21,4.99,342.731,54,fast
5499,9,2024-10-08 15:01:20,95.82,43.32,22.99,401.215,58,rapid
5500,12,2024-03-19 23:49:06,93.77,37.54,24.53,412.661,40,fast
5501,30,2023-11-16 00:25:25,97.9,86.88,7.71,369.083,36,rapid
5502,31,2023-10-07 22:41:54,96.69,76.2,44.08,405.351,29,slow
5503,35,2024-02-15 10:33:40,95.14,65.95,-7.75,362.432,54,fast
5504,27,2024-07-17 21:52:08,97.28,25.53,40.92,396.197,53,slow
5505,24,2024-02-10 17:35:39,99.15,49.95,34.75,350.945,47,fast
5506,17,2024-10-31 18:35:41,97.35,12.13,31.3,362.048,72,slow
5507,31,2024-07-11 11:46:44,96.7,44.67,30.29,360.969,60,rapid
5508,27,2024-03-10 16:22:55,96.37,75.0,19.79,342.724,22,slow
5509,45,2023-08-23 21:21:11,98.6,38.52,-8.71,364.518,25,slow
5510,24,2024-01-24 05:46:28,96.05,19.97,-7.11,406.252,51,slow
5511,3,2024-01-31 21:18:11,96.28,68.48,39.04,360.537,24,fast
5512,33,2024-12-22 20:57:54,95.15,46.99,-7.58,387.807,59,slow
5513,42,2023-05-06 11:37:42,101.09,12.81,-4.22,383.351,9,slow
5514,26,2023-03-08 01:19:42,101.26,56.47,28.2,379.169,4,fast
5515,8,2023-04-11 09:35:36,98.67,54.25,12.32,340.362,5,fast
5516,8,2024-02-18 22:16:43,95.47,91.34,32.83,403.411,21,rapid
5517,43,2023-07-30 20:58:36,97.65,92.88,-7.86,340.69,23,fast
5518,43,2024-11-23 18:40:07,93.69,93.43,32.4,398.427,63,rapid
5519,14,2023-08-04 08:47:17,100.66,35.54,6.44,380.452,21,fast
5520,40,2023-05-01 09:21:34,99.18,77.64,30.08,390.622,6,rapid
5521,50,2024-06-20 10:44:26,96.85,45.03,11.61,390.196,35,fast
5522,15,2024-06-01 20:04:14,95.05,17.25,19.86,387.727,44,rapid
5523,50,2023-12-23 23:39:30,98.09,43.34,25.11,380.505,27,fast
5524,28,2024-11-20 18:12:24,97.41,99.84,2.26,375.178,53,rapid
5525,33,2024-08-12 07:57:53,96.77,41.15,4.61,348.994,77,slow
5526,50,2023-06-04 19:22:10,99.14,33.87,-3.71,397.438,11,slow
5527,42,2023-07-04 08:58:56,97.77,50.54,40.98,366.566,13,slow
5528,32,2023-08-18 18:25:32,97.72,18.41,41.21,353.866,15,slow
5529,48,2023-09-15 20:04:14,98.4,77.22,23.53,341.225,18,slow
5530,25,2024-12-25 20:42:17,93.8,70.88,-4.69,399.253,59,fast
5531,27,2023-05-31 11:17:24,98.45,89.68,7.9,416.471,15,fast
5532,33,2023-01-06 13:18:01,100.56,71.62,41.13,342.054,0,slow
5533,48,2024-01-10 21:10:36,97.64,79.38,34.66,365.778,23,rapid
5534,6,2024-01-05 22:00:55,95.95,88.63,20.32,341.355,23,slow
5535,4,2023-09-06 16:37:02,96.89,11.91,3.53,370.218,28,slow
5536,25,2024-01-23 21:44:27,97.15,11.95,31.11,364.121,25,rapid
5537,49,2024-04-26 20:24:57,100.3,34.83,-4.47,376.946,50,fast
5538,44,2023-01-11 07:18:20,99.53,82.81,22.18,414.547,0,slow
5539,41,2023-12-01 02:46:14,96.83,55.71,-1.88,389.633,23,slow
5540,38,2024-08-29 13:56:18,95.25,98.45,-5.05,391.92,36,fast
5541,10,2023-12-30 07:28:05,96.77,30.75,-5.45,367.545,42,slow
5542,28,2023-06-03 21:01:51,98.66,20.26,22.57,370.461,15,fast
5543,41,2023-10-08 03:47:54,96.13,76.1,15.22,344.82,26,fast
5544,22,2024-01-19 13:46:06,98.56,33.56,31.21,374.645,31,slow
5545,28,2023-07-26 13:06:33,98.95,30.92,1.96,412.981,22,fast
5546,46,2024-12-16 06:46:29,93.71,97.09,5.35,393.806,72,rapid
5547,28,2023-01-17 00:14:14,100.18,89.57,31.58,408.409,1,fast
5548,15,2023-03-06 11:26:55,100.67,12.12,-2.89,377.044,5,slow
5549,7,2024-12-29 06:12:05,92.51,51.2,18.29,392.405,86,rapid
5550,10,2024-02-24 09:15:11,97.79,55.76,-1.5,371.048,21,rapid
5551,14,2023-03-03 03:57:54,98.61,35.5,44.22,416.496,5,slow
5552,21,2023-06-26 12:48:54,99.08,54.13,20.25,356.833,10,slow
5553,38,2023-09-12 21:40:16,98.27,61.25,0.23,357.069,33,rapid
5554,41,2024-10-15 07:51:41,96.07,19.5,22.86,417.35,69,slow
5555,23,2024-06-25 09:56:08,97.98,68.94,42.97,385.357,62,slow
5556,33,2023-03-20 16:00:32,100.61,60.2,-3.86,395.54,6,rapid
5557,39,2024-03-09 21:08:50,97.29,57.47,35.94,388.95,25,slow
5558,9,2024-11-24 12:22:25,97.46,45.94,20.95,342.327,47,fast
5559,37,2023-11-08 03:36:38,96.17,84.1,14.78,403.299,28,fast
5560,39,2023-07-13 12:00:35,98.52,85.4,33.57,374.374,15,slow
5561,41,2024-03-25 15:09:58,97.94,78.66,14.35,398.511,46,rapid
5562,44,2024-01-28 00:03:55,95.94,15.58,4.74,372.265,19,rapid
5563,6,2024-11-14 19:46:43,94.98,39.73,28.08,392.827,37,fast
5564,14,2024-06-02 10:18:35,94.93,14.89,6.98,419.841,58,fast
5565,34,2024-10-26 15:04:27,97.77,36.76,39.71,357.538,38,slow
5566,41,2024-11-12 13:59:17,95.5,12.5,8.99,348.411,72,slow
5567,31,2023-09-01 11:59:35,99.2,71.1,6.14,410.5,27,fast
5568,24,2024-06-03 23:01:52,96.7,79.05,9.13,382.596,52,slow
5569,41,2024-03-02 23:19:10,97.84,37.48,-5.51,402.493,33,rapid
5570,26,2023-03-30 21:45:10,100.24,36.5,12.29,392.357,8,fast
5571,47,2023-12-08 21:21:52,95.48,94.37,3.31,341.217,44,slow
5572,12,2023-12-31 18:32:41,98.92,22.79,-0.07,350.362,33,slow
5573,5,2024-10-03 09:44:59,95.88,47.8,21.18,350.144,43,slow
5574,32,2023-03-28 19:56:47,100.57,44.1,15.54,365.327,11,slow
5575,21,2024-08-27 16:11:31,96.55,13.28,-4.34,359.598,63,slow
5576,10,2024-08-18 05:17:07,95.3,74.01,14.88,389.619,75,slow
5577,43,2024-02-02 09:03:01,98.25,35.25,40.31,397.644,27,fast
5578,11,2023-01-21 05:10:44,100.72,39.77,-5.51,414.334,2,fast
5579,9,2024-09-01 09:25:57,95.47,52.65,6.29,372.873,67,rapid
5580,14,2023-04-06 07:43:52,99.25,42.11,35.37,346.799,6,fast
5581,18,2023-03-06 07:39:50,99.53,73.87,10.28,374.724,6,slow
5582,48,2024-04-14 21:46:17,97.83,92.26,-1.66,345.503,28,fast
5583,38,2023-06-21 03:30:54,98.71,17.85,38.27,371.68,16,rapid
5584,46,2024-10-14 13:40:06,93.79,15.07,36.44,386.894,50,rapid
5585,10,2023-02-16 05:59:05,100.47,66.6,33.92,362.002,4,rapid
5586,30,2023-03-04 10:25:54,99.29,28.92,-6.67,378.939,4,slow
5587,32,2023-08-04 19:26:49,96.87,46.74,3.89,348.267,26,slow
5588,8,2024-07-25 16:34:30,95.06,51.37,9.21,407.998,50,fast
5589,43,2024-01-22 16:44:07,97.73,81.83,6.17,395.746,21,fast
5590,42,2023-07-14 05:21:04,98.32,75.78,30.56,341.861,25,slow
5591,22,2023-12-30 17:03:45,99.08,43.61,23.8,349.605,26,slow
5592,36,2024-12-28 02:59:28,94.43,34.75,28.46,353.534,73,rapid
5593,33,2023-11-25 07:12:17,95.98,39.32,2.65,362.187,21,slow
5594,15,2024-12-01 02:58:49,94.69,73.98,13.05,382.816,75,rapid
5595,32,2023-06-19 17:28:54,100.42,62.97,11.34,388.839,19,slow
5596,50,2024-04-09 06:59:08,98.11,42.11,10.53,380.546,46,fast
5597,17,2023-07-05 09:43:52,100.9,87.26,22.77,393.942,18,fast
5598,5,2023-12-08 03:26:48,98.0,12.08,-4.03,345.949,38,rapid
5599,38,2023-07-23 09:51:27,98.6,32.48,41.13,370.815,25,fast
5600,43,2023-01-11 17:23:36,100.27,47.51,-1.07,374.615,0,rapid
5601,2,2023-10-24 12:12:45,98.2,49.33,12.75,403.929,34,slow
5602,22,2024-11-03 17:28:52,96.46,23.18,19.58,366.513,73,fast
5603,18,2023-11-24 22:07:11,99.27,99.16,22.19,394.909,22,rapid
5604,29,2024-12-19 13:15:53,98.27,10.06,11.85,373.378,78,rapid
5605,24,2024-06-13 10:02:43,97.98,19.17,41.1,350.931,39,slow
5606,13,2024-11-14 11:51:46,94.69,39.73,-9.79,361.424,35,rapid
5607,37,2023-02-19 12:25:25,98.15,50.56,44.46,341.109,4,slow
5608,21,2023-08-19 12:29:23,96.9,64.82,28.75,341.852,14,rapid
5609,6,2024-10-21 16:02:55,97.49,17.76,7.21,382.728,54,slow
5610,34,2023-06-17 18:06:27,101.23,72.0,39.59,340.153,22,rapid
5611,34,2023-06-01 08:21:05,98.74,52.77,-7.4,372.455,17,rapid
5612,15,2023-04-27 05:12:02,99.82,82.59,25.39,379.438,14,fast
5613,30,2023-11-28 18:36:19,98.07,93.82,-0.05,361.277,28,rapid
5614,44,2024-01-21 23:02:30,96.66,80.53,22.57,398.724,23,fast
5615,9,2023-03-19 18:16:16,97.69,85.09,38.4,373.237,5,rapid
5616,45,2023-09-16 14:09:11,97.16,93.01,37.0,370.241,32,fast
5617,45,2024-03-30 06:16:25,95.77,95.5,-7.67,395.737,55,fast
5618,50,2024-05-14 07:43:34,95.3,83.14,4.88,388.637,36,rapid
5619,22,2024-07-01 00:08:05,97.04,90.54,-5.68,384.19,60,fast
5620,42,2023-05-11 05:51:21,98.93,71.48,9.31,389.397,9,slow
5621,13,2024-01-19 07:26:13,97.55,72.28,13.41,387.106,43,rapid
5622,47,2024-04-19 12:56:05,96.12,68.46,1.02,377.784,23,rapid
5623,18,2024-01-20 14:24:55,97.3,26.68,33.42,366.343,28,fast
5624,3,2024-01-20 22:33:52,99.48,36.51,24.52,379.552,35,slow
5625,4,2023-04-30 01:03:40,100.79,47.37,-8.36,376.268,13,rapid
5626,34,2023-10-07 11:27:04,98.84,34.26,41.05,382.528,17,fast
5627,24,2023-10-27 09:14:08,96.01,66.6,-0.85,418.071,16,rapid
5628,10,2024-03-06 22:40:57,95.03,50.68,42.04,350.616,44,fast
5629,3,2023-10-21 13:13:31,98.3,57.34,-8.15,418.718,28,rapid
5630,27,2024-05-31 06:39:38,98.49,73.16,42.34,404.812,46,fast
5631,42,2024-02-18 21:12:34,97.28,99.14,30.81,368.638,21,slow
5632,50,2024-08-20 19:11:02,94.99,69.89,26.85,371.161,59,rapid
5633,1,2024-09-24 06:51:50,95.08,79.95,4.5,394.613,40,slow
5634,28,2023-01-07 14:47:06,98.47,79.0,22.59,355.401,0,slow
5635,38,2024-06-09 10:18:44,97.02,93.7,37.57,350.39,56,fast
5636,37,2024-11-06 09:37:10,96.62,76.97,14.84,342.814,62,fast
5637,18,2024-02-27 01:48:37,95.62,48.89,23.2,392.887,43,slow
5638,44,2024-04-02 23:47:13,96.93,73.28,10.41,364.579,28,fast
5639,14,2023-06-16 06:13:55,99.11,72.38,5.69,340.341,17,fast
5640,13,2023-02-02 12:14:49,98.92,93.76,3.58,399.852,3,fast
5641,46,2023-08-19 02:04:19,98.9,71.73,-4.65,416.165,22,slow
5642,15,2024-08-05 18:22:41,96.17,71.26,36.21,343.702,58,fast
5643,45,2023-02-09 14:13:37,99.47,12.63,-1.49,392.332,3,fast
5644,11,2024-01-19 01:53:30,95.32,75.16,7.08,342.499,32,fast
5645,13,2024-11-10 21:28:43,96.34,51.87,37.64,384.323,41,slow
5646,16,2023-04-04 03:20:53,100.55,30.84,29.75,356.335,11,rapid
5647,50,2024-08-09 08:34:16,95.82,78.76,23.0,388.634,76,slow
5648,34,2024-05-10 20:37:52,96.25,52.64,24.15,342.445,33,fast
5649,29,2023-01-23 14:40:47,99.36,70.3,-3.8,362.638,2,slow
5650,25,2024-04-14 04:31:32,97.78,82.53,-0.34,340.383,34,rapid
5651,19,2024-07-01 10:56:48,94.42,15.05,18.94,351.903,37,rapid
5652,35,2024-08-16 10:27:08,96.09,52.77,37.15,416.803,33,slow
5653,41,2024-12-15 22:43:02,95.99,90.12,28.66,365.057,50,rapid
5654,42,2024-01-07 22:08:00,98.87,99.32,-9.01,380.023,44,rapid
5655,7,2024-03-01 13:14:31,97.93,21.25,31.9,398.883,26,slow
5656,27,2024-10-21 13:55:43,96.07,60.02,36.74,354.219,83,fast
5657,45,2024-05-15 17:00:55,96.99,47.77,36.0,390.446,51,fast
5658,14,2023-03-06 01:41:23,98.55,95.63,36.82,419.77,3,rapid
5659,6,2024-09-19 16:32:42,96.37,62.54,7.25,388.792,71,rapid
5660,7,2024-10-19 19:57:50,93.71,71.13,43.13,406.538,46,rapid
5661,43,2024-03-07 14:32:21,96.41,63.97,-7.25,344.278,38,slow
5662,2,2024-03-24 18:06:14,96.87,31.39,-0.84,419.802,29,slow
5663,8,2024-05-08 09:39:18,94.71,98.99,41.13,355.674,52,rapid
5664,20,2024-11-11 12:01:13,97.16,73.91,43.45,385.298,41,slow
5665,22,2023-12-14 16:41:52,97.79,56.34,-7.65,364.498,34,fast
5666,45,2024-01-22 11:43:44,97.63,12.17,11.73,410.777,48,slow
5667,19,2024-03-25 02:54:56,96.66,28.3,44.52,415.123,49,fast
5668,24,2024-01-04 01:57:22,97.25,92.77,39.23,393.157,47,fast
5669,44,2023-06-16 19:52:04,99.63,70.7,29.19,415.404,16,slow
5670,12,2023-05-18 21:02:27,97.35,62.66,31.18,402.338,12,slow
5671,4,2023-10-01 17:42:16,98.93,42.48,10.65,372.359,22,rapid
5672,21,2023-12-01 06:41:59,98.8,69.79,33.63,342.832,34,rapid
5673,39,2024-01-18 01:35:31,96.88,65.74,43.78,368.828,47,fast
5674,14,2023-04-10 04:29:57,97.69,67.04,0.92,368.675,6,fast
5675,48,2024-04-05 19:21:24,95.52,52.94,21.91,347.527,33,slow
5676,43,2024-05-20 00:34:43,94.82,32.57,8.51,383.302,34,rapid
5677,49,2023-11-29 23:00:49,100.25,69.44,31.5,389.94,21,slow
5678,32,2023-12-26 02:40:09,99.38,45.16,-2.43,351.751,31,slow
5679,19,2023-10-06 01:15:37,98.47,71.72,39.31,395.513,17,fast
5680,35,2023-10-16 03:08:08,99.29,74.36,40.57,351.163,22,fast
5681,40,2024-03-28 04:34:42,97.34,64.25,16.21,367.697,51,rapid
5682,39,2023-11-23 23:12:25,97.02,17.74,-0.66,395.744,31,rapid
5683,24,2024-12-03 14:23:05,98.49,68.81,2.67,405.837,51,slow
5684,18,2023-09-26 23:27:08,99.08,84.36,18.87,369.248,15,fast
5685,8,2023-03-01 21:06:25,97.09,43.17,22.71,376.991,5,rapid
5686,18,2023-05-24 12:01:55,98.07,95.51,3.55,362.075,10,fast
5687,11,2023-11-18 10:43:46,96.74,58.46,30.91,370.069,19,fast
5688,27,2023-09-08 18:17:00,96.79,42.16,31.53,417.5,17,fast
5689,25,2023-04-06 02:46:38,98.72,43.87,42.9,345.146,12,fast
5690,43,2024-05-01 06:04:52,94.49,40.5,43.31,378.69,63,rapid
5691,17,2024-03-27 22:29:10,97.56,43.11,18.17,370.44,29,slow
5692,12,2023-03-03 16:06:14,99.62,60.88,18.51,342.204,3,slow
5693,46,2023-12-05 05:26:43,100.15,52.66,20.44,357.195,30,fast
5694,7,2023-06-15 22:52:58,97.96,12.16,40.67,352.77,21,slow
5695,43,2023-10-02 14:46:55,97.38,23.12,22.22,347.401,24,rapid
5696,13,2024-08-30 12:57:56,97.83,54.81,35.56,378.542,45,slow
5697,35,2024-07-29 07:13:49,96.1,19.97,-1.65,364.013,76,fast
5698,42,2023-08-09 23:20:33,97.71,98.08,15.08,415.204,26,rapid
5699,11,2023-07-18 19:02:35,98.58,17.34,43.68,360.837,18,fast
5700,44,2024-01-28 00:25:47,96.8,33.7,10.61,404.897,45,slow
5701,20,2023-12-27 21:11:09,98.34,77.1,-8.65,370.347,47,fast
5702,20,2024-01-16 00:28:55,96.99,31.5,11.71,373.96,28,slow
5703,33,2024-09-19 08:48:34,97.33,57.66,11.04,363.529,39,fast
5704,16,2024-09-26 14:13:11,93.46,38.44,29.51,408.611,51,fast
5705,1,2024-10-21 13:23:19,96.84,28.14,44.41,398.898,50,fast
5706,49,2024-03-29 22:08:09,98.44,30.48,24.62,413.94,38,slow
5707,7,2024-07-11 18:21:39,94.9,57.24,-8.1,360.444,31,fast
5708,40,2023-01-29 11:02:46,99.31,14.07,11.51,346.927,1,slow
5709,24,2024-09-08 06:44:08,94.81,44.61,-3.77,379.128,74,slow
5710,1,2024-01-28 18:14:52,98.69,79.39,-6.28,399.014,39,slow
5711,7,2024-10-16 17:36:40,96.4,72.44,42.97,403.281,65,rapid
5712,20,2023-02-17 14:23:52,98.92,96.5,-2.3,358.736,5,rapid
5713,40,2024-11-22 19:00:30,96.14,62.55,19.36,398.661,76,slow
5714,44,2023-02-14 23:50:16,98.59,57.18,-0.06,400.883,3,fast
5715,1,2024-12-10 19:06:17,95.27,84.51,16.62,397.597,49,fast
5716,39,2024-08-01 06:39:33,94.82,39.12,40.69,407.466,32,rapid
5717,48,2023-05-18 06:32:39,99.28,47.71,22.25,381.271,12,rapid
5718,36,2023-04-23 20:55:38,98.58,87.3,36.2,395.697,13,slow
5719,43,2023-12-14 04:32:31,98.89,77.25,9.06,357.733,34,rapid
5720,48,2023-02-02 00:34:26,100.1,52.54,28.55,379.806,2,fast
5721,19,2024-04-27 01:25:46,96.81,82.16,0.35,393.238,44,fast
5722,11,2024-11-23 16:35:09,95.06,59.44,3.44,401.863,36,rapid
5723,49,2024-12-21 13:32:33,93.69,34.35,12.4,356.129,63,slow
5724,43,2023-06-14 02:41:48,98.56,78.63,44.9,396.959,18,rapid
5725,12,2024-07-24 18:05:42,95.4,32.1,-1.1,404.944,56,slow
5726,27,2024-04-11 13:54:19,95.36,50.81,7.5,393.613,54,slow
5727,14,2023-01-25 19:16:42,100.09,68.37,-8.3,346.418,3,fast
5728,36,2024-05-03 15:28:04,96.19,63.93,-3.82,408.45,34,fast
5729,15,2023-08-21 10:16:44,99.66,32.59,26.47,345.421,18,fast
5730,8,2023-05-31 02:37:56,100.56,87.63,35.35,370.143,14,fast
5731,13,2024-09-24 12:16:23,96.2,47.7,35.86,409.275,35,slow
5732,12,2024-04-16 06:00:03,96.76,66.81,21.73,363.696,25,slow
5733,31,2023-04-17 14:40:21,99.14,96.39,37.72,407.276,8,slow
5734,33,2024-03-08 05:23:56,95.55,51.18,3.42,345.239,31,fast
5735,40,2024-02-21 16:48:44,96.24,52.15,14.23,417.683,43,rapid
5736,49,2023-06-02 15:52:32,98.82,67.45,37.79,399.519,13,slow
5737,14,2024-07-02 13:53:42,98.11,71.55,1.01,353.582,29,fast
5738,21,2023-02-20 11:24:07,98.1,79.87,9.61,416.995,2,slow
5739,31,2024-06-11 08:31:17,96.53,29.69,34.08,411.628,41,slow
5740,8,2023-08-26 20:24:56,100.01,53.6,-5.19,387.549,29,rapid
5741,9,2023-06-20 16:58:30,99.18,21.9,-2.18,419.31,12,slow
5742,40,2024-06-12 19:19:31,97.84,49.51,-0.41,351.605,58,slow
5743,11,2024-08-29 04:56:33,97.75,82.13,15.81,352.191,70,fast
5744,35,2024-05-11 20:01:26,97.1,34.22,4.18,344.82,38,slow
5745,43,2024-10-07 14:57:52,96.17,50.32,9.67,360.397,81,slow
5746,3,2023-10-05 17:37:39,96.98,26.18,8.1,352.275,27,fast
5747,20,2024-04-23 08:16:00,96.19,56.71,-1.1,355.931,57,rapid
5748,9,2024-11-22 07:00:08,97.77,28.56,26.62,381.439,84,slow
5749,16,2023-04-29 02:55:51,98.1,19.71,42.08,404.825,7,rapid
5750,19,2023-09-30 16:54:25,96.77,14.89,18.3,376.619,23,rapid
5751,6,2023-02-19 15:56:48,99.42,37.24,24.9,344.915,2,slow
5752,32,2023-07-23 08:35:07,99.34,27.72,27.61,417.908,24,rapid
5753,15,2024-02-03 17:55:44,96.53,99.1,29.57,369.515,32,fast
5754,42,2023-06-25 04:00:05,100.66,95.77,33.89,376.995,21,fast
5755,3,2023-06-22 21:44:42,99.86,21.56,43.49,340.312,11,slow
5756,25,2024-10-29 13:19:01,94.55,48.06,8.96,385.148,66,slow
5757,25,2023-12-07 10:18:56,96.71,19.12,15.16,366.453,41,slow
5758,2,2023-09-06 23:45:38,98.71,22.18,-4.3,419.461,32,slow
5759,37,2023-11-13 20:24:14,97.73,19.88,21.57,397.897,24,fast
5760,31,2023-03-06 22:23:54,99.72,30.55,-5.33,348.724,6,rapid
5761,46,2023-10-20 02:35:02,95.5,99.66,-0.05,407.823,38,rapid
5762,5,2024-10-17 22:27:49,97.45,56.72,41.45,381.508,60,rapid
5763,25,2024-01-23 21:56:03,96.93,88.39,37.29,394.437,27,slow
5764,42,2024-08-03 18:43:27,95.06,10.96,40.9,390.179,77,fast
5765,31,2023-06-15 08:52:59,100.2,89.03,20.46,385.023,17,fast
5766,40,2023-02-23 19:16:43,100.34,68.94,33.4,389.636,2,slow
5767,16,2024-09-14 12:57:02,95.62,95.43,-7.77,383.384,79,slow
5768,15,2024-01-16 06:09:10,96.84,64.95,33.39,402.267,48,rapid
5769,50,2024-07-31 18:06:15,97.89,88.42,29.65,372.472,51,rapid
5770,34,2023-09-19 07:52:31,100.24,56.9,19.74,377.69,18,slow
5771,24,2024-01-05 19:20:37,98.31,82.05,28.36,352.394,46,fast
5772,49,2023-03-21 20:41:02,98.68,23.23,1.87,418.404,7,slow
5773,6,2024-03-20 13:09:04,96.66,97.39,43.22,373.466,54,slow
5774,16,2024-01-16 00:44:24,99.82,48.56,17.53,376.171,24,fast
5775,32,2024-04-16 07:21:21,96.03,35.33,18.18,346.497,30,rapid
5776,38,2024-05-17 08:36:56,97.67,36.01,42.33,344.853,66,slow
5777,15,2024-12-05 22:51:37,94.57,96.23,20.98,411.678,72,fast
5778,26,2024-08-04 09:10:49,97.2,15.32,21.46,358.224,56,rapid
5779,22,2024-03-31 11:20:57,97.26,77.41,-7.43,356.082,53,slow
5780,50,2023-02-26 03:12:45,101.43,57.46,35.97,409.394,6,slow
5781,27,2024-06-26 14:20:09,95.04,13.54,-6.87,365.485,41,slow
5782,37,2023-06-20 09:43:57,99.64,83.57,43.75,358.663,17,rapid
5783,9,2024-07-24 07:36:57,97.29,79.25,25.96,356.372,73,slow
5784,11,2024-02-26 14:01:41,97.06,40.12,42.22,384.267,47,fast
5785,15,2023-04-08 19:19:38,98.76,11.36,21.59,396.208,7,rapid
5786,43,2023-08-17 06:11:49,98.75,79.03,31.48,368.855,22,rapid
5787,1,2023-06-16 06:28:10,99.2,38.6,-3.15,367.333,12,fast
5788,30,2024-04-04 10:58:43,96.45,47.71,24.97,352.381,30,slow
5789,38,2024-04-24 05:01:13,97.08,31.64,-6.68,373.887,55,slow
5790,8,2024-08-30 14:19:19,95.58,10.82,31.92,377.906,51,fast
5791,2,2024-12-28 16:58:52,94.34,94.28,3.78,348.592,85,fast
5792,38,2023-02-04 00:07:55,98.11,94.48,20.25,378.743,3,slow
5793,31,2024-06-17 17:30:40,95.22,14.88,29.77,404.673,37,slow
5794,30,2023-09-03 02:30:59,98.76,70.39,34.41,378.006,22,fast
5795,9,2023-10-12 01:19:43,98.96,40.55,17.68,378.648,24,slow
5796,37,2023-11-03 00:19:41,97.6,83.66,4.29,379.355,40,fast
5797,14,2024-11-16 17:50:43,95.95,52.06,16.42,374.474,55,rapid
5798,40,2024-04-07 20:19:37,94.36,41.59,8.54,362.858,32,slow
5799,36,2024-04-26 08:35:35,98.68,39.93,33.59,415.494,56,rapid
5800,44,2023-01-07 03:18:36,99.64,94.67,6.87,348.066,0,fast
5801,21,2023-07-31 19:34:42,98.34,76.04,32.23,365.448,20,rapid
5802,14,2024-03-20 13:46:45,96.33,57.48,-4.86,367.908,22,fast
5803,41,2023-11-24 02:02:06,96.98,41.94,12.16,354.743,43,rapid
5804,21,2023-09-07 16:44:06,99.63,96.97,2.12,372.928,28,fast
5805,38,2023-06-25 13:24:39,97.1,53.59,-9.32,384.545,21,rapid
5806,46,2023-11-30 17:36:10,97.86,80.23,18.24,416.889,42,fast
5807,38,2023-03-18 07:31:11,101.17,49.38,36.69,399.606,9,rapid
5808,38,2023-08-23 20:09:43,98.2,45.82,3.73,357.293,25,rapid
5809,6,2024-09-15 20:02:44,94.66,46.42,4.23,404.428,73,rapid
5810,4,2024-03-22 03:29:45,95.87,73.98,37.59,403.973,36,slow
5811,30,2023-12-21 20:06:43,98.56,30.43,37.08,348.955,24,slow
5812,11,2023-02-08 16:10:18,100.03,18.19,32.22,362.268,1,fast
5813,9,2023-08-08 06:29:59,97.44,98.76,-8.52,342.538,19,slow
5814,20,2023-12-23 00:33:49,99.13,23.53,6.69,344.267,29,rapid
5815,27,2024-06-16 11:45:32,94.46,15.56,-2.16,356.14,29,fast
5816,30,2024-03-17 10:14:43,96.58,71.35,5.69,356.043,55,fast
5817,22,2023-10-25 03:39:20,98.04,94.91,26.78,349.191,36,fast
5818,39,2023-12-25 18:30:48,96.25,96.8,35.26,404.405,46,slow
5819,33,2023-02-02 17:36:43,97.5,63.99,39.86,386.45,3,fast
5820,6,2023-10-17 12:26:01,99.46,56.53,18.75,350.398,23,rapid
5821,5,2024-11-21 01:49:08,96.89,69.39,0.26,377.379,53,rapid
5822,8,2024-05-15 04:19:50,99.77,19.54,18.29,367.198,56,fast
5823,23,2024-11-26 06:25:12,95.45,25.62,8.69,366.312,42,fast
5824,17,2024-05-01 02:53:47,97.51,45.22,16.14,349.336,48,slow
5825,12,2023-05-31 13:37:30,97.63,60.44,20.37,395.939,14,slow
5826,36,2024-07-02 20:28:53,95.99,84.46,15.3,379.824,54,fast
5827,11,2024-12-05 07:10:38,96.96,18.04,17.19,368.169,37,fast
5828,15,2024-10-04 16:44:30,95.51,54.77,29.33,387.218,75,rapid
5829,17,2024-09-10 05:37:59,94.54,66.91,23.63,397.389,73,rapid
5830,48,2024-10-28 03:24:26,95.64,84.41,-9.68,360.087,55,rapid
5831,39,2024-03-13 17:14:30,97.1,56.48,2.5,373.903,26,slow
5832,26,2024-11-09 14:48:00,93.2,25.91,32.43,389.305,58,fast
5833,26,2024-06-13 21:34:39,95.54,59.05,14.58,394.862,49,slow
5834,29,2024-02-22 04:14:59,97.93,47.49,3.02,383.414,23,fast
5835,3,2023-09-06 19:41:28,98.23,62.69,-1.57,370.849,15,rapid
5836,46,2023-07-29 01:51:20,100.08,52.52,8.37,371.816,17,slow
5837,42,2024-04-30 23:08:26,96.46,87.49,8.02,386.975,38,slow
5838,3,2023-01-01 16:53:55,101.07,36.33,33.46,369.081,0,slow
5839,20,2024-02-25 08:19:28,98.29,37.85,-9.09,372.055,32,slow
5840,20,2024-07-01 05:28:37,94.88,85.89,29.58,366.222,54,slow
5841,18,2023-01-10 22:58:29,102.57,72.19,23.0,414.574,1,fast
5842,27,2024-02-14 22:19:50,96.47,35.76,38.46,341.031,37,rapid
5843,23,2024-12-05 23:07:30,94.01,92.99,6.57,378.465,72,slow
5844,10,2023-06-24 01:53:28,99.18,24.87,25.88,380.57,11,rapid
5845,40,2023-09-15 02:04:25,95.9,34.84,39.14,342.561,24,fast
5846,49,2024-10-05 00:51:52,96.38,78.38,-9.74,377.913,47,rapid
5847,7,2024-03-21 01:09:05,96.16,84.38,44.07,345.353,26,fast
5848,44,2024-12-05 11:10:51,94.33,23.17,18.72,409.652,37,fast
5849,24,2024-07-27 22:40:40,95.59,62.54,-9.72,396.172,39,rapid
5850,44,2024-06-09 20:32:35,95.76,76.61,42.35,378.282,63,slow
5851,20,2024-04-20 01:25:11,96.35,93.75,8.08,345.319,30,rapid
5852,43,2024-05-08 13:36:09,95.41,53.25,9.18,353.292,60,fast
5853,43,2023-02-17 09:26:34,100.63,91.5,22.57,407.56,3,slow
5854,43,2023-10-17 08:14:29,99.09,21.83,42.59,408.599,14,fast
5855,41,2024-09-03 03:03:16,96.41,61.24,16.33,348.342,45,slow
5856,24,2024-05-03 02:00:43,95.37,37.28,-5.38,357.082,35,slow
5857,21,2023-03-25 02:19:27,97.54,82.86,-1.5,419.874,9,slow
5858,28,2024-12-21 09:20:04,93.52,21.11,0.26,391.851,67,fast
5859,1,2024-04-09 11:44:16,95.87,92.55,27.62,360.054,28,fast
5860,16,2024-09-24 12:11:25,94.96,79.24,20.19,383.496,62,fast
5861,22,2023-05-04 03:46:18,98.84,46.12,33.67,419.872,10,fast
5862,31,2024-11-26 19:13:06,97.3,27.47,44.39,383.435,66,slow
5863,23,2023-01-06 05:28:42,100.08,81.9,-5.33,377.517,0,fast
5864,19,2023-02-02 15:24:33,100.12,87.47,20.83,370.045,2,slow
5865,10,2023-11-15 04:26:10,98.45,30.14,14.73,364.662,30,fast
5866,27,2024-01-29 04:59:48,96.62,61.28,41.43,353.208,47,fast
5867,31,2023-02-03 09:24:11,99.28,26.42,8.23,388.145,3,rapid
5868,37,2023-11-28 13:54:20,98.37,47.81,37.03,366.952,34,slow
5869,25,2024-01-11 16:34:57,97.73,57.03,44.81,416.473,24,slow
5870,38,2023-03-05 14:30:51,98.81,64.39,42.21,381.327,7,slow
5871,42,2024-06-14 18:51:19,95.36,91.05,-2.42,379.612,69,rapid
5872,50,2024-11-05 19:42:18,95.83,78.78,-0.44,396.656,47,slow
5873,13,2023-03-03 13:04:51,98.69,88.83,23.61,403.49,3,slow
5874,28,2024-05-04 07:13:44,99.29,41.28,0.58,368.235,42,fast
5875,38,2023-10-21 02:25:28,97.06,66.62,17.01,399.345,21,slow
5876,20,2024-12-25 07:31:42,93.86,69.32,43.89,388.802,41,fast
5877,8,2024-05-19 05:25:04,94.36,38.44,21.74,376.575,31,slow
5878,5,2023-06-25 20:18:42,97.65,74.34,1.09,347.907,22,fast
5879,42,2023-09-04 17:13:13,98.99,44.46,-5.79,416.737,19,rapid
5880,24,2024-07-10 08:32:30,94.82,30.26,-9.21,356.345,39,slow
5881,25,2023-01-09 20:20:15,99.88,14.56,16.5,388.323,0,slow
5882,49,2023-08-04 20:00:02,99.68,38.45,25.3,398.363,13,slow
5883,24,2023-07-22 16:05:52,98.64,12.6,29.95,408.611,23,fast
5884,16,2023-05-13 08:48:23,99.69,64.03,40.12,390.236,14,rapid
5885,22,2023-12-26 03:48:34,100.06,72.07,23.09,406.352,35,slow
5886,22,2023-02-14 16:28:40,100.61,17.17,12.04,378.274,2,fast
5887,8,2024-12-10 03:18:41,95.19,17.67,7.59,359.255,78,fast
5888,37,2023-02-08 17:14:50,100.03,85.29,28.27,391.522,2,slow
5889,8,2024-09-16 05:06:52,98.93,51.2,4.0,390.978,75,slow
5890,21,2023-03-21 09:17:02,100.21,17.16,29.99,407.904,5,fast
5891,46,2023-04-01 00:03:45,99.21,63.46,0.56,386.5,11,rapid
5892,23,2024-02-09 06:14:00,96.4,23.66,2.62,403.103,20,fast
5893,25,2023-06-22 21:47:00,100.33,94.97,9.74,386.538,18,slow
5894,28,2024-06-10 19:01:22,95.54,59.67,22.48,346.462,58,rapid
5895,3,2024-06-22 09:28:29,98.3,79.58,-6.53,407.355,35,rapid
5896,1,2024-03-06 17:34:10,98.01,71.67,1.98,417.621,50,slow
5897,42,2023-10-24 13:00:36,99.3,62.88,9.41,360.585,15,fast
5898,36,2024-10-05 16:30:24,93.48,24.66,25.87,365.417,80,fast
5899,19,2023-11-24 11:57:36,96.21,50.49,-3.85,373.413,20,rapid
5900,40,2024-11-20 10:00:07,97.19,73.81,29.17,368.543,65,rapid
5901,43,2023-02-25 23:08:15,99.33,97.42,6.37,345.039,4,slow
5902,25,2024-02-13 20:26:45,97.52,44.14,9.06,368.378,35,rapid
5903,44,2023-08-02 07:54:26,98.61,40.45,1.85,381.511,19,slow
5904,17,2023-07-29 05:43:40,100.6,62.27,44.23,405.16,10,slow
5905,21,2024-11-04 10:55:46,94.27,60.31,6.6,395.425,80,slow
5906,14,2024-06-07 03:28:01,94.64,10.39,5.14,417.79,46,rapid
5907,23,2023-05-26 18:50:29,100.0,21.09,35.62,416.54,15,rapid
5908,41,2024-10-10 02:38:53,98.85,76.17,10.49,379.437,69,fast
5909,38,2023-12-22 07:00:42,97.67,90.21,12.51,363.586,41,rapid
5910,16,2023-04-15 08:54:33,99.49,43.89,33.88,389.061,9,fast
5911,12,2024-01-19 13:11:47,96.68,56.1,15.57,352.548,26,rapid
5912,33,2024-12-17 13:30:46,93.55,39.86,15.08,411.511,38,fast
5913,28,2023-11-14 21:11:19,97.46,99.27,43.8,342.562,23,rapid
5914,28,2024-09-27 01:28:57,94.01,28.6,3.93,411.158,80,slow
5915,4,2024-04-29 18:55:24,98.51,49.28,0.96,354.987,56,fast
5916,33,2024-08-22 23:56:43,93.3,44.67,44.96,416.1,68,rapid
5917,18,2023-07-31 00:33:08,98.64,30.81,-8.99,353.57,20,fast
5918,39,2023-01-18 23:53:37,99.34,56.05,16.4,417.684,2,fast
5919,35,2024-01-15 01:49:45,99.6,80.58,6.01,405.044,49,slow
5920,33,2024-06-03 02:30:35,95.6,30.73,15.92,402.501,44,slow
5921,28,2024-11-24 18:12:28,95.4,74.32,25.71,365.877,43,rapid
5922,33,2023-02-05 22:30:59,99.11,98.79,39.07,396.623,3,fast
5923,26,2024-10-30 12:37:49,97.84,38.87,26.94,355.953,34,rapid
5924,29,2024-11-21 18:40:14,94.3,61.6,8.79,375.99,70,fast
5925,42,2024-12-14 21:22:22,95.62,13.05,34.14,411.874,83,slow
5926,29,2023-06-11 09:34:03,98.9,89.34,3.15,351.034,13,fast
5927,5,2023-04-15 13:56:01,99.33,65.67,-2.35,369.888,6,fast
5928,41,2023-02-07 02:54:39,98.99,72.14,-3.37,388.954,4,fast
5929,19,2023-06-13 10:20:17,100.08,49.53,30.74,362.79,19,rapid
5930,30,2023-08-11 16:11:33,97.28,24.62,33.29,405.797,11,fast
5931,3,2023-06-16 05:52:43,99.27,31.24,21.83,392.899,21,slow
5932,7,2024-04-17 01:21:43,97.24,72.06,29.6,378.347,52,fast
5933,6,2024-09-03 23:58:44,99.37,78.32,5.23,388.134,77,rapid
5934,48,2023-02-12 18:55:29,98.66,27.74,-2.28,377.092,5,slow
5935,46,2024-01-01 10:09:01,97.06,52.48,18.28,411.924,35,rapid
5936,13,2023-01-24 16:16:15,101.25,37.97,-4.7,386.908,2,rapid
5937,44,2024-04-06 11:45:47,97.35,95.91,-4.89,346.007,41,slow
5938,7,2024-01-27 03:32:17,97.59,87.1,-3.31,341.849,34,fast
5939,23,2024-11-01 07:07:55,97.78,73.9,-2.12,398.538,37,fast
5940,43,2024-06-30 00:50:16,97.35,55.05,19.45,364.678,55,rapid
5941,29,2024-06-06 04:14:04,97.44,34.44,9.09,400.329,46,fast
5942,44,2024-07-12 21:18:03,96.7,11.97,13.87,363.792,46,fast
5943,45,2024-07-21 19:03:38,96.42,79.92,0.84,418.025,69,slow
5944,45,2023-12-30 11:12:29,97.2,18.78,17.02,346.766,44,rapid
5945,11,2023-02-16 23:13:13,100.54,93.86,19.84,394.777,4,fast
5946,5,2023-12-22 12:33:57,97.65,27.97,19.17,381.245,33,rapid
5947,27,2024-08-09 01:01:24,96.55,59.2,-5.03,372.884,46,fast
5948,5,2024-11-05 10:56:25,92.68,17.66,16.67,394.404,45,fast
5949,9,2024-09-10 05:50:37,95.27,93.22,5.33,355.322,51,slow
5950,48,2024-12-29 15:49:06,97.1,84.63,-4.22,366.077,43,fast
5951,14,2024-04-14 03:52:06,95.63,71.12,33.97,367.084,43,slow
5952,13,2024-08-13 17:29:59,98.89,94.95,39.9,381.338,33,fast
5953,40,2024-10-05 05:12:05,93.99,73.18,23.4,380.858,39,fast
5954,34,2024-07-29 22:49:47,99.18,31.14,42.14,407.525,58,fast
5955,19,2023-02-20 18:35:31,100.22,63.4,20.18,348.188,3,rapid
5956,41,2024-04-04 15:13:54,96.91,45.15,19.25,380.949,46,slow
5957,18,2023-06-02 14:07:15,97.57,96.55,34.15,374.734,13,fast
5958,9,2023-06-07 11:02:33,97.62,43.05,34.02,359.344,13,slow
5959,43,2024-05-07 18:25:10,97.39,94.01,0.49,405.815,54,slow
5960,13,2024-05-08 15:23:35,95.45,10.82,8.37,363.318,27,fast
5961,15,2023-09-30 05:30:48,95.75,89.61,15.03,401.664,32,slow
5962,33,2023-12-29 09:45:35,98.08,69.64,6.06,409.367,43,fast
5963,33,2023-07-26 05:34:42,100.25,77.56,5.95,357.237,14,rapid
5964,9,2023-05-27 18:52:26,99.6,33.41,24.81,353.427,18,rapid
5965,32,2024-11-10 10:36:12,94.57,14.48,-6.08,362.412,61,slow
5966,4,2024-10-13 00:48:59,94.71,18.29,42.88,380.779,67,slow
5967,15,2023-03-06 21:54:46,100.68,64.62,25.52,406.718,5,fast
5968,41,2023-11-29 12:44:08,98.0,47.14,11.02,354.676,42,slow
5969,33,2023-05-17 18:08:48,100.01,56.01,30.61,347.093,7,fast
5970,27,2024-01-11 21:37:34,98.22,66.97,28.13,382.542,36,fast
5971,15,2023-06-05 22:03:19,98.83,73.71,35.76,406.788,12,fast
5972,45,2024-10-12 12:42:05,96.53,49.94,24.76,368.929,62,rapid
5973,42,2023-03-18 16:40:32,98.47,91.28,35.88,347.738,7,slow
5974,47,2024-04-25 04:55:22,96.3,94.64,-1.85,350.185,49,fast
5975,39,2023-02-16 18:38:33,100.14,40.84,39.22,367.513,3,rapid
5976,22,2023-04-25 18:23:36,99.24,55.87,27.61,381.123,11,rapid
5977,9,2024-11-24 01:45:12,96.88,22.89,1.7,349.178,35,rapid
5978,17,2024-04-25 11:31:01,95.01,14.24,19.44,358.789,33,slow
5979,43,2024-08-30 01:04:22,93.95,47.27,43.86,384.225,60,slow
5980,42,2024-09-02 02:33:31,97.09,64.45,12.86,367.245,76,fast
5981,41,2024-06-28 14:03:21,95.71,95.64,32.94,376.924,48,fast
5982,14,2024-09-17 17:16:57,95.57,89.98,19.08,398.203,44,fast
5983,45,2024-09-20 04:37:53,94.76,20.86,23.05,382.74,46,slow
5984,8,2024-03-10 04:58:43,96.02,17.26,-5.54,353.217,22,slow
5985,12,2024-07-19 12:03:57,95.34,61.12,25.91,359.502,45,rapid
5986,1,2023-04-14 20:31:48,99.7,18.57,43.14,388.113,10,slow
5987,47,2024-02-15 13:05:09,95.21,22.01,9.13,354.468,50,slow
5988,50,2024-03-31 17:02:07,94.68,16.65,1.91,417.753,43,slow
5989,16,2024-02-08 00:14:15,98.1,70.76,33.01,391.925,36,fast
5990,31,2024-04-24 02:39:19,97.41,28.05,-7.01,415.063,57,fast
5991,37,2024-02-08 10:49:31,96.63,15.14,-9.71,362.404,33,rapid
5992,13,2023-10-06 23:34:34,98.18,73.93,37.71,347.583,21,fast
5993,27,2023-10-06 22:11:52,97.15,87.08,30.73,365.319,14,slow
5994,38,2023-03-21 06:54:39,100.28,14.22,-2.46,381.645,8,fast
5995,45,2023-09-28 09:13:31,96.98,99.62,-8.22,392.455,29,fast
5996,1,2024-07-19 07:48:04,97.38,94.12,40.96,373.975,64,fast
5997,18,2023-04-15 07:19:27,99.66,91.31,12.71,346.778,6,slow
5998,20,2023-12-19 15:31:15,98.41,91.49,-0.89,398.512,24,slow
5999,23,2024-02-28 10:00:43,95.96,18.66,-2.99,398.871,51,slow
6000,28,2024-05-31 08:48:43,96.81,98.55,2.37,370.745,42,slow
6001,49,2024-06-27 08:15:11,97.71,51.59,39.83,387.898,49,slow
6002,17,2024-06-19 00:27:33,95.92,14.28,-0.97,417.12,49,rapid
6003,48,2023-09-18 23:38:50,98.91,78.29,-3.24,350.177,19,fast
6004,16,2024-02-17 23:49:28,97.67,74.18,19.02,399.116,48,slow
6005,16,2024-10-06 03:48:16,96.66,17.29,19.85,402.117,57,slow
6006,11,2023-07-18 04:06:09,100.33,73.27,41.12,353.224,15,slow
6007,15,2023-08-13 15:39:48,98.33,29.23,-4.99,345.993,25,fast
6008,3,2023-02-22 10:33:54,101.01,16.37,37.81,392.572,3,rapid
6009,25,2023-06-22 23:11:37,96.92,63.18,-9.08,394.457,10,rapid
6010,41,2023-02-02 17:36:23,99.89,49.11,2.9,411.716,2,fast
6011,30,2023-03-27 09:37:57,100.44,16.84,17.38,364.541,9,slow
6012,3,2023-04-30 01:21:23,99.99,77.91,44.23,406.599,9,slow
6013,48,2023-12-06 16:41:36,97.75,95.92,18.64,363.011,23,slow
6014,34,2024-06-24 07:26:53,95.89,72.16,12.65,349.996,44,slow
6015,2,2023-09-20 06:09:38,98.8,85.28,-0.93,352.125,17,fast
6016,31,2024-01-21 01:43:13,96.52,48.89,6.23,387.231,49,slow
6017,14,2023-09-03 19:37:18,98.11,52.59,29.67,406.027,29,fast
6018,40,2023-09-06 04:37:39,96.99,68.48,-7.41,370.221,25,fast
6019,49,2023-02-11 10:03:16,101.57,75.55,38.69,342.064,3,fast
6020,14,2024-02-20 20:13:23,95.98,25.7,0.73,384.211,23,slow
6021,43,2023-02-25 20:55:27,100.29,84.96,41.57,361.889,6,fast
6022,27,2024-06-01 16:27:39,97.23,29.62,13.46,354.46,34,rapid
6023,2,2023-04-30 14:27:43,99.84,59.67,16.54,362.886,9,slow
6024,43,2024-04-19 05:57:20,96.3,93.36,26.31,376.527,41,slow
6025,42,2023-04-27 15:02:54,101.25,46.17,27.15,348.606,14,fast
6026,12,2023-08-04 22:56:03,98.4,68.37,12.28,399.198,24,rapid
6027,6,2023-11-27 18:56:56,97.45,51.58,19.17,388.423,26,rapid
6028,15,2024-03-14 10:18:19,98.06,80.9,38.38,356.168,49,slow
6029,33,2023-04-17 16:23:04,98.17,59.14,-3.29,381.477,8,fast
6030,7,2024-10-22 17:18:21,97.05,62.1,13.44,360.273,81,fast
6031,2,2023-11-13 16:35:42,97.63,57.25,-0.2,377.602,31,slow
6032,42,2023-04-20 15:07:19,101.36,89.78,19.28,356.41,5,rapid
6033,38,2024-04-24 19:11:06,97.56,26.33,23.69,412.255,32,rapid
6034,38,2024-02-24 16:51:32,97.16,74.13,41.22,344.982,51,fast
6035,49,2023-09-27 09:58:48,96.96,51.98,-8.19,369.79,31,slow
6036,30,2023-03-12 19:15:06,98.35,16.79,27.19,419.121,5,fast
6037,45,2024-01-03 06:59:00,98.38,10.7,37.87,408.102,26,rapid
6038,42,2024-01-09 08:52:40,99.3,49.5,6.0,346.137,21,rapid
6039,23,2024-03-18 10:26:06,97.38,40.09,36.31,350.882,28,slow
6040,30,2024-03-18 20:49:41,97.46,72.27,27.16,418.939,25,rapid
6041,42,2023-10-26 23:14:30,98.82,16.72,-5.82,341.188,18,fast
6042,50,2023-05-19 21:21:10,100.64,22.55,36.25,416.396,13,fast
6043,22,2024-06-13 12:14:53,98.22,48.78,4.54,361.499,49,rapid
6044,17,2023-03-19 13:21:07,99.89,42.7,17.21,357.276,7,fast
6045,5,2024-06-14 03:50:36,99.12,35.4,44.33,367.862,60,slow
6046,30,2024-08-02 04:40:17,98.93,22.08,5.63,393.965,77,slow
6047,13,2024-02-28 15:57:21,97.32,32.74,10.93,409.696,49,slow
6048,31,2024-07-02 10:59:21,95.9,55.02,-1.53,377.791,68,rapid
6049,10,2024-05-12 09:01:38,94.43,53.2,3.5,369.593,51,rapid
6050,5,2023-09-29 17:08:55,97.72,55.6,-9.93,380.139,19,rapid
6051,44,2024-09-17 03:42:11,94.46,66.58,24.51,378.666,59,slow
6052,17,2024-03-03 17:39:58,97.86,27.15,26.71,387.119,27,fast
6053,37,2024-12-21 21:42:28,97.99,67.47,37.04,372.496,40,slow
6054,11,2024-10-01 13:27:15,96.14,64.13,23.62,357.432,77,rapid
6055,35,2024-11-09 03:39:58,93.32,76.6,-5.12,407.189,48,slow
6056,11,2024-10-29 18:39:35,96.78,39.01,5.77,376.284,46,rapid
6057,36,2024-09-30 10:00:22,96.23,87.73,22.3,354.818,68,rapid
6058,39,2024-07-11 06:46:44,101.4,77.95,35.22,419.127,35,slow
6059,30,2023-07-15 02:01:16,99.02,67.92,43.18,371.688,13,rapid
6060,9,2024-07-28 20:25:31,98.36,22.59,21.51,345.365,51,rapid
6061,2,2023-02-16 09:56:35,99.41,19.87,-2.47,416.937,4,slow
6062,38,2024-08-31 04:50:43,96.25,44.29,17.02,341.728,55,slow
6063,49,2024-11-12 20:36:44,95.79,93.9,-3.1,379.404,49,slow
6064,26,2024-01-20 10:45:37,99.59,89.9,24.67,395.186,42,fast
6065,3,2023-11-04 08:11:55,100.22,99.77,32.06,348.79,17,fast
6066,25,2024-12-14 12:43:59,93.14,44.08,1.59,346.459,37,rapid
6067,50,2024-05-09 21:06:50,97.17,27.66,24.5,408.414,60,slow
6068,37,2023-09-19 21:20:18,101.8,29.58,12.53,364.009,17,rapid
6069,18,2024-08-19 20:21:16,95.49,76.71,-2.46,409.748,42,rapid
6070,15,2024-11-06 16:36:20,95.87,83.8,22.12,404.248,74,fast
6071,8,2024-12-23 06:33:12,95.18,81.66,21.91,390.25,93,slow
6072,28,2023-03-23 10:31:43,99.01,39.9,9.05,388.437,6,rapid
6073,46,2023-07-21 23:58:59,98.88,86.63,23.18,392.73,12,slow
6074,49,2023-10-06 17:58:57,97.98,38.89,-7.18,353.227,30,rapid
6075,46,2023-10-16 16:29:14,97.0,60.32,0.1,392.867,17,slow
6076,20,2023-12-20 23:16:33,97.87,24.25,24.17,381.648,46,slow
6077,45,2023-08-07 03:08:32,96.93,68.11,-7.6,409.676,24,rapid
6078,19,2024-09-08 17:26:58,95.99,20.73,9.16,413.972,52,fast
6079,37,2024-04-01 09:06:09,98.99,50.32,40.52,382.782,51,fast
6080,36,2024-02-27 07:20:53,97.37,72.48,-2.45,349.502,40,fast
6081,25,2023-12-19 19:04:56,96.09,56.45,42.03,404.845,37,rapid
6082,46,2023-03-08 08:10:23,98.77,32.43,9.12,400.436,3,slow
6083,24,2024-05-09 18:51:17,96.18,68.16,42.02,391.328,62,slow
6084,40,2024-02-12 13:59:33,98.08,57.46,-0.55,396.75,38,rapid
6085,50,2023-03-15 23:51:08,101.29,74.92,29.68,393.033,5,slow
6086,3,2023-10-29 05:18:54,97.78,92.3,12.25,366.902,23,fast
6087,22,2023-03-17 20:48:08,99.57,28.1,32.17,406.724,5,slow
6088,1,2023-11-09 17:15:41,96.3,47.2,43.21,396.909,18,rapid
6089,8,2024-11-01 20:14:00,95.78,23.53,37.4,396.863,65,rapid
6090,17,2023-10-02 05:07:26,97.84,95.09,34.4,412.052,32,rapid
6091,23,2023-05-10 09:29:55,98.01,76.91,21.53,410.023,10,fast
6092,40,2024-05-20 00:30:20,96.23,22.73,9.88,380.419,67,slow
6093,32,2023-12-31 19:41:04,97.91,20.77,-9.67,387.38,25,fast
6094,15,2023-04-29 00:57:01,97.42,60.87,33.61,353.306,13,rapid
6095,20,2023-02-18 08:58:08,100.12,55.66,19.68,363.076,3,rapid
6096,50,2023-07-11 21:01:48,99.08,38.95,32.59,410.662,19,fast
6097,28,2024-04-30 16:56:52,95.78,82.42,22.37,359.353,50,fast
6098,2,2023-09-18 00:27:37,98.04,19.92,32.86,416.546,30,fast
6099,42,2024-06-09 00:38:14,97.44,92.79,-0.97,366.077,50,slow
6100,48,2023-02-22 18:01:20,97.36,76.13,19.05,362.537,6,fast
6101,21,2023-09-10 09:25:48,98.81,25.42,10.1,401.606,28,fast
6102,7,2024-12-20 13:51:01,94.91,61.91,5.4,353.892,37,fast
6103,8,2023-05-19 14:44:50,98.32,20.37,-5.14,347.855,9,fast
6104,3,2024-02-15 17:05:06,99.12,97.78,26.19,351.12,48,rapid
6105,40,2023-05-11 15:46:15,98.41,83.86,8.48,400.381,10,rapid
6106,16,2024-05-11 21:52:13,96.4,26.09,13.7,359.034,66,slow
6107,11,2023-05-17 12:13:34,98.5,94.44,34.18,400.346,14,slow
6108,6,2023-11-09 20:19:34,100.05,56.44,18.55,391.666,18,slow
6109,28,2023-08-14 14:47:04,98.31,88.36,14.48,381.824,20,slow
6110,12,2023-09-10 03:45:31,99.06,37.4,38.82,402.815,33,slow
6111,32,2024-11-16 12:01:48,99.25,80.73,9.27,395.285,83,fast
6112,27,2024-01-15 02:30:15,97.05,17.9,42.69,414.329,21,fast
6113,33,2024-10-18 12:03:18,96.84,93.24,9.37,364.163,81,slow
6114,38,2023-10-21 01:31:11,97.88,63.3,16.9,383.628,16,slow
6115,16,2023-07-16 22:11:08,97.75,71.65,25.73,409.203,21,fast
6116,38,2024-04-11 10:32:48,98.86,99.93,21.75,407.031,28,slow
6117,12,2024-12-29 15:14:54,98.19,86.62,4.41,419.263,68,rapid
6118,4,2023-07-23 18:59:54,98.72,78.1,15.38,391.155,12,slow
6119,43,2023-05-29 12:45:18,99.08,64.09,6.44,377.205,7,rapid
6120,3,2024-04-25 22:41:48,98.06,42.82,2.53,390.821,30,slow
6121,22,2023-11-11 23:07:54,96.49,28.99,18.24,411.81,26,fast
6122,9,2023-10-05 22:19:35,98.66,52.38,8.86,406.777,35,fast
6123,13,2023-09-01 17:08:21,99.08,78.14,16.61,365.463,27,rapid
6124,21,2023-09-18 13:09:45,98.09,90.76,30.17,340.555,32,rapid
6125,40,2023-05-04 16:34:06,97.86,80.88,16.5,344.985,10,rapid
6126,44,2024-12-02 01:05:22,92.81,60.32,4.46,345.3,79,fast
6127,24,2023-11-29 13:38:54,98.79,48.72,30.85,418.261,43,rapid
6128,4,2024-07-19 02:29:23,98.31,20.62,-2.3,398.301,57,slow
6129,22,2024-11-12 13:48:19,92.6,19.91,9.57,400.602,79,slow
6130,27,2023-01-23 08:02:24,97.96,10.04,29.25,416.651,2,rapid
6131,6,2024-10-14 06:41:49,93.68,61.26,42.25,365.44,59,slow
6132,48,2024-12-07 23:05:06,96.07,30.6,3.21,387.561,35,rapid
6133,3,2023-10-19 02:45:37,97.93,39.07,5.17,385.311,33,rapid
6134,43,2024-01-11 03:48:32,97.1,51.96,6.99,407.948,39,rapid
6135,14,2023-11-09 22:14:51,95.56,82.56,28.8,357.959,33,fast
6136,26,2023-12-18 11:22:37,95.6,91.66,-3.17,390.323,39,slow
6137,46,2023-04-08 17:18:22,100.51,97.47,6.27,381.247,6,fast
6138,48,2024-10-21 19:07:35,94.1,98.73,15.62,364.552,53,rapid
6139,30,2024-04-12 08:35:10,96.68,79.73,-8.11,378.205,56,rapid
6140,8,2023-02-27 23:02:01,100.18,26.77,-6.85,400.149,3,slow
6141,47,2024-08-15 17:58:29,96.8,90.83,32.17,344.824,61,slow
6142,47,2023-08-24 10:26:16,98.0,27.69,32.97,409.317,14,rapid
6143,40,2023-01-03 04:19:39,100.95,66.9,35.58,373.949,0,rapid
6144,38,2023-11-29 00:49:14,96.89,75.1,20.32,399.377,17,fast
6145,47,2023-07-27 00:43:30,100.05,21.87,40.43,389.715,25,slow
6146,10,2024-01-31 09:07:28,96.37,31.96,12.16,361.436,20,fast
6147,45,2024-03-20 21:27:31,99.49,96.99,-1.25,349.951,24,slow
6148,12,2023-09-06 20:47:18,98.07,59.94,-0.92,395.594,29,fast
6149,27,2024-04-30 23:07:08,96.03,85.23,24.85,389.416,52,rapid
6150,43,2023-11-04 05:00:15,99.55,89.71,7.75,402.366,35,rapid
6151,44,2024-08-23 11:16:22,96.72,89.95,8.66,405.682,56,slow
6152,20,2024-02-26 03:09:45,97.84,56.13,-0.05,366.59,49,fast
6153,43,2023-01-20 22:35:06,100.42,98.1,43.6,386.75,1,fast
6154,12,2024-11-25 11:03:37,95.06,72.62,12.8,388.341,75,rapid
6155,46,2024-10-05 18:17:54,94.63,23.95,16.54,357.106,36,rapid
6156,17,2023-04-09 01:52:57,97.31,29.63,7.83,341.536,7,slow
6157,50,2024-09-23 13:57:30,94.24,30.91,27.6,410.579,41,rapid
6158,24,2024-04-04 10:44:43,99.17,35.17,25.01,362.33,31,fast
6159,9,2023-09-06 02:58:45,98.51,49.37,20.3,369.055,27,slow
6160,43,2024-04-01 10:09:00,95.65,58.58,11.27,390.567,28,fast
6161,36,2024-01-04 00:31:01,97.27,26.16,25.32,379.194,23,rapid
6162,32,2024-01-25 14:31:36,98.17,35.12,23.33,347.292,23,fast
6163,21,2023-10-09 12:13:17,97.83,25.45,32.51,343.106,15,slow
6164,44,2024-07-07 11:12:10,97.46,91.86,24.78,392.673,43,rapid
6165,1,2024-01-24 02:36:04,97.71,51.23,18.64,347.361,36,rapid
6166,46,2024-06-18 18:54:49,95.53,23.3,15.29,395.93,42,slow
6167,22,2023-10-06 01:35:22,100.47,27.23,23.71,411.361,24,slow
6168,40,2024-10-06 07:14:33,93.67,30.63,23.41,390.565,37,slow
6169,49,2024-10-23 19:10:44,93.87,11.75,20.82,342.567,37,rapid
6170,33,2024-05-13 07:03:05,96.6,42.58,-2.18,373.251,39,slow
6171,43,2024-12-17 17:59:47,96.38,87.01,44.12,385.004,46,slow
6172,29,2024-10-09 23:27:42,94.23,25.86,15.15,408.714,58,rapid
6173,48,2023-04-19 17:09:33,99.72,15.91,15.98,353.305,7,rapid
6174,29,2023-09-11 07:06:25,99.58,95.32,28.43,396.128,30,rapid
6175,41,2024-02-01 05:55:32,94.58,57.58,22.87,388.582,37,fast
6176,36,2024-01-06 04:58:36,98.29,94.72,33.94,348.4,44,fast
6177,38,2024-12-19 22:22:37,93.7,57.57,14.52,379.701,56,rapid
6178,8,2023-03-08 14:31:51,99.68,77.31,17.44,353.362,5,fast
6179,37,2024-10-12 10:16:45,98.04,46.56,-3.57,403.947,74,slow
6180,12,2024-06-27 14:36:47,94.4,48.68,34.58,391.665,68,slow
6181,38,2024-09-19 11:42:15,97.55,79.93,16.82,398.435,46,slow
6182,13,2024-12-06 05:13:07,99.2,19.0,4.09,356.799,63,fast
6183,19,2023-11-15 04:45:24,96.67,93.93,6.51,344.9,31,fast
6184,25,2023-11-01 05:55:11,98.21,40.97,35.18,375.155,27,slow
6185,33,2023-02-18 21:11:10,99.85,12.34,26.98,387.096,2,rapid
6186,6,2023-11-04 19:16:41,98.59,83.15,6.85,370.453,17,slow
6187,21,2023-06-04 05:56:19,99.47,11.16,18.62,384.399,14,rapid
6188,14,2024-06-21 14:06:10,95.24,56.81,-5.08,356.184,68,slow
6189,50,2023-07-16 21:45:24,99.22,90.92,0.21,394.092,23,fast
6190,4,2023-04-10 18:58:51,100.45,89.13,19.98,402.973,6,fast
6191,47,2024-12-20 22:00:43,94.03,18.99,43.4,387.83,91,rapid
6192,9,2024-10-22 22:30:35,93.45,60.53,11.69,369.152,76,slow
6193,41,2023-10-10 10:10:36,99.34,33.93,10.11,385.653,36,fast
6194,13,2024-07-26 19:11:50,98.29,10.85,19.77,416.753,60,slow
6195,38,2023-09-02 02:30:37,99.04,54.21,14.14,359.325,15,fast
6196,40,2024-08-19 06:56:31,98.16,89.03,33.63,359.973,48,fast
6197,36,2024-12-09 21:18:00,95.93,27.32,-3.46,405.201,82,rapid
6198,14,2024-03-24 00:53:08,93.88,73.53,-6.8,417.718,54,fast
6199,4,2024-02-14 16:27:10,98.01,34.84,13.74,365.812,33,rapid
6200,33,2024-12-12 09:53:19,97.29,18.21,35.02,419.408,76,rapid
6201,13,2023-02-10 15:49:45,100.02,48.09,28.62,347.006,3,slow
6202,5,2024-02-14 22:18:01,97.98,53.79,12.3,359.971,51,slow
6203,19,2024-03-20 04:27:05,97.81,25.92,2.07,372.128,52,fast
6204,1,2024-07-25 15:54:24,95.8,76.9,0.96,419.02,36,rapid
6205,16,2024-12-12 16:46:06,95.83,81.14,41.24,351.959,52,fast
6206,49,2024-11-12 20:39:29,99.13,56.61,2.73,362.858,58,fast
6207,5,2023-03-25 13:15:09,97.76,30.46,39.93,372.309,8,rapid
6208,29,2024-05-04 18:16:26,97.92,35.5,2.69,396.242,37,fast
6209,44,2023-10-19 06:29:13,98.49,65.57,27.42,371.674,18,slow
6210,20,2024-12-09 19:27:55,94.75,65.62,29.5,398.517,81,slow
6211,21,2023-01-14 04:54:45,100.77,49.54,29.21,402.127,0,slow
6212,12,2024-08-19 13:23:56,98.16,52.89,30.43,352.259,39,rapid
6213,9,2024-12-13 20:44:19,94.65,44.89,16.87,377.551,53,rapid
6214,16,2024-03-04 09:38:01,96.8,97.93,20.05,403.614,39,rapid
6215,33,2024-06-12 10:41:27,96.44,27.64,-6.44,352.479,38,fast
6216,32,2024-10-28 13:27:14,97.59,69.46,25.49,350.853,66,slow
6217,20,2023-11-14 07:07:31,96.8,69.53,32.2,346.995,27,slow
6218,6,2024-01-14 06:14:19,97.94,62.8,40.53,395.981,22,slow
6219,2,2024-06-14 06:05:57,99.01,55.81,2.44,355.725,55,fast
6220,42,2024-05-26 07:02:32,97.36,92.4,6.91,409.76,54,rapid
6221,4,2023-05-30 05:27:20,98.05,63.71,-5.34,359.894,9,fast
6222,32,2024-07-23 16:14:22,96.04,24.92,9.02,395.522,42,slow
6223,46,2024-02-22 08:06:46,97.06,89.59,39.95,416.655,54,slow
6224,43,2023-09-29 06:37:14,97.89,14.34,42.15,376.86,26,fast
6225,31,2024-10-01 04:14:21,94.89,24.29,10.76,350.221,78,fast
6226,37,2023-12-18 02:48:41,99.26,76.5,2.97,373.653,32,fast
6227,27,2023-12-27 20:38:03,96.44,72.71,28.0,383.497,39,fast
6228,25,2024-10-16 10:26:54,96.45,25.12,4.31,410.924,57,slow
6229,7,2024-07-26 12:59:36,95.33,45.72,0.32,342.073,67,fast
6230,50,2023-06-20 01:11:22,97.93,75.8,39.67,360.545,19,fast
6231,28,2024-02-06 03:06:04,95.43,33.36,15.76,406.761,49,slow
6232,36,2024-08-14 13:29:21,98.03,38.19,13.7,393.676,78,slow
6233,2,2023-02-19 10:07:13,99.69,48.73,41.64,419.406,5,slow
6234,24,2023-11-10 13:34:27,97.24,48.19,-5.93,373.323,38,fast
6235,35,2024-01-18 07:34:03,97.52,42.34,0.41,382.82,48,slow
6236,43,2024-02-16 17:14:03,96.9,50.07,3.55,360.128,28,rapid
6237,50,2023-01-28 03:54:51,98.82,16.86,1.9,388.261,1,rapid
6238,40,2024-06-08 04:18:46,96.33,18.96,3.47,379.435,50,rapid
6239,32,2024-06-20 23:24:21,98.84,80.74,33.38,363.871,37,fast
6240,1,2024-11-11 01:17:51,97.38,72.0,4.63,346.911,48,rapid
6241,4,2024-08-05 08:37:15,93.24,17.14,44.05,416.52,76,rapid
6242,42,2024-10-21 18:55:00,97.56,35.27,34.86,403.677,36,fast
6243,17,2023-05-22 21:16:05,99.18,89.45,7.44,384.769,11,slow
6244,7,2023-01-01 19:51:28,100.89,15.71,25.77,349.106,0,slow
6245,18,2023-02-01 13:57:19,97.6,48.67,32.07,371.762,1,fast
6246,21,2024-03-16 04:24:47,97.06,93.89,18.22,365.629,46,fast
6247,43,2023-09-24 11:05:30,96.56,50.27,28.13,386.544,22,slow
6248,16,2024-02-10 04:28:01,97.15,48.39,6.54,385.689,35,fast
6249,41,2023-05-01 19:52:08,98.93,89.42,14.39,368.013,15,rapid
6250,48,2024-04-09 04:58:26,95.87,98.56,36.94,377.32,31,slow
6251,8,2024-08-06 19:28:16,96.88,77.24,20.3,345.049,50,rapid
6252,38,2023-02-16 21:01:41,99.87,53.6,10.3,378.176,5,slow
6253,45,2023-12-31 09:13:29,97.3,16.14,16.5,405.091,41,fast
6254,3,2024-12-04 12:18:34,97.22,34.54,20.41,402.446,47,fast
6255,43,2023-12-13 15:45:23,97.55,34.25,8.33,395.569,26,slow
6256,6,2023-12-15 02:57:08,98.91,48.65,33.52,355.77,28,fast
6257,2,2024-06-12 17:04:51,98.78,76.23,15.03,389.319,59,slow
6258,50,2024-02-06 08:53:11,96.72,74.15,19.38,365.752,47,slow
6259,42,2024-04-27 00:06:55,94.94,29.87,10.78,405.775,41,slow
6260,18,2023-02-08 22:05:28,99.6,60.64,-0.86,353.142,2,rapid
6261,28,2024-10-18 07:23:57,93.77,88.77,44.94,372.393,35,fast
6262,17,2023-10-25 13:40:44,98.89,57.42,36.46,396.834,24,rapid
6263,1,2023-01-04 10:56:38,98.43,78.22,10.2,395.09,0,fast
6264,29,2023-10-28 20:09:09,96.92,69.83,19.69,418.151,20,rapid
6265,41,2023-03-13 18:59:25,100.64,40.22,21.77,419.482,6,rapid
6266,42,2023-06-18 18:42:44,98.71,55.45,27.81,390.071,14,slow
6267,46,2023-03-30 11:23:33,99.89,30.71,-6.86,361.418,9,slow
6268,26,2024-10-03 15:04:39,94.09,26.62,41.95,419.739,69,slow
6269,33,2024-10-31 18:04:21,92.47,72.96,12.04,378.833,84,slow
6270,49,2024-03-01 03:26:20,97.17,95.16,32.17,374.559,34,slow
6271,1,2024-06-08 01:55:54,96.62,94.67,42.04,389.093,53,slow
6272,21,2024-01-25 16:23:56,98.65,12.35,35.27,385.347,25,rapid
6273,3,2024-08-29 18:16:20,96.39,46.38,0.86,346.189,50,fast
6274,40,2023-06-24 17:59:13,99.0,29.63,39.03,344.034,9,slow
6275,34,2023-02-02 14:24:40,98.78,55.07,27.47,355.938,1,slow
6276,20,2024-05-27 04:51:26,96.59,21.04,34.91,389.419,35,rapid
6277,12,2023-04-29 01:55:01,99.59,68.89,7.93,349.558,6,rapid
6278,11,2024-02-03 11:01:55,95.97,35.56,31.93,418.476,40,fast
6279,47,2023-03-14 13:40:45,97.51,67.02,23.48,404.047,4,slow
6280,34,2023-11-25 15:05:32,98.12,82.43,-6.16,410.679,19,rapid
6281,45,2024-02-26 20:28:39,98.42,80.21,-2.0,379.224,44,slow
6282,38,2024-06-08 10:55:26,93.58,90.96,5.44,362.958,49,slow
6283,32,2023-08-10 03:06:38,99.09,83.98,6.36,356.511,19,slow
6284,39,2023-02-08 21:47:00,100.19,12.89,-0.43,387.959,4,slow
6285,47,2023-06-25 18:11:24,98.72,90.38,39.68,413.053,14,slow
6286,8,2023-08-07 01:06:40,98.43,45.5,1.14,343.949,22,fast
6287,19,2024-12-28 20:58:49,94.7,78.71,7.24,395.508,49,slow
6288,34,2024-04-28 06:08:49,98.26,99.49,15.61,371.295,27,rapid
6289,37,2023-08-15 11:25:23,97.92,27.94,13.56,419.034,22,slow
6290,27,2023-02-27 23:36:34,98.34,94.05,4.78,380.661,4,rapid
6291,9,2023-12-05 05:42:48,99.25,26.36,16.31,417.597,37,slow
6292,18,2023-09-11 19:05:57,98.66,45.07,-1.01,414.45,16,fast
6293,41,2024-07-04 14:47:53,94.98,21.27,35.79,405.647,48,fast
6294,17,2024-11-08 21:14:32,96.18,13.36,13.41,373.028,77,slow
6295,50,2024-11-16 06:57:59,95.86,37.57,29.04,399.499,70,slow
6296,41,2024-11-12 20:49:42,94.41,33.99,21.69,399.052,37,fast
6297,20,2023-05-10 05:41:46,98.76,53.23,20.43,382.504,16,fast
6298,27,2023-02-27 15:42:19,100.55,15.09,40.47,389.837,6,slow
6299,31,2024-12-23 18:06:24,99.59,89.07,15.24,348.941,48,rapid
6300,40,2023-12-25 11:01:31,97.19,97.14,8.98,414.127,22,slow
6301,34,2023-05-04 02:30:54,99.36,46.23,11.29,341.851,13,slow
6302,34,2024-11-30 08:01:09,96.71,66.68,12.5,368.854,66,slow
6303,47,2023-03-11 10:47:46,99.61,31.99,1.84,388.803,8,rapid
6304,44,2024-11-10 20:59:51,97.49,98.04,13.66,386.274,60,slow
6305,20,2023-08-21 19:26:17,98.76,73.84,17.15,354.563,12,fast
6306,43,2024-02-03 00:36:38,97.03,78.56,19.98,352.568,35,slow
6307,37,2024-02-18 15:28:25,98.12,58.16,42.96,380.894,43,rapid
6308,22,2023-06-25 04:13:08,100.99,37.84,29.2,371.21,11,fast
6309,50,2024-07-03 20:38:35,95.51,58.24,29.25,378.945,66,rapid
6310,33,2023-11-30 08:04:48,98.11,95.27,38.11,363.945,26,rapid
6311,33,2023-12-05 01:36:43,98.8,41.51,-9.03,377.659,32,slow
6312,38,2024-03-20 11:23:22,96.75,43.27,31.93,341.742,49,rapid
6313,7,2024-02-18 18:28:25,99.6,91.47,39.11,357.125,54,slow
6314,28,2024-08-20 05:09:56,97.63,89.39,37.91,385.78,78,fast
6315,40,2023-12-15 07:15:16,98.42,50.29,14.31,417.193,20,rapid
6316,48,2024-03-03 12:10:58,100.49,13.62,14.13,417.118,30,slow
6317,1,2023-06-06 14:36:00,98.11,45.09,-1.41,413.93,18,slow
6318,37,2023-05-17 16:28:14,99.88,90.9,12.11,346.765,17,rapid
6319,17,2023-06-14 19:18:45,99.65,24.35,24.09,381.872,18,slow
6320,28,2023-08-16 14:30:56,96.52,31.04,6.81,368.81,29,fast
6321,47,2024-04-16 18:37:31,94.58,19.62,15.53,366.675,41,rapid
6322,35,2024-10-18 12:30:26,94.68,26.22,18.53,356.447,77,slow
6323,49,2024-09-04 10:31:03,93.19,21.06,-4.59,395.608,44,rapid
6324,34,2024-12-14 11:29:08,94.71,69.11,16.74,381.962,54,fast
6325,32,2023-07-24 11:42:08,100.34,19.79,4.76,365.344,23,rapid
6326,41,2023-07-12 08:08:29,99.31,98.94,-8.63,352.254,12,slow
6327,8,2023-04-05 12:42:08,96.17,79.25,38.73,363.614,9,rapid
6328,27,2024-05-16 19:15:59,97.74,18.86,-5.69,357.407,39,fast
6329,31,2024-01-27 07:01:41,96.58,83.23,32.25,398.394,34,fast
6330,16,2023-09-25 04:01:45,98.81,92.09,19.09,391.33,24,fast
6331,50,2023-03-02 14:17:07,99.05,37.3,36.25,379.964,5,fast
6332,16,2023-06-05 01:39:10,101.18,78.12,21.57,410.607,20,fast
6333,16,2023-02-18 09:57:40,99.97,28.01,35.68,406.931,3,rapid
6334,32,2024-11-09 12:55:39,99.13,16.83,44.06,408.508,86,fast
6335,37,2023-04-28 04:43:42,97.68,57.37,32.34,412.348,12,fast
6336,41,2024-04-13 14:02:32,94.94,99.23,-7.93,393.375,25,fast
6337,22,2023-12-29 04:50:10,96.77,37.44,34.26,349.831,43,fast
6338,20,2024-11-25 07:15:32,97.59,18.78,35.41,392.836,74,rapid
6339,22,2024-04-11 01:00:56,97.91,87.52,10.44,412.217,50,rapid
6340,47,2023-12-11 14:40:52,98.61,17.8,4.67,403.136,30,fast
6341,36,2024-03-20 13:01:00,97.64,51.59,36.17,352.514,25,rapid
6342,2,2024-02-04 11:43:48,96.5,72.73,44.38,379.052,28,fast
6343,48,2024-07-05 17:42:41,96.73,75.18,36.21,418.346,64,rapid
6344,44,2023-04-03 12:56:43,99.61,82.13,28.54,392.328,10,slow
6345,39,2023-01-10 20:19:25,101.08,72.89,2.46,381.738,1,rapid
6346,25,2023-05-17 07:46:54,98.8,30.3,25.13,361.397,17,slow
6347,16,2024-09-20 07:55:30,95.64,64.58,27.15,348.165,64,fast
6348,17,2023-03-02 00:26:27,99.46,98.34,39.32,410.865,6,fast
6349,8,2024-02-08 15:14:31,97.73,20.19,29.29,361.625,36,fast
6350,13,2024-11-16 00:57:23,93.97,67.35,33.09,365.146,59,slow
6351,36,2024-05-15 21:12:43,96.07,22.51,-2.08,376.801,37,fast
6352,1,2023-08-07 00:52:28,99.27,39.6,-5.01,376.581,26,rapid
6353,29,2023-12-22 13:05:55,97.73,50.82,19.43,375.395,34,slow
6354,1,2023-10-31 17:45:48,99.83,82.92,33.79,385.677,29,slow
6355,40,2023-05-18 16:10:47,98.68,62.1,1.44,369.952,15,slow
6356,11,2024-08-30 14:55:59,94.8,39.97,16.65,383.823,56,fast
6357,1,2024-12-01 05:18:08,93.83,67.03,4.58,360.469,59,fast
6358,7,2024-07-24 20:03:54,96.08,19.98,10.92,389.585,59,fast
6359,37,2023-08-31 08:36:26,98.36,34.72,1.85,386.986,14,fast
6360,44,2023-10-02 18:53:04,98.86,78.54,-1.97,380.789,24,slow
6361,48,2023-07-19 16:46:06,97.53,18.75,39.54,400.767,17,rapid
6362,16,2024-04-21 14:37:51,97.83,92.12,0.68,381.378,28,fast
6363,28,2024-07-20 12:04:16,97.04,74.42,31.56,408.167,66,slow
6364,25,2023-10-16 06:46:42,100.51,52.73,42.41,414.994,30,rapid
6365,46,2023-01-10 06:56:22,97.68,24.84,15.32,412.063,0,fast
6366,39,2023-04-25 10:55:48,98.46,79.91,2.06,401.146,6,fast
6367,27,2024-07-19 21:14:47,97.13,54.75,32.81,405.105,55,rapid
6368,36,2024-04-04 15:37:40,97.58,10.23,38.53,364.366,47,rapid
6369,18,2024-03-12 02:12:19,98.39,63.49,33.5,411.708,29,slow
6370,11,2024-06-02 21:02:33,97.04,35.66,9.86,355.599,54,rapid
6371,37,2023-01-20 03:26:49,100.44,38.05,2.23,381.849,0,slow
6372,21,2024-01-27 22:54:49,96.25,79.27,30.46,375.869,36,slow
6373,49,2023-08-15 22:08:39,99.52,95.14,9.34,362.907,19,rapid
6374,48,2023-07-10 23:46:43,97.21,73.2,-0.22,353.484,16,slow
6375,36,2023-10-22 07:02:34,98.59,67.65,-4.61,375.483,24,fast
6376,28,2023-10-30 21:21:20,99.53,72.39,40.75,410.074,23,rapid
6377,25,2023-02-17 21:30:37,99.81,54.26,22.0,404.035,2,fast
6378,31,2024-04-28 11:46:42,96.09,23.63,-2.66,375.894,62,rapid
6379,32,2023-11-13 02:05:34,99.6,61.21,20.84,409.276,33,rapid
6380,5,2024-03-14 08:39:10,95.02,22.67,-6.33,380.493,53,fast
6381,41,2023-11-05 05:53:47,97.34,41.43,35.27,365.699,29,rapid
6382,2,2023-05-02 19:07:56,99.05,48.19,5.37,409.838,15,fast
6383,43,2023-03-30 15:33:47,99.83,17.17,17.09,374.609,11,fast
6384,1,2023-03-16 16:37:57,100.14,30.73,33.6,417.141,7,slow
6385,50,2024-10-25 11:26:57,95.95,15.58,4.28,340.672,55,fast
6386,36,2024-12-11 04:16:27,98.84,45.53,21.09,406.392,63,fast
6387,24,2023-09-04 23:00:07,98.46,45.66,28.29,366.227,31,fast
6388,30,2023-01-12 13:23:40,99.17,63.49,-6.17,344.129,1,rapid
6389,36,2024-08-08 13:40:39,97.69,93.6,43.72,413.832,56,slow
6390,49,2024-02-13 04:14:53,97.59,32.74,-7.56,341.0,31,slow
6391,44,2024-09-12 00:47:59,96.05,74.0,2.2,392.231,72,fast
6392,43,2024-02-11 10:42:19,98.65,18.01,-5.26,415.222,34,slow
6393,49,2024-09-12 10:07:51,94.62,91.46,42.01,346.804,41,rapid
6394,18,2023-06-05 22:29:36,98.88,62.19,11.79,354.806,9,rapid
6395,32,2023-10-22 19:42:50,97.61,86.42,38.94,351.709,31,fast
6396,45,2024-05-08 10:51:42,94.68,15.96,29.62,351.73,59,fast
6397,19,2023-12-08 17:58:34,98.77,76.12,27.5,367.977,18,fast
6398,12,2023-01-29 17:14:44,99.27,49.02,33.47,350.749,1,slow
6399,1,2024-06-04 20:00:04,97.64,87.2,39.96,376.939,59,fast
6400,29,2024-12-16 19:23:29,96.65,24.61,17.84,407.189,37,slow
6401,41,2023-11-14 14:23:24,98.92,61.62,12.51,411.818,27,rapid
6402,46,2023-11-29 13:22:21,98.4,33.08,5.06,397.716,40,rapid
6403,43,2024-04-10 18:20:50,93.67,41.49,32.01,410.381,25,slow
6404,36,2023-10-19 06:00:17,99.34,55.93,24.47,373.455,15,slow
6405,41,2023-12-18 06:48:56,97.18,82.12,19.17,363.621,45,rapid
6406,45,2024-03-01 21:57:30,99.79,44.97,7.66,398.822,34,fast
6407,43,2024-12-06 12:16:33,95.15,70.58,0.91,399.756,52,rapid
6408,44,2023-02-06 20:48:53,100.35,74.55,19.19,356.941,1,fast
6409,5,2023-12-28 08:38:54,98.22,40.77,1.22,387.139,25,slow
6410,19,2023-06-02 00:17:02,99.56,26.15,35.29,391.496,12,rapid
6411,4,2024-05-13 15:55:02,93.91,22.65,-5.18,373.536,55,slow
6412,35,2023-03-06 07:09:30,99.66,50.97,25.81,354.881,6,rapid
6413,25,2024-09-03 06:19:07,96.13,10.49,37.63,345.772,56,rapid
6414,17,2023-07-30 22:03:00,98.31,94.57,-6.59,378.917,14,slow
6415,2,2024-01-31 09:24:13,98.31,76.36,23.72,340.53,49,fast
6416,32,2024-04-29 05:42:14,95.28,73.31,7.59,345.195,59,fast
6417,10,2024-02-24 09:54:37,98.88,44.41,28.4,407.9,38,fast
6418,28,2024-02-25 06:54:43,94.93,98.19,37.54,385.636,23,slow
6419,47,2023-06-20 17:11:58,99.64,62.04,37.92,341.519,9,fast
6420,45,2024-05-15 20:41:22,96.64,72.49,22.81,356.572,39,slow
6421,38,2024-01-29 11:00:22,97.06,63.97,40.02,387.581,33,fast
6422,38,2023-09-12 08:51:49,98.36,31.07,13.16,372.554,18,slow
6423,29,2024-10-29 17:26:27,94.44,38.51,43.3,395.617,63,rapid
6424,15,2024-01-21 17:41:52,97.25,27.55,19.09,351.222,31,rapid
6425,8,2023-12-29 00:00:47,96.34,28.59,42.21,345.981,46,fast
6426,36,2024-12-20 18:25:50,96.03,74.72,43.33,418.915,54,fast
6427,39,2024-05-26 21:24:40,94.66,52.28,10.82,362.645,37,rapid
6428,2,2024-04-30 03:06:09,98.69,70.66,32.94,350.134,25,rapid
6429,48,2024-09-08 13:23:25,99.42,10.12,8.81,358.816,49,slow
6430,20,2024-12-22 17:00:29,95.59,35.66,41.24,393.612,44,fast
6431,38,2024-01-11 09:19:07,99.33,25.89,18.21,372.867,49,fast
6432,48,2024-09-30 10:42:44,97.78,42.31,-2.65,362.377,79,fast
6433,19,2023-07-09 12:34:19,98.8,33.87,9.79,352.623,13,fast
6434,36,2023-02-02 14:04:33,98.93,91.6,3.69,398.554,1,rapid
6435,24,2023-08-17 14:39:30,97.44,26.67,25.1,391.164,17,rapid
6436,37,2023-08-22 07:04:29,99.2,57.91,35.22,355.157,26,rapid
6437,42,2023-09-16 22:22:32,96.49,51.11,26.98,389.852,23,fast
6438,32,2023-11-06 23:02:27,98.2,25.56,39.69,362.667,16,slow
6439,7,2024-12-02 14:55:33,93.52,38.58,44.82,382.079,35,slow
6440,31,2023-05-08 11:39:47,97.19,19.46,34.0,381.696,10,fast
6441,20,2023-03-01 19:57:59,99.38,46.14,30.61,351.054,7,fast
6442,47,2023-02-10 06:38:41,99.89,52.79,19.37,404.611,3,fast
6443,30,2024-08-20 08:23:27,96.68,58.74,36.75,353.647,54,slow
6444,41,2024-05-05 21:14:26,95.55,72.05,-4.98,352.675,59,rapid
6445,23,2024-08-16 06:14:28,98.2,97.19,-0.51,385.662,38,slow
6446,29,2023-08-16 15:54:13,99.12,71.92,27.09,406.48,14,slow
6447,16,2024-03-16 04:47:51,97.17,52.65,14.31,412.881,52,fast
6448,28,2024-11-09 10:09:36,93.61,86.42,25.68,343.576,39,fast
6449,50,2024-12-11 00:34:22,96.12,31.08,25.31,418.83,61,rapid
6450,18,2024-10-03 08:18:28,95.61,35.15,-3.1,379.018,73,slow
6451,25,2024-05-09 05:41:24,98.13,22.7,14.23,348.061,47,fast
6452,47,2024-05-17 23:54:32,96.71,23.47,37.18,344.297,39,rapid
6453,7,2024-06-24 04:08:00,97.69,28.81,-4.71,386.378,53,rapid
6454,26,2023-07-31 12:15:09,96.93,25.09,22.26,369.212,24,rapid
6455,44,2024-09-16 21:10:09,97.22,80.15,21.91,387.282,74,fast
6456,10,2023-11-29 14:44:50,97.85,20.37,-6.11,418.805,29,slow
6457,14,2024-09-22 14:42:42,96.99,56.87,21.24,349.787,76,fast
6458,7,2024-02-10 15:20:13,95.93,18.09,-6.94,373.279,27,slow
6459,15,2024-07-06 02:35:06,97.56,86.7,-7.63,396.432,61,rapid
6460,32,2024-08-28 13:36:07,95.73,53.3,44.36,380.963,49,fast
6461,46,2024-01-01 22:22:31,99.9,94.49,29.77,345.343,45,rapid
6462,15,2023-05-23 15:51:14,99.78,19.18,28.49,394.332,16,rapid
6463,24,2024-11-10 20:30:06,95.56,90.8,-8.67,352.012,38,rapid
6464,33,2024-04-07 14:54:26,94.83,47.15,22.51,342.897,45,fast
6465,16,2024-07-31 17:52:40,96.43,73.26,42.36,405.858,58,slow
6466,7,2023-03-31 16:27:22,99.59,10.82,34.17,344.954,9,fast
6467,25,2024-12-15 16:42:36,96.66,14.98,20.67,372.355,44,fast
6468,22,2023-09-19 11:23:42,97.44,90.0,44.48,394.555,26,fast
6469,10,2024-03-17 13:43:41,96.24,42.42,39.12,410.752,57,rapid
6470,32,2024-09-20 23:55:31,96.57,39.17,3.92,368.385,74,fast
6471,15,2023-01-05 21:26:34,98.92,94.83,37.68,367.923,0,rapid
6472,10,2024-01-12 20:51:41,96.71,81.92,26.59,398.86,24,slow
6473,27,2024-09-11 15:57:33,98.16,39.66,14.55,373.409,47,fast
6474,36,2024-11-27 13:00:24,95.49,50.77,1.73,388.482,43,fast
6475,18,2023-01-27 03:10:54,98.92,98.95,10.32,403.334,2,rapid
6476,3,2023-11-10 09:20:49,97.54,80.28,44.15,404.293,31,rapid
6477,28,2023-06-30 00:33:35,100.48,67.49,24.43,412.884,17,rapid
6478,33,2024-05-17 08:02:49,97.99,90.0,-3.79,374.953,55,rapid
6479,24,2024-01-29 00:34:40,95.8,11.5,44.08,380.352,29,fast
6480,38,2024-05-18 07:12:47,95.29,24.0,10.32,366.764,39,rapid
6481,3,2024-12-01 09:21:59,93.99,72.2,4.83,344.953,42,rapid
6482,7,2024-08-03 22:05:29,97.86,18.97,32.17,417.216,70,rapid
6483,30,2024-04-18 02:57:37,96.62,27.78,11.63,352.728,45,slow
6484,46,2023-08-15 23:07:43,99.75,79.5,1.15,359.88,19,slow
6485,25,2023-01-27 01:44:59,100.01,58.21,41.36,401.583,2,fast
6486,26,2024-08-23 12:53:11,96.45,93.33,12.21,369.442,63,fast
6487,48,2023-04-18 07:53:01,100.11,29.56,32.78,370.39,10,rapid
6488,3,2023-01-10 08:33:56,101.34,88.05,20.28,387.895,0,rapid
6489,23,2024-03-04 09:27:25,97.52,41.24,38.87,412.533,24,rapid
6490,13,2024-04-27 10:03:11,93.78,28.14,21.0,359.629,53,slow
6491,43,2024-07-06 14:16:56,96.85,66.12,17.12,395.403,41,slow
6492,23,2024-07-08 23:48:36,94.1,68.85,21.25,367.377,54,slow
6493,2,2023-11-21 01:24:39,96.19,36.72,10.28,379.471,38,slow
6494,20,2023-09-09 09:16:16,98.1,57.64,2.01,369.122,30,rapid
6495,23,2024-09-13 14:40:31,96.69,25.99,-1.53,397.175,36,fast
6496,36,2023-04-29 03:02:55,98.66,35.23,2.0,380.047,8,rapid
6497,4,2023-05-23 10:35:18,99.68,30.89,23.05,349.837,12,fast
6498,5,2023-12-25 06:25:28,97.37,42.5,16.96,367.463,29,slow
6499,36,2023-09-12 12:34:13,98.44,80.72,12.82,375.876,25,slow
6500,4,2023-09-17 17:01:27,98.13,48.35,-8.83,399.131,19,slow
6501,16,2024-03-24 14:57:08,97.04,76.69,23.98,377.369,24,slow
6502,47,2023-06-23 02:30:21,101.34,76.91,42.23,385.897,16,rapid
6503,33,2024-09-03 08:49:57,96.08,58.06,8.13,359.995,41,fast
6504,33,2024-01-27 03:33:58,96.23,72.87,-7.5,393.626,23,rapid
6505,47,2023-11-15 17:35:26,96.61,44.59,11.28,403.403,33,slow
6506,22,2024-07-18 10:00:02,95.69,96.5,27.07,414.822,66,slow
6507,37,2024-08-24 20:57:16,97.58,93.61,17.69,417.672,34,fast
6508,3,2024-01-30 13:39:58,98.12,37.03,34.49,367.651,36,rapid
6509,29,2024-03-05 11:29:23,95.63,58.19,31.86,376.939,26,rapid
6510,26,2023-12-18 07:07:58,96.58,86.56,1.94,414.537,44,rapid
6511,40,2023-02-02 12:52:51,99.64,40.03,9.11,416.948,3,rapid
6512,43,2024-10-03 15:06:22,94.95,83.44,23.05,411.282,48,slow
6513,3,2023-05-05 12:35:13,99.02,65.11,-0.58,357.649,15,slow
6514,46,2024-11-30 12:10:41,98.5,91.87,-8.33,416.784,91,slow
6515,33,2024-01-11 02:51:54,98.2,93.62,-1.63,410.274,49,rapid
6516,44,2023-10-31 00:54:48,97.77,49.11,32.41,349.197,38,slow
6517,28,2024-03-30 21:01:19,95.45,17.98,26.03,385.956,43,slow
6518,1,2023-02-24 17:28:11,100.23,58.07,31.26,419.234,3,rapid
6519,12,2023-11-26 08:27:33,98.45,65.32,18.5,350.829,33,rapid
6520,31,2023-10-12 15:07:49,97.6,23.35,-4.07,413.017,17,slow
6521,39,2024-01-22 15:45:58,94.91,19.19,33.39,375.551,34,fast
6522,20,2024-12-09 15:31:13,94.74,14.68,-2.84,356.732,45,slow
6523,22,2024-09-01 12:02:25,96.34,82.19,14.55,417.513,66,slow
6524,33,2023-09-06 13:09:23,98.47,53.73,-2.25,366.989,23,fast
6525,4,2024-05-10 18:00:17,97.6,78.47,20.0,405.333,53,slow
6526,39,2024-09-06 04:04:04,96.56,72.68,11.2,386.323,39,fast
6527,31,2024-12-25 09:05:18,95.26,17.51,16.6,388.194,83,slow
6528,3,2024-10-16 10:45:21,95.84,44.39,24.98,379.806,67,fast
6529,20,2023-07-18 05:33:58,98.0,85.0,16.49,415.443,13,slow
6530,25,2024-07-18 23:30:45,96.62,53.72,43.81,359.588,56,slow
6531,22,2024-03-07 01:44:45,95.87,20.27,39.93,359.521,56,fast
6532,19,2023-05-21 04:07:33,97.1,97.17,4.99,386.702,14,slow
6533,21,2023-04-23 15:45:24,98.87,57.11,4.88,349.316,8,rapid
6534,36,2024-02-09 07:19:49,98.14,37.48,19.16,344.41,40,fast
6535,28,2023-06-30 11:14:37,99.17,25.56,20.41,396.938,11,fast
6536,2,2024-05-08 10:30:47,97.49,65.2,43.07,410.297,36,fast
6537,47,2024-06-12 19:53:53,95.02,84.49,22.07,409.575,66,rapid
6538,44,2024-10-03 00:16:57,94.59,62.52,4.01,417.316,32,slow
6539,18,2024-05-23 01:44:26,97.74,59.14,40.41,392.29,54,rapid
6540,20,2023-12-09 19:01:20,97.01,40.77,18.17,367.144,43,slow
6541,17,2023-01-17 19:33:33,99.52,68.47,-8.62,405.237,1,slow
6542,2,2023-09-19 16:31:12,96.58,26.53,20.66,414.442,34,fast
6543,19,2024-02-21 16:04:17,95.26,24.58,-9.6,389.877,46,slow
6544,24,2023-12-28 06:33:16,97.9,62.92,14.11,384.386,47,rapid
6545,17,2023-03-07 19:47:01,99.93,66.67,6.09,378.16,4,fast
6546,7,2023-03-23 03:49:32,99.94,24.12,30.37,411.19,8,fast
6547,22,2023-12-16 08:09:34,97.95,98.57,0.74,363.775,40,rapid
6548,50,2024-06-15 04:04:52,97.95,90.22,-9.5,343.193,58,fast
6549,24,2023-12-10 20:52:09,99.0,93.35,-2.08,375.246,22,slow
6550,45,2023-08-07 15:58:13,97.99,30.64,30.16,371.729,15,slow
6551,15,2024-11-25 17:22:00,95.98,32.33,14.15,368.979,48,fast
6552,24,2024-09-15 14:27:57,94.48,69.02,24.37,392.734,33,fast
6553,30,2024-07-04 00:21:14,96.42,67.44,38.89,364.323,58,fast
6554,45,2024-03-12 22:27:04,95.24,77.94,2.12,379.76,54,slow
6555,41,2024-04-23 02:41:59,97.77,16.98,25.78,414.011,43,slow
6556,18,2024-07-31 09:43:05,96.99,43.3,0.47,406.414,75,rapid
6557,17,2023-06-21 19:40:31,96.18,44.26,37.51,346.047,13,rapid
6558,46,2024-08-11 07:00:05,95.29,58.97,5.04,379.467,52,rapid
6559,21,2023-01-20 08:14:56,100.57,41.63,32.6,389.256,1,rapid
6560,1,2024-08-27 11:16:42,95.05,16.93,-5.96,348.205,47,slow
6561,24,2023-05-13 21:06:36,97.0,30.6,36.8,382.786,7,fast
6562,37,2023-02-24 10:56:00,100.58,55.54,16.32,411.366,5,rapid
6563,3,2024-03-11 09:16:30,95.96,34.74,24.74,407.686,37,rapid
6564,36,2023-07-06 01:50:05,98.33,61.58,31.48,373.524,12,fast
6565,41,2023-03-22 23:31:32,99.19,80.23,26.64,395.955,4,rapid
6566,43,2023-05-22 20:37:50,98.41,49.74,-5.99,344.593,11,slow
6567,43,2023-03-03 16:05:44,100.19,41.87,7.39,352.184,4,rapid
6568,35,2023-06-17 08:47:28,98.61,55.7,2.37,411.12,11,fast
6569,28,2023-04-22 22:25:11,99.12,10.96,-8.14,395.728,13,fast
6570,11,2023-10-09 09:48:22,98.31,35.34,4.41,378.419,26,slow
6571,14,2023-11-07 13:31:57,96.96,76.06,30.12,341.436,38,rapid
6572,44,2024-03-26 12:35:47,97.2,46.69,8.79,408.243,34,rapid
6573,20,2023-01-08 14:26:23,100.48,49.9,32.56,348.705,0,fast
6574,22,2024-07-26 07:01:18,94.4,64.49,40.84,413.787,51,fast
6575,35,2023-04-03 23:46:36,98.49,14.46,42.59,364.424,11,slow
6576,48,2024-01-31 22:23:40,95.7,49.24,10.86,355.385,32,rapid
6577,31,2024-12-08 06:12:29,92.56,50.18,29.27,376.202,62,fast
6578,30,2024-05-08 03:00:55,98.13,81.42,20.62,354.233,55,slow
6579,49,2023-06-04 01:53:38,99.2,77.97,14.7,352.586,19,fast
6580,26,2024-07-25 08:47:27,93.5,97.08,-1.25,417.71,34,fast
6581,20,2023-10-19 12:47:20,97.72,46.23,26.12,400.504,30,rapid
6582,45,2023-04-16 13:56:31,99.99,60.87,23.05,370.959,10,slow
6583,13,2023-01-03 14:20:03,100.09,78.54,24.14,360.693,0,fast
6584,30,2024-06-19 17:01:00,95.69,58.1,34.84,364.906,31,rapid
6585,26,2024-01-22 04:28:25,98.88,78.75,9.94,374.083,40,rapid
6586,16,2024-09-06 10:41:53,92.99,11.75,33.54,380.285,69,rapid
6587,6,2023-09-11 08:58:09,99.46,15.31,1.07,392.841,30,rapid
6588,25,2024-06-13 13:09:17,99.08,96.06,32.4,394.289,28,fast
6589,45,2024-11-29 21:08:27,94.18,36.91,31.49,369.317,42,rapid
6590,44,2023-05-04 09:39:39,99.38,44.07,-8.1,419.147,12,fast
6591,3,2023-09-09 23:03:32,100.9,63.22,15.2,398.754,32,rapid
6592,32,2023-10-30 22:48:06,97.41,88.81,31.55,349.737,28,slow
6593,17,2024-09-05 11:23:14,94.63,89.84,13.43,365.944,74,rapid
6594,10,2024-10-16 15:49:10,97.75,93.42,-6.53,376.2,40,slow
6595,12,2023-07-15 09:12:04,97.06,65.99,-8.5,357.174,12,slow
6596,38,2024-09-03 19:48:43,95.13,60.2,30.22,388.087,49,slow
6597,25,2023-04-30 14:12:58,99.72,56.96,-4.2,407.074,14,slow
6598,42,2023-03-25 20:18:34,100.33,80.72,16.03,412.138,8,slow
6599,31,2023-11-23 12:58:42,99.3,62.96,13.86,371.685,26,fast
6600,30,2024-06-21 02:44:37,97.32,11.86,33.41,345.606,54,rapid
6601,11,2023-10-03 02:23:04,98.54,22.29,34.16,418.41,25,fast
6602,17,2023-04-28 00:06:57,99.24,88.89,-8.54,369.662,10,slow
6603,34,2023-04-21 21:18:38,99.37,39.46,5.32,383.207,10,fast
6604,13,2024-11-06 18:09:24,93.78,14.01,20.78,397.816,71,fast
6605,35,2023-12-27 10:41:40,97.25,78.23,16.05,415.687,36,fast
6606,14,2023-04-25 18:40:57,100.35,97.55,35.89,373.688,14,rapid
6607,10,2024-03-16 11:37:06,98.32,88.79,16.56,398.877,44,slow
6608,29,2024-12-29 09:09:53,97.39,53.57,5.52,365.878,82,fast
6609,31,2023-09-15 17:37:16,96.78,63.48,25.13,396.815,25,fast
6610,38,2024-04-04 01:08:18,97.95,41.09,33.78,352.466,56,rapid
6611,33,2023-10-18 10:00:08,98.4,81.35,9.15,363.284,20,fast
6612,18,2024-02-23 23:00:59,98.77,49.22,39.11,407.071,42,fast
6613,30,2023-03-11 05:25:11,99.53,35.29,43.68,412.387,6,rapid
6614,6,2023-06-14 13:56:49,98.07,26.45,-2.94,379.499,20,rapid
6615,23,2024-01-08 21:58:39,96.95,38.15,6.25,357.845,28,slow
6616,46,2023-04-19 11:43:28,97.1,13.37,43.77,347.667,10,rapid
6617,50,2023-10-09 01:39:34,99.45,76.22,20.1,361.14,29,slow
6618,19,2024-07-30 10:24:00,94.19,48.97,39.22,395.03,34,fast
6619,16,2023-03-31 13:12:19,99.73,19.25,1.89,418.94,5,slow
6620,47,2023-08-24 06:11:35,97.9,46.32,7.54,366.66,13,slow
6621,4,2023-04-06 05:07:46,98.19,87.22,-6.98,378.3,7,fast
6622,31,2024-12-02 12:18:17,95.29,23.29,24.18,369.925,47,rapid
6623,22,2023-11-23 03:45:04,97.93,37.48,-8.42,418.805,36,rapid
6624,35,2024-06-18 02:58:10,94.8,40.77,42.39,387.222,57,rapid
6625,15,2023-06-25 20:09:49,98.96,96.15,22.23,399.647,9,rapid
6626,12,2024-08-27 13:52:50,92.7,66.08,20.02,359.305,63,rapid
6627,13,2024-02-20 04:22:58,97.17,71.03,-6.72,384.876,44,rapid
6628,27,2024-10-25 21:49:10,95.87,92.18,20.8,389.712,39,slow
6629,21,2023-08-21 14:21:49,99.37,23.28,18.58,376.795,18,slow
6630,46,2023-07-12 08:28:46,98.05,69.78,12.23,384.455,10,slow
6631,11,2024-11-28 21:07:11,94.44,63.41,-0.82,387.053,60,fast
6632,48,2024-03-19 20:14:55,95.86,49.94,-5.09,374.706,54,rapid
6633,40,2023-11-03 14:05:12,96.58,21.69,15.67,366.972,22,slow
6634,22,2023-10-14 09:03:13,98.47,13.59,34.16,390.688,32,rapid
6635,18,2023-01-03 04:51:40,99.59,65.72,7.79,364.858,0,rapid
6636,9,2024-02-17 20:19:16,97.84,53.34,21.76,418.985,46,rapid
6637,37,2024-12-22 00:35:31,94.01,19.03,19.68,384.811,68,slow
6638,14,2024-04-12 14:08:15,95.43,72.23,42.45,353.055,46,fast
6639,44,2024-02-25 07:16:23,97.14,84.42,35.16,388.031,44,slow
6640,21,2024-11-29 14:20:09,94.82,29.15,36.89,340.43,87,slow
6641,16,2024-06-20 08:58:08,94.94,50.72,39.71,353.909,55,slow
6642,1,2024-09-27 05:30:10,94.17,14.79,-5.95,382.113,55,rapid
6643,10,2024-04-06 15:10:06,97.59,82.69,30.1,400.217,32,slow
6644,12,2023-11-12 01:48:00,97.94,65.89,5.65,379.873,22,rapid
6645,25,2023-06-23 04:33:35,100.7,32.98,29.52,365.135,13,fast
6646,1,2023-11-20 00:54:30,97.13,66.87,17.51,369.289,16,slow
6647,11,2024-04-04 09:45:12,96.9,53.82,-9.52,346.454,50,slow
6648,6,2024-11-30 01:59:47,97.27,55.16,15.8,346.657,53,slow
6649,43,2024-11-15 11:32:55,96.66,28.97,10.04,394.438,52,slow
6650,10,2023-01-27 19:27:49,98.86,70.66,0.19,379.794,3,rapid
6651,20,2024-04-16 00:32:03,98.04,14.69,-9.62,414.636,55,slow
6652,9,2024-02-03 02:23:55,98.95,14.87,-4.59,397.893,24,slow
6653,17,2024-06-30 10:16:51,97.42,93.3,24.56,385.931,43,fast
6654,36,2024-10-07 14:27:06,95.73,62.95,38.06,343.445,80,slow
6655,26,2024-10-04 23:00:16,92.32,33.67,3.06,354.381,36,fast
6656,39,2024-12-13 08:33:05,94.29,13.79,5.39,409.511,92,rapid
6657,36,2024-05-19 10:03:57,96.94,68.48,-3.58,414.407,50,rapid
6658,47,2023-12-28 11:48:49,97.53,80.16,6.4,361.688,46,rapid
6659,17,2024-01-03 11:33:11,99.22,17.78,39.55,377.322,40,rapid
6660,37,2023-03-31 12:59:36,99.62,42.94,9.42,391.287,6,rapid
6661,43,2024-04-30 15:14:54,97.34,37.42,32.04,381.838,60,rapid
6662,24,2023-04-23 00:32:35,98.51,24.89,41.71,386.16,14,fast
6663,9,2024-06-23 10:55:22,98.84,36.07,26.48,367.833,70,fast
6664,15,2023-05-17 18:53:41,99.96,61.34,0.32,412.534,12,rapid
6665,3,2024-01-08 13:19:10,97.11,92.65,5.38,371.906,25,slow
6666,30,2024-02-08 02:58:47,96.54,73.39,30.62,362.655,46,slow
6667,2,2023-09-12 01:30:58,100.16,53.88,19.11,365.309,32,fast
6668,11,2023-07-31 18:59:44,99.05,23.99,10.44,415.793,18,fast
6669,2,2024-08-13 09:15:42,94.72,48.3,14.0,341.976,70,fast
6670,19,2023-08-03 07:13:22,99.34,74.74,36.67,376.22,12,rapid
6671,19,2023-02-24 00:52:02,99.39,13.96,9.13,415.981,7,fast
6672,22,2023-12-31 22:44:58,96.72,56.36,10.76,391.908,25,fast
6673,42,2024-06-15 04:58:40,95.92,24.32,23.69,411.134,30,rapid
6674,28,2023-07-06 18:42:40,99.24,31.0,32.45,352.684,12,rapid
6675,28,2023-06-15 01:38:36,99.89,66.34,32.93,410.274,9,fast
6676,48,2024-03-08 21:17:44,96.82,64.62,19.0,411.081,30,rapid
6677,49,2023-04-15 03:22:39,100.65,40.27,12.08,411.984,10,fast
6678,3,2023-09-08 00:12:52,97.65,11.36,38.51,344.428,29,rapid
6679,19,2024-11-11 06:26:50,93.51,65.25,18.27,353.429,50,slow
6680,41,2023-03-03 16:12:37,99.42,95.24,16.54,358.589,7,slow
6681,5,2024-09-19 04:52:12,96.59,44.69,19.38,402.369,69,fast
6682,49,2024-03-29 10:56:46,96.95,87.9,-9.48,413.558,56,fast
6683,16,2024-09-20 17:38:39,93.38,85.59,-4.21,354.863,42,rapid
6684,10,2024-05-07 06:19:06,97.93,74.54,37.49,385.922,38,fast
6685,16,2024-02-29 08:59:58,95.94,38.06,23.06,365.062,56,fast
6686,2,2024-06-19 13:59:26,96.32,97.25,28.02,399.089,36,slow
6687,15,2024-05-11 16:08:36,94.99,31.5,16.38,344.998,52,slow
6688,39,2024-08-13 23:24:35,96.98,95.63,17.94,350.458,31,slow
6689,15,2024-07-03 19:40:04,96.05,30.86,41.85,342.396,39,fast
6690,35,2023-04-19 07:48:50,98.89,54.05,6.89,367.636,11,slow
6691,47,2024-05-07 12:47:58,97.7,48.95,30.77,393.72,49,rapid
6692,34,2023-07-08 07:36:21,98.72,40.45,30.41,389.752,11,fast
6693,16,2023-12-29 12:25:37,97.66,43.21,1.27,376.676,22,fast
6694,29,2024-09-25 01:12:42,96.11,89.03,35.87,367.98,64,fast
6695,3,2024-02-14 06:40:09,95.69,63.76,3.97,390.95,39,slow
6696,19,2024-08-28 22:25:37,95.41,91.54,15.29,416.307,57,rapid
6697,45,2024-04-16 00:16:04,98.39,70.16,39.25,399.614,32,rapid
6698,47,2023-06-03 12:37:42,97.95,75.09,38.08,369.497,16,rapid
6699,14,2024-11-24 00:57:25,91.87,65.08,19.12,383.588,45,fast
6700,25,2023-05-29 20:18:25,99.39,94.17,2.53,400.154,16,fast
6701,34,2024-03-17 12:00:43,94.87,93.93,22.22,372.837,28,slow
6702,7,2023-07-24 15:29:29,99.3,96.56,-4.53,392.972,25,fast
6703,16,2023-07-30 04:46:02,98.18,66.89,-9.98,376.632,12,slow
6704,5,2024-10-22 07:52:25,93.43,21.11,-0.35,386.926,82,fast
6705,29,2024-10-30 06:29:37,95.5,21.15,23.58,397.178,46,slow
6706,38,2023-06-18 07:12:28,99.55,92.52,1.92,386.343,16,fast
6707,31,2024-01-04 08:09:07,97.54,54.36,38.07,348.142,31,fast
6708,24,2023-03-29 16:12:51,100.91,33.1,22.76,364.888,10,slow
6709,1,2023-02-16 20:58:09,99.83,84.69,-5.33,417.87,5,slow
6710,27,2023-11-13 01:33:22,96.97,13.17,11.22,374.107,15,slow
6711,49,2023-01-31 14:27:03,100.13,20.2,33.44,380.394,2,rapid
6712,16,2023-07-24 22:04:58,99.47,29.93,-6.83,346.324,10,slow
6713,1,2023-06-29 13:18:20,98.5,52.62,16.54,371.114,11,fast
6714,21,2023-10-13 09:15:50,98.45,62.15,40.25,357.775,32,rapid
6715,9,2023-05-06 23:09:47,101.69,39.98,23.11,383.274,7,rapid
6716,47,2024-07-14 22:56:44,96.51,66.35,9.52,385.52,62,rapid
6717,47,2024-07-21 17:39:59,98.8,79.48,5.1,349.486,58,fast
6718,5,2023-05-17 04:18:46,97.92,35.07,29.26,396.919,8,rapid
6719,12,2024-07-30 20:23:25,95.8,49.06,17.87,369.596,55,fast
6720,40,2024-01-11 00:15:24,95.72,33.11,32.66,342.349,32,rapid
6721,7,2023-03-02 16:06:00,98.9,49.31,24.45,366.571,3,fast
6722,17,2023-01-30 02:37:56,100.4,27.8,7.17,391.208,2,rapid
6723,9,2024-11-20 23:07:33,93.41,89.39,39.66,409.793,38,rapid
6724,28,2023-01-28 07:40:13,99.07,52.79,36.53,346.084,2,rapid
6725,19,2023-06-07 21:00:05,98.98,43.18,25.6,398.743,19,fast
6726,29,2023-11-15 01:30:58,98.39,10.21,6.37,370.061,22,fast
6727,42,2023-09-19 11:29:09,98.71,80.39,16.39,350.088,22,rapid
6728,32,2024-08-04 15:56:06,93.77,34.47,43.09,351.815,38,fast
6729,43,2023-08-18 23:57:15,99.95,99.27,33.27,368.971,30,slow
6730,11,2023-04-24 15:48:00,100.03,48.98,0.86,348.765,7,rapid
6731,50,2023-02-11 16:19:38,102.27,71.85,29.7,415.002,3,fast
6732,41,2023-09-18 09:21:24,98.19,62.1,-1.69,398.374,29,slow
6733,39,2023-06-22 06:27:35,100.77,81.92,36.71,344.086,10,rapid
6734,2,2024-01-12 03:03:28,97.48,86.08,39.76,399.692,32,rapid
6735,14,2023-02-28 11:58:27,101.43,73.99,-2.98,413.744,6,slow
6736,28,2023-02-12 06:35:13,99.0,10.72,-2.25,381.394,3,rapid
6737,29,2024-07-08 19:23:19,98.14,52.79,29.47,403.211,65,slow
6738,34,2024-10-15 13:26:04,97.72,14.03,38.19,386.698,38,rapid
6739,42,2023-06-25 05:47:30,99.59,26.76,-4.86,359.284,22,rapid
6740,47,2023-11-22 17:18:03,97.99,55.64,9.06,358.713,30,rapid
6741,50,2023-01-07 21:27:53,98.14,86.99,10.96,343.911,0,fast
6742,43,2023-06-09 14:23:33,99.49,15.27,-7.36,394.379,10,rapid
6743,38,2024-05-23 07:38:51,95.2,91.75,11.3,399.479,46,slow
6744,8,2023-05-23 02:58:09,99.29,72.61,11.56,416.542,17,slow
6745,25,2023-04-09 11:05:50,99.53,61.88,26.5,405.646,9,rapid
6746,19,2024-06-17 21:22:26,98.35,92.4,35.49,349.1,31,slow
6747,10,2023-06-03 05:05:32,101.18,36.41,33.97,369.247,19,slow
6748,30,2024-01-08 08:43:36,96.74,42.11,27.25,404.771,43,fast
6749,16,2024-08-10 02:59:02,96.66,38.56,34.98,395.589,51,rapid
6750,21,2024-01-02 13:08:36,97.95,37.02,21.84,387.548,47,rapid
6751,27,2024-05-26 12:28:22,97.15,56.7,27.0,403.1,47,fast
6752,3,2023-05-07 08:47:41,99.24,21.9,7.3,368.602,7,fast
6753,43,2023-06-25 20:53:51,98.95,59.41,29.75,381.284,16,rapid
6754,43,2023-11-30 11:46:49,99.07,11.83,12.44,410.569,27,rapid
6755,21,2024-04-17 23:51:18,98.52,47.41,14.01,407.006,28,slow
6756,24,2023-09-17 21:38:34,96.77,23.69,14.66,366.972,25,slow
6757,36,2023-07-17 17:03:14,99.4,92.57,18.1,398.946,21,rapid
6758,8,2023-09-21 20:53:40,99.03,92.07,28.31,355.133,34,fast
6759,49,2023-12-02 08:02:01,99.39,31.47,6.13,419.173,27,fast
6760,37,2024-09-27 01:07:06,96.6,76.2,13.7,345.092,80,slow
6761,7,2024-07-12 09:44:01,96.33,39.64,39.34,395.496,62,fast
6762,48,2024-06-25 11:15:13,98.7,34.52,41.24,413.595,29,rapid
6763,29,2023-05-07 01:04:47,99.01,20.95,44.71,377.482,13,fast
6764,41,2024-06-02 07:05:14,97.29,34.71,9.69,343.542,65,slow
6765,46,2024-06-03 00:55:29,95.77,90.38,35.1,399.684,40,rapid
6766,41,2023-02-18 08:42:48,99.73,86.05,23.52,368.013,5,slow
6767,33,2023-01-12 18:59:15,99.76,12.56,32.27,356.176,0,slow
6768,14,2023-01-21 01:13:52,98.84,10.92,2.43,384.322,2,fast
6769,42,2023-08-01 17:40:39,97.25,92.95,7.04,381.422,19,fast
6770,42,2024-08-24 03:01:21,94.05,99.75,17.58,366.278,50,rapid
6771,40,2024-08-15 08:52:17,96.17,74.33,32.08,367.233,75,fast
6772,17,2023-11-18 04:28:19,97.24,17.37,-5.37,342.626,23,slow
6773,40,2024-11-07 04:44:27,96.23,48.03,34.89,391.081,53,fast
6774,23,2023-03-22 23:18:47,100.56,11.81,-7.0,351.207,5,slow
6775,40,2024-08-09 17:36:34,93.57,67.84,-7.82,391.757,42,rapid
6776,37,2024-07-16 16:41:22,99.06,61.3,30.07,396.997,40,slow
6777,29,2023-12-25 00:41:09,98.26,95.32,5.03,388.875,38,fast
6778,15,2024-07-14 10:43:50,98.07,80.78,30.48,408.849,60,slow
6779,21,2023-10-14 02:33:51,98.21,80.79,5.17,342.056,28,slow
6780,36,2024-05-25 11:23:38,93.65,41.59,24.29,403.45,52,fast
6781,35,2024-10-16 19:54:40,98.0,34.83,-8.34,375.972,60,fast
6782,3,2023-04-26 11:46:02,100.2,90.8,14.17,406.603,14,slow
6783,49,2024-10-15 15:25:16,97.52,51.24,37.13,366.626,77,fast
6784,36,2024-07-26 14:30:08,94.39,62.94,-5.48,370.311,51,rapid
6785,18,2024-06-28 11:43:48,95.63,16.63,23.12,363.084,31,slow
6786,44,2024-03-19 06:52:25,96.61,95.28,16.48,390.912,23,rapid
6787,3,2024-08-16 14:40:50,97.25,26.06,-7.77,417.271,49,rapid
6788,15,2024-10-06 19:10:27,98.58,86.46,41.7,353.903,63,slow
6789,36,2024-04-22 06:09:47,96.69,58.99,4.12,343.417,26,fast
6790,33,2024-10-17 20:46:39,97.65,87.04,25.07,356.641,36,slow
6791,11,2024-09-09 23:49:20,94.49,63.05,-4.64,391.04,65,slow
6792,9,2024-10-25 10:32:05,95.8,72.24,12.89,356.899,71,fast
6793,22,2023-06-13 21:17:34,99.07,11.71,10.31,395.747,21,slow
6794,5,2024-04-19 19:49:40,95.37,21.01,39.52,410.058,32,rapid
6795,44,2023-10-05 04:13:01,99.44,33.01,-6.15,391.036,20,slow
6796,46,2023-08-22 09:32:53,98.7,73.34,17.32,418.287,18,fast
6797,48,2024-08-27 09:35:29,97.7,95.7,9.91,390.21,58,fast
6798,17,2023-09-03 17:06:58,100.68,35.68,10.08,377.992,27,slow
6799,6,2024-09-22 18:37:00,94.75,18.84,13.93,418.388,58,fast
6800,35,2023-06-20 22:26:15,99.35,95.56,31.57,357.602,9,fast
6801,36,2024-08-19 05:40:51,94.29,14.56,-1.2,372.104,41,rapid
6802,15,2023-06-11 11:47:49,100.46,85.85,44.63,387.464,11,slow
6803,1,2023-04-13 09:21:56,100.38,36.41,1.4,388.333,7,rapid
6804,3,2023-01-19 03:49:33,100.5,77.15,27.56,399.273,2,fast
6805,20,2023-02-24 22:41:10,101.23,24.11,3.26,341.888,6,rapid
6806,39,2023-08-18 03:26:17,98.26,49.32,24.11,345.816,27,fast
6807,33,2024-02-08 00:59:42,99.86,27.24,24.86,417.392,34,fast
6808,4,2023-07-10 15:21:52,98.93,24.94,-5.59,357.235,15,slow
6809,10,2023-12-28 15:52:25,98.99,62.68,42.38,400.878,41,fast
6810,17,2024-09-11 03:36:57,94.07,38.55,-2.57,390.66,58,slow
6811,28,2023-10-03 03:46:31,98.9,13.85,38.12,350.188,30,slow
6812,37,2023-10-15 20:42:10,97.97,92.23,-9.21,369.501,21,rapid
6813,7,2023-10-13 12:50:26,100.03,61.72,34.93,345.675,27,rapid
6814,1,2023-03-31 03:57:27,99.15,11.77,1.33,386.128,5,slow
6815,27,2024-12-03 01:35:38,98.8,86.19,32.53,405.11,49,rapid
6816,16,2024-06-06 06:38:18,95.98,56.33,-2.72,394.642,35,fast
6817,14,2023-03-15 12:22:51,100.87,17.92,16.16,340.849,5,slow
6818,7,2023-03-16 04:00:03,98.42,83.4,42.87,393.747,7,rapid
6819,40,2023-01-06 11:47:59,101.12,77.06,20.16,366.859,0,fast
6820,44,2024-04-15 07:29:27,97.53,65.72,-3.49,364.703,51,fast
6821,12,2024-05-17 12:46:34,96.67,29.6,26.4,349.805,41,slow
6822,7,2023-06-28 11:08:09,97.83,29.82,16.1,372.171,16,rapid
6823,35,2023-08-16 10:24:42,100.18,55.27,1.15,383.387,20,rapid
6824,18,2024-02-14 00:07:15,97.99,20.87,-2.37,401.147,37,rapid
6825,24,2024-04-26 13:20:40,94.38,47.61,39.75,417.701,46,rapid
6826,44,2024-04-18 16:52:00,94.5,77.95,25.14,362.681,51,fast
6827,47,2023-01-15 08:04:14,98.25,34.81,43.16,346.285,0,slow
6828,37,2024-05-08 21:54:14,96.91,93.3,36.65,418.646,30,fast
6829,16,2023-02-22 11:41:42,100.73,41.7,5.85,409.288,3,fast
6830,42,2023-03-25 21:28:37,98.94,44.35,33.29,359.175,4,slow
6831,25,2024-09-14 04:39:12,95.54,22.63,30.4,390.23,53,slow
6832,20,2024-05-07 14:47:36,96.64,68.99,37.7,342.519,37,slow
6833,29,2024-03-21 03:35:20,96.27,76.86,23.92,409.641,51,rapid
6834,10,2024-01-29 23:09:56,96.43,12.07,11.85,385.447,28,slow
6835,41,2023-12-03 21:55:47,97.5,65.42,15.71,404.768,28,rapid
6836,40,2024-01-22 23:24:46,96.02,51.11,35.07,347.519,47,fast
6837,25,2023-02-05 07:55:44,99.76,77.73,41.28,353.93,3,slow
6838,2,2023-04-22 09:07:20,99.52,16.22,36.99,405.224,14,slow
6839,40,2024-01-29 04:46:35,96.28,90.02,1.9,364.997,32,rapid
6840,48,2023-08-11 09:27:57,99.54,26.07,-3.22,372.51,23,fast
6841,22,2024-10-10 08:43:37,95.94,66.2,36.64,345.061,70,rapid
6842,49,2023-12-05 06:47:31,96.75,96.42,10.43,361.474,33,fast
6843,22,2023-05-08 02:43:11,97.74,38.74,41.87,411.233,14,slow
6844,14,2024-05-01 05:31:54,96.31,51.88,-7.7,385.374,30,fast
6845,13,2023-10-09 20:08:50,99.5,23.17,24.07,405.152,25,slow
6846,22,2023-11-16 18:00:43,97.38,91.63,0.4,393.559,28,fast
6847,35,2024-05-28 06:40:50,98.63,55.23,24.83,369.06,34,slow
6848,33,2023-10-17 05:05:17,98.92,61.14,26.69,413.065,21,slow
6849,16,2024-06-25 16:57:40,95.56,27.96,16.77,346.332,68,fast
6850,5,2023-07-08 02:46:52,97.89,14.5,11.08,419.284,18,slow
6851,49,2024-12-05 22:08:49,98.2,54.37,0.5,358.252,90,rapid
6852,4,2023-08-07 14:25:43,99.31,54.36,6.71,418.181,28,slow
6853,10,2023-06-26 07:14:38,98.21,78.5,0.68,408.203,18,fast
6854,21,2024-07-31 16:41:51,95.16,32.97,6.13,406.518,36,rapid
6855,42,2023-12-19 01:00:21,96.2,50.65,-8.31,414.422,34,fast
6856,22,2023-06-12 01:58:27,98.41,65.34,10.34,386.238,13,rapid
6857,31,2024-02-11 19:55:23,97.37,65.47,41.37,359.481,50,rapid
6858,24,2023-07-28 01:32:12,101.84,48.15,9.49,407.788,27,rapid
6859,5,2024-04-18 18:19:08,95.11,64.4,13.79,411.161,30,slow
6860,28,2023-05-13 04:08:34,97.31,48.67,20.35,367.222,12,fast
6861,14,2023-08-20 22:42:37,98.64,91.37,17.98,374.322,12,rapid
6862,30,2023-04-28 15:35:31,99.33,72.7,35.23,411.985,10,rapid
6863,47,2023-07-19 04:08:54,97.65,38.87,2.53,349.602,10,slow
6864,1,2023-11-30 01:53:05,97.44,87.94,18.41,370.3,34,fast
6865,16,2024-02-10 07:55:58,96.05,25.07,8.33,412.999,47,rapid
6866,39,2024-09-13 15:20:24,96.58,78.78,39.77,356.846,73,slow
6867,40,2024-05-17 13:38:19,96.19,76.37,-0.19,413.947,61,rapid
6868,2,2023-09-19 13:52:06,95.45,48.22,12.57,368.325,30,fast
6869,15,2023-02-22 15:50:52,100.81,50.96,39.54,389.204,5,slow
6870,27,2024-09-28 01:51:33,95.5,55.73,35.48,406.513,81,fast
6871,48,2024-11-19 23:47:19,96.42,27.96,13.92,359.211,38,fast
6872,28,2023-05-22 04:21:57,99.99,89.69,34.18,406.466,15,slow
6873,10,2024-09-03 21:44:49,96.54,81.62,0.82,367.186,68,slow
6874,18,2023-02-17 11:28:37,100.85,63.39,12.66,362.842,2,fast
6875,7,2023-03-10 13:27:49,100.56,29.13,22.58,393.849,5,fast
6876,18,2024-08-23 20:51:42,96.03,47.42,44.61,410.944,31,rapid
6877,13,2023-03-14 10:19:20,101.4,42.17,30.66,378.936,8,rapid
6878,12,2024-03-31 13:01:06,95.44,89.3,8.46,351.693,34,slow
6879,46,2023-07-01 01:20:09,100.51,49.87,8.55,415.69,14,fast
6880,33,2023-07-22 09:46:04,98.49,27.0,21.23,350.388,24,rapid
6881,36,2023-12-28 13:10:18,96.71,64.92,39.77,399.011,45,rapid
6882,26,2024-04-12 21:42:42,96.75,89.53,-7.21,352.292,60,slow
6883,22,2023-04-14 18:29:14,100.88,53.27,8.09,417.554,9,rapid
6884,7,2023-10-15 06:39:53,97.27,58.9,4.78,377.287,34,fast
6885,40,2024-09-22 13:05:52,96.68,89.68,29.13,340.625,52,fast
6886,8,2023-10-18 19:25:08,97.36,22.77,37.12,356.987,15,rapid
6887,15,2024-08-10 02:33:11,97.4,94.7,19.0,364.814,66,fast
6888,6,2023-04-06 06:35:28,98.59,43.01,38.21,382.484,9,rapid
6889,11,2024-11-13 15:19:59,93.51,68.09,22.81,402.5,39,slow
6890,39,2023-02-15 09:29:34,99.79,97.68,7.45,375.172,2,rapid
6891,26,2023-07-30 04:01:28,98.8,58.61,36.89,386.941,26,slow
6892,41,2024-10-22 06:01:45,97.12,34.26,5.7,351.348,66,slow
6893,11,2023-01-14 21:08:47,99.77,96.35,-0.71,364.462,1,fast
6894,13,2023-07-25 20:14:15,97.26,42.92,40.98,353.022,13,rapid
6895,27,2024-01-08 18:42:06,96.29,20.25,6.69,368.167,37,fast
6896,5,2023-07-09 17:18:35,97.51,32.51,34.04,381.692,15,fast
6897,6,2023-12-01 01:24:30,96.64,55.28,32.8,357.547,38,rapid
6898,33,2024-11-22 22:31:19,94.15,29.59,2.76,343.31,75,fast
6899,19,2024-03-14 18:35:03,94.91,72.76,34.28,406.84,26,slow
6900,14,2024-08-04 03:27:15,94.94,71.07,34.92,371.343,39,rapid
6901,30,2024-04-10 13:31:24,96.23,10.03,16.76,342.642,45,slow
6902,14,2023-06-11 20:20:17,99.12,75.96,36.69,404.983,10,slow
6903,43,2024-08-13 19:48:00,97.01,70.09,15.75,373.994,55,rapid
6904,27,2024-11-01 02:05:19,96.02,20.82,38.88,386.124,83,rapid
6905,24,2024-10-26 16:09:15,95.6,34.85,-3.4,351.815,61,fast
6906,13,2023-03-09 10:58:47,99.71,23.43,36.39,368.592,6,slow
6907,26,2023-09-09 05:38:36,97.52,93.84,4.29,397.869,15,rapid
6908,34,2023-04-07 06:27:29,100.1,20.54,38.74,369.784,9,rapid
6909,24,2024-06-16 19:34:00,97.05,56.61,-4.91,374.525,43,fast
6910,9,2024-08-20 23:01:19,95.37,32.0,44.62,349.982,52,slow
6911,29,2024-09-02 21:47:06,98.53,26.36,14.59,371.154,46,fast
6912,41,2023-07-16 12:54:08,98.87,48.77,37.79,403.764,23,rapid
6913,26,2024-02-03 05:44:12,98.55,12.05,12.61,417.597,41,rapid
6914,9,2024-08-14 07:19:32,95.22,13.73,17.66,417.968,67,slow
6915,34,2024-10-24 00:28:41,94.03,88.54,39.91,341.035,67,slow
6916,19,2024-08-03 02:14:03,93.52,72.26,6.28,363.426,33,slow
6917,26,2024-08-06 17:20:04,96.26,66.27,22.56,362.446,55,rapid
6918,31,2024-06-04 21:25:37,98.53,47.45,6.69,370.382,37,rapid
6919,4,2023-02-12 18:06:27,100.8,12.12,3.32,343.608,2,rapid
6920,14,2023-08-04 00:11:34,100.16,22.57,33.0,417.876,20,fast
6921,36,2024-03-28 07:14:24,96.8,65.24,21.99,377.013,39,slow
6922,39,2023-01-20 09:33:37,98.6,75.63,-7.92,394.296,1,slow
6923,9,2024-01-06 12:31:54,97.81,61.09,-4.01,363.86,35,fast
6924,32,2024-10-10 02:45:11,94.59,82.95,9.18,408.313,81,rapid
6925,32,2023-02-24 22:28:06,100.09,40.55,8.56,383.966,3,rapid
6926,1,2023-11-17 02:15:06,95.91,58.23,6.43,405.219,21,fast
6927,21,2023-06-11 15:59:17,98.21,23.71,27.35,418.349,13,rapid
6928,23,2024-09-15 00:03:20,97.84,58.61,14.25,387.507,69,fast
6929,31,2023-08-12 08:40:04,99.82,92.37,11.21,414.987,11,slow
6930,36,2024-02-26 04:18:35,96.38,72.71,22.41,395.678,54,slow
6931,3,2023-04-09 14:44:24,98.38,15.84,-5.84,350.229,7,rapid
6932,1,2023-07-17 22:09:19,99.89,55.72,4.47,385.341,21,slow
6933,1,2023-10-09 03:45:31,99.29,77.05,-2.65,381.521,26,slow
6934,34,2024-12-25 23:29:37,92.3,44.99,33.1,401.614,67,rapid
6935,14,2023-05-16 07:23:14,99.43,22.27,9.46,408.801,15,fast
6936,17,2023-07-20 04:42:25,97.98,55.76,14.3,406.09,14,slow
6937,19,2024-04-09 00:03:25,97.25,37.65,14.79,360.705,58,rapid
6938,49,2024-11-29 03:03:54,95.75,83.46,5.49,391.979,55,slow
6939,45,2024-10-09 17:27:06,96.81,56.83,0.78,374.874,79,slow
6940,23,2024-08-28 18:45:52,99.33,86.54,20.58,397.368,51,rapid
6941,19,2023-07-20 15:35:49,97.41,63.83,16.59,418.877,26,fast
6942,32,2024-02-06 14:25:41,96.68,15.75,31.67,355.897,28,slow
6943,46,2023-05-27 18:38:14,98.55,89.87,-2.68,393.594,16,slow
6944,16,2023-01-19 20:00:32,99.94,77.55,29.63,378.178,0,rapid
6945,24,2023-11-18 23:22:59,97.2,41.64,41.19,390.768,19,rapid
6946,31,2023-07-20 19:57:26,98.02,94.23,-6.54,373.806,23,fast
6947,25,2023-12-30 02:25:53,98.68,92.66,15.78,401.604,18,rapid
6948,40,2023-08-16 11:35:00,98.66,72.31,-1.63,409.992,14,fast
6949,35,2024-02-13 09:09:50,97.12,60.04,-3.19,396.848,39,fast
6950,37,2024-03-04 11:59:30,96.21,53.22,4.11,349.151,23,fast
6951,34,2024-12-30 19:19:51,96.81,16.19,41.9,403.259,50,fast
6952,44,2023-03-08 01:55:36,98.14,88.21,24.43,390.885,8,rapid
6953,39,2023-05-10 19:21:13,99.82,82.27,13.4,378.844,9,fast
6954,14,2023-02-24 15:55:51,99.44,29.29,29.44,347.501,4,slow
6955,10,2024-09-24 19:34:43,97.43,39.94,9.26,377.835,39,rapid
6956,33,2024-08-08 14:01:40,97.16,86.12,-6.45,392.299,44,slow
6957,12,2024-09-20 13:56:32,95.34,20.37,-7.95,371.983,35,fast
6958,22,2024-12-09 20:56:12,94.83,62.56,0.29,414.331,47,rapid
6959,30,2024-10-30 13:00:17,95.52,94.2,37.52,367.852,53,fast
6960,6,2024-07-23 22:52:57,95.45,80.21,21.09,379.644,44,rapid
6961,18,2023-03-15 13:03:11,100.19,41.9,41.83,382.467,5,fast
6962,10,2023-09-12 14:01:04,97.54,14.61,-3.79,401.31,14,slow
6963,49,2023-11-08 21:14:41,98.51,55.24,-0.33,386.799,22,fast
6964,4,2023-07-31 13:52:30,98.64,37.03,-2.6,393.549,10,fast
6965,6,2024-07-12 19:36:40,95.3,93.29,17.94,360.509,55,rapid
6966,30,2024-04-01 06:07:53,96.16,36.74,36.47,344.312,37,fast
6967,3,2023-08-04 02:49:35,97.66,30.79,29.56,398.269,21,slow
6968,35,2023-05-06 10:45:09,100.17,13.3,38.25,340.937,9,rapid
6969,4,2023-04-27 19:39:34,98.75,77.36,20.21,355.578,6,fast
6970,15,2024-01-04 21:28:18,97.52,57.98,7.05,341.424,34,fast
6971,28,2024-01-28 02:14:24,99.35,72.41,34.05,415.762,45,rapid
6972,28,2023-12-04 02:15:16,98.39,79.47,10.01,414.4,31,fast
6973,46,2023-03-19 11:19:08,98.88,24.43,16.69,340.449,9,rapid
6974,9,2024-05-16 23:37:25,95.79,77.75,14.48,378.825,54,slow
6975,39,2023-06-30 04:37:15,99.36,16.68,35.63,353.852,16,slow
6976,37,2023-11-30 02:55:57,95.81,52.45,37.66,397.846,17,slow
6977,1,2023-09-11 16:36:02,97.92,57.62,43.24,382.297,13,fast
6978,16,2024-05-25 10:26:28,98.13,51.16,27.19,379.462,34,slow
6979,34,2023-08-03 03:52:42,98.17,29.9,10.08,390.011,12,fast
6980,17,2024-06-17 08:38:13,98.08,35.73,8.61,340.901,47,fast
6981,12,2024-11-06 22:23:08,98.61,30.42,-7.27,412.753,53,fast
6982,32,2023-10-13 14:33:35,97.41,56.1,10.9,362.702,30,slow
6983,36,2024-07-09 16:41:09,96.72,77.6,20.68,340.649,47,slow
6984,1,2023-01-14 12:05:54,99.26,82.39,27.4,353.135,1,slow
6985,49,2023-11-03 11:21:58,97.54,86.81,2.52,352.901,38,slow
6986,2,2024-02-27 05:43:42,94.06,60.61,31.75,362.921,25,fast
6987,43,2024-09-18 01:37:33,96.25,36.26,2.54,398.059,44,fast
6988,8,2023-01-04 07:54:43,99.6,76.84,18.39,377.538,0,fast
6989,43,2024-11-20 14:55:39,94.53,57.35,16.48,371.677,35,fast
6990,4,2024-04-19 03:42:16,97.92,76.83,10.17,396.025,41,fast
6991,9,2024-04-12 13:48:18,99.81,52.2,16.95,416.502,54,slow
6992,43,2023-01-28 01:02:40,99.33,65.92,36.9,374.367,2,slow
6993,28,2023-05-25 10:44:12,97.99,21.15,36.56,355.649,10,slow
6994,2,2023-10-04 03:51:09,96.69,20.29,-8.96,369.03,22,slow
6995,16,2023-09-16 01:40:14,100.83,97.97,28.86,343.328,27,slow
6996,2,2024-03-10 17:56:30,98.43,77.88,-2.5,392.474,41,slow
6997,10,2024-10-01 23:05:52,94.95,10.99,7.32,370.809,40,fast
6998,50,2024-11-11 09:12:02,96.43,63.71,-1.19,358.87,56,slow
6999,19,2023-05-10 11:52:43,97.9,49.37,11.99,358.975,10,fast
7000,3,2023-10-13 05:34:16,97.53,79.07,22.18,360.362,18,fast
7001,40,2024-05-22 17:44:41,98.62,79.72,-6.29,352.885,44,fast
7002,16,2023-10-13 17:18:33,96.49,51.76,8.65,388.598,21,fast
7003,42,2023-10-11 13:36:53,96.93,74.71,28.27,415.739,33,fast
7004,20,2024-01-02 13:35:03,95.8,31.63,39.09,355.247,35,slow
7005,26,2023-10-22 04:19:55,98.71,86.68,12.33,351.345,14,rapid
7006,20,2024-10-11 10:09:14,97.47,73.56,41.7,356.483,79,slow
7007,24,2024-05-02 22:36:54,97.17,12.8,-7.31,344.721,36,fast
7008,20,2024-01-12 02:10:50,99.11,31.42,43.3,408.937,33,rapid
7009,49,2024-12-09 00:32:17,97.41,23.16,21.3,384.474,89,slow
7010,36,2024-07-28 05:38:47,95.85,95.17,17.76,398.6,70,slow
7011,23,2024-08-18 14:52:46,95.09,33.71,-9.68,398.454,34,slow
7012,17,2024-09-17 11:11:39,93.93,21.74,-5.98,344.45,61,rapid
7013,19,2024-09-09 10:19:00,95.42,18.3,14.09,341.847,34,slow
7014,21,2023-08-09 18:11:19,99.61,90.05,32.49,403.134,24,fast
7015,17,2023-05-15 20:58:51,98.05,59.67,13.43,356.673,8,rapid
7016,4,2024-07-11 22:20:32,99.41,56.16,22.25,409.834,29,slow
7017,18,2024-03-15 04:50:59,98.04,20.54,3.39,408.501,37,slow
7018,50,2024-08-12 01:21:43,95.47,90.47,37.4,399.739,49,fast
7019,23,2023-10-23 08:01:18,98.08,98.17,-6.03,344.291,38,rapid
7020,50,2024-10-10 14:16:26,93.7,89.27,14.99,363.283,66,fast
7021,7,2024-09-13 10:57:14,94.1,18.51,30.25,419.148,67,rapid
7022,48,2023-09-04 01:42:32,97.66,34.44,32.29,342.6,13,slow
7023,5,2024-01-28 04:32:08,97.88,93.47,42.28,410.172,44,fast
7024,32,2024-08-03 17:35:09,97.48,81.91,-5.01,374.528,55,rapid
7025,15,2024-06-11 03:25:01,98.71,46.39,29.42,400.908,36,rapid
7026,35,2023-06-28 06:35:22,100.84,90.63,13.18,418.869,11,slow
7027,5,2024-02-12 05:24:55,96.4,72.11,44.01,410.498,43,fast
7028,10,2024-03-12 13:02:25,96.91,20.12,32.69,385.204,31,slow
7029,15,2024-09-25 13:43:27,93.58,26.11,22.61,409.297,55,rapid
7030,13,2024-03-23 00:48:25,98.28,77.82,10.64,375.662,41,rapid
7031,11,2023-09-10 00:01:44,99.33,33.12,38.17,356.5,26,slow
7032,42,2023-03-09 02:54:24,97.82,50.75,16.58,362.175,4,fast
7033,28,2024-07-16 15:13:06,95.91,52.94,37.67,416.902,68,rapid
7034,43,2024-03-07 15:30:39,96.35,42.83,35.54,351.178,33,rapid
7035,31,2024-08-19 11:54:12,94.44,34.96,30.54,369.374,44,rapid
7036,31,2024-07-15 23:07:43,97.62,41.23,-3.93,411.395,61,slow
7037,33,2023-02-28 15:00:05,99.34,57.11,9.6,366.03,3,fast
7038,28,2024-06-01 00:44:55,95.47,56.5,32.78,385.48,60,fast
7039,3,2023-09-22 22:55:22,98.35,60.97,17.19,351.018,25,fast
7040,28,2023-06-04 20:38:24,100.54,97.09,8.99,401.972,10,slow
7041,4,2024-04-28 01:31:38,95.65,83.51,11.36,340.891,44,slow
7042,39,2024-05-11 23:54:13,95.33,48.02,41.84,417.838,54,rapid
7043,34,2023-10-14 01:34:36,99.15,45.31,34.43,393.026,27,fast
7044,42,2024-04-18 12:15:14,97.69,52.04,-1.7,401.028,28,rapid
7045,2,2023-07-25 15:07:42,99.13,56.73,0.33,343.483,17,rapid
7046,38,2024-07-29 21:06:12,94.72,15.1,35.71,418.424,45,slow
7047,4,2024-04-20 08:30:32,98.12,96.79,39.57,382.258,35,fast
7048,38,2024-05-29 18:36:17,94.29,40.85,25.05,411.196,57,rapid
7049,20,2023-02-24 18:43:02,99.52,74.51,12.98,376.421,3,rapid
7050,29,2024-09-17 00:09:40,94.47,55.33,31.28,360.79,74,rapid
7051,30,2024-04-26 00:46:11,94.9,27.44,11.01,348.756,40,rapid
7052,39,2024-01-25 04:57:57,99.33,54.38,17.2,381.692,42,slow
7053,15,2023-03-26 23:46:53,98.5,64.38,8.38,399.059,5,fast
7054,45,2023-01-10 14:54:45,100.41,42.41,-8.5,393.461,0,fast
7055,10,2023-12-02 03:47:29,97.99,36.88,22.56,362.041,39,fast
7056,18,2023-10-20 15:39:24,97.46,39.4,14.07,385.314,20,rapid
7057,21,2024-02-15 21:49:19,94.58,22.82,-2.28,411.839,22,slow
7058,31,2024-03-03 11:04:14,97.1,31.65,-3.85,342.256,29,fast
7059,15,2024-04-20 19:47:08,96.37,33.45,30.35,343.472,31,fast
7060,26,2023-06-21 15:54:50,98.68,55.36,43.59,387.766,8,fast
7061,24,2023-03-05 18:25:18,100.05,17.83,34.99,348.392,6,fast
7062,36,2024-05-27 21:19:46,97.84,55.99,10.91,359.3,28,slow
7063,10,2024-11-13 22:37:37,95.94,49.65,4.74,362.125,41,rapid
7064,12,2023-07-21 02:06:45,99.76,31.72,6.97,394.519,18,rapid
7065,44,2024-12-08 00:53:12,94.14,87.32,-5.52,405.803,36,fast
7066,40,2023-08-06 11:12:33,98.25,55.87,27.23,341.14,18,rapid
7067,24,2023-06-24 02:39:20,98.15,41.42,16.58,409.532,9,slow
7068,39,2023-12-06 15:29:09,100.05,29.41,2.4,347.2,30,slow
7069,48,2024-10-24 17:00:42,96.27,89.45,28.06,403.459,68,fast
7070,26,2024-09-05 12:15:51,93.09,84.03,22.48,364.821,44,rapid
7071,19,2024-03-15 03:19:52,95.29,38.31,-1.99,408.172,46,slow
7072,7,2023-07-23 04:46:37,99.55,64.95,14.09,357.356,13,fast
7073,49,2024-06-25 11:41:37,96.19,82.67,29.87,373.225,47,slow
7074,12,2024-01-03 19:31:32,95.93,52.09,38.9,399.413,20,slow
7075,2,2023-12-17 13:37:54,97.1,57.31,7.36,400.076,42,fast
7076,31,2024-08-07 23:15:53,98.79,12.35,27.36,377.484,74,fast
7077,34,2024-08-05 23:02:08,97.01,93.08,29.94,372.056,62,slow
7078,36,2024-10-04 23:26:54,94.66,74.71,8.75,399.656,37,fast
7079,28,2023-11-08 01:45:08,97.27,86.7,15.71,388.015,41,slow
7080,27,2023-08-06 15:37:51,100.64,74.24,-7.82,352.426,18,rapid
7081,24,2024-05-30 00:37:29,96.23,12.24,-6.02,419.857,52,fast
7082,30,2023-04-27 08:17:48,98.56,81.23,30.76,415.92,10,fast
7083,47,2023-10-27 06:38:50,98.02,56.19,2.35,362.632,32,slow
7084,45,2024-08-20 07:24:07,96.71,26.23,34.23,406.125,51,slow
7085,28,2023-01-23 08:37:05,100.56,44.98,5.22,388.718,2,slow
7086,16,2023-11-26 21:49:32,98.09,60.94,16.84,387.118,26,slow
7087,20,2023-11-09 18:32:57,97.29,40.84,23.13,396.15,41,slow
7088,16,2023-02-22 09:14:49,100.3,30.4,-3.8,397.152,5,fast
7089,12,2024-10-23 13:41:40,95.23,75.88,1.92,403.039,44,rapid
7090,7,2024-01-25 18:11:15,95.98,68.54,27.0,373.164,48,slow
7091,44,2023-09-13 01:42:55,98.21,56.17,7.17,356.67,13,slow
7092,48,2023-05-06 19:11:25,98.03,15.31,35.03,388.374,8,rapid
7093,38,2023-11-20 23:08:53,98.78,60.65,44.78,383.433,39,fast
7094,21,2024-08-23 14:22:14,96.38,93.98,40.85,417.18,77,slow
7095,20,2024-05-04 04:59:34,98.58,78.31,15.35,386.931,56,rapid
7096,26,2024-07-29 04:13:04,95.73,24.83,1.95,408.808,72,slow
7097,47,2023-02-28 16:31:38,98.58,90.82,36.51,388.758,6,rapid
7098,50,2023-02-18 07:26:44,99.25,99.78,26.5,371.049,2,fast
7099,11,2023-07-27 10:32:15,98.96,75.62,20.32,413.667,12,rapid
7100,27,2023-09-30 05:03:31,100.25,34.68,10.87,407.43,32,slow
7101,17,2024-10-17 15:56:39,96.06,14.44,21.82,386.839,51,rapid
7102,20,2024-09-22 00:04:56,95.67,99.99,33.82,354.052,56,rapid
7103,15,2023-02-24 19:52:34,99.1,13.87,15.03,347.455,4,fast
7104,41,2024-05-23 23:35:40,95.61,82.31,-2.03,373.133,45,slow
7105,20,2023-01-28 05:24:26,97.91,44.66,1.15,414.905,2,rapid
7106,25,2023-07-16 21:30:09,98.33,87.69,-4.68,407.833,13,rapid
7107,28,2023-11-17 04:15:58,98.27,76.71,-9.87,386.162,29,fast
7108,35,2023-01-01 04:49:00,101.03,12.64,-6.36,413.037,0,slow
7109,19,2024-08-25 03:55:06,95.03,96.33,-6.74,384.742,66,rapid
7110,42,2023-06-13 22:29:26,97.36,64.71,40.58,344.119,9,fast
7111,20,2024-08-17 22:29:02,96.22,25.28,21.05,366.204,48,rapid
7112,32,2023-09-12 11:27:44,99.43,93.06,42.58,367.911,18,fast
7113,27,2024-04-11 11:39:02,95.67,40.33,11.12,357.864,45,rapid
7114,4,2023-07-10 15:14:24,98.89,79.37,22.04,372.535,19,fast
7115,36,2024-08-13 16:13:50,96.48,71.84,22.23,393.379,73,rapid
7116,34,2024-01-09 10:56:58,100.07,54.24,7.68,418.873,48,rapid
7117,20,2023-01-28 00:13:21,98.13,76.11,26.08,395.531,1,slow
7118,25,2024-06-03 07:18:36,97.35,44.0,16.89,376.71,68,rapid
7119,8,2023-12-26 21:28:13,95.49,32.76,37.07,342.69,29,slow
7120,33,2023-11-06 14:47:54,97.27,54.9,23.24,356.038,27,rapid
7121,48,2024-07-07 12:04:23,96.79,33.84,30.22,390.728,51,fast
7122,17,2024-02-25 05:50:27,99.82,39.42,41.64,362.294,34,slow
7123,40,2024-06-03 22:56:33,96.92,19.78,-3.76,345.89,29,slow
7124,19,2024-07-12 01:09:26,95.3,65.81,28.21,413.473,54,fast
7125,8,2023-07-25 10:20:59,98.79,86.66,32.57,404.505,26,fast
7126,8,2024-10-12 13:23:25,95.24,98.24,22.72,355.335,78,fast
7127,28,2023-10-15 03:15:11,97.54,32.29,14.47,400.658,31,fast
7128,3,2023-03-16 01:36:43,100.57,73.86,12.07,393.247,8,rapid
7129,28,2024-03-18 11:00:50,98.65,47.73,31.36,362.326,35,slow
7130,37,2024-03-13 08:26:00,96.16,76.42,21.54,359.971,43,fast
7131,42,2024-08-21 22:49:34,97.26,75.69,18.87,397.337,53,slow
7132,40,2024-06-09 14:27:53,96.45,46.22,-4.9,351.463,29,fast
7133,5,2023-10-30 13:09:20,96.71,84.98,-1.78,358.291,16,rapid
7134,8,2023-10-02 14:07:01,96.13,52.08,0.31,361.455,26,rapid
7135,42,2023-05-26 21:58:53,99.53,87.94,4.24,354.888,18,rapid
7136,39,2023-08-09 08:59:01,99.3,94.61,22.32,380.991,19,rapid
7137,50,2023-11-11 14:12:18,98.01,77.33,34.43,404.455,38,slow
7138,50,2024-03-04 17:16:43,95.19,15.84,31.32,416.687,56,rapid
7139,2,2024-03-13 07:39:02,95.83,20.22,14.27,391.142,41,fast
7140,39,2023-09-05 06:50:52,99.56,27.1,34.46,404.254,17,rapid
7141,19,2024-04-15 11:16:14,97.4,92.86,15.62,347.306,35,slow
7142,37,2023-08-08 08:08:50,99.61,32.1,11.26,371.575,17,fast
7143,27,2024-02-20 09:10:27,96.21,37.51,42.35,383.974,36,fast
7144,45,2024-02-01 15:05:28,98.18,76.86,3.49,342.792,51,slow
7145,49,2024-06-19 02:53:43,94.61,91.65,44.46,343.908,64,rapid
7146,28,2024-09-09 11:57:00,95.48,26.27,15.45,394.469,49,fast
7147,32,2023-03-07 19:04:35,100.22,31.54,43.74,393.004,3,rapid
7148,37,2024-03-09 00:04:04,95.87,74.32,25.92,399.695,30,rapid
7149,39,2024-06-05 01:02:54,94.89,27.25,-8.97,401.339,58,fast
7150,13,2023-08-01 05:53:39,98.82,41.17,39.65,341.692,13,rapid
7151,33,2023-02-10 08:51:08,100.32,40.45,-8.16,354.133,2,fast
7152,33,2023-09-11 13:20:37,99.54,81.35,0.84,379.353,15,rapid
7153,38,2023-12-26 12:09:38,95.04,58.61,12.51,374.603,29,fast
7154,39,2024-06-05 05:49:07,96.18,64.49,33.76,350.566,43,slow
7155,39,2024-03-24 05:38:38,97.87,99.86,5.24,395.747,38,rapid
7156,48,2023-02-22 00:52:13,101.18,77.2,19.52,344.412,5,fast
7157,24,2023-07-07 06:22:37,98.62,93.18,5.61,353.034,15,slow
7158,47,2023-07-08 03:06:14,98.78,45.2,34.39,361.941,12,slow
7159,30,2024-02-27 07:07:28,97.3,32.97,31.82,350.298,34,slow
7160,32,2024-12-30 02:57:49,95.47,50.32,-9.02,350.727,92,slow
7161,16,2023-03-21 17:20:34,97.84,88.79,8.99,346.155,5,rapid
7162,39,2024-07-05 08:52:24,97.28,13.24,40.04,407.201,30,fast
7163,42,2023-12-29 20:01:49,100.68,51.1,22.7,360.762,39,slow
7164,8,2024-12-26 01:08:10,95.78,20.92,5.38,392.129,77,slow
7165,7,2024-09-27 01:14:54,95.68,75.62,43.22,368.012,82,fast
7166,48,2024-02-13 14:55:22,99.47,46.17,34.57,341.305,53,rapid
7167,28,2024-04-03 03:29:06,93.7,29.09,6.26,412.16,37,fast
7168,30,2024-09-12 23:26:46,95.36,81.65,-2.75,356.645,33,slow
7169,49,2024-02-09 19:18:11,98.73,94.48,17.4,368.745,34,fast
7170,33,2023-02-14 19:03:11,100.62,11.7,4.17,412.542,5,slow
7171,16,2023-07-09 16:06:23,98.18,15.15,38.38,340.831,18,fast
7172,46,2023-02-17 14:44:40,98.01,34.82,18.65,414.573,5,fast
7173,31,2023-06-01 05:55:23,98.06,36.11,0.39,365.966,10,rapid
7174,26,2024-03-04 10:34:08,96.74,73.61,26.61,394.288,40,rapid
7175,1,2023-09-28 07:45:00,98.46,55.78,12.56,378.944,21,fast
7176,2,2023-11-07 02:24:56,98.11,97.14,38.33,356.835,21,fast
7177,50,2024-08-07 09:06:19,96.5,77.78,13.87,417.355,59,fast
7178,39,2023-08-01 20:43:01,98.33,59.53,4.69,358.7,12,rapid
7179,16,2024-02-09 12:48:03,99.2,34.44,20.33,411.8,25,rapid
7180,21,2023-03-09 15:29:39,101.28,54.52,9.97,366.29,7,rapid
7181,34,2024-06-27 20:45:56,97.72,17.45,8.11,360.784,63,fast
7182,16,2023-10-20 22:01:02,98.3,15.43,-0.97,366.181,33,fast
7183,6,2023-12-07 16:05:05,99.59,23.59,25.79,370.289,27,fast
7184,16,2023-04-19 03:12:58,100.13,97.36,24.81,372.324,7,fast
7185,45,2024-09-05 01:20:25,93.1,91.82,13.7,347.555,79,rapid
7186,48,2023-04-12 07:27:43,98.47,47.36,3.16,365.09,7,fast
7187,1,2023-09-15 04:47:25,96.84,52.78,24.84,372.687,26,fast
7188,12,2024-03-01 07:56:39,95.28,28.23,1.43,399.187,44,slow
7189,23,2023-12-06 05:40:20,98.55,18.44,21.29,406.179,36,slow
7190,48,2023-11-08 17:29:36,99.65,41.78,34.83,388.315,35,rapid
7191,12,2023-06-09 00:00:31,98.6,17.1,5.6,413.456,13,rapid
7192,22,2023-03-07 14:23:14,100.05,93.61,25.41,375.237,7,slow
7193,18,2024-01-30 21:57:00,98.1,52.94,7.15,397.482,27,fast
7194,2,2024-04-17 08:56:03,100.08,39.81,41.63,393.927,55,slow
7195,41,2024-03-17 16:19:50,96.24,12.61,15.52,352.037,30,rapid
7196,46,2023-06-08 19:08:07,98.96,73.72,25.67,408.617,17,slow
7197,16,2023-03-14 21:32:34,100.21,41.6,20.46,413.326,9,slow
7198,29,2024-01-31 13:01:16,96.35,60.19,-5.69,408.978,29,slow
7199,31,2023-11-07 02:08:46,98.12,74.07,-5.12,359.093,23,slow
7200,24,2024-12-28 12:48:21,93.71,17.16,12.68,379.73,54,slow
7201,11,2024-07-16 06:43:55,96.55,38.58,23.9,365.067,51,rapid
7202,20,2023-04-24 14:58:17,99.3,43.84,40.7,354.528,11,fast
7203,15,2023-08-25 05:52:26,98.76,12.46,32.41,385.223,24,fast
7204,2,2024-09-22 20:17:55,94.8,55.4,28.42,380.662,59,slow
7205,37,2023-05-24 14:32:07,98.06,56.38,-6.27,350.85,9,fast
7206,11,2024-03-28 23:14:14,94.58,29.51,35.12,417.202,41,fast
7207,29,2024-01-15 04:01:44,96.84,21.16,2.4,410.385,26,fast
7208,17,2023-07-12 07:21:50,100.09,62.04,8.83,411.588,25,rapid
7209,13,2024-11-09 13:34:12,96.27,46.5,-9.89,360.947,35,fast
7210,7,2024-04-06 14:49:48,97.13,55.45,38.77,371.718,32,rapid
7211,34,2023-06-08 14:04:01,99.45,31.82,33.85,344.145,11,rapid
7212,18,2023-10-28 21:02:59,96.63,81.95,44.18,404.102,37,fast
7213,25,2024-03-07 22:47:04,98.76,60.34,0.79,356.605,51,slow
7214,50,2024-08-02 22:53:17,97.88,65.72,41.73,402.657,44,fast
7215,25,2023-07-27 10:36:48,99.97,14.61,-9.57,385.068,12,slow
7216,36,2024-04-21 13:57:21,95.31,29.17,-2.08,357.403,24,slow
7217,33,2024-03-09 20:31:26,98.66,67.72,28.13,390.831,27,slow
7218,13,2023-04-02 01:24:23,99.89,67.51,-0.19,373.624,7,fast
7219,15,2024-12-24 15:58:45,95.65,90.67,16.22,400.656,78,rapid
7220,32,2024-06-05 23:45:59,95.11,75.01,6.45,404.593,49,rapid
7221,16,2024-04-22 04:40:56,97.95,80.03,-3.74,411.483,51,fast
7222,37,2024-09-02 20:49:32,97.59,62.01,20.09,387.087,58,rapid
7223,3,2024-08-21 17:51:57,95.8,76.5,4.36,398.154,55,fast
7224,40,2024-05-31 15:34:43,95.21,80.44,-3.52,404.535,57,rapid
7225,23,2023-10-21 04:33:32,100.97,12.39,44.85,410.503,34,rapid
7226,48,2023-03-18 15:06:41,99.14,63.02,30.81,403.585,3,rapid
7227,3,2023-03-17 02:35:12,98.61,86.86,44.06,342.859,7,slow
7228,37,2023-07-28 13:38:54,99.41,58.06,41.8,345.289,11,slow
7229,32,2024-06-05 11:42:11,97.9,88.95,34.47,359.805,46,slow
7230,37,2024-08-11 09:44:43,96.38,55.22,14.51,362.386,31,rapid
7231,26,2023-02-25 22:12:53,99.99,80.25,-0.11,408.554,3,fast
7232,20,2023-08-08 18:05:05,97.56,83.65,3.74,404.831,23,rapid
7233,31,2023-12-06 12:47:02,96.83,38.51,36.08,410.178,28,fast
7234,24,2023-03-22 22:37:40,99.05,76.36,-8.75,377.826,9,slow
7235,15,2024-03-09 01:40:24,97.7,45.58,26.4,381.748,31,fast
7236,8,2024-12-17 21:39:28,96.01,12.97,27.61,413.193,71,slow
7237,29,2024-01-28 16:48:21,97.47,14.7,4.86,392.666,35,fast
7238,38,2023-07-12 15:11:32,95.93,89.46,32.11,380.408,11,rapid
7239,20,2023-03-22 23:57:24,100.67,89.02,21.86,383.786,8,fast
7240,8,2023-06-09 10:02:12,98.96,46.33,18.45,360.591,16,fast
7241,36,2023-03-30 09:01:12,99.24,29.54,-5.81,340.212,5,rapid
7242,49,2023-03-04 04:07:57,99.49,26.43,40.65,399.147,3,slow
7243,15,2024-09-22 22:04:35,98.14,64.77,11.12,409.672,51,rapid
7244,27,2023-09-06 21:36:38,99.04,96.47,-9.31,403.673,19,fast
7245,41,2024-01-13 07:14:23,98.93,64.91,17.09,390.213,27,rapid
7246,42,2024-12-03 14:34:17,95.04,60.8,-4.73,375.575,53,rapid
7247,6,2024-09-11 12:30:02,97.6,36.54,12.28,377.586,34,rapid
7248,39,2024-01-13 04:58:27,95.58,47.63,12.32,385.392,26,rapid
7249,28,2024-08-26 18:30:42,95.91,51.56,-1.04,376.294,38,fast
7250,36,2024-05-19 13:25:19,94.71,27.99,26.42,345.433,36,slow
7251,41,2024-03-11 17:28:30,97.45,48.72,16.19,351.732,34,fast
7252,20,2024-10-27 05:15:53,93.06,94.16,30.25,357.158,55,fast
7253,1,2024-07-20 16:33:29,97.09,42.06,15.44,359.634,31,slow
7254,3,2023-12-16 22:58:58,98.73,44.02,34.37,364.485,44,fast
7255,12,2023-09-08 19:03:58,97.59,83.23,4.37,379.074,14,fast
7256,14,2023-09-29 00:02:38,98.24,81.98,14.05,416.776,27,fast
7257,46,2024-02-10 22:40:24,98.29,56.3,41.05,379.899,51,fast
7258,30,2023-01-28 05:49:21,99.98,45.35,0.25,415.386,1,fast
7259,13,2023-04-14 12:06:50,98.97,35.9,-1.43,358.299,11,fast
7260,50,2024-12-12 23:00:46,95.74,72.3,0.09,340.884,76,slow
7261,9,2024-02-06 00:37:38,99.66,96.27,11.05,382.432,53,slow
7262,31,2024-08-22 11:18:23,97.33,82.06,12.48,393.246,62,slow
7263,47,2023-05-07 07:56:37,99.7,55.15,41.99,343.615,15,rapid
7264,6,2024-07-23 01:38:34,96.46,34.39,27.27,404.149,40,rapid
7265,38,2024-04-06 19:49:30,95.56,60.33,20.33,392.141,42,rapid
7266,19,2023-05-12 04:34:09,97.61,26.37,10.49,341.625,7,rapid
7267,21,2024-09-19 05:33:07,95.1,48.51,41.95,384.221,39,rapid
7268,16,2023-07-21 05:59:35,98.05,14.51,-9.97,410.091,15,fast
7269,23,2024-05-24 20:06:07,96.75,38.8,7.92,354.585,28,rapid
7270,36,2024-07-30 22:08:09,99.19,56.25,-4.73,344.197,44,fast
7271,9,2023-09-22 17:16:44,99.25,66.78,40.07,353.465,20,rapid
7272,25,2023-06-27 17:32:27,98.83,28.61,0.58,412.88,11,fast
7273,12,2024-10-07 17:37:23,95.17,72.22,17.12,400.096,83,rapid
7274,17,2023-09-03 12:47:08,98.23,24.11,13.83,342.099,27,fast
7275,15,2023-02-01 22:37:22,100.88,39.36,1.85,357.578,2,slow
7276,17,2023-09-18 17:20:02,99.22,47.15,41.74,368.995,16,fast
7277,24,2024-10-22 19:16:36,95.55,54.74,16.95,374.36,57,rapid
7278,49,2024-08-08 09:41:09,95.77,15.34,5.12,401.407,60,slow
7279,50,2023-01-09 07:14:20,99.74,87.54,-3.2,412.098,0,fast
7280,34,2023-11-27 17:02:50,100.61,31.51,41.44,375.563,32,slow
7281,42,2023-07-28 02:23:11,97.84,37.2,21.16,367.182,13,fast
7282,25,2024-10-21 02:37:39,97.85,52.06,26.38,407.982,85,rapid
7283,27,2024-11-21 04:16:11,92.97,37.98,42.6,394.53,49,fast
7284,17,2023-03-21 09:40:47,100.07,30.01,5.78,369.339,8,rapid
7285,24,2024-12-01 22:11:57,95.62,79.69,19.15,407.661,86,fast
7286,12,2023-06-15 11:26:45,98.37,23.8,18.21,412.667,16,rapid
7287,4,2023-12-27 15:12:07,98.98,69.24,11.04,388.043,40,fast
7288,16,2023-09-10 13:38:53,97.47,80.32,39.14,395.182,26,slow
7289,38,2023-08-20 10:55:47,98.88,34.46,11.27,376.096,26,fast
7290,42,2023-06-26 12:15:54,98.11,69.91,0.09,396.597,11,slow
7291,42,2024-07-29 11:03:06,97.43,85.02,41.85,351.402,59,slow
7292,5,2024-05-04 19:07:33,97.87,67.29,22.6,362.164,65,rapid
7293,47,2023-02-22 06:14:08,100.81,14.95,30.8,410.511,3,fast
7294,2,2024-01-05 09:08:40,98.04,95.3,43.33,340.509,33,rapid
7295,11,2023-12-05 19:34:41,97.27,75.08,-0.78,341.799,17,rapid
7296,28,2023-03-27 23:03:42,100.36,55.34,8.91,356.904,6,fast
7297,26,2024-06-05 02:21:00,95.07,28.09,10.97,409.206,56,slow
7298,42,2023-04-16 11:37:49,97.26,16.9,28.44,374.569,8,slow
7299,15,2023-12-02 05:33:55,98.01,97.26,17.05,344.794,37,rapid
7300,48,2023-03-16 09:03:51,99.26,91.83,28.42,366.557,8,fast
7301,42,2023-08-29 13:02:16,98.03,11.34,16.89,401.825,20,rapid
7302,3,2023-10-07 02:41:58,99.63,41.43,21.93,411.545,18,slow
7303,24,2024-04-06 18:24:05,98.06,99.95,15.53,375.62,56,fast
7304,5,2023-07-11 00:46:01,98.6,11.54,12.38,340.468,18,fast
7305,29,2024-01-18 03:52:47,97.88,22.94,-2.13,379.498,38,slow
7306,25,2024-03-13 00:21:46,96.9,23.01,38.85,341.861,34,rapid
7307,24,2023-08-17 05:03:49,98.81,75.74,28.27,354.819,16,rapid
7308,3,2024-11-22 06:21:14,97.7,87.94,-4.73,353.569,87,slow
7309,14,2023-09-16 17:44:37,97.92,99.26,39.92,395.785,20,rapid
7310,40,2023-09-01 13:08:57,97.54,81.45,35.38,345.67,14,fast
7311,20,2024-01-12 22:40:46,97.28,33.08,-8.29,411.483,39,rapid
7312,49,2024-06-28 14:10:54,97.14,66.68,9.77,411.327,31,rapid
7313,43,2024-03-04 17:49:18,97.15,63.98,35.48,388.147,28,fast
7314,12,2023-09-25 19:18:48,98.14,68.28,38.91,340.406,27,slow
7315,15,2024-07-31 08:40:26,98.49,68.94,40.01,342.324,33,rapid
7316,44,2023-12-27 22:58:46,96.4,76.0,19.99,370.496,25,slow
7317,30,2024-01-24 08:55:26,97.63,96.69,15.07,357.453,36,slow
7318,20,2024-05-27 23:14:26,95.38,38.51,43.23,419.995,51,slow
7319,45,2024-07-07 19:46:49,97.04,40.79,10.13,351.837,31,rapid
7320,31,2023-12-12 22:09:53,97.67,67.49,19.82,396.527,23,slow
7321,37,2024-10-01 00:46:52,93.74,49.25,38.44,369.184,66,slow
7322,48,2024-05-06 09:34:21,96.75,90.81,39.99,380.274,60,fast
7323,19,2024-08-19 17:18:23,95.1,41.21,14.77,349.11,63,fast
7324,13,2024-08-04 02:25:21,96.02,75.69,31.97,400.773,60,slow
7325,10,2023-05-14 17:44:15,99.83,81.1,25.68,361.738,7,fast
7326,28,2024-10-18 13:02:39,96.28,36.3,33.72,402.207,74,fast
7327,36,2024-01-27 15:39:26,98.51,15.78,4.5,411.727,28,rapid
7328,32,2023-05-22 00:04:48,99.5,45.67,-9.94,349.96,15,rapid
7329,6,2024-04-02 13:13:34,97.66,64.6,-3.27,403.992,53,rapid
7330,25,2023-06-14 06:22:58,99.48,70.75,0.12,356.125,19,slow
7331,19,2023-01-25 02:03:36,98.68,56.22,33.56,376.473,3,fast
7332,45,2023-03-03 17:01:00,99.32,91.37,-5.73,415.388,3,rapid
7333,29,2024-03-25 16:00:16,94.82,31.77,24.38,374.647,45,rapid
7334,33,2023-03-08 02:16:20,100.91,53.24,30.22,402.306,4,fast
7335,39,2023-11-21 07:16:20,96.99,10.8,36.37,379.314,25,fast
7336,2,2024-04-28 23:13:22,95.18,24.3,4.88,383.999,27,rapid
7337,19,2023-06-27 18:11:32,99.7,14.58,17.16,362.708,22,slow
7338,40,2024-11-03 02:56:17,96.7,26.57,42.65,354.882,49,rapid
7339,42,2023-03-12 23:57:47,99.63,12.99,34.97,350.332,8,rapid
7340,9,2023-06-12 17:44:01,98.37,72.66,14.44,388.182,16,fast
7341,28,2024-03-10 21:18:48,97.78,26.64,13.48,344.904,27,fast
7342,10,2023-10-08 18:11:12,99.05,76.29,-8.0,360.373,27,fast
7343,7,2023-04-26 02:24:24,97.86,80.59,-8.62,355.536,6,slow
7344,29,2024-01-22 22:25:24,97.51,70.78,41.74,356.478,36,rapid
7345,39,2023-02-13 16:36:09,99.22,41.65,6.02,408.341,4,slow
7346,37,2023-05-01 20:27:49,102.14,10.71,20.73,411.239,15,fast
7347,16,2024-11-13 18:18:34,94.89,17.17,18.26,408.076,76,fast
7348,4,2024-07-08 13:33:15,96.58,33.37,22.28,345.795,67,fast
7349,23,2023-06-03 19:22:04,97.94,66.18,37.53,355.333,18,slow
7350,21,2024-08-04 21:41:15,94.55,68.16,-7.43,349.085,68,slow
7351,49,2024-12-26 20:35:04,93.84,13.67,18.54,414.248,59,slow
7352,39,2023-03-24 23:33:10,99.31,48.9,-7.91,390.501,9,slow
7353,37,2024-06-10 12:25:35,94.92,37.21,6.91,346.978,49,slow
7354,9,2023-02-12 08:39:59,99.5,67.73,35.57,374.038,3,slow
7355,14,2023-10-20 13:16:46,98.65,32.58,-0.19,419.816,23,fast
7356,10,2024-10-22 19:06:35,95.36,24.93,6.36,395.521,80,rapid
7357,48,2023-04-14 02:11:26,99.29,45.23,20.33,416.219,11,rapid
7358,47,2023-12-18 23:01:13,97.62,40.02,-9.59,379.035,33,rapid
7359,21,2023-01-14 07:13:32,98.97,10.53,26.92,366.555,1,fast
7360,8,2024-06-24 02:56:21,94.4,17.19,42.76,417.15,30,rapid
7361,19,2023-09-03 21:59:40,98.09,55.45,-2.98,382.162,18,fast
7362,30,2024-07-02 22:03:18,95.62,10.78,20.94,390.938,71,rapid
7363,8,2024-04-18 00:58:33,96.17,93.59,-2.73,407.247,60,rapid
7364,44,2023-10-20 01:32:18,98.56,39.33,18.49,395.83,37,rapid
7365,27,2024-12-20 21:36:37,94.26,94.28,-8.17,389.322,82,fast
7366,10,2023-08-02 14:59:06,98.79,87.09,36.07,369.804,16,slow
7367,9,2024-10-20 21:09:17,93.32,46.47,0.55,393.72,69,rapid
7368,2,2023-07-28 10:33:03,98.31,49.27,34.21,360.996,25,fast
7369,21,2024-10-08 07:37:03,96.33,25.74,-1.09,418.711,40,slow
7370,1,2023-10-26 19:05:00,97.07,96.31,12.33,375.732,33,fast
7371,41,2024-02-07 13:38:57,97.72,85.02,-0.88,361.434,38,slow
7372,12,2023-06-16 20:45:46,98.82,67.43,-4.99,415.903,15,fast
7373,21,2024-04-20 20:06:26,95.35,78.22,40.71,384.267,50,fast
7374,39,2023-08-09 04:32:19,97.2,46.34,44.49,396.973,15,slow
7375,2,2024-07-19 14:06:17,97.55,66.67,-5.28,412.215,28,fast
7376,17,2024-01-01 13:41:31,96.01,70.66,26.27,415.131,29,fast
7377,26,2023-01-10 08:41:00,100.63,76.87,30.69,358.944,0,rapid
7378,22,2023-12-29 19:07:06,99.29,97.96,34.41,368.816,36,fast
7379,40,2023-06-22 17:21:00,98.43,28.73,2.44,374.681,19,rapid
7380,40,2023-12-17 04:57:42,98.6,49.08,-1.59,355.371,27,slow
7381,8,2023-04-11 06:44:19,98.98,13.37,37.27,355.376,9,rapid
7382,42,2023-01-07 10:02:32,97.96,25.38,8.67,352.052,0,fast
7383,2,2024-10-08 13:00:09,95.31,95.67,-7.54,347.914,42,rapid
7384,5,2024-01-04 10:19:50,96.43,70.43,-1.63,404.539,21,rapid
7385,47,2024-12-18 19:38:52,93.06,91.05,-5.28,345.306,36,slow
7386,40,2024-10-25 19:56:46,96.21,52.71,43.0,404.196,77,rapid
7387,24,2023-12-05 02:05:53,97.55,61.65,24.96,379.156,41,slow
7388,45,2023-02-03 07:29:59,98.69,81.78,-2.11,341.522,1,slow
7389,33,2024-09-09 05:05:33,98.23,81.37,24.41,392.505,50,fast
7390,45,2024-03-06 01:52:41,98.58,26.75,-8.27,380.64,27,fast
7391,47,2024-01-30 00:56:11,96.82,66.74,-5.35,344.882,23,slow
7392,32,2023-02-01 22:03:31,99.8,84.33,25.12,351.178,2,slow
7393,44,2023-11-22 03:50:35,97.56,38.13,13.82,346.56,25,rapid
7394,12,2023-06-25 21:48:34,98.74,88.76,19.55,364.107,16,fast
7395,13,2023-06-28 07:47:00,101.49,51.97,10.31,364.794,12,fast
7396,25,2023-08-19 20:47:06,98.3,27.37,-9.18,406.072,18,fast
7397,45,2023-03-04 21:23:51,98.05,56.83,1.66,400.668,6,fast
7398,26,2024-12-19 01:53:54,94.74,69.24,-9.29,404.043,73,fast
7399,4,2023-07-07 21:26:39,100.43,20.07,2.21,394.059,16,slow
7400,2,2023-01-08 19:28:29,99.91,27.66,11.86,376.209,0,rapid
7401,49,2024-07-31 03:48:12,95.94,97.7,-9.56,385.682,64,fast
7402,29,2024-09-15 23:12:55,94.93,39.9,6.32,396.99,34,fast
7403,45,2024-01-26 19:57:46,97.9,89.65,34.77,405.749,33,fast
7404,18,2024-03-12 15:54:49,99.88,66.87,10.72,343.369,37,fast
7405,11,2024-08-02 22:44:31,98.31,93.95,-0.14,387.589,46,rapid
7406,40,2023-06-04 18:24:28,99.07,14.85,13.6,404.782,14,fast
7407,5,2023-01-09 13:58:21,100.02,28.64,31.15,370.564,0,fast
7408,7,2023-03-19 23:45:35,100.29,68.6,5.96,362.438,4,slow
7409,25,2023-03-08 01:45:25,98.75,65.69,-4.49,415.974,7,rapid
7410,46,2023-01-19 03:28:21,99.71,22.96,39.81,408.616,2,slow
7411,42,2023-12-08 14:15:07,99.37,25.75,-2.15,395.913,40,fast
7412,26,2023-04-10 22:27:03,98.2,14.89,2.04,380.4,10,slow
7413,4,2023-09-17 10:07:14,98.59,38.58,42.9,377.128,15,slow
7414,23,2023-02-11 15:05:52,99.47,23.22,1.23,350.858,2,slow
7415,10,2023-01-18 14:16:33,99.8,44.53,27.82,410.994,1,fast
7416,16,2023-02-27 23:08:15,100.34,93.66,11.67,414.418,3,rapid
7417,31,2024-06-25 06:11:54,98.84,90.78,-2.84,418.655,63,fast
7418,23,2024-05-19 19:43:59,96.5,76.17,29.42,409.631,26,fast
7419,8,2024-05-27 06:12:04,98.17,43.97,30.54,359.073,63,slow
7420,32,2023-11-09 00:27:34,97.02,69.39,37.17,412.179,29,rapid
7421,50,2024-07-12 07:45:24,96.08,89.78,43.92,386.805,44,rapid
7422,31,2023-06-19 00:32:06,100.76,48.33,-0.76,368.16,16,slow
7423,31,2024-04-14 11:10:24,96.35,53.75,-0.52,413.495,51,rapid
7424,33,2023-07-01 12:01:04,98.68,70.34,26.3,369.772,14,fast
7425,14,2024-02-17 16:37:44,98.06,51.09,39.23,349.117,43,rapid
7426,30,2023-07-05 00:39:15,100.08,80.86,-0.48,391.361,14,slow
7427,21,2024-11-13 19:17:58,92.46,53.34,21.43,344.542,41,rapid
7428,15,2023-02-04 21:11:14,99.78,51.88,34.46,411.052,2,rapid
7429,36,2023-12-15 10:30:22,96.65,24.47,5.67,372.173,25,rapid
7430,30,2024-08-19 23:42:06,93.41,25.36,2.22,413.895,70,slow
7431,1,2024-10-23 03:42:54,96.48,40.1,-6.43,398.817,47,rapid
7432,27,2024-04-22 22:07:57,97.86,81.4,6.37,368.705,41,fast
7433,4,2023-07-02 11:22:37,98.33,70.58,-0.73,355.987,24,rapid
7434,5,2023-06-24 14:46:17,98.75,22.62,2.21,383.313,19,rapid
7435,18,2024-12-14 23:19:12,92.77,23.48,-9.9,388.423,51,slow
7436,15,2023-10-16 23:38:14,96.21,47.2,34.91,380.718,31,slow
7437,2,2024-03-01 21:33:19,97.42,75.94,43.71,387.969,47,fast
7438,26,2023-09-18 14:44:15,98.53,36.71,-7.17,369.126,17,rapid
7439,32,2024-08-01 09:32:22,96.32,68.96,19.46,379.057,55,slow
7440,10,2024-10-21 10:34:59,95.96,39.92,6.32,408.215,55,rapid
7441,17,2023-12-27 10:59:26,98.44,12.96,25.02,371.057,23,fast
7442,30,2023-01-07 07:12:20,99.72,98.77,6.41,379.568,0,fast
7443,27,2023-08-06 21:08:55,97.26,20.96,-0.87,419.195,24,fast
7444,49,2023-02-23 05:47:45,98.13,22.76,-8.0,396.896,5,fast
7445,44,2023-12-03 01:52:23,98.55,22.35,30.14,380.711,41,slow
7446,10,2023-04-18 10:51:36,100.94,19.77,17.69,363.939,8,rapid
7447,7,2024-07-30 09:00:47,94.71,91.05,41.97,401.459,40,slow
7448,11,2024-04-26 01:22:33,97.31,45.35,11.23,407.983,32,fast
7449,29,2024-02-18 17:06:11,96.86,54.54,43.63,361.136,28,rapid
7450,39,2023-12-13 03:19:57,96.55,33.3,2.33,376.295,21,slow
7451,7,2024-07-09 15:02:36,95.61,40.57,-0.54,360.382,38,slow
7452,8,2023-10-04 20:03:04,97.75,50.88,15.05,346.31,36,fast
7453,36,2024-06-28 13:50:44,98.1,96.29,18.5,353.057,50,slow
7454,41,2023-01-06 00:14:47,100.53,56.33,-7.75,361.489,0,fast
7455,38,2023-06-23 17:18:01,99.2,58.39,18.78,362.441,14,rapid
7456,27,2023-07-30 07:59:24,96.67,29.06,30.23,347.642,16,rapid
7457,31,2024-07-21 14:19:46,96.41,36.83,33.77,345.673,64,rapid
7458,12,2024-05-09 16:43:38,96.06,42.66,25.42,414.561,57,rapid
7459,26,2024-07-27 14:10:50,94.91,99.08,4.42,380.144,31,slow
7460,42,2023-04-21 17:43:32,99.53,37.23,14.08,382.096,8,slow
7461,42,2024-04-23 03:41:18,95.12,96.75,36.63,350.792,33,slow
7462,35,2024-05-12 02:48:22,96.58,90.26,20.82,343.188,44,rapid
7463,29,2024-03-12 09:45:00,99.34,43.7,18.56,415.8,24,fast
7464,50,2023-06-10 09:04:16,99.62,27.45,25.58,366.678,19,slow
7465,33,2024-09-11 08:42:27,93.25,38.53,7.97,376.833,64,rapid
7466,40,2023-07-20 12:27:07,97.51,46.1,30.6,391.589,20,slow
7467,37,2024-11-25 06:04:31,93.4,56.66,10.6,342.172,55,fast
7468,30,2024-07-20 13:37:34,96.16,84.86,19.68,362.975,63,rapid
7469,9,2023-08-11 17:08:39,99.47,36.01,-7.03,419.919,25,rapid
7470,22,2024-06-23 13:01:59,98.05,67.59,0.56,355.371,35,fast
7471,20,2023-07-15 15:05:09,99.96,40.6,15.82,404.145,17,fast
7472,41,2024-12-23 10:13:16,97.86,60.28,12.3,344.444,51,rapid
7473,11,2024-10-30 03:38:47,95.22,34.76,41.73,397.105,60,fast
7474,5,2023-11-04 08:22:58,97.78,86.61,12.42,340.139,39,fast
7475,43,2023-04-27 04:54:32,99.04,37.31,31.24,404.892,7,fast
7476,48,2024-06-07 09:17:43,95.91,16.03,38.32,374.678,26,slow
7477,41,2023-08-21 06:42:12,100.88,79.36,39.07,355.326,24,rapid
7478,27,2023-10-27 10:08:17,98.59,21.99,39.13,380.61,30,fast
7479,45,2023-09-14 04:58:40,99.77,66.47,16.02,349.484,13,fast
7480,41,2023-09-13 05:35:02,98.25,42.21,42.37,379.702,24,slow
7481,19,2023-04-03 04:12:28,98.24,93.54,42.85,351.059,5,rapid
7482,8,2023-07-12 06:41:00,98.22,73.26,34.23,380.276,25,slow
7483,17,2023-06-09 23:00:06,97.97,11.68,4.59,405.391,19,rapid
7484,47,2024-03-17 11:12:02,98.35,14.65,21.88,410.954,54,rapid
7485,28,2023-09-10 22:51:51,98.38,77.11,43.33,412.578,24,rapid
7486,17,2023-02-03 02:58:39,100.39,53.43,32.64,377.019,3,fast
7487,29,2024-07-13 18:42:08,96.39,64.74,-9.1,340.577,65,fast
7488,12,2024-04-03 18:33:11,98.49,82.09,5.25,371.318,60,fast
7489,44,2023-09-21 03:16:45,97.57,44.25,34.12,363.517,13,slow
7490,33,2024-08-28 06:10:54,95.37,18.3,3.18,349.728,64,fast
7491,23,2023-05-26 20:21:26,99.7,84.66,37.51,352.641,9,rapid
7492,1,2023-11-04 13:01:11,97.94,76.02,6.77,352.664,21,slow
7493,6,2023-05-16 04:01:40,98.72,59.56,2.1,404.953,14,rapid
7494,4,2023-01-27 16:06:33,100.24,24.16,5.29,353.248,3,rapid
7495,46,2023-06-15 16:14:06,100.61,81.17,38.5,346.8,15,rapid
7496,6,2024-08-19 11:14:27,93.46,94.43,32.71,394.041,57,rapid
7497,20,2024-12-04 07:22:11,91.52,22.4,9.69,383.865,77,slow
7498,46,2024-06-26 04:22:33,95.82,82.37,0.89,350.383,38,slow
7499,34,2024-01-02 04:54:11,95.98,28.5,5.68,351.935,34,rapid
7500,47,2024-10-21 06:10:34,96.96,23.2,0.45,378.63,75,rapid
7501,29,2023-08-22 08:26:04,99.44,11.49,36.08,403.358,14,rapid
7502,20,2023-04-14 03:25:28,99.6,13.19,24.49,379.25,6,slow
7503,6,2024-09-03 16:39:38,96.81,94.23,4.57,396.425,63,rapid
7504,34,2023-08-05 04:58:04,99.3,90.14,20.25,369.92,12,slow
7505,9,2023-12-17 06:17:08,98.17,47.08,8.11,349.68,31,rapid
7506,34,2023-10-13 09:53:54,98.17,43.26,26.99,381.872,35,rapid
7507,29,2023-02-07 12:10:19,100.49,12.6,19.77,403.842,4,slow
7508,28,2023-05-06 20:36:35,99.69,50.46,41.76,377.919,7,fast
7509,50,2024-06-24 14:21:21,95.85,35.81,-0.03,358.365,33,slow
7510,3,2024-03-31 01:12:28,96.03,51.46,24.79,395.972,49,fast
7511,36,2024-08-07 03:02:08,94.86,34.08,35.51,376.166,75,slow
7512,50,2024-09-16 18:30:57,96.92,83.7,35.46,350.871,78,rapid
7513,12,2024-01-11 08:58:34,99.03,34.8,32.61,378.554,24,fast
7514,9,2023-05-23 00:47:34,98.75,27.03,6.24,374.059,14,slow
7515,31,2023-09-24 22:16:23,97.08,40.8,19.11,408.464,23,fast
7516,15,2024-06-18 05:28:49,95.92,32.46,21.88,360.987,53,slow
7517,13,2023-04-08 03:40:52,99.43,78.69,13.63,368.791,7,rapid
7518,20,2024-02-25 07:51:41,96.52,96.63,11.44,419.243,41,slow
7519,35,2024-04-28 21:57:56,95.05,72.14,28.88,412.557,43,fast
7520,31,2024-09-19 08:22:19,95.62,66.9,19.72,373.926,66,fast
7521,4,2023-03-11 01:00:40,99.34,41.27,-8.35,415.646,7,fast
7522,23,2024-06-17 03:29:42,98.38,99.77,23.39,381.399,51,fast
7523,21,2023-06-29 09:10:57,97.89,70.24,4.92,353.474,16,rapid
7524,25,2024-03-06 22:17:39,97.53,15.7,2.58,368.37,56,fast
7525,13,2024-09-04 05:09:24,97.62,35.71,0.64,369.646,76,slow
7526,36,2023-03-21 00:47:05,98.01,52.59,27.39,357.446,5,fast
7527,19,2024-11-18 14:05:00,94.93,69.04,21.81,399.747,77,fast
7528,24,2024-08-24 06:55:56,100.28,62.53,-2.12,377.982,35,slow
7529,36,2023-01-02 14:38:05,100.25,33.22,5.15,395.219,0,rapid
7530,10,2024-03-09 00:26:03,97.45,22.38,21.3,377.777,34,fast
7531,23,2023-09-04 09:23:56,99.85,19.82,7.31,400.934,25,slow
7532,18,2024-01-28 07:54:41,94.82,91.04,-7.82,372.006,46,rapid
7533,47,2023-05-20 04:12:28,99.07,72.33,41.8,350.277,7,slow
7534,1,2023-09-13 21:54:01,98.97,64.09,6.48,371.871,31,fast
7535,3,2024-08-31 11:55:15,91.94,36.47,-9.89,360.636,76,fast
7536,32,2024-09-23 08:50:48,97.25,94.05,36.84,389.811,70,rapid
7537,32,2024-02-05 12:35:01,99.32,36.62,40.61,381.523,22,fast
7538,3,2024-03-24 14:40:12,98.22,67.55,-3.94,378.639,38,slow
7539,50,2024-11-30 17:00:54,95.44,66.47,30.14,392.145,49,slow
7540,15,2023-11-14 04:42:13,99.06,65.94,16.94,365.944,27,rapid
7541,47,2024-11-26 04:32:41,95.72,89.01,29.0,391.768,56,rapid
7542,3,2023-07-19 10:49:29,98.72,74.41,30.95,364.598,18,rapid
7543,26,2023-05-05 04:47:38,98.19,54.43,6.9,360.507,15,slow
7544,42,2023-07-27 22:35:28,98.14,49.67,17.38,340.831,26,fast
7545,21,2023-05-12 18:45:11,98.74,22.77,40.18,400.596,15,slow
7546,15,2023-06-10 19:29:40,99.84,77.27,29.86,386.921,19,fast
7547,23,2024-03-17 07:23:32,97.75,12.68,14.61,405.786,56,fast
7548,24,2023-04-18 17:58:54,98.94,10.48,6.91,388.216,7,rapid
7549,5,2024-08-27 05:27:23,96.63,46.26,6.87,384.549,42,slow
7550,47,2024-02-24 01:33:15,96.62,52.53,5.78,393.413,21,rapid
7551,43,2024-05-19 21:20:50,98.28,54.65,18.91,402.514,52,rapid
7552,29,2023-12-02 09:00:56,96.8,91.56,21.06,405.778,20,rapid
7553,28,2023-05-28 15:21:45,99.25,20.04,-1.38,384.667,15,rapid
7554,34,2023-07-02 06:07:56,98.38,78.85,5.12,372.543,18,fast
7555,27,2024-08-04 15:43:44,94.62,24.77,9.58,399.221,45,fast
7556,38,2023-06-19 23:03:49,99.27,62.57,28.78,359.824,10,slow
7557,17,2024-12-11 08:50:51,91.59,54.17,-1.96,351.967,67,slow
7558,20,2024-02-04 11:11:21,94.66,87.49,32.44,351.576,37,fast
7559,14,2024-01-11 23:16:13,96.27,77.62,32.66,363.851,47,fast
7560,12,2023-07-05 11:18:40,99.43,99.26,-9.48,399.812,11,fast
7561,17,2024-07-04 07:49:36,97.92,19.14,3.73,408.708,69,slow
7562,39,2024-02-18 08:02:48,96.82,37.16,44.82,389.845,26,rapid
7563,17,2023-06-25 19:33:28,99.66,19.8,42.6,365.501,10,rapid
7564,23,2024-07-18 05:46:58,97.32,16.36,42.41,384.192,68,slow
7565,12,2024-09-07 20:56:35,98.07,11.12,18.33,379.603,62,slow
7566,18,2023-01-11 10:43:22,100.72,20.23,20.49,373.122,0,fast
7567,26,2024-09-20 15:52:29,96.66,37.48,10.08,406.448,79,fast
7568,21,2023-08-05 02:13:43,98.69,15.04,16.93,354.267,19,rapid
7569,15,2023-07-13 09:05:59,100.57,61.56,29.5,372.863,9,fast
7570,48,2023-11-08 04:57:07,95.59,42.57,-7.15,356.09,40,fast
7571,43,2024-09-17 20:34:11,94.98,56.22,41.84,358.244,43,slow
7572,1,2024-01-08 01:27:42,95.6,24.59,18.46,385.685,22,fast
7573,1,2023-11-20 08:27:18,96.99,42.93,28.0,379.565,26,slow
7574,28,2023-02-27 09:08:49,100.25,59.67,14.06,360.122,3,slow
7575,32,2023-11-24 09:03:27,97.2,38.81,-9.45,347.147,21,rapid
7576,44,2023-09-18 04:16:17,98.72,15.57,41.15,365.022,25,slow
7577,18,2024-09-26 19:45:17,92.59,15.75,35.28,363.451,79,rapid
7578,21,2023-03-09 21:34:04,100.28,83.9,28.41,410.5,5,fast
7579,27,2024-08-17 19:31:41,97.83,95.76,-5.4,349.582,56,slow
7580,42,2023-07-15 18:45:02,97.13,99.87,36.64,404.507,11,fast
7581,46,2023-07-02 22:40:20,97.77,91.43,3.88,399.031,15,slow
7582,31,2024-08-07 22:35:36,95.18,91.7,5.76,360.461,38,slow
7583,19,2024-10-09 06:42:40,97.16,72.92,30.15,391.726,71,slow
7584,46,2023-07-21 19:19:48,97.88,47.86,27.8,394.768,16,fast
7585,44,2024-08-29 08:54:15,95.09,26.95,24.47,409.433,39,rapid
7586,46,2023-09-05 11:54:02,97.64,15.77,26.34,415.351,28,rapid
7587,12,2023-03-17 10:55:01,98.9,76.64,41.61,415.295,7,fast
7588,46,2023-05-28 12:06:49,98.81,45.6,10.37,340.283,16,rapid
7589,34,2023-01-26 22:04:58,99.35,45.52,8.17,372.593,2,slow
7590,36,2024-08-01 17:02:42,95.6,96.94,44.92,365.34,58,slow
7591,40,2023-01-02 09:36:34,98.71,34.91,18.84,347.395,0,rapid
7592,38,2024-10-28 07:03:46,96.38,79.15,39.61,367.48,56,fast
7593,16,2023-06-03 23:46:30,99.31,93.74,4.04,377.478,8,fast
7594,29,2023-11-22 22:37:13,97.63,51.57,44.64,399.147,35,fast
7595,47,2023-11-05 19:41:00,99.66,45.54,40.23,397.065,40,slow
7596,18,2024-02-29 15:59:14,95.0,25.74,17.73,345.933,37,fast
7597,23,2023-08-25 10:46:42,99.04,36.41,19.5,390.88,21,rapid
7598,1,2023-03-23 08:32:24,99.26,78.4,35.49,389.346,9,fast
7599,41,2024-11-07 07:53:01,95.28,63.54,36.53,356.487,55,slow
7600,27,2023-08-06 18:26:24,97.34,68.35,39.37,402.146,19,fast
7601,47,2024-10-23 14:38:48,95.76,59.31,29.65,406.626,52,slow
7602,41,2024-07-02 20:37:56,97.73,29.66,24.03,386.918,49,fast
7603,4,2024-03-21 18:10:41,95.71,96.64,44.66,364.665,55,rapid
7604,5,2024-10-27 18:22:12,96.49,71.43,35.0,359.023,56,rapid
7605,49,2024-06-12 11:44:22,97.2,27.05,11.26,342.723,61,slow
7606,7,2023-11-29 09:05:31,96.66,10.97,29.67,347.563,42,slow
7607,42,2024-11-05 14:57:17,95.63,48.57,44.32,398.6,57,slow
7608,17,2023-02-02 03:16:04,101.13,59.3,26.19,414.571,3,slow
7609,16,2023-03-16 00:06:29,98.27,53.44,-0.63,361.741,4,rapid
7610,29,2023-03-05 15:41:57,99.2,18.89,0.79,405.5,7,fast
7611,8,2024-08-25 08:51:09,97.04,57.0,22.02,416.454,35,rapid
7612,22,2024-10-27 22:36:12,97.96,76.3,36.98,380.146,87,slow
7613,13,2023-08-28 08:13:09,98.74,79.8,21.21,412.816,25,rapid
7614,6,2023-06-13 14:35:38,99.8,66.25,10.57,351.32,18,fast
7615,32,2023-12-04 06:00:35,96.3,89.44,-7.75,399.036,24,rapid
7616,7,2023-08-10 15:56:47,99.78,26.7,24.51,376.941,12,rapid
7617,45,2024-11-01 03:46:11,98.26,79.77,24.09,356.632,43,slow
7618,42,2023-09-26 20:51:11,98.42,37.08,22.53,378.26,30,rapid
7619,9,2023-11-13 11:36:56,99.75,92.03,8.53,416.969,30,rapid
7620,48,2023-03-16 09:06:13,100.47,56.42,-5.82,340.897,6,fast
7621,46,2024-10-06 19:09:58,97.74,79.71,6.4,367.812,60,rapid
7622,12,2024-06-12 21:29:25,93.76,82.24,33.61,359.019,45,fast
7623,45,2023-04-05 20:51:45,99.18,21.08,-5.06,372.843,6,fast
7624,11,2023-06-17 03:59:03,97.02,79.28,38.9,401.033,14,rapid
7625,3,2023-02-05 22:09:57,100.35,70.42,44.53,386.82,3,fast
7626,23,2024-12-07 15:10:58,97.52,19.61,42.59,416.181,81,slow
7627,14,2023-11-09 07:02:41,98.05,84.52,7.05,389.383,34,rapid
7628,36,2023-07-05 17:18:29,98.82,83.34,37.8,419.767,13,rapid
7629,31,2024-03-13 04:45:31,97.33,19.46,1.89,405.749,52,rapid
7630,23,2024-05-02 15:52:06,96.68,26.71,-8.21,373.92,40,slow
7631,25,2023-04-25 09:20:53,100.81,25.22,10.86,405.823,7,rapid
7632,26,2024-06-05 22:51:39,95.67,36.49,23.84,411.899,49,fast
7633,9,2023-08-26 11:09:40,98.13,64.72,9.87,340.892,12,slow
7634,14,2023-02-20 08:33:03,99.91,37.22,2.75,404.567,4,slow
7635,14,2023-12-23 14:10:28,97.44,37.2,22.15,348.504,28,rapid
7636,32,2023-09-08 06:58:51,99.63,33.55,42.32,407.774,17,fast
7637,41,2023-06-10 01:21:23,97.57,97.72,39.15,377.899,20,slow
7638,14,2023-01-05 13:29:24,99.43,42.88,8.93,413.388,0,slow
7639,25,2023-03-16 10:02:08,98.93,32.26,38.73,402.801,7,rapid
7640,48,2024-06-20 07:18:05,97.08,51.53,-7.74,408.037,61,slow
7641,7,2024-11-11 17:34:00,93.98,50.62,40.74,348.007,58,rapid
7642,28,2024-08-25 20:51:29,96.09,95.9,28.7,362.404,52,slow
7643,6,2023-08-09 06:53:27,97.82,10.5,-7.27,375.53,19,fast
7644,13,2023-02-28 04:22:35,100.44,67.83,43.38,392.828,3,fast
7645,49,2023-02-19 13:45:28,100.72,57.59,38.36,375.887,4,slow
7646,35,2023-05-23 21:37:06,97.91,61.08,33.35,367.212,14,fast
7647,22,2023-03-16 03:16:56,99.49,33.98,23.48,414.82,7,fast
7648,4,2024-07-16 14:16:34,95.14,63.15,5.46,418.527,41,rapid
7649,18,2024-10-20 17:25:26,95.93,10.61,0.93,402.437,69,fast
7650,26,2023-05-15 00:59:35,100.51,50.53,28.05,405.23,8,rapid
7651,29,2024-11-28 09:08:38,95.34,91.46,38.83,345.584,41,slow
7652,25,2024-01-26 03:11:56,97.06,60.22,35.14,357.186,48,slow
7653,8,2024-06-16 15:53:06,97.39,39.79,-1.41,341.667,57,rapid
7654,11,2024-08-10 16:34:24,97.11,94.2,2.61,394.941,43,slow
7655,21,2023-08-10 11:35:32,97.98,28.6,43.05,382.884,17,rapid
7656,13,2023-10-31 10:43:58,97.92,61.03,34.57,386.667,27,fast
7657,28,2024-01-03 11:38:08,98.43,61.04,28.63,400.802,33,slow
7658,10,2023-10-12 09:14:24,97.23,13.75,21.5,413.5,15,slow
7659,39,2023-03-24 14:26:10,100.41,81.55,16.17,412.11,6,slow
7660,36,2023-08-22 18:32:29,97.19,45.58,11.21,356.439,15,rapid
7661,33,2024-11-16 17:39:49,94.56,50.04,10.22,405.626,62,rapid
7662,35,2024-12-06 22:18:14,96.43,32.89,15.55,348.847,68,rapid
7663,48,2023-03-03 16:27:41,100.04,18.4,39.4,413.867,7,rapid
7664,44,2023-04-26 10:17:04,100.4,81.57,36.69,413.902,8,slow
7665,47,2023-01-04 04:44:14,100.82,90.63,32.16,373.233,0,slow
7666,28,2023-11-30 10:25:47,96.6,50.37,40.58,369.396,26,fast
7667,1,2023-07-22 10:56:37,96.91,42.81,8.68,367.588,17,fast
7668,45,2023-12-26 07:39:23,98.52,43.98,5.58,378.252,34,slow
7669,40,2023-04-09 11:51:38,100.34,17.26,6.47,411.339,8,slow
7670,21,2023-03-24 15:36:26,99.54,91.64,28.88,381.003,8,slow
7671,11,2023-07-29 17:55:52,99.77,58.11,22.7,416.297,22,slow
7672,29,2023-12-24 07:46:16,99.1,16.82,2.92,367.789,39,fast
7673,31,2024-01-24 21:54:05,95.22,42.41,2.1,355.901,34,rapid
7674,9,2023-06-22 14:15:39,97.64,69.9,22.59,343.528,15,rapid
7675,50,2024-07-10 00:16:47,94.58,51.67,7.25,392.636,58,slow
7676,43,2024-01-25 07:16:21,99.16,60.17,-0.15,357.259,31,fast
7677,17,2024-05-14 06:59:24,97.57,47.22,13.19,416.632,44,fast
7678,14,2023-05-27 09:01:13,99.87,68.82,8.83,370.472,9,slow
7679,5,2023-08-23 05:20:03,97.91,15.85,-0.15,404.871,18,slow
7680,13,2024-07-23 20:57:35,96.79,54.13,16.32,348.823,47,slow
7681,14,2024-06-13 20:12:13,97.05,64.01,29.91,377.313,47,rapid
7682,17,2024-06-26 13:16:01,97.2,28.42,11.25,374.243,33,fast
7683,46,2024-07-14 02:32:31,97.54,91.17,-7.97,413.015,43,fast
7684,47,2024-12-21 11:26:23,95.8,82.58,9.31,398.487,74,rapid
7685,32,2024-03-26 13:44:59,95.06,99.89,-8.01,410.702,46,rapid
7686,44,2023-03-08 18:18:12,99.45,38.18,40.42,390.502,5,slow
7687,2,2023-12-23 00:06:38,97.21,64.64,0.99,395.027,46,slow
7688,44,2023-04-16 13:48:00,98.17,46.08,40.52,375.034,9,rapid
7689,6,2023-09-27 08:43:05,97.08,43.89,36.53,377.533,24,slow
7690,49,2024-05-23 11:26:43,93.86,81.34,24.72,362.503,61,fast
7691,6,2024-12-14 01:56:28,98.24,58.59,-9.28,370.679,47,fast
7692,46,2023-08-11 07:27:12,97.99,99.89,31.45,393.346,22,slow
7693,22,2023-06-29 10:36:39,97.0,15.26,19.26,364.154,15,fast
7694,17,2023-08-20 18:21:12,98.87,45.96,23.77,406.489,28,slow
7695,3,2024-09-07 08:30:41,96.52,35.49,28.04,405.884,54,rapid
7696,46,2023-10-27 16:41:54,95.8,60.71,6.0,375.833,24,rapid
7697,6,2024-03-14 07:08:15,97.89,63.82,39.34,408.789,28,rapid
7698,29,2024-01-26 17:49:25,97.33,71.5,43.39,380.007,35,fast
7699,37,2023-12-12 23:32:44,97.69,87.84,34.29,393.75,30,fast
7700,40,2023-10-18 08:29:39,98.09,91.99,7.78,398.74,21,rapid
7701,8,2023-02-12 10:55:19,99.87,27.51,25.16,419.982,4,rapid
7702,17,2023-01-25 05:43:02,99.08,17.63,5.4,418.734,2,fast
7703,12,2023-04-22 05:49:14,101.57,12.43,42.28,395.528,13,rapid
7704,37,2023-11-22 19:32:01,94.98,83.69,40.07,364.032,30,fast
7705,21,2023-08-11 11:50:28,96.89,36.04,35.54,349.054,18,slow
7706,19,2023-05-03 13:47:20,96.94,93.48,-1.85,357.105,7,fast
7707,2,2024-02-01 01:41:26,99.15,46.0,27.48,417.315,47,slow
7708,38,2023-01-04 10:33:34,100.34,79.98,6.29,403.889,0,fast
7709,1,2023-03-21 19:35:07,100.23,97.44,28.11,357.103,10,rapid
7710,4,2024-07-17 23:49:38,98.29,99.07,37.63,406.233,60,fast
7711,16,2024-09-08 01:28:37,97.17,63.82,42.4,417.029,66,rapid
7712,25,2024-01-02 09:07:01,96.04,87.46,29.94,382.287,20,slow
7713,2,2023-08-13 20:48:49,99.36,90.88,22.24,372.988,25,fast
7714,13,2023-10-01 20:41:12,97.03,85.27,30.26,346.696,30,slow
7715,7,2024-04-10 17:57:36,97.28,92.06,1.78,412.004,25,rapid
7716,36,2024-03-26 11:31:43,99.33,93.41,-5.6,377.347,44,fast
7717,16,2023-11-16 17:12:46,98.08,49.94,2.59,376.592,19,slow
7718,12,2023-09-24 04:38:21,96.91,66.64,-2.79,393.321,16,fast
7719,24,2023-04-20 16:48:48,98.9,46.23,37.51,348.217,11,slow
7720,10,2023-07-18 13:31:52,99.56,77.74,24.68,386.231,20,rapid
7721,21,2023-12-02 19:10:18,97.03,73.91,28.85,350.467,21,slow
7722,31,2023-02-25 07:59:27,99.02,79.07,-1.87,370.394,5,slow
7723,35,2023-08-08 05:32:48,97.13,85.99,9.42,344.901,18,slow
7724,38,2023-04-11 22:17:12,100.47,23.95,-0.5,417.778,6,fast
7725,34,2023-08-03 09:36:27,98.7,16.0,37.31,346.393,15,slow
7726,33,2024-04-30 12:34:05,97.64,68.29,19.64,414.666,40,slow
7727,36,2024-01-31 02:37:00,97.56,71.48,7.34,351.516,51,fast
7728,33,2023-01-04 19:38:32,99.31,91.19,-6.97,356.481,0,rapid
7729,31,2024-08-07 22:36:15,97.57,58.91,8.32,354.414,65,fast
7730,30,2023-10-05 17:01:13,100.41,83.87,27.69,389.219,20,slow
7731,32,2023-11-10 11:02:41,98.24,67.38,6.02,369.33,27,slow
7732,4,2023-04-28 16:41:13,98.98,26.77,-5.34,363.743,8,fast
7733,6,2023-06-24 21:11:04,97.39,50.73,-6.56,406.468,18,slow
7734,12,2024-12-13 18:56:35,95.12,43.17,12.32,418.133,64,slow
7735,42,2023-09-12 13:54:21,98.01,44.15,3.28,410.876,17,fast
7736,26,2024-12-05 23:46:50,96.08,17.17,-3.03,350.034,53,slow
7737,5,2024-04-13 22:10:57,97.03,19.31,-2.68,379.833,61,slow
7738,49,2024-07-10 22:17:03,93.88,17.76,37.17,366.911,53,fast
7739,24,2023-12-16 00:12:43,97.04,45.89,37.06,409.173,45,slow
7740,29,2024-04-10 07:08:52,97.83,25.55,41.4,405.836,24,slow
7741,10,2024-07-10 03:10:52,97.35,81.41,-9.69,395.547,72,slow
7742,19,2024-05-05 20:37:11,96.27,44.08,-7.69,341.802,52,rapid
7743,22,2023-03-18 20:24:14,99.57,17.82,-7.88,406.852,8,slow
7744,21,2023-09-07 20:42:29,98.43,27.07,10.76,368.332,28,rapid
7745,3,2024-02-07 22:51:37,96.54,28.66,43.4,395.011,40,fast
7746,18,2024-09-03 08:55:57,95.18,66.05,24.67,347.395,30,rapid
7747,47,2024-05-16 05:50:12,94.04,99.97,38.28,378.879,27,fast
7748,19,2024-02-04 21:45:14,97.59,16.41,21.93,387.444,23,fast
7749,17,2023-02-16 02:07:43,98.84,13.6,42.23,400.639,4,slow
7750,34,2023-10-10 02:13:12,97.57,56.74,22.22,361.235,37,slow
7751,45,2024-06-12 04:02:15,94.45,79.4,-4.3,386.752,65,slow
7752,13,2023-04-11 18:29:43,99.41,83.36,-3.26,389.974,9,fast
7753,35,2024-03-08 09:58:28,95.38,61.49,9.96,413.912,46,slow
7754,24,2024-03-28 07:16:21,97.33,62.18,27.64,406.133,57,slow
7755,28,2024-11-19 01:45:26,94.51,68.44,8.41,374.459,81,rapid
7756,35,2023-11-06 12:37:06,99.48,77.45,25.01,391.71,22,fast
7757,18,2024-08-09 20:18:22,97.06,32.43,15.19,407.25,75,slow
7758,6,2024-01-22 10:10:06,97.39,37.52,4.47,405.277,44,fast
7759,35,2024-11-24 03:40:56,94.53,50.26,33.66,387.612,81,slow
7760,7,2024-07-21 02:14:01,96.24,23.76,32.06,384.621,43,slow
7761,1,2024-05-15 21:20:41,97.6,24.32,13.19,364.154,32,slow
7762,12,2023-04-03 23:27:46,101.02,48.08,28.73,342.111,5,rapid
7763,13,2024-03-27 07:20:46,97.48,93.98,25.65,410.803,48,rapid
7764,43,2024-12-26 21:17:03,96.02,51.38,-8.87,409.625,65,slow
7765,22,2024-03-24 05:44:40,96.6,19.73,23.01,370.855,25,rapid
7766,19,2023-05-08 09:19:33,99.9,64.29,25.76,372.957,11,fast
7767,47,2024-06-11 01:48:25,97.93,28.27,44.46,387.65,56,slow
7768,16,2024-09-09 06:35:17,94.53,80.63,26.69,363.937,50,rapid
7769,47,2023-05-30 09:13:47,98.91,87.44,20.39,353.033,18,rapid
7770,8,2023-09-04 20:10:00,95.01,72.12,14.03,368.299,32,slow
7771,8,2024-07-11 21:58:37,95.86,22.94,6.77,416.874,46,fast
7772,19,2024-04-15 22:39:49,96.18,57.75,37.6,387.48,50,fast
7773,11,2023-05-11 06:10:09,98.45,57.28,43.52,416.629,7,slow
7774,18,2024-12-17 11:02:17,92.59,40.07,12.93,362.125,79,fast
7775,43,2023-12-23 02:25:01,95.36,85.65,-9.02,393.161,19,fast
7776,35,2024-04-30 03:16:24,97.15,23.77,8.46,357.056,37,rapid
7777,39,2024-02-09 10:32:04,97.56,24.7,4.2,375.253,38,fast
7778,26,2023-02-19 21:12:21,99.08,12.76,37.13,377.464,3,rapid
7779,23,2023-01-08 05:29:02,100.84,92.64,22.25,368.765,0,rapid
7780,23,2023-11-11 22:06:09,97.54,15.77,21.3,408.803,38,fast
7781,12,2023-03-25 09:29:54,98.0,86.17,44.4,388.505,10,slow
7782,50,2023-05-01 22:15:38,100.26,72.3,26.46,410.179,12,fast
7783,18,2023-06-25 07:45:45,99.72,13.46,1.05,356.207,11,fast
7784,22,2024-05-17 21:43:25,93.75,59.89,16.08,380.492,30,fast
7785,1,2024-08-25 17:09:55,96.39,86.96,-0.84,387.992,79,slow
7786,32,2023-12-14 00:39:31,97.89,92.76,-2.35,382.693,35,rapid
7787,10,2024-01-24 04:51:00,99.12,22.73,41.32,397.591,30,rapid
7788,34,2023-12-04 17:04:47,97.9,39.91,36.49,355.399,32,slow
7789,41,2023-07-03 01:45:08,98.88,31.48,23.44,343.587,11,slow
7790,47,2024-11-17 13:15:04,96.36,30.11,15.35,387.489,47,rapid
7791,35,2024-08-16 16:01:51,94.52,33.36,15.45,366.909,54,rapid
7792,18,2024-08-25 06:57:55,96.1,95.68,-2.3,405.976,58,rapid
7793,43,2024-12-01 04:55:27,93.09,91.59,42.34,413.843,77,rapid
7794,17,2023-02-10 00:57:24,100.01,76.68,11.58,407.304,3,fast
7795,3,2023-06-26 06:50:03,98.45,60.03,29.83,414.989,23,fast
7796,7,2023-05-16 10:16:14,100.38,51.15,21.53,413.207,7,rapid
7797,4,2023-12-29 12:36:26,97.69,42.69,29.72,344.528,45,fast
7798,3,2024-01-02 14:57:12,95.47,60.82,42.38,389.23,19,rapid
7799,6,2023-05-05 22:48:21,98.51,12.26,37.19,403.264,12,slow
7800,36,2024-05-18 16:31:39,96.05,89.44,42.3,373.466,39,slow
7801,15,2024-04-30 04:48:53,95.67,89.6,37.33,356.46,61,slow
7802,43,2023-04-02 21:33:59,99.18,68.77,0.65,368.257,9,rapid
7803,10,2024-10-05 20:23:36,95.75,59.32,13.24,340.356,55,rapid
7804,46,2023-06-17 14:04:34,99.72,18.36,16.49,347.368,21,slow
7805,26,2024-04-14 23:13:11,97.77,20.82,-2.13,367.05,41,fast
7806,37,2023-09-13 20:08:58,100.21,23.91,31.72,414.939,18,rapid
7807,13,2024-09-10 18:45:21,96.46,16.0,1.13,344.49,49,fast
7808,28,2023-02-06 07:05:21,100.32,62.4,-5.32,371.657,2,rapid
7809,40,2023-08-23 13:05:33,100.06,22.54,-4.42,366.612,22,fast
7810,18,2023-12-24 02:55:28,96.42,83.63,13.57,346.758,30,slow
7811,17,2024-01-05 08:50:43,96.39,91.16,36.65,370.549,35,fast
7812,19,2024-08-06 19:22:56,94.28,45.93,8.53,416.475,67,fast
7813,16,2023-02-05 06:09:55,100.4,96.12,15.55,369.967,4,rapid
7814,42,2024-10-16 20:19:01,98.0,83.77,21.06,393.668,56,rapid
7815,28,2024-02-13 02:39:35,97.05,53.74,22.39,398.434,49,fast
7816,38,2024-10-19 16:58:29,94.17,81.37,26.64,392.011,87,fast
7817,17,2023-02-02 05:44:14,100.33,83.75,33.31,407.747,3,rapid
7818,4,2024-09-24 13:51:13,93.16,29.93,24.75,357.402,39,fast
7819,21,2023-12-07 18:05:08,99.56,85.94,1.54,347.474,28,fast
7820,31,2023-05-26 23:09:26,99.35,45.34,40.62,355.315,12,rapid
7821,27,2024-07-10 17:10:59,95.81,19.51,40.29,397.321,71,rapid
7822,13,2023-05-24 20:31:59,100.46,68.76,2.76,401.794,9,rapid
7823,27,2024-01-15 11:05:47,96.09,53.21,12.11,379.793,25,slow
7824,11,2024-10-20 20:32:24,95.6,67.15,-9.64,366.984,73,rapid
7825,8,2024-03-07 13:06:32,96.11,39.01,15.93,362.57,31,fast
7826,45,2024-04-14 03:15:11,98.44,76.86,-7.91,373.315,30,slow
7827,2,2024-04-19 18:03:50,96.23,15.39,38.91,363.173,60,slow
7828,1,2023-08-28 01:05:50,95.84,57.89,37.28,391.427,12,rapid
7829,15,2023-12-04 20:50:32,98.99,21.28,-0.95,409.588,18,rapid
7830,12,2023-11-10 16:12:56,97.46,49.34,9.3,400.973,21,rapid
7831,22,2023-02-17 12:00:07,100.16,12.62,-5.0,369.572,3,fast
7832,28,2023-01-06 11:07:27,100.8,58.48,21.24,382.928,0,fast
7833,33,2024-09-29 08:13:08,95.71,30.16,13.98,392.346,78,rapid
7834,6,2024-10-18 02:23:07,96.13,11.46,16.02,414.98,52,fast
7835,16,2024-02-22 12:45:48,96.51,92.41,-5.09,362.752,26,fast
7836,5,2024-09-25 15:35:49,95.98,70.02,-3.63,397.718,79,slow
7837,41,2023-09-09 05:50:11,97.89,13.79,39.42,398.436,17,rapid
7838,8,2024-08-31 22:12:18,94.3,48.07,21.04,367.476,58,slow
7839,46,2024-01-01 10:01:03,94.8,38.23,13.29,380.653,37,rapid
7840,12,2023-06-13 18:36:00,98.15,84.06,37.97,358.014,20,fast
7841,39,2023-04-21 04:49:38,99.55,82.91,22.18,389.954,10,rapid
7842,3,2024-11-16 21:41:17,97.24,34.33,27.09,402.061,81,fast
7843,10,2024-02-08 10:03:27,99.13,62.75,12.21,397.447,28,rapid
7844,33,2024-10-23 18:34:06,95.08,67.49,14.33,365.469,59,rapid
7845,13,2023-12-18 10:46:20,96.53,84.35,43.36,391.846,28,rapid
7846,7,2023-08-09 05:00:20,97.22,38.22,40.49,364.659,16,fast
7847,23,2024-06-09 18:28:34,95.28,91.33,42.01,404.22,68,slow
7848,13,2024-10-23 07:18:09,93.56,90.42,12.06,390.795,59,rapid
7849,10,2023-07-20 05:56:39,99.23,56.05,8.84,356.788,13,fast
7850,4,2023-09-15 12:40:39,97.07,69.76,0.56,398.166,16,rapid
7851,7,2024-12-01 16:09:38,97.37,76.84,13.37,376.457,80,fast
7852,19,2024-01-14 03:06:44,96.51,61.44,10.45,419.656,47,rapid
7853,38,2023-10-05 10:26:35,95.68,83.6,-1.52,400.659,33,slow
7854,19,2024-04-22 07:07:05,98.38,51.18,10.67,370.661,47,slow
7855,12,2023-05-31 09:24:00,99.56,56.58,27.06,416.74,10,fast
7856,2,2023-08-31 12:50:24,99.18,57.13,27.61,368.56,27,rapid
7857,43,2024-03-05 11:08:07,99.34,20.91,24.02,398.423,51,fast
7858,37,2023-06-01 23:30:04,99.12,84.48,43.57,372.117,14,fast
7859,25,2024-02-24 04:27:59,95.87,76.69,27.95,358.97,33,fast
7860,42,2023-11-27 17:29:49,97.03,76.53,-0.69,350.776,43,rapid
7861,30,2024-02-19 17:38:10,97.14,16.28,41.04,404.305,30,fast
7862,9,2023-01-03 03:12:21,100.23,81.82,23.91,412.233,0,rapid
7863,39,2023-12-19 20:28:17,95.6,91.76,38.9,405.689,24,slow
7864,3,2024-11-13 21:03:40,93.56,11.25,27.0,343.366,82,slow
7865,47,2023-05-24 17:35:11,98.07,60.29,1.5,409.615,16,rapid
7866,50,2024-10-22 06:23:56,94.98,37.76,10.93,374.296,50,rapid
7867,12,2024-05-06 20:24:01,96.36,37.24,10.99,408.279,58,fast
7868,15,2024-05-18 10:22:35,97.23,65.28,0.37,417.693,53,slow
7869,20,2023-12-13 00:42:25,97.47,98.24,-5.09,353.529,26,fast
7870,25,2023-05-21 07:10:11,100.57,38.36,-1.59,419.342,15,slow
7871,6,2023-11-13 17:29:29,95.93,37.39,14.72,376.223,35,rapid
7872,42,2023-07-11 00:16:09,98.7,17.65,1.49,403.486,14,fast
7873,4,2023-06-26 09:03:25,98.92,27.96,6.32,344.147,11,fast
7874,22,2024-04-10 04:08:36,98.59,46.55,36.56,384.526,59,fast
7875,9,2023-04-08 20:29:18,100.52,76.7,2.32,372.872,9,slow
7876,11,2024-01-31 18:09:40,97.99,94.69,11.33,400.332,24,rapid
7877,34,2024-09-20 22:17:40,98.32,68.81,21.59,397.892,69,rapid
7878,48,2024-11-13 12:06:07,95.53,24.37,7.69,376.437,85,fast
7879,20,2023-09-18 11:18:24,98.89,30.38,3.78,344.837,17,rapid
7880,28,2023-12-26 01:27:48,97.94,85.67,36.84,387.978,43,rapid
7881,27,2023-04-02 05:40:59,97.8,35.54,5.91,410.012,6,rapid
7882,48,2023-11-20 20:08:23,97.76,93.76,13.45,376.568,26,slow
7883,47,2023-07-25 16:08:23,97.27,63.4,11.44,386.422,18,rapid
7884,15,2024-10-11 19:20:52,98.86,29.14,39.68,394.722,69,slow
7885,22,2024-07-11 08:37:20,93.92,61.12,23.31,358.011,68,rapid
7886,34,2024-08-31 17:30:27,93.94,89.77,31.47,384.875,68,fast
7887,42,2024-02-29 15:38:07,99.28,98.9,18.56,398.463,50,slow
7888,34,2024-01-17 16:42:08,97.04,71.71,-8.82,374.385,29,slow
7889,46,2023-04-28 06:34:57,99.29,23.83,17.25,349.845,8,rapid
7890,23,2024-12-14 04:15:14,93.49,52.31,-4.01,383.347,80,slow
7891,24,2024-05-30 13:14:27,96.46,91.33,-4.6,355.756,56,slow
7892,23,2023-02-09 03:59:31,100.05,28.69,16.06,391.256,3,rapid
7893,17,2024-11-21 14:11:16,96.26,96.05,34.23,377.868,48,rapid
7894,39,2023-11-18 16:08:53,97.0,10.74,0.71,350.064,26,slow
7895,5,2024-09-20 01:21:32,93.69,82.16,15.66,349.07,38,slow
7896,36,2023-02-08 14:48:13,101.11,35.58,5.39,410.838,3,slow
7897,49,2024-12-29 03:22:06,92.76,65.89,18.31,387.146,57,fast
7898,22,2024-01-15 13:22:21,96.2,57.67,33.7,363.658,35,rapid
7899,10,2023-12-14 02:55:23,99.07,33.25,18.87,391.075,23,slow
7900,13,2023-11-09 15:02:36,98.89,34.06,32.4,417.745,41,slow
7901,2,2024-10-01 13:03:18,98.53,28.5,16.09,391.98,67,rapid
7902,6,2024-05-02 18:57:01,96.97,37.89,0.51,356.691,64,rapid
7903,9,2023-02-17 11:15:14,99.66,30.18,21.49,369.921,3,slow
7904,1,2023-07-03 00:13:26,99.09,80.11,31.05,397.514,14,fast
7905,45,2024-07-14 04:20:43,93.95,40.34,-6.89,403.817,58,rapid
7906,41,2023-06-19 14:01:51,98.06,14.64,-0.41,407.003,16,slow
7907,43,2023-12-09 07:13:43,99.31,49.02,10.53,342.873,25,fast
7908,47,2024-10-25 04:13:38,94.03,45.4,0.18,411.678,33,rapid
7909,13,2023-11-07 13:42:36,96.88,74.5,3.5,381.303,39,slow
7910,39,2024-03-29 21:20:25,96.21,63.38,29.64,408.896,29,slow
7911,9,2024-02-10 07:41:45,95.95,71.61,5.08,340.554,44,fast
7912,27,2023-04-19 09:42:59,98.66,79.71,14.33,391.722,7,slow
7913,35,2023-03-14 11:46:24,100.42,41.82,15.76,415.053,6,rapid
7914,16,2024-06-11 12:12:39,100.21,39.42,28.82,399.362,27,slow
7915,8,2024-06-16 22:37:48,96.53,25.32,-8.2,409.368,54,rapid
7916,3,2023-12-26 13:27:36,97.71,77.71,40.07,383.635,18,rapid
7917,47,2023-01-10 21:11:22,100.87,22.77,37.84,385.179,0,slow
7918,47,2024-02-16 08:42:22,96.24,99.36,6.76,385.84,26,fast
7919,13,2024-08-17 00:14:33,96.82,60.7,31.14,415.945,47,rapid
7920,23,2024-03-19 05:47:10,96.04,25.84,35.79,403.719,25,rapid
7921,32,2023-04-15 18:19:46,99.78,12.79,33.76,383.811,10,fast
7922,30,2023-05-28 19:20:49,99.81,31.52,25.17,376.49,14,fast
7923,15,2023-04-14 18:38:12,99.53,63.04,12.12,370.471,11,slow
7924,27,2023-03-06 13:19:15,100.58,46.6,35.18,396.858,4,slow
7925,41,2023-06-05 20:13:43,98.99,51.25,6.45,350.715,20,slow
7926,38,2024-07-09 03:50:19,97.28,11.53,0.89,346.507,59,slow
7927,6,2023-04-24 00:43:55,98.8,93.07,-8.05,377.872,12,slow
7928,9,2023-09-10 16:00:34,98.68,87.08,13.62,392.148,18,rapid
7929,31,2024-11-26 11:45:21,94.16,74.13,33.57,416.018,80,rapid
7930,3,2023-10-22 20:03:33,97.12,78.73,27.18,401.876,24,fast
7931,35,2023-01-08 05:17:16,100.61,72.37,37.85,400.628,0,fast
7932,41,2024-04-01 05:37:12,96.56,98.8,23.13,378.672,36,slow
7933,44,2024-10-14 04:48:40,96.27,16.2,40.83,374.93,66,fast
7934,31,2023-04-23 04:07:19,100.01,10.07,27.06,376.635,11,fast
7935,35,2024-09-11 14:06:16,96.47,59.17,-9.19,374.516,51,slow
7936,36,2024-09-06 06:21:25,97.62,44.16,-3.28,354.714,66,slow
7937,37,2024-06-25 00:21:13,97.34,66.97,7.6,416.854,58,fast
7938,50,2024-03-22 09:01:04,96.85,16.61,23.97,389.167,57,slow
7939,15,2024-10-11 00:32:50,95.06,63.5,19.91,408.175,52,slow
7940,7,2023-09-20 11:35:06,98.1,43.48,38.2,410.203,19,rapid
7941,12,2023-04-27 21:21:09,98.75,38.24,33.72,390.003,6,slow
7942,39,2024-09-09 03:08:55,97.04,50.41,15.14,412.12,59,fast
7943,13,2023-09-17 21:56:05,97.68,20.07,-9.46,377.503,13,slow
7944,45,2024-11-19 08:25:39,95.75,37.04,-1.33,401.062,40,rapid
7945,8,2024-06-08 03:09:02,93.92,10.84,-9.83,369.183,53,fast
7946,4,2024-09-15 20:12:28,93.56,77.3,18.02,370.53,79,slow
7947,50,2024-01-08 03:32:42,100.18,79.69,18.36,351.033,38,rapid
7948,16,2024-08-12 02:54:26,97.43,47.82,-0.54,341.951,32,slow
7949,5,2024-12-21 01:30:14,93.8,51.96,0.05,357.26,72,fast
7950,32,2023-10-08 02:28:46,97.0,44.32,2.12,376.359,19,fast
7951,13,2024-08-29 13:32:22,96.9,32.85,15.57,401.033,44,slow
7952,34,2024-04-10 08:05:48,99.1,66.11,24.0,340.689,44,fast
7953,27,2024-08-02 15:44:46,96.32,44.34,-3.77,406.823,46,slow
7954,21,2024-12-26 18:17:14,98.52,98.7,7.79,398.408,46,slow
7955,30,2023-11-04 20:04:00,99.41,66.19,22.55,372.622,21,fast
7956,22,2024-08-04 06:51:05,95.36,80.91,27.16,371.051,48,slow
7957,13,2023-08-24 23:51:14,100.46,99.37,15.31,377.684,28,rapid
7958,45,2024-01-09 18:28:20,97.45,52.94,18.86,349.606,36,slow
7959,20,2024-09-05 02:00:42,97.58,47.79,1.65,352.272,56,rapid
7960,21,2023-03-29 05:38:58,98.15,17.82,26.11,361.162,5,slow
7961,4,2024-04-14 18:25:49,94.23,70.48,19.63,403.682,40,rapid
7962,1,2024-04-19 00:03:35,95.52,43.16,41.48,394.771,54,slow
7963,7,2024-11-09 19:27:55,96.98,15.6,18.96,378.406,67,rapid
7964,13,2024-04-11 09:33:31,97.01,86.97,12.25,378.813,54,rapid
7965,1,2024-04-28 19:26:07,95.81,32.03,9.86,353.249,28,rapid
7966,40,2023-06-24 16:22:29,97.44,15.62,33.89,357.368,11,rapid
7967,5,2023-08-19 19:51:32,100.52,95.84,-7.72,341.791,27,fast
7968,10,2023-03-11 00:28:52,99.1,99.43,25.22,400.525,3,rapid
7969,28,2024-09-07 21:37:58,94.38,68.75,23.89,370.274,60,slow
7970,41,2024-09-29 14:47:18,96.97,46.95,-4.11,342.778,75,rapid
7971,41,2023-11-10 14:39:23,96.71,48.57,44.74,395.903,20,slow
7972,8,2023-03-18 16:21:27,98.37,41.74,24.28,390.366,4,fast
7973,50,2023-09-26 17:14:12,96.71,90.9,5.94,383.873,28,rapid
7974,11,2024-04-20 09:49:38,97.51,50.82,0.68,340.741,39,rapid
7975,15,2024-04-13 14:30:35,96.2,68.31,-4.42,385.233,60,fast
7976,12,2023-12-06 15:44:54,94.0,90.79,25.65,418.709,37,fast
7977,5,2023-11-16 23:51:30,98.12,44.01,13.84,368.508,40,slow
7978,25,2023-10-14 10:32:05,99.0,35.36,44.12,403.982,26,slow
7979,33,2024-05-12 15:38:16,98.19,67.09,27.8,348.12,28,rapid
7980,50,2024-06-11 21:42:39,96.03,75.27,-7.38,411.874,68,rapid
7981,44,2023-03-23 05:20:20,97.41,42.87,-0.68,367.224,10,rapid
7982,47,2024-09-04 03:26:25,94.64,18.66,1.41,367.552,66,slow
7983,48,2023-07-24 16:42:08,98.2,99.19,40.64,374.205,21,rapid
7984,17,2024-07-03 02:05:39,98.15,13.46,32.05,403.503,62,rapid
7985,35,2023-10-23 09:24:29,98.5,30.73,20.79,392.201,17,rapid
7986,5,2024-06-12 05:13:26,97.13,57.65,-2.12,356.441,45,rapid
7987,46,2024-11-10 15:02:06,96.09,13.14,37.3,372.984,43,fast
7988,6,2024-06-19 23:05:52,99.06,10.95,39.9,391.873,40,rapid
7989,9,2024-08-30 11:04:24,93.07,73.45,37.46,349.507,52,fast
7990,18,2023-10-15 05:00:11,98.16,20.64,29.07,417.623,37,slow
7991,29,2023-06-16 19:16:35,96.47,79.32,25.49,346.78,15,slow
7992,43,2023-05-26 07:27:23,100.46,22.87,43.91,357.908,8,fast
7993,37,2023-09-23 03:36:38,97.37,64.29,29.06,385.064,27,slow
7994,38,2023-02-13 12:53:20,100.21,24.55,5.21,399.024,3,rapid
7995,49,2024-05-31 23:40:55,96.14,59.45,31.18,396.889,60,fast
7996,42,2023-05-16 01:17:34,97.79,25.81,22.4,415.516,10,fast
7997,30,2023-07-16 11:20:02,97.98,88.01,32.0,363.282,13,slow
7998,8,2024-06-06 14:09:07,95.47,23.06,15.14,381.778,33,fast
7999,22,2023-07-13 03:35:13,97.79,84.32,6.45,349.614,21,slow
8000,46,2023-12-22 11:56:59,98.23,29.82,14.96,360.761,27,slow
