session_id,vehicle_id,driver_id,start_time,end_time,energy_added_kwh,start_soc,end_soc,charger_type,location,cost_usd
1,8,19,2023-07-03 18:13:54,2023-07-03 21:24:24,22.86,15.33,57.43,Level2,West Bianca,4.99
2,40,31,2024-05-10 17:32:03,2024-05-10 18:36:52,54.014,31.78,93.09,DCFC,South Douglasstad,11.01
3,19,13,2023-03-23 18:10:20,2023-03-23 19:25:47,62.883,20.67,89.32,DCFC,Lake Chelseytown,7.4
4,24,22,2024-04-10 19:18:42,2024-04-11 13:30:38,34.578,18.59,55.18,Level1,Lake Amber,11.96
5,34,15,2024-11-26 15:49:07,2024-11-26 17:57:44,15.435,27.43,56.28,Level2,Hallberg,1.91
6,40,21,2024-05-11 11:26:19,2024-05-11 12:25:56,49.688,33.61,90.01,DCFC,Vasquezfort,7.1
7,14,25,2023-05-24 00:18:42,2023-05-24 00:36:11,14.57,32.15,62.76,DCFC,Donnamouth,2.63
8,21,14,2023-11-20 10:28:18,2023-11-20 11:04:43,30.36,22.06,62.54,DCFC,Morrisside,4.22
9,38,37,2024-12-19 08:55:21,2024-12-19 09:50:09,45.67,20.78,95.04,DCFC,West Zachary,13.99
10,22,31,2024-05-04 19:15:46,2024-05-06 01:26:09,57.329,36.37,96.59,Level1,Foxbury,18.79
11,17,29,2024-12-03 03:26:34,2024-12-03 05:18:33,13.438,26.34,54.63,Level2,Robinsonton,2.68
12,14,35,2023-06-06 20:16:53,2023-06-06 22:41:23,17.341,17.92,54.35,Level2,Kochtown,5.24
13,28,6,2023-08-30 05:27:29,2023-08-30 15:37:54,19.33,21.32,54.59,Level1,East Gregoryville,2.99
14,24,2,2024-02-12 09:42:06,2024-02-12 17:38:27,57.163,38.42,98.91,Level2,Burketown,9.73
15,44,17,2024-10-08 11:52:18,2024-10-08 19:34:38,55.481,38.01,100,Level2,Melissaton,7.27
16,18,39,2024-04-22 07:18:38,2024-04-23 00:49:10,33.267,43.57,83.08,Level1,South Juliemouth,5.95
17,40,35,2023-12-16 05:40:50,2023-12-17 16:04:02,65.335,14.58,88.74,Level1,North Sandra,16.67
18,46,24,2023-05-21 09:11:44,2023-05-22 04:53:40,37.428,13.22,71.61,Level1,South Summer,9.26
19,7,32,2024-05-18 06:38:14,2024-05-18 11:21:02,33.937,55.08,99.5,Level2,North Vincentstad,10.6
20,19,39,2024-07-11 15:39:15,2024-07-11 16:49:25,58.477,29.72,93.56,DCFC,Martinshire,16.65
21,34,33,2024-08-30 10:40:11,2024-08-30 11:14:47,28.837,46.1,100,DCFC,Phillipshire,3.42
22,20,32,2024-02-23 11:00:57,2024-02-23 12:49:55,13.077,26.04,49.56,Level2,Port Carrieberg,3.94
23,47,17,2024-03-23 04:15:22,2024-03-23 21:35:34,32.94,48.45,100,Level1,Lake Jessehaven,11.51
24,47,11,2023-08-02 22:48:54,2023-08-03 03:57:58,37.088,41.96,100,Level2,Fergusonfurt,9.43
25,3,9,2023-10-16 06:27:14,2023-10-16 07:21:14,45.009,49.99,100,DCFC,Buckleyland,13.25
26,49,12,2023-02-18 14:38:44,2023-02-18 17:51:50,23.173,59.55,86.59,Level2,Port Oliviabury,7.07
27,21,19,2023-03-10 20:04:33,2023-03-11 20:38:52,46.687,32.57,94.82,Level1,West Jennifer,8.89
28,37,34,2024-07-28 18:02:41,2024-07-28 18:40:15,31.311,40.3,74.67,DCFC,New Dana,10.93
29,31,3,2023-08-12 00:42:54,2023-08-12 11:23:55,20.299,53.28,75.96,Level1,New Scottside,2.89
30,16,24,2023-11-18 07:20:00,2023-11-18 07:43:05,19.246,46.1,78.23,DCFC,Heatherbury,2.15
31,15,29,2023-04-02 12:35:46,2023-04-02 19:50:31,52.17,34.95,100,Level2,North Jesseside,11.46
32,5,17,2023-12-24 07:31:05,2023-12-24 13:31:19,43.229,37.51,94.54,Level2,Olsonmouth,4.45
33,45,4,2023-10-04 15:17:30,2023-10-05 17:17:41,49.406,38.01,100,Level1,East Laurentown,12.74
34,31,4,2023-12-13 11:46:23,2023-12-13 17:00:31,37.697,57.88,100,Level2,New Stacy,10.15
35,9,2,2023-01-13 06:40:03,2023-01-13 07:18:07,31.731,52.57,100,DCFC,North Randall,4.41
36,41,14,2023-07-10 13:41:41,2023-07-10 16:44:14,21.906,55.27,99.17,Level2,Johnsonville,7.2
37,34,18,2023-12-05 22:28:09,2023-12-06 02:22:29,28.12,47.44,100,Level2,West Peter,5.49
38,43,16,2023-03-21 12:18:40,2023-03-21 18:29:15,44.471,44.55,100,Level2,West Angelaberg,5.59
39,15,21,2024-08-20 21:14:39,2024-08-20 22:05:04,42.017,46.72,99.11,DCFC,West Antonioport,5.4
40,29,15,2023-01-21 12:54:55,2023-01-21 21:04:21,15.499,30.72,62.35,Level1,West Michael,5.35
41,7,22,2024-02-07 04:13:31,2024-02-08 00:47:05,39.063,48.87,100,Level1,West Michael,11.98
42,38,28,2024-01-03 08:34:48,2024-01-04 03:59:52,36.894,34.03,94.02,Level1,West Andrewstad,8.27
43,4,2,2023-05-16 16:13:44,2023-05-16 17:02:42,40.806,15.88,85.16,DCFC,New Austin,4.36
44,49,22,2023-01-24 11:08:19,2023-01-24 12:10:50,52.106,39.2,100,DCFC,West Brandyton,17.65
45,11,25,2023-05-07 22:09:52,2023-05-07 22:46:45,30.741,31.4,96.53,DCFC,Stephanieton,6.27
46,36,3,2024-11-29 12:18:57,2024-11-29 15:57:24,26.215,17.25,58.73,Level2,Thompsonmouth,3.94
47,35,24,2023-12-04 13:20:03,2023-12-05 08:54:28,37.19,33.59,100,Level1,Susanside,4.38
48,25,21,2024-10-03 20:40:13,2024-10-04 13:14:40,31.491,23.59,57.27,Level1,East Michael,5.06
49,12,7,2024-05-09 01:04:05,2024-05-09 07:12:39,44.228,13.34,92.46,Level2,East Donnaport,11.51
50,42,17,2024-09-07 06:45:18,2024-09-07 07:31:07,38.188,33.13,83.98,DCFC,Lorishire,6.01
51,15,7,2023-03-24 02:56:22,2023-03-25 06:52:11,53.068,13.93,80.1,Level1,West Elizabethberg,7.53
52,17,32,2024-05-28 08:30:43,2024-05-28 14:21:52,11.12,25.72,49.13,Level1,South Gregory,2.79
53,34,21,2024-07-18 22:47:05,2024-07-18 23:01:26,11.963,29.69,52.05,DCFC,Scottville,3.4
54,6,24,2023-07-15 08:22:38,2023-07-15 12:58:47,33.138,29.62,93.47,Level2,Jonesport,5.74
55,50,31,2024-08-15 06:07:46,2024-08-15 06:40:46,27.506,58.7,100,DCFC,Lake Ashley,5.5
56,35,21,2024-05-05 17:41:58,2024-05-05 21:36:36,28.157,24.6,74.88,Level2,Willisville,5.88
57,9,23,2023-05-14 00:34:55,2023-05-14 18:12:43,33.497,48.17,98.24,Level1,Jodyfort,9.73
58,6,35,2024-08-11 06:43:52,2024-08-11 07:09:04,21.004,14.13,54.6,DCFC,Jenniferport,3.36
59,5,12,2023-07-09 16:27:47,2023-07-09 22:58:58,46.943,38.07,100,Level2,Thompsonshire,5.72
60,7,18,2023-01-03 19:31:00,2023-01-04 20:12:35,46.917,12.12,73.53,Level1,Thomasfurt,10.15
61,11,38,2024-08-02 16:02:29,2024-08-02 19:43:30,26.522,43.81,100,Level2,Jamesland,8.23
62,49,40,2023-12-31 02:54:05,2023-12-31 03:57:31,52.868,30.28,91.97,DCFC,Santanaborough,16.57
63,43,17,2023-05-08 05:48:45,2023-05-08 06:15:53,22.624,32.73,60.94,DCFC,Lake Phillip,4.17
64,3,13,2024-05-10 07:54:11,2024-05-10 08:48:22,45.162,31.67,81.85,DCFC,North Larrytown,4.82
65,5,27,2023-04-25 02:41:28,2023-04-25 03:49:28,56.668,13.79,88.55,DCFC,South Jasmine,12.1
66,3,25,2024-11-09 11:32:27,2024-11-09 12:04:03,26.334,22.88,52.14,DCFC,North Kimberly,3.74
67,29,16,2024-05-26 09:56:55,2024-05-26 12:54:52,21.354,41.59,85.17,Level2,Meyersborough,2.82
68,9,9,2023-07-15 16:14:24,2023-07-15 17:03:30,40.929,38.82,100,DCFC,Gutierrezville,13.98
69,13,5,2024-12-28 15:28:45,2024-12-28 16:08:35,33.203,37.12,91.91,DCFC,Lake Michael,8.84
70,43,34,2024-08-09 11:46:11,2024-08-09 16:52:13,36.724,54.21,100,Level2,Morrisonville,9.44
71,44,3,2024-01-01 10:11:57,2024-01-01 11:05:20,44.49,13.27,62.98,DCFC,South Katherine,13.34
72,43,12,2023-10-04 19:54:36,2023-10-05 05:06:43,17.484,30.2,52.0,Level1,Chandlerville,2.2
73,48,38,2023-07-18 04:25:20,2023-07-18 05:18:52,44.616,54.52,100,DCFC,Fowlerville,8.97
74,40,33,2023-09-30 02:32:08,2023-09-30 06:09:40,26.104,33.04,62.67,Level2,South Carriehaven,7.2
75,3,21,2023-01-24 20:43:12,2023-01-25 09:36:49,24.498,31.65,58.87,Level1,Port Victortown,2.53
76,46,27,2024-09-28 16:14:27,2024-09-28 16:38:49,20.313,31.06,62.75,DCFC,Port Pamela,6.17
77,50,16,2024-11-27 16:57:29,2024-11-27 17:27:13,24.782,46.1,83.31,DCFC,Perkinstown,4.48
78,31,5,2023-03-14 02:05:41,2023-03-14 02:59:45,45.063,49.65,100,DCFC,New Allenland,4.74
79,9,15,2023-12-07 08:01:28,2023-12-07 10:09:38,15.38,32.89,55.88,Level2,West Amberchester,3.34
80,9,37,2024-09-11 01:42:01,2024-09-12 01:20:38,44.923,18.16,85.31,Level1,South Melissafort,15.53
81,7,14,2024-07-11 04:59:50,2024-07-11 05:25:31,21.407,20.8,48.82,DCFC,Dunlapborough,7.47
82,35,8,2024-01-17 02:43:22,2024-01-17 03:03:30,16.789,29.66,59.64,DCFC,Dillonside,2.3
83,42,7,2024-02-12 12:52:25,2024-02-12 22:51:43,18.978,56.44,81.71,Level1,Campbellborough,5.89
84,18,17,2024-10-07 23:02:10,2024-10-08 13:35:21,27.651,39.75,72.59,Level1,Delgadobury,2.92
85,37,18,2023-05-15 16:33:41,2023-05-15 17:29:03,46.142,49.35,100,DCFC,Port Steven,12.29
86,17,33,2023-10-29 07:21:08,2023-10-29 10:14:45,20.834,22.03,65.89,Level2,Morrisonport,4.43
87,31,6,2024-08-24 22:11:59,2024-08-25 03:14:07,36.256,59.49,100,Level2,South Larrymouth,11.81
88,50,25,2024-10-19 15:14:12,2024-10-19 15:41:51,23.05,52.36,86.97,DCFC,Martinezmouth,2.6
89,9,31,2023-06-15 07:54:32,2023-06-15 08:17:04,18.779,55.51,83.58,DCFC,Port Robin,5.58
90,28,37,2023-10-27 06:56:56,2023-10-27 09:56:45,21.578,14.75,51.89,Level2,East Sylvia,4.27
91,39,23,2023-03-27 22:28:33,2023-03-28 00:52:43,17.301,22.89,52.77,Level2,Heathstad,4.67
92,27,4,2023-06-28 04:49:57,2023-06-28 10:19:54,39.594,19.42,73.51,Level2,Dyermouth,11.11
93,14,15,2023-01-04 14:17:48,2023-01-04 14:47:29,24.747,10.79,62.78,DCFC,Davidside,6.15
94,50,35,2023-06-09 17:36:43,2023-06-09 18:25:06,40.32,39.46,100,DCFC,Stevenbury,13.24
95,32,20,2023-06-23 10:21:39,2023-06-23 12:58:34,18.83,47.05,74.66,Level2,Elizabethtown,4.37
96,42,8,2023-08-28 12:40:31,2023-08-28 13:22:08,34.681,53.82,100,DCFC,New Jocelynbury,9.46
97,12,38,2024-06-29 02:21:30,2024-06-29 02:41:57,17.049,46.45,76.95,DCFC,Andersonborough,2.18
98,32,9,2024-05-27 12:02:50,2024-05-27 21:42:48,18.366,36.81,63.74,Level1,Peterberg,5.39
99,27,19,2024-02-05 17:00:31,2024-02-05 17:43:43,36.0,42.76,91.94,DCFC,Bretthaven,9.71
100,35,15,2024-05-16 15:57:38,2024-05-17 11:18:36,36.764,34.35,100,Level1,Terrellchester,5.35
101,12,23,2023-09-15 14:03:19,2023-09-16 12:36:01,42.836,21.55,98.18,Level1,Normaside,8.73
102,49,19,2023-05-15 23:27:49,2023-05-17 00:17:54,47.186,44.94,100,Level1,Lake Ann,9.58
103,22,27,2024-01-19 15:35:52,2024-01-20 14:11:25,42.926,23.81,68.9,Level1,Josephland,13.65
104,6,5,2024-09-18 09:01:43,2024-09-18 21:12:12,23.132,24.33,68.9,Level1,South Mirandaburgh,5.31
105,6,40,2024-09-21 03:09:47,2024-09-21 03:35:59,21.834,55.99,98.06,DCFC,New Catherine,3.25
106,37,15,2024-06-07 14:41:47,2024-06-08 14:20:56,44.94,50.26,99.59,Level1,Lisaview,15.05
107,4,1,2024-03-26 22:26:29,2024-03-26 23:07:25,34.115,26.7,84.62,DCFC,East Brandonland,10.8
108,36,35,2024-05-30 03:43:09,2024-05-30 14:36:10,20.679,13.73,46.45,Level1,North Hannahborough,3.48
109,19,39,2024-02-17 10:54:24,2024-02-18 10:21:58,44.573,47.15,95.81,Level1,West Meganland,5.35
110,49,17,2023-07-07 19:17:19,2023-07-08 00:06:33,34.708,38.24,78.74,Level2,Mccarthyside,10.21
111,14,27,2023-10-01 19:56:50,2023-10-01 23:43:43,27.227,21.68,78.88,Level2,Port Michaelchester,9.11
112,20,21,2023-10-04 12:08:01,2023-10-04 15:39:56,25.431,19.13,64.87,Level2,North Zacharytown,3.55
113,50,8,2024-05-05 18:03:59,2024-05-05 18:30:05,21.752,19.75,52.41,DCFC,North Spencerland,7.07
114,43,31,2023-11-10 18:00:34,2023-11-10 18:20:27,16.577,10.36,31.03,DCFC,Jonesborough,2.14
115,22,34,2024-08-11 09:49:11,2024-08-12 15:59:34,57.329,12.61,72.83,Level1,South Donnaside,18.0
116,45,27,2024-09-16 02:33:54,2024-09-16 06:16:24,26.7,47.56,81.06,Level2,South Ashleystad,3.9
117,48,10,2023-07-13 03:06:20,2023-07-13 03:45:36,32.736,42.76,76.13,DCFC,Bradybury,9.22
118,6,1,2024-04-20 20:41:37,2024-04-20 20:55:55,11.921,59.28,82.25,DCFC,West Davidside,2.37
119,38,10,2023-09-02 02:13:54,2023-09-02 02:34:52,17.478,58.35,86.77,DCFC,Port Amy,4.54
120,44,40,2024-04-05 12:22:33,2024-04-07 01:08:46,69.864,18.9,96.96,Level1,South Andrestad,8.17
121,39,3,2024-06-01 18:07:30,2024-06-02 01:26:30,13.902,11.43,35.44,Level1,South Heather,4.07
122,24,13,2024-09-14 17:36:25,2024-09-16 05:05:39,67.426,15.17,86.52,Level1,Lake Jeffrey,18.89
123,45,17,2024-11-25 23:25:10,2024-11-26 05:33:58,44.257,44.47,100,Level2,Port Rebecca,9.57
124,1,1,2024-06-21 18:17:51,2024-06-22 08:22:42,26.754,42.71,100,Level1,Zacharyton,7.93
125,33,23,2023-05-30 02:21:22,2023-05-30 22:35:02,38.433,53.02,94.84,Level1,Tracyburgh,12.38
126,24,16,2023-06-21 00:49:00,2023-06-21 20:47:46,37.961,22.89,63.06,Level1,New Cameronbury,6.84
127,24,2,2024-10-02 05:39:02,2024-10-03 13:30:07,60.518,24.11,88.15,Level1,Wallaceview,6.55
128,7,7,2023-07-10 08:57:11,2023-07-11 09:08:08,45.947,32.11,92.25,Level1,Chapmanstad,5.07
129,28,4,2023-08-18 18:25:19,2023-08-19 06:31:07,22.984,41.79,81.35,Level1,Lake John,3.09
130,25,28,2024-04-07 03:20:04,2024-04-07 08:37:53,38.139,59.21,100,Level2,North Ericafort,10.56
131,20,15,2024-07-17 03:53:15,2024-07-17 05:58:12,14.995,29.19,56.16,Level2,East Brenda,3.68
132,10,24,2023-08-05 00:27:42,2023-08-05 00:51:27,19.793,24.29,53.7,DCFC,Jasonberg,5.98
133,38,7,2024-02-10 23:49:22,2024-02-11 04:55:19,36.715,35.87,95.57,Level2,Olivershire,11.74
134,14,20,2023-10-18 04:14:45,2023-10-18 18:10:12,26.456,34.34,89.92,Level1,Dustinmouth,6.7
135,9,38,2023-05-17 02:14:44,2023-05-17 14:57:10,24.144,31.16,67.25,Level1,Gregoryport,6.64
136,25,32,2023-02-27 04:59:30,2023-02-28 04:09:36,44.02,11.91,58.99,Level1,Veronicaton,10.58
137,5,37,2024-08-17 16:18:19,2024-08-18 10:57:51,35.452,53.23,100,Level1,Codyfurt,8.31
138,18,16,2024-09-04 12:48:25,2024-09-04 13:43:57,46.285,39.57,94.54,DCFC,Wilsonfurt,11.94
139,8,29,2024-03-25 09:50:02,2024-03-25 12:19:27,17.93,19.85,52.87,Level2,Lauraberg,5.75
140,24,10,2023-01-25 18:56:06,2023-01-27 08:25:35,71.234,20.05,95.43,Level1,New Audrey,19.05
141,27,1,2024-12-07 03:53:59,2024-12-07 23:14:51,36.761,49.19,99.41,Level1,New Linda,9.24
142,27,16,2023-09-27 09:43:15,2023-09-27 10:11:07,23.226,55.21,86.94,DCFC,Melissaland,4.13
143,47,27,2023-07-01 14:36:32,2023-07-02 16:57:09,50.053,19.19,97.52,Level1,Michellefort,13.43
144,6,26,2024-08-31 22:26:41,2024-08-31 23:13:32,39.055,18.47,93.72,DCFC,Housebury,4.86
145,29,22,2023-06-15 04:24:41,2023-06-15 16:19:05,22.623,53.83,100,Level1,North Michaelville,6.91
146,18,3,2023-06-21 21:29:49,2023-06-21 22:12:10,35.305,58.07,100,DCFC,Davismouth,4.8
147,16,24,2023-06-13 03:11:47,2023-06-13 17:29:14,27.153,21.49,66.82,Level1,Amandamouth,8.75
148,27,18,2024-02-24 21:05:21,2024-02-25 07:40:07,20.101,53.6,81.06,Level1,Lake Tim,6.87
149,14,1,2023-05-09 07:57:52,2023-05-09 08:26:21,23.748,32.59,82.48,DCFC,West Robin,7.71
150,44,25,2024-04-08 05:57:34,2024-04-08 07:09:08,59.652,14.06,80.71,DCFC,Lake Jeremyport,6.12
151,30,11,2024-08-12 21:27:02,2024-08-12 22:02:47,29.802,18.99,85.96,DCFC,Simpsonmouth,7.29
152,38,4,2023-06-06 04:41:08,2023-06-06 09:16:21,33.026,46.3,100,Level2,Brooksstad,10.15
153,32,29,2024-04-09 13:25:16,2024-04-10 06:15:21,31.986,53.1,100,Level1,Port Michael,4.98
154,12,22,2023-04-06 23:56:11,2023-04-07 19:34:19,37.308,18.37,85.11,Level1,Hernandezton,10.04
155,16,6,2024-09-14 00:11:21,2024-09-14 02:59:43,20.204,44.98,78.71,Level2,West Christophertown,2.46
156,5,37,2024-10-29 17:04:13,2024-10-29 17:53:20,40.932,46.0,100,DCFC,Thomasview,8.26
157,5,31,2024-10-11 20:06:36,2024-10-11 21:10:26,53.196,25.12,95.3,DCFC,Travisport,12.68
158,40,39,2023-08-21 22:09:32,2023-08-22 01:13:31,22.078,53.47,78.53,Level2,Romeromouth,4.54
159,48,40,2023-12-15 17:08:37,2023-12-16 14:03:52,39.75,21.34,61.86,Level1,South Brucehaven,7.4
160,14,8,2023-08-11 20:36:43,2023-08-11 21:00:00,19.407,59.23,100,DCFC,South Jeremy,3.93
161,41,10,2024-03-05 12:57:56,2024-03-05 21:02:09,15.334,14.72,45.45,Level1,Jamesstad,3.78
162,42,30,2023-10-03 19:49:27,2023-10-03 20:45:46,46.938,37.5,100,DCFC,Lake Carl,5.12
163,5,27,2024-03-11 14:37:34,2024-03-11 21:54:03,52.378,10.8,79.9,Level2,Jamesport,7.92
164,22,26,2024-08-10 13:23:31,2024-08-10 14:38:12,62.242,17.32,82.7,DCFC,Latashatown,18.23
165,7,11,2024-08-09 23:37:59,2024-08-10 04:54:47,38.017,44.12,93.88,Level2,Megantown,6.33
166,4,8,2024-08-18 22:24:47,2024-08-19 02:44:29,31.164,47.09,100,Level2,Fernandoton,8.54
167,31,10,2024-08-29 09:27:42,2024-08-29 10:23:49,46.773,32.34,84.6,DCFC,Dianechester,9.13
168,15,25,2023-05-05 14:21:22,2023-05-05 20:20:15,43.067,30.58,84.28,Level2,Hollyhaven,6.35
169,19,35,2023-11-01 21:49:20,2023-11-02 01:02:09,23.138,49.2,74.46,Level2,West Thomas,7.56
170,44,34,2024-08-23 11:45:46,2024-08-24 16:17:39,54.21,13.75,74.32,Level1,South Diane,7.46
171,32,33,2024-04-02 15:18:33,2024-04-02 20:26:32,36.958,45.81,100,Level2,New Martinview,4.62
172,26,1,2023-09-05 07:13:16,2023-09-06 01:22:34,34.495,20.91,88.68,Level1,Port Jordanshire,11.91
173,19,2,2024-03-30 16:08:38,2024-03-30 22:47:28,47.861,47.75,100,Level2,Lake Joshuaview,7.84
174,2,38,2024-07-30 21:35:53,2024-07-31 11:03:04,25.561,29.87,72.33,Level1,Taylorport,4.97
175,50,35,2024-12-26 04:39:33,2024-12-26 22:02:17,33.02,20.01,69.59,Level1,New Laura,6.4
176,45,15,2024-01-18 04:59:51,2024-01-18 09:55:20,35.459,35.85,80.34,Level2,North Nicholas,11.99
177,45,36,2023-05-05 22:25:45,2023-05-06 08:52:41,19.853,38.89,63.8,Level1,Port Joseph,2.44
178,50,27,2023-11-25 08:13:50,2023-11-25 09:00:29,38.881,29.15,87.53,DCFC,Nataliechester,11.58
179,34,39,2024-03-15 01:11:40,2024-03-15 16:57:06,29.939,25.43,81.39,Level1,East Sarah,5.6
180,46,5,2024-02-01 00:42:57,2024-02-01 05:28:08,34.223,46.61,100,Level2,East Lucasbury,5.98
181,23,3,2024-04-21 06:58:20,2024-04-21 07:26:23,23.384,18.39,47.99,DCFC,North Peterville,5.2
182,29,11,2023-11-01 05:35:20,2023-11-01 05:55:54,17.14,58.52,93.5,DCFC,Robertsville,5.5
183,19,23,2023-06-28 16:40:58,2023-06-28 17:03:33,18.833,56.89,77.45,DCFC,South Alice,3.18
184,3,15,2024-07-08 18:31:18,2024-07-09 23:38:20,55.323,38.53,100,Level1,Lake David,7.0
185,20,18,2023-06-01 12:33:00,2023-06-01 17:55:56,38.753,21.37,91.07,Level2,Port Johnstad,9.2
186,50,20,2023-08-22 16:17:27,2023-08-23 14:52:05,42.897,31.54,95.95,Level1,Woodshaven,12.85
187,36,18,2023-09-01 09:00:18,2023-09-01 09:26:14,21.614,10.59,44.79,DCFC,New Jerry,6.54
188,31,5,2023-04-09 03:05:57,2023-04-09 04:22:38,63.903,26.38,97.78,DCFC,Brucetown,15.59
189,35,6,2023-01-09 12:03:43,2023-01-10 02:15:44,26.981,45.35,93.53,Level1,North Amyborough,4.65
190,35,22,2024-08-19 19:55:12,2024-08-20 17:37:59,41.255,15.32,88.99,Level1,North Brandybury,7.24
191,27,31,2023-03-21 02:30:35,2023-03-21 23:10:45,39.272,32.85,86.5,Level1,Oconnellborough,6.2
192,23,17,2023-04-16 14:36:40,2023-04-17 20:10:25,56.169,13.98,85.08,Level1,East Elizabethfort,6.65
193,9,27,2023-03-29 03:16:20,2023-03-29 10:01:18,48.596,27.36,100,Level2,Mclaughlinfurt,12.3
194,27,32,2024-05-07 12:59:04,2024-05-07 17:37:32,33.416,41.76,87.41,Level2,New Daniel,9.81
195,5,12,2023-03-23 04:50:21,2023-03-23 20:42:19,30.146,21.24,61.01,Level1,Campbellshire,4.64
196,11,10,2024-01-30 17:54:35,2024-01-30 18:18:53,20.263,17.16,60.09,DCFC,Port Lisa,5.47
197,27,7,2024-05-22 12:30:23,2024-05-22 13:34:44,53.634,26.11,99.38,DCFC,Shafferfort,7.65
198,17,24,2023-12-09 02:41:55,2023-12-09 02:56:43,12.341,17.02,43.0,DCFC,Lake Dawnberg,2.56
199,10,29,2023-12-29 12:14:41,2023-12-29 16:37:19,31.517,38.83,85.66,Level2,West Nathanview,7.68
200,43,22,2023-02-26 09:03:55,2023-02-26 14:01:47,35.745,55.43,100,Level2,East Davidport,4.61
201,38,19,2023-11-30 09:04:58,2023-11-30 09:55:40,42.251,17.67,86.37,DCFC,East Cindyside,6.78
202,27,14,2024-03-24 20:48:16,2024-03-25 00:55:41,29.69,52.72,93.28,Level2,East Barbara,6.57
203,5,20,2024-07-27 22:57:43,2024-07-28 01:13:27,16.289,14.69,36.18,Level2,Adamsburgh,3.42
204,26,16,2023-09-14 00:42:11,2023-09-14 01:03:47,18.003,19.04,54.41,DCFC,Charlestown,5.62
205,41,25,2024-07-16 13:16:16,2024-07-17 06:35:39,32.914,17.21,83.17,Level1,Zacharychester,6.5
206,14,33,2024-02-07 02:13:57,2024-02-07 13:44:02,21.853,54.09,100,Level1,Mcculloughfurt,6.56
207,42,21,2023-03-07 10:23:43,2023-03-07 23:17:05,24.49,57.51,90.12,Level1,North Dannyhaven,3.43
208,18,17,2024-01-01 05:13:50,2024-01-01 05:36:25,18.827,41.99,64.35,DCFC,South Jennifer,6.15
209,34,12,2024-08-04 01:22:11,2024-08-04 07:40:58,11.995,35.03,57.45,Level1,Vasquezberg,3.84
210,37,29,2023-01-28 04:48:37,2023-01-28 05:14:52,21.882,59.32,83.34,DCFC,New Sherri,6.82
211,32,16,2024-08-22 00:34:35,2024-08-22 01:04:11,24.668,28.15,64.32,DCFC,West Melissamouth,2.53
212,41,7,2023-05-02 05:17:39,2023-05-02 23:17:59,34.211,31.44,100,Level1,North Thomasberg,10.21
213,4,2,2024-04-12 22:22:33,2024-04-13 14:17:05,30.227,48.68,100,Level1,Matthewborough,7.48
214,46,36,2023-02-03 03:49:19,2023-02-03 04:11:17,18.313,41.15,69.72,DCFC,New Shannonstad,4.18
215,9,3,2023-10-06 00:44:42,2023-10-06 19:15:55,35.189,26.42,79.02,Level1,East Christine,12.02
216,40,6,2023-12-07 05:40:19,2023-12-07 06:32:18,43.328,50.82,100,DCFC,South Dustinfurt,12.58
217,41,17,2023-05-25 15:06:57,2023-05-25 17:23:50,16.427,30.81,63.73,Level2,West Aprilbury,2.25
218,28,34,2024-02-17 16:43:58,2024-02-18 11:14:32,35.168,10.7,71.23,Level1,Christinestad,4.24
219,12,7,2023-07-06 12:37:04,2023-07-06 14:11:18,11.309,46.0,66.23,Level2,Thomaston,2.41
220,16,19,2023-04-10 15:08:00,2023-04-10 18:01:00,20.761,46.63,81.29,Level2,Riveraborough,3.51
221,15,28,2023-09-15 08:30:51,2023-09-15 13:48:06,38.071,52.53,100,Level2,Smithville,6.22
222,1,12,2024-11-14 18:25:29,2024-11-14 20:35:18,15.579,35.93,69.29,Level2,New Carlland,4.78
223,41,30,2024-07-12 21:56:42,2024-07-12 23:30:50,11.297,40.55,63.19,Level2,East Amy,3.61
224,30,11,2023-07-05 22:03:07,2023-07-05 22:40:32,31.181,20.27,90.34,DCFC,Lake Nicoleburgh,7.53
225,24,7,2024-02-21 00:25:20,2024-02-21 07:27:26,50.652,45.25,98.85,Level2,Harrisonland,14.38
226,17,14,2023-05-16 16:28:01,2023-05-16 23:44:03,13.808,49.47,78.54,Level1,Jonathanside,4.21
227,35,33,2024-04-12 17:33:35,2024-04-13 11:55:07,34.882,37.71,100,Level1,Bennettmouth,11.84
228,46,9,2024-02-11 15:08:25,2024-02-11 17:43:16,18.583,17.46,46.45,Level2,Burkefort,3.14
229,50,34,2023-05-29 03:16:43,2023-05-29 08:49:43,39.96,40.0,100,Level2,Ryanton,11.08
230,29,31,2023-03-17 08:39:59,2023-03-17 09:03:21,19.482,25.77,65.53,DCFC,Mayside,2.25
231,3,8,2023-01-03 17:11:38,2023-01-03 18:07:20,46.422,48.42,100,DCFC,Dianaberg,8.27
232,31,10,2023-09-15 05:41:09,2023-09-15 15:44:50,19.117,19.18,40.54,Level1,South Chelsea,6.19
233,46,35,2024-10-20 10:17:04,2024-10-21 03:06:44,31.973,27.83,77.71,Level1,Port Ashleyfurt,5.73
234,6,29,2024-05-26 17:19:32,2024-05-27 12:25:18,36.283,20.09,90.0,Level1,Port William,11.89
235,44,40,2023-10-21 00:58:27,2023-10-21 02:08:38,58.488,34.46,99.81,DCFC,Brianfurt,12.36
236,18,6,2024-11-12 00:56:50,2024-11-12 20:29:57,37.149,26.1,70.22,Level1,West Gary,10.82
237,33,29,2023-02-25 00:02:01,2023-02-25 00:51:19,41.088,55.29,100,DCFC,West Richardfurt,13.94
238,23,31,2024-09-16 04:12:33,2024-09-17 04:59:39,47.092,27.69,87.3,Level1,West Michellemouth,10.49
239,1,3,2023-04-28 13:29:36,2023-04-28 14:11:05,34.577,25.96,100,DCFC,South Ryan,5.14
240,5,38,2023-05-26 08:58:41,2023-05-26 14:16:32,38.143,49.68,100,Level2,Goodwintown,10.04
241,28,23,2024-08-23 11:39:01,2024-08-23 12:14:44,29.765,20.64,71.87,DCFC,South Angela,5.03
242,30,29,2023-07-07 14:59:47,2023-07-07 21:57:24,13.225,42.75,72.47,Level1,Castillobury,2.01
243,12,23,2024-08-21 22:49:54,2024-08-21 23:27:20,31.198,17.49,73.3,DCFC,New Kimberly,6.43
244,1,26,2023-12-16 01:14:19,2023-12-16 04:42:26,24.975,46.52,100,Level2,Lake Andrew,3.47
245,44,23,2023-06-09 01:43:37,2023-06-09 06:21:40,33.366,37.8,75.08,Level2,Clarkburgh,10.19
246,38,13,2023-09-16 03:57:10,2023-09-16 09:59:42,43.505,19.31,90.05,Level2,Brownshire,14.26
247,33,39,2024-01-28 04:11:56,2024-01-28 05:00:59,40.877,55.52,100,DCFC,Lake Ericton,7.79
248,41,21,2024-11-11 17:51:44,2024-11-12 08:18:44,27.455,27.99,83.01,Level1,Port Daniellemouth,7.42
249,3,26,2024-12-16 12:05:44,2024-12-16 12:58:53,44.298,20.16,69.38,DCFC,Lake Elizabeth,8.72
250,30,40,2023-01-23 09:23:16,2023-01-23 21:56:12,23.843,23.75,77.33,Level1,East Mason,4.33
251,21,32,2024-03-07 02:43:30,2024-03-07 03:40:17,47.333,33.98,97.09,DCFC,New Kyleberg,6.5
252,8,26,2024-08-17 06:20:12,2024-08-17 15:41:46,17.783,38.1,70.85,Level1,Port Michaelhaven,5.26
253,35,3,2024-11-16 10:49:31,2024-11-16 11:17:48,23.576,21.53,63.63,DCFC,Chadville,5.63
254,29,6,2024-08-26 01:46:03,2024-08-26 03:37:51,13.416,53.13,80.51,Level2,South Eric,1.91
255,47,28,2023-10-28 10:25:28,2023-10-28 12:30:33,15.01,29.89,53.38,Level2,Port Angela,4.1
256,36,39,2023-09-17 15:57:33,2023-09-17 18:30:52,18.398,22.37,51.48,Level2,North Carriebury,3.07
257,47,15,2023-12-14 01:58:12,2023-12-14 06:24:24,31.944,50.01,100,Level2,Pearsonland,9.63
258,45,34,2023-12-19 21:56:25,2023-12-20 00:54:05,21.32,48.6,75.35,Level2,West Jasonville,5.82
259,18,8,2024-04-17 02:42:29,2024-04-17 09:36:07,49.636,34.82,93.77,Level2,West David,15.69
260,17,6,2023-08-26 01:55:00,2023-08-26 07:30:05,10.611,27.53,49.87,Level1,Davidbury,2.97
261,42,15,2024-11-05 03:53:29,2024-11-05 22:30:29,35.372,52.9,100,Level1,Ballardmouth,6.32
262,28,27,2023-10-14 04:24:43,2023-10-14 04:59:01,28.585,50.8,100,DCFC,West Eric,3.91
263,44,12,2024-08-14 18:26:07,2024-08-14 23:53:01,39.228,30.63,74.46,Level2,East Robert,7.44
264,22,37,2024-09-19 22:51:08,2024-09-20 07:56:18,65.421,17.38,86.1,Level2,South Melissa,12.96
265,3,33,2023-01-04 05:34:21,2023-01-05 03:35:38,41.841,38.11,84.6,Level1,West William,12.5
266,33,4,2023-08-26 04:04:53,2023-08-27 06:49:28,50.812,27.58,82.87,Level1,West Anthony,14.46
267,38,13,2023-03-04 06:49:53,2023-03-04 10:33:51,26.876,39.89,83.59,Level2,Lake Keith,3.12
268,43,27,2024-12-16 21:55:21,2024-12-17 01:01:05,22.288,23.36,51.15,Level2,Rebeccamouth,2.26
269,27,21,2023-04-13 23:58:53,2023-04-14 00:53:54,45.86,22.5,85.15,DCFC,Jenniferhaven,13.02
270,38,33,2024-12-01 05:03:51,2024-12-01 10:31:57,39.372,33.41,97.43,Level2,North Ericland,9.52
271,36,22,2024-08-04 06:59:50,2024-08-04 09:03:14,14.808,36.87,60.3,Level2,Port Erika,5.06
272,43,33,2023-07-20 00:37:33,2023-07-20 20:04:50,36.964,24.67,70.76,Level1,Justinchester,12.22
273,44,38,2024-05-14 06:37:52,2024-05-14 13:31:08,49.592,27.59,83.0,Level2,West Sara,6.83
274,36,23,2024-08-05 16:39:16,2024-08-05 17:11:19,26.715,57.73,100,DCFC,West Cynthia,8.22
275,8,3,2023-03-06 11:57:19,2023-03-06 15:07:30,22.822,57.97,100,Level2,Martinbury,6.89
276,15,15,2023-10-27 17:47:36,2023-10-27 20:42:50,21.028,33.75,59.97,Level2,New Corymouth,3.02
277,47,34,2024-12-28 23:15:25,2024-12-30 01:57:13,50.724,12.38,91.76,Level1,East Nathan,15.97
278,5,2,2023-07-17 04:57:56,2023-07-17 05:42:25,37.081,51.08,100,DCFC,East Theresamouth,4.96
279,7,32,2023-08-08 01:52:35,2023-08-08 02:52:12,49.683,28.77,93.8,DCFC,Port Lisafort,7.27
280,12,23,2023-11-05 13:37:03,2023-11-05 16:52:17,23.428,18.28,60.19,Level2,Kevinview,7.9
281,14,1,2023-10-11 10:01:30,2023-10-11 10:27:06,21.334,55.18,100,DCFC,Port Kellyland,3.97
282,15,12,2023-01-09 12:36:27,2023-01-09 19:50:32,52.09,35.05,100,Level2,South Manuel,9.43
283,44,20,2023-11-05 08:12:58,2023-11-05 12:26:24,30.412,17.77,51.75,Level2,South Patrick,7.16
284,25,8,2024-02-07 06:23:49,2024-02-07 11:54:53,39.728,57.51,100,Level2,South Lisa,5.57
285,4,31,2023-05-27 14:19:45,2023-05-28 07:35:24,32.796,19.4,75.08,Level1,Ponceland,9.95
286,39,30,2023-04-10 12:00:49,2023-04-10 15:45:08,26.918,53.51,100,Level2,Jonesshire,5.12
287,30,38,2023-10-13 11:44:13,2023-10-13 13:16:24,11.063,39.07,63.93,Level2,Burnshaven,2.77
288,48,30,2023-12-25 17:49:49,2023-12-27 00:13:31,57.751,33.72,92.59,Level1,Brownton,16.28
289,3,40,2023-10-29 09:54:59,2023-10-30 07:41:47,41.382,54.02,100,Level1,Port Brianna,6.01
290,10,3,2023-03-09 16:04:09,2023-03-10 13:26:57,40.622,39.64,100,Level1,North Richardport,5.43
291,49,25,2023-06-18 21:33:40,2023-06-19 07:48:49,19.48,28.97,51.7,Level1,Morrisontown,5.54
292,14,33,2023-06-10 02:01:00,2023-06-10 06:33:57,32.754,31.19,100,Level2,Sanchezmouth,7.23
293,31,3,2023-11-17 21:41:26,2023-11-18 00:32:54,20.576,58.29,81.28,Level2,South Joseph,2.5
294,3,22,2023-03-29 11:02:16,2023-03-30 15:26:57,53.982,14.2,74.18,Level1,Jameschester,12.01
295,30,28,2023-06-07 17:25:13,2023-06-08 08:32:02,28.716,35.47,100,Level1,East Shawnshire,3.9
296,15,36,2024-07-29 04:50:22,2024-07-29 05:30:07,33.131,58.69,100,DCFC,Paynebury,8.94
297,43,23,2024-11-27 07:30:17,2024-11-27 08:10:20,33.387,31.5,73.13,DCFC,New Nathanhaven,9.23
298,9,33,2024-02-21 06:43:20,2024-02-21 10:24:23,26.526,55.86,95.51,Level2,Port Charles,4.88
299,21,28,2023-10-17 13:35:48,2023-10-18 08:14:23,35.422,52.77,100,Level1,Elizabethhaven,10.74
300,45,27,2024-02-11 05:20:53,2024-02-11 11:17:04,42.743,32.05,85.68,Level2,Martinville,5.05
301,2,29,2024-05-29 08:09:49,2024-05-30 01:46:25,33.459,25.3,80.88,Level1,Wongmouth,9.89
302,25,19,2024-07-28 04:18:39,2024-07-29 04:35:11,46.124,14.66,63.99,Level1,New Debra,14.82
303,15,37,2024-02-27 16:00:30,2024-02-28 21:44:59,56.509,29.54,100,Level1,Port Nicholasview,18.63
304,33,24,2023-04-16 17:34:32,2023-04-16 18:19:46,37.697,47.37,88.39,DCFC,Lake Calvin,5.12
305,34,10,2023-04-02 08:47:57,2023-04-02 09:20:50,27.413,18.18,69.42,DCFC,South Rosechester,5.68
306,8,35,2024-12-06 19:42:37,2024-12-07 04:56:59,17.555,43.15,75.48,Level1,Lake Michelle,2.48
307,17,8,2024-12-03 09:56:45,2024-12-03 10:21:20,20.492,23.89,67.03,DCFC,New David,2.06
308,1,31,2024-05-21 14:16:26,2024-05-21 14:45:14,24.004,26.54,77.94,DCFC,Smithstad,6.97
309,7,21,2023-12-20 05:53:34,2023-12-20 06:31:46,31.836,46.17,87.84,DCFC,Dickersonfurt,10.71
310,6,7,2023-01-11 21:51:25,2023-01-11 22:22:27,25.867,26.34,76.18,DCFC,West Rachel,4.0
311,11,26,2023-05-12 02:34:37,2023-05-12 02:52:40,15.047,16.84,48.72,DCFC,Port Wayneborough,4.93
312,27,35,2024-06-04 20:40:43,2024-06-04 23:59:31,23.856,16.52,49.11,Level2,Brownchester,3.86
313,8,31,2023-12-06 15:24:55,2023-12-06 15:40:10,12.717,57.15,80.57,DCFC,Jamesside,3.36
314,45,34,2023-04-10 02:28:29,2023-04-10 03:23:28,45.828,42.5,100,DCFC,Jaredstad,14.34
315,47,4,2023-04-24 05:19:33,2023-04-24 09:49:35,32.404,17.84,68.55,Level2,Gilbertmouth,4.53
316,19,5,2023-05-05 18:09:09,2023-05-05 19:12:58,53.192,41.93,100,DCFC,West Anthonyburgh,10.89
317,30,17,2024-12-25 18:23:37,2024-12-25 20:09:07,12.66,30.28,58.73,Level2,Lake Franciscofurt,2.59
318,33,20,2023-02-04 11:42:36,2023-02-04 12:37:39,45.876,47.4,97.32,DCFC,Smithshire,12.6
319,35,32,2023-05-31 16:04:31,2023-05-31 16:21:50,14.437,33.02,58.8,DCFC,Aprilhaven,1.71
320,17,8,2023-10-10 23:39:46,2023-10-11 06:59:15,13.917,44.59,73.89,Level1,Kimborough,1.41
321,2,34,2024-01-31 00:58:45,2024-01-31 07:05:52,44.054,10.41,83.59,Level2,East Carlosberg,6.42
322,1,38,2024-12-04 09:33:23,2024-12-04 12:29:03,21.08,49.82,94.96,Level2,West Anthony,4.9
323,18,32,2023-08-30 22:22:23,2023-08-31 00:44:53,17.101,36.71,57.02,Level2,Port Daniel,5.59
324,10,40,2023-07-29 13:59:46,2023-07-30 07:31:20,33.3,50.52,100,Level1,Lake Darrenville,4.7
325,1,35,2023-11-24 02:17:09,2023-11-24 02:56:26,32.741,12.78,82.89,DCFC,Michaelshire,3.48
326,9,12,2024-02-03 16:55:43,2024-02-04 11:02:53,34.427,48.54,100,Level1,Rojasfort,7.28
327,35,40,2024-08-29 22:04:35,2024-08-29 22:47:14,35.549,26.9,90.38,DCFC,Mooreborough,3.92
328,44,40,2024-02-02 14:59:13,2024-02-02 15:52:14,44.186,50.63,100,DCFC,Timothyville,14.38
329,50,20,2023-02-09 06:59:50,2023-02-09 07:17:59,15.138,53.66,76.39,DCFC,Bennetthaven,4.58
330,47,36,2024-08-24 19:54:21,2024-08-25 01:58:03,43.644,14.44,82.74,Level2,Kurtside,5.62
331,41,27,2024-05-19 18:02:39,2024-05-19 18:17:14,12.161,31.95,56.32,DCFC,North Maxland,4.26
332,35,8,2023-05-09 13:22:34,2023-05-09 14:03:47,34.35,36.17,97.51,DCFC,Turnerborough,9.14
333,1,14,2024-03-21 05:29:09,2024-03-21 21:18:07,30.051,20.29,84.64,Level1,Bryanberg,7.7
334,5,1,2023-07-07 22:12:44,2023-07-07 22:57:14,37.097,26.03,74.97,DCFC,Lake Amystad,4.78
335,14,5,2024-12-11 21:14:22,2024-12-11 23:55:46,19.368,59.31,100,Level2,Robertville,1.94
336,15,15,2023-02-28 07:37:10,2023-03-01 03:02:10,36.892,54.0,100,Level1,Port Anita,5.38
337,32,9,2023-02-24 18:49:16,2023-02-24 19:11:03,18.155,22.37,48.99,DCFC,North Warren,2.0
338,6,25,2024-11-28 04:54:24,2024-11-28 20:11:53,29.054,11.18,67.16,Level1,East Saraport,4.97
339,4,33,2023-06-09 13:43:45,2023-06-09 19:46:34,43.539,12.03,85.95,Level2,Baileytown,11.81
340,41,16,2024-08-20 20:14:47,2024-08-20 22:56:35,19.416,24.1,63.01,Level2,Justinfurt,5.85
341,36,22,2024-04-04 07:24:17,2024-04-04 10:32:08,22.543,19.71,55.38,Level2,Andrewfurt,2.46
342,33,35,2024-02-21 08:52:31,2024-02-21 12:15:18,24.335,30.96,57.44,Level2,West Lisa,6.75
343,39,16,2024-03-14 19:22:05,2024-03-15 05:08:17,18.563,17.79,49.85,Level1,New Jessica,4.55
344,45,33,2023-11-29 04:26:01,2023-11-29 13:51:18,17.901,42.55,65.01,Level1,West Josephbury,3.31
345,37,17,2023-01-05 02:27:01,2023-01-05 03:14:11,39.319,56.84,100,DCFC,West Lorraine,5.46
346,28,7,2023-11-03 03:24:00,2023-11-03 06:04:47,19.295,11.88,45.09,Level2,South Alexandria,6.58
347,29,38,2023-01-12 01:48:33,2023-01-12 02:18:52,25.264,48.44,100,DCFC,West Diane,6.77
348,33,27,2024-09-22 22:16:32,2024-09-23 17:45:48,37.027,55.92,96.21,Level1,South Alexis,10.21
349,22,13,2023-03-20 08:42:30,2023-03-20 09:25:37,35.938,16.86,54.61,DCFC,New Danielle,6.57
350,31,22,2024-11-05 06:19:26,2024-11-05 06:48:08,23.923,10.33,37.06,DCFC,Raymondland,6.45
351,45,18,2024-10-15 01:45:20,2024-10-16 06:52:47,55.336,30.57,100,Level1,North Patricia,13.41
352,3,29,2024-06-26 06:03:00,2024-06-26 10:02:19,28.719,13.91,45.82,Level2,Port Jonathanport,3.72
353,29,24,2024-10-06 05:37:34,2024-10-06 06:09:34,26.68,11.91,66.36,DCFC,Sharpshire,7.4
354,9,18,2024-01-28 21:12:22,2024-01-29 02:52:20,40.796,34.96,95.94,Level2,East Michael,10.9
355,31,12,2023-12-22 14:12:40,2023-12-23 00:50:16,20.191,33.68,56.24,Level1,Ellisontown,2.48
356,21,24,2023-01-28 22:47:18,2023-01-28 23:29:03,34.792,53.61,100,DCFC,Amberhaven,5.21
357,32,28,2023-03-19 02:19:44,2023-03-19 03:12:11,43.716,21.39,85.49,DCFC,Dylanberg,10.46
358,28,29,2024-05-31 14:07:10,2024-05-31 18:05:19,28.579,50.81,100,Level2,Port Charles,3.77
359,46,2,2024-01-26 21:46:45,2024-01-26 22:20:01,27.73,10.21,53.47,DCFC,Lake Amandaborough,6.77
360,44,31,2023-10-23 16:56:41,2023-10-24 22:15:30,55.696,33.23,95.46,Level1,New Johnborough,11.4
361,8,15,2023-02-07 15:56:31,2023-02-07 20:18:39,31.456,38.19,96.12,Level2,Port Henry,7.96
362,18,39,2023-06-15 11:47:22,2023-06-16 07:08:16,36.762,10.26,53.92,Level1,East Tiffanyville,9.19
363,27,29,2023-06-05 11:54:14,2023-06-06 06:44:20,35.787,13.21,62.1,Level1,Masseyshire,4.25
364,37,35,2024-12-02 11:07:04,2024-12-02 12:28:41,68.024,25.33,100,DCFC,North Carl,8.75
365,15,16,2024-03-22 07:35:41,2024-03-22 08:19:04,36.162,16.75,61.84,DCFC,Greenton,8.34
366,8,34,2024-07-24 00:57:41,2024-07-24 15:55:20,28.426,33.88,86.23,Level1,East Davidport,7.25
367,22,12,2023-08-06 15:36:18,2023-08-06 23:26:40,56.444,40.71,100,Level2,South Thomasfort,15.72
368,47,24,2023-07-15 17:33:19,2023-07-15 17:56:58,19.713,28.45,59.3,DCFC,Rogerfurt,3.73
369,17,5,2023-03-01 06:24:52,2023-03-01 11:01:07,33.15,29.35,99.14,Level2,Kristenmouth,6.52
370,16,33,2023-05-23 20:02:33,2023-05-24 00:15:55,30.405,49.24,100,Level2,Johnsonton,9.04
371,31,18,2024-05-01 09:34:45,2024-05-01 16:01:41,46.433,13.42,65.3,Level2,South Caitlinmouth,10.78
372,5,16,2024-08-01 02:35:01,2024-08-01 20:55:23,34.845,43.67,89.64,Level1,East Derek,9.12
373,13,14,2023-08-11 18:01:31,2023-08-11 21:49:58,27.415,53.05,98.29,Level2,Port Karenshire,4.17
374,36,38,2023-11-03 11:26:19,2023-11-04 11:22:05,45.466,28.06,100,Level1,New Lesliehaven,8.68
375,11,32,2024-01-13 02:42:06,2024-01-13 03:15:06,27.503,15.64,73.91,DCFC,Rodneyborough,8.17
376,12,2,2023-06-07 01:21:49,2023-06-07 01:44:14,18.682,59.37,92.79,DCFC,Ramirezville,2.96
377,1,16,2023-12-18 06:00:31,2023-12-18 21:51:25,30.112,22.36,86.84,Level1,Matthewmouth,8.81
378,6,38,2024-09-11 12:28:42,2024-09-11 23:00:30,20.007,20.85,59.4,Level1,Michellechester,3.16
379,28,39,2024-07-12 00:01:04,2024-07-12 10:07:15,19.196,33.99,67.03,Level1,North Timothy,4.73
380,35,35,2023-05-10 04:16:10,2023-05-10 11:06:37,12.998,27.26,50.47,Level1,New Linda,1.55
381,50,24,2024-02-28 07:33:55,2024-02-29 00:50:08,32.814,32.67,81.94,Level1,Cardenasfurt,6.48
382,16,33,2023-09-14 12:26:35,2023-09-15 13:19:13,47.267,20.08,98.99,Level1,Michellebury,5.14
383,50,30,2024-07-05 10:54:05,2024-07-05 11:10:06,13.353,46.93,66.98,DCFC,Bakerbury,2.1
384,27,35,2023-07-01 00:29:24,2023-07-01 08:30:08,57.689,15.32,94.13,Level2,New Nancytown,9.73
385,1,27,2023-07-28 17:07:28,2023-07-29 09:50:34,31.765,28.95,96.97,Level1,Carterside,8.12
386,12,13,2024-01-02 15:04:35,2024-01-02 21:01:36,42.842,11.0,87.64,Level2,Lake Patricia,14.47
387,46,7,2023-01-15 17:54:54,2023-01-15 18:39:58,37.556,26.8,85.39,DCFC,Lake Daniel,9.69
388,6,13,2024-04-23 15:54:58,2024-04-23 18:55:55,21.715,58.16,100,Level2,East William,6.07
389,34,11,2023-09-16 12:28:43,2023-09-16 15:20:59,20.672,43.88,82.52,Level2,Port Kennethview,5.37
390,3,27,2024-12-07 03:31:14,2024-12-08 10:52:59,59.589,26.71,92.92,Level1,Roweland,19.7
391,13,40,2023-11-02 11:30:52,2023-11-02 11:53:49,19.125,54.96,86.52,DCFC,Port John,2.38
392,12,22,2023-06-08 00:01:31,2023-06-08 17:12:26,32.646,40.61,99.01,Level1,New Thomaschester,7.86
393,4,10,2024-11-29 21:24:26,2024-11-29 22:06:11,34.798,16.94,76.02,DCFC,South Jessica,5.23
394,18,35,2024-05-15 01:30:44,2024-05-15 04:17:01,19.955,31.84,55.54,Level2,South Curtis,4.11
395,14,1,2024-02-20 15:46:02,2024-02-21 00:08:59,15.927,29.36,62.82,Level1,New Herbertside,3.25
396,38,40,2024-08-19 22:16:18,2024-08-19 22:58:21,35.049,18.46,75.45,DCFC,East Craig,5.82
397,42,34,2024-04-17 05:05:35,2024-04-17 05:53:22,39.826,44.91,97.94,DCFC,Richardville,8.96
398,50,25,2024-04-14 08:25:37,2024-04-14 17:38:56,17.522,57.23,83.54,Level1,South Williammouth,4.74
399,39,18,2023-05-20 13:13:33,2023-05-20 17:34:46,31.347,11.3,65.44,Level2,Walkerton,8.13
400,24,25,2023-04-10 10:29:01,2023-04-10 17:39:56,51.71,40.1,94.82,Level2,Karitown,5.18
401,45,25,2024-06-15 04:52:19,2024-06-15 08:48:02,28.286,26.61,62.1,Level2,Lake Johnstad,9.33
402,30,12,2024-06-16 22:53:19,2024-06-17 02:46:34,27.991,34.91,97.81,Level2,West Emilymouth,3.19
403,17,11,2023-01-12 23:08:25,2023-01-13 13:52:39,28.001,41.05,100,Level1,Alyssastad,6.73
404,17,33,2024-03-30 03:13:07,2024-03-30 08:32:55,10.127,45.08,66.4,Level1,Munoztown,1.56
405,30,7,2024-07-19 05:55:03,2024-07-19 06:33:38,32.165,12.11,84.39,DCFC,Ericstad,6.14
406,7,28,2024-11-23 08:42:45,2024-11-23 12:28:00,27.03,51.67,87.05,Level2,Lake Maria,8.5
407,15,15,2024-06-06 06:05:10,2024-06-06 06:58:37,44.543,42.12,97.66,DCFC,East Shelly,13.97
408,2,14,2024-05-18 08:49:26,2024-05-18 13:27:09,33.327,44.64,100,Level2,West Christopherton,4.24
409,12,24,2023-04-07 12:09:37,2023-04-07 12:41:03,26.195,14.24,61.1,DCFC,Michelleton,3.97
410,21,13,2024-01-18 23:28:15,2024-01-19 04:04:45,33.18,55.76,100,Level2,Johnfurt,9.17
411,12,20,2024-09-17 05:52:31,2024-09-17 06:34:33,35.033,16.54,79.21,DCFC,South Peter,8.01
412,21,22,2023-10-01 18:19:32,2023-10-01 20:29:13,15.562,40.84,61.59,Level2,Mcculloughland,1.88
413,6,3,2024-06-04 18:21:11,2024-06-04 18:47:47,22.177,57.27,100,DCFC,Rollinsmouth,3.75
414,16,35,2023-12-28 15:12:00,2023-12-28 15:51:19,32.771,44.52,99.23,DCFC,Patriciaview,10.11
415,43,13,2024-03-01 14:56:59,2024-03-01 17:46:08,20.299,20.88,46.19,Level2,Fosterchester,6.79
416,2,2,2023-06-25 18:17:27,2023-06-25 18:53:54,30.383,32.04,82.51,DCFC,Port Sarahville,10.45
417,41,4,2023-07-10 02:13:12,2023-07-10 15:46:08,25.743,48.41,100,Level1,Figueroaside,5.63
418,13,12,2024-03-15 22:20:46,2024-03-16 01:04:50,19.689,11.97,44.46,Level2,Danielberg,5.34
419,11,11,2024-06-12 18:16:58,2024-06-12 21:02:40,19.885,57.87,100,Level2,Port Megan,6.54
420,20,39,2023-01-27 20:20:06,2023-01-28 17:57:36,41.088,11.08,84.98,Level1,West Nancy,12.56
421,19,24,2024-12-21 05:18:17,2024-12-21 06:19:23,50.92,44.41,100,DCFC,New Robyn,17.82
422,43,36,2024-10-09 18:49:03,2024-10-09 23:46:39,35.713,55.47,100,Level2,Freemanshire,3.75
423,20,10,2024-01-07 18:14:08,2024-01-07 22:27:07,30.358,17.24,71.84,Level2,East Rebeccabury,6.75
424,5,19,2023-05-21 06:56:46,2023-05-21 15:29:44,16.244,47.65,69.08,Level1,Duanehaven,2.31
425,41,10,2024-06-11 21:47:50,2024-06-11 22:23:33,29.77,27.22,86.88,DCFC,South Courtneyside,6.43
426,42,9,2023-10-20 14:19:54,2023-10-20 15:11:02,42.619,26.66,83.41,DCFC,Atkinsonville,6.08
427,29,26,2024-10-17 04:52:31,2024-10-17 07:58:28,22.315,54.46,100,Level2,South Angelashire,6.37
428,50,27,2023-09-10 15:30:56,2023-09-10 16:13:47,35.711,36.0,89.62,DCFC,Port Michael,11.18
429,45,34,2023-03-27 09:54:29,2023-03-27 10:21:41,22.667,33.51,61.95,DCFC,Lake Williamland,5.16
430,18,24,2023-03-04 13:43:35,2023-03-04 21:16:47,54.385,35.41,100,Level2,Carrietown,9.31
431,14,5,2023-07-05 20:35:11,2023-07-06 09:50:20,25.18,17.84,70.74,Level1,Heatherfurt,6.42
432,45,5,2023-12-31 12:32:58,2023-12-31 13:17:49,37.387,13.52,60.43,DCFC,Lake Christopherview,4.27
433,21,22,2023-10-18 19:58:55,2023-10-18 21:02:03,52.612,25.06,95.21,DCFC,Kennethburgh,6.68
434,41,16,2024-03-12 11:38:23,2024-03-12 11:53:59,13.009,14.29,40.36,DCFC,Mcdanielshire,3.91
435,18,11,2024-07-11 13:09:15,2024-07-12 10:09:03,39.894,19.64,67.02,Level1,Shannonshire,7.0
436,17,23,2024-12-04 01:12:16,2024-12-04 01:41:32,24.391,36.82,88.17,DCFC,New Brooke,3.22
437,29,4,2024-05-31 03:20:40,2024-05-31 03:41:32,17.395,34.62,70.12,DCFC,Port Matthew,5.89
438,15,12,2024-06-10 21:23:08,2024-06-11 02:43:20,38.424,52.09,100,Level2,Chavezborough,5.34
439,9,3,2024-04-21 14:38:20,2024-04-22 08:53:18,34.674,12.54,64.37,Level1,Lake Stephaniefort,9.85
440,25,29,2023-09-12 03:51:23,2023-09-13 09:38:01,56.577,24.11,84.62,Level1,Wheelertown,10.03
441,7,29,2023-05-09 05:43:30,2023-05-09 06:05:08,18.038,16.83,40.44,DCFC,Evansview,3.49
442,7,18,2024-11-19 18:53:44,2024-11-19 21:49:00,21.033,37.48,65.01,Level2,Derrickfort,4.51
443,21,30,2023-01-20 23:59:18,2023-01-21 04:47:25,34.575,40.81,86.91,Level2,Kevinport,4.43
444,33,25,2024-07-01 23:00:08,2024-07-02 21:59:13,43.671,31.88,79.4,Level1,Phillipsmouth,11.2
445,19,16,2023-10-29 10:16:54,2023-10-29 13:03:36,20.005,37.96,59.8,Level2,Michaelton,5.74
446,24,6,2023-07-25 20:00:08,2023-07-27 05:20:45,63.353,20.57,87.61,Level1,Port Wayne,16.52
447,35,17,2023-11-16 16:10:50,2023-11-16 20:05:03,28.106,49.81,100,Level2,Lake Josephland,5.59
448,43,1,2023-04-15 17:22:23,2023-04-15 23:44:28,45.85,32.65,89.82,Level2,East Matthewberg,10.96
449,6,16,2023-06-24 14:43:19,2023-06-24 14:56:46,11.221,47.58,69.2,DCFC,Port Joseph,2.7
450,2,17,2024-10-31 11:21:54,2024-10-31 12:10:09,40.22,11.6,78.41,DCFC,North Kaylachester,7.68
451,4,26,2024-01-09 12:06:26,2024-01-09 12:38:06,26.399,21.44,66.26,DCFC,South Jamesside,3.77
452,47,20,2024-11-06 07:29:41,2024-11-06 07:53:29,19.841,58.29,89.34,DCFC,Hensleyburgh,3.02
453,25,29,2023-07-25 01:28:15,2023-07-25 12:15:10,20.486,36.0,57.91,Level1,Scottside,5.84
454,28,22,2023-11-24 21:46:19,2023-11-25 01:48:59,29.12,18.96,69.08,Level2,East Ariel,5.2
455,32,32,2024-07-01 13:44:25,2024-07-01 20:32:22,48.954,19.93,91.71,Level2,Lake Caitlin,14.84
456,43,15,2023-04-03 14:13:25,2023-04-03 17:40:20,24.83,30.61,61.57,Level2,East Daniel,3.24
457,50,23,2024-01-07 17:25:52,2024-01-07 18:04:42,32.368,51.4,100,DCFC,New Theresaview,8.36
458,35,17,2023-06-05 16:05:48,2023-06-05 19:45:27,26.359,37.33,84.4,Level2,Muellerfurt,5.03
459,40,25,2023-06-30 10:22:59,2023-06-30 11:14:01,42.535,13.56,61.84,DCFC,New Williamstad,10.05
460,32,25,2024-11-07 04:40:15,2024-11-07 05:02:33,18.591,37.69,64.95,DCFC,Lake Leeburgh,5.47
461,5,19,2024-02-27 08:47:48,2024-02-27 09:13:10,21.148,49.22,77.12,DCFC,Priceville,6.8
462,10,12,2024-05-02 14:04:42,2024-05-02 18:54:35,34.787,10.17,61.86,Level2,East Johnmouth,11.12
463,39,22,2023-10-05 05:22:12,2023-10-05 10:49:14,39.245,15.22,83.0,Level2,Lake Michaelburgh,11.83
464,24,5,2023-10-22 10:14:52,2023-10-22 14:24:44,29.985,50.99,82.72,Level2,West Rileychester,4.89
465,10,24,2023-07-21 01:21:47,2023-07-21 07:02:39,40.905,19.76,80.54,Level2,New Vincent,6.98
466,32,1,2023-05-21 05:43:22,2023-05-21 09:56:50,30.417,55.4,100,Level2,West Robert,8.91
467,6,18,2023-10-26 06:18:38,2023-10-26 06:33:35,12.466,37.62,61.64,DCFC,Lake Joshuamouth,2.13
468,42,14,2024-08-01 11:53:47,2024-08-01 12:43:37,41.53,17.47,72.77,DCFC,New Erin,6.71
469,45,30,2024-02-24 06:42:20,2024-02-24 15:41:42,17.08,45.79,67.22,Level1,East Sethville,4.53
470,10,32,2023-11-06 22:13:47,2023-11-06 22:37:08,19.463,38.25,67.17,DCFC,Lake Nicholastown,2.73
471,43,3,2023-07-13 04:47:37,2023-07-13 22:23:57,33.451,58.29,100,Level1,East Sherry,8.44
472,1,11,2024-05-19 22:06:33,2024-05-20 00:30:49,17.312,54.73,91.8,Level2,Robertshire,2.02
473,25,32,2023-03-22 10:34:35,2023-03-22 18:17:10,55.511,29.14,88.51,Level2,South Sharonberg,12.21
474,40,22,2024-04-27 21:39:38,2024-04-29 00:49:40,51.618,21.81,80.4,Level1,New Luis,17.29
475,12,25,2023-02-13 08:57:43,2023-02-13 12:56:36,28.666,11.92,63.2,Level2,Hansonberg,6.31
476,40,6,2023-08-22 08:51:27,2023-08-22 11:19:49,17.805,19.27,39.48,Level2,Markport,3.41
477,21,25,2024-08-13 19:14:56,2024-08-13 19:54:15,32.767,22.44,66.13,DCFC,Marioborough,9.08
478,43,1,2023-02-23 00:14:27,2023-02-23 13:25:37,25.054,10.95,42.19,Level1,Frankbury,3.08
479,45,4,2024-04-16 21:50:33,2024-04-16 22:36:56,38.662,51.49,100,DCFC,Justinland,12.82
480,26,11,2024-12-09 05:20:21,2024-12-09 17:22:03,22.854,39.57,84.47,Level1,Mcdowellberg,6.11
481,49,31,2023-01-05 12:03:10,2023-01-05 13:08:59,54.848,15.93,79.93,DCFC,Lake Alanborough,8.76
482,15,23,2024-01-20 09:39:48,2024-01-21 09:34:46,45.441,43.34,100,Level1,Teresatown,13.43
483,18,12,2023-08-01 23:37:33,2023-08-02 05:36:48,43.11,48.8,100,Level2,East Alice,10.45
484,42,29,2024-12-23 12:15:52,2024-12-24 10:27:16,42.161,21.23,77.37,Level1,Bryanchester,12.84
485,44,31,2024-07-06 07:12:06,2024-07-06 15:09:26,57.28,21.99,85.99,Level2,Singletontown,9.02
486,32,14,2023-10-23 09:10:41,2023-10-23 09:29:22,15.577,51.74,74.58,DCFC,South Susan,4.52
487,1,35,2024-06-29 21:50:58,2024-06-30 00:37:18,19.96,22.98,65.72,Level2,Butlerhaven,3.53
488,14,23,2023-01-30 13:33:07,2023-01-31 04:53:29,29.145,37.84,99.07,Level1,East Brian,4.69
489,35,23,2024-09-04 11:42:47,2024-09-04 12:02:34,16.498,28.37,57.83,DCFC,Nancyland,4.14
490,2,27,2023-02-06 01:41:14,2023-02-06 05:02:15,24.122,12.19,52.26,Level2,Lake Dana,6.25
491,22,36,2023-05-09 15:47:15,2023-05-09 16:46:00,48.961,41.43,92.86,DCFC,Andrewmouth,10.23
492,4,39,2024-12-22 06:22:48,2024-12-22 08:51:43,17.87,59.92,90.26,Level2,North Paula,4.33
493,34,14,2023-08-13 06:41:56,2023-08-13 07:15:57,28.36,46.99,100,DCFC,Nancyville,7.63
494,26,27,2023-06-17 09:20:02,2023-06-17 11:56:30,18.777,34.04,70.93,Level2,New Jenniferhaven,6.39
495,4,21,2024-05-31 23:24:12,2024-06-01 00:05:39,34.545,35.0,93.65,DCFC,New Katherinemouth,5.11
496,27,28,2024-05-10 15:44:23,2024-05-10 20:09:00,31.754,56.62,100,Level2,North Heather,7.24
497,44,20,2023-07-17 06:30:38,2023-07-18 06:40:31,45.913,37.83,89.13,Level1,Loganborough,7.0
498,18,34,2023-01-01 14:31:53,2023-01-02 02:12:31,22.187,21.17,47.52,Level1,North Jenniferside,4.07
499,45,36,2023-08-11 09:10:49,2023-08-11 10:03:46,44.138,44.62,100,DCFC,East Richardburgh,13.68
500,47,16,2024-08-24 20:45:20,2024-08-25 11:30:23,28.027,56.14,100,Level1,Sethberg,6.22
501,18,12,2023-04-09 09:20:02,2023-04-10 10:26:36,47.708,43.34,100,Level1,West Amanda,14.05
502,9,33,2024-11-03 00:37:25,2024-11-03 21:17:06,39.257,41.32,100,Level1,Joshuaview,8.96
503,36,20,2024-10-30 21:05:12,2024-10-31 08:35:21,21.855,51.4,85.98,Level1,Perezville,6.08
504,41,6,2023-05-29 06:25:50,2023-05-29 07:10:57,37.6,17.05,92.4,DCFC,West Jeffreyview,9.88
505,37,5,2024-05-07 04:58:48,2024-05-08 00:50:06,37.725,58.59,100,Level1,Anthonychester,5.53
506,31,36,2024-08-07 00:47:43,2024-08-07 01:18:42,25.83,29.84,58.7,DCFC,Lake Melissa,6.07
507,31,33,2023-04-05 21:53:55,2023-04-05 22:53:04,49.297,44.92,100,DCFC,Erictown,16.36
508,38,26,2023-09-30 11:38:26,2023-09-30 12:00:05,18.05,40.32,69.67,DCFC,Cuevasview,2.23
509,45,11,2024-07-03 17:40:35,2024-07-03 23:17:23,40.416,41.34,92.05,Level2,Chapmanland,5.04
510,41,21,2023-03-06 08:50:28,2023-03-06 09:35:31,37.545,18.57,93.81,DCFC,North Josephside,11.3
511,47,11,2024-08-18 16:02:06,2024-08-18 16:56:29,45.324,21.45,92.38,DCFC,Timborough,9.74
512,33,19,2023-12-06 10:12:12,2023-12-06 17:12:57,50.49,45.06,100,Level2,Port Dorismouth,9.85
513,7,29,2023-03-10 17:40:53,2023-03-10 18:08:10,22.744,36.94,66.71,DCFC,Kennedyberg,7.75
514,32,14,2024-03-09 05:02:56,2024-03-09 05:38:38,29.756,56.37,100,DCFC,Boothville,10.31
515,46,37,2024-12-10 20:05:55,2024-12-11 00:50:05,34.101,46.8,100,Level2,Hughesside,4.12
516,37,29,2024-10-03 14:00:14,2024-10-04 23:46:58,64.18,13.83,84.28,Level1,Jeffreybury,14.42
517,32,1,2023-12-12 16:27:08,2023-12-12 18:57:34,18.053,26.3,52.77,Level2,West Benjaminfurt,4.39
518,3,19,2024-02-01 02:02:55,2024-02-01 02:43:24,33.741,25.72,63.21,DCFC,Dickersonside,8.97
519,8,5,2024-04-25 06:46:20,2024-04-25 17:13:44,19.868,51.36,87.95,Level1,Michaelchester,6.77
520,18,2,2023-12-06 02:32:06,2023-12-06 13:43:45,21.269,18.0,43.26,Level1,South Robertburgh,7.38
521,32,18,2024-02-12 12:45:15,2024-02-12 13:19:35,28.624,58.03,100,DCFC,New Chelseyberg,8.65
522,25,2,2024-11-22 21:28:36,2024-11-23 05:50:51,60.27,29.84,94.3,Level2,Michaelberg,17.01
523,42,23,2023-10-04 17:39:31,2023-10-04 22:10:00,32.458,13.12,56.34,Level2,Friedmantown,7.7
524,48,23,2024-01-02 12:03:47,2024-01-02 13:10:30,55.603,22.46,79.14,DCFC,Hayleymouth,11.27
525,35,19,2024-06-19 16:49:26,2024-06-19 18:51:36,14.661,10.81,36.99,Level2,New Meganhaven,3.97
526,23,3,2024-11-13 19:15:25,2024-11-13 20:03:00,39.658,49.8,100,DCFC,Adamsbury,6.13
527,29,35,2024-01-27 03:53:11,2024-01-27 11:38:28,14.734,28.14,58.21,Level1,Andersonside,4.67
528,14,24,2023-06-03 12:10:50,2023-06-03 12:37:08,21.925,18.04,64.1,DCFC,North Stephanieside,7.32
529,22,35,2024-03-24 14:56:16,2024-03-24 16:12:20,63.394,20.66,87.25,DCFC,Lake Travischester,8.21
530,14,3,2023-01-04 02:27:09,2023-01-04 02:59:57,27.346,13.75,71.2,DCFC,Brownberg,7.82
531,15,20,2024-02-26 15:24:13,2024-02-26 17:42:17,16.569,43.88,64.54,Level2,East Mariestad,4.47
532,27,40,2023-10-10 18:25:01,2023-10-11 21:01:52,50.567,27.02,96.1,Level1,Lake Karlland,14.91
533,4,11,2024-01-17 11:52:09,2024-01-17 16:50:05,35.752,29.78,90.48,Level2,Lake Dustin,6.6
534,36,5,2023-07-08 20:12:45,2023-07-08 20:58:10,37.85,22.31,82.2,DCFC,East Stephenfort,6.37
535,17,30,2023-10-30 17:25:55,2023-10-30 19:05:59,12.008,26.38,51.66,Level2,Whiteside,3.8
536,6,27,2024-01-30 19:39:31,2024-01-31 04:02:30,15.928,52.48,83.17,Level1,Lake Daletown,3.78
537,35,27,2024-08-28 05:36:07,2024-08-28 21:51:56,30.901,24.04,79.22,Level1,South John,3.09
538,10,20,2024-04-11 07:13:27,2024-04-11 08:05:16,43.193,35.82,100,DCFC,South Dawnport,13.34
539,17,23,2024-09-12 02:14:02,2024-09-12 05:49:12,25.821,25.37,79.73,Level2,New Brendabury,6.19
540,18,30,2023-07-06 22:32:00,2023-07-06 23:22:44,42.285,37.45,87.67,DCFC,Josephborough,11.23
541,12,23,2023-07-22 18:09:45,2023-07-22 22:14:07,29.325,23.55,76.01,Level2,Shannonmouth,7.49
542,6,39,2024-09-01 20:34:10,2024-09-02 00:08:18,25.696,50.49,100,Level2,Salinasland,8.27
543,23,24,2024-12-02 21:39:13,2024-12-02 22:41:06,51.579,25.85,91.14,DCFC,East Jennifer,14.95
544,39,17,2023-01-25 01:31:50,2023-01-25 15:24:30,26.368,54.46,100,Level1,Collinsmouth,2.79
545,1,40,2024-03-22 09:03:58,2024-03-22 11:29:40,17.484,24.53,61.97,Level2,Jameston,3.08
546,4,24,2023-10-17 09:49:35,2023-10-17 13:10:08,24.067,28.24,69.1,Level2,Petersmouth,2.83
547,32,8,2023-03-14 20:07:41,2023-03-15 02:06:14,43.027,36.91,100,Level2,Millschester,6.76
548,48,8,2024-06-04 05:22:29,2024-06-05 06:56:33,48.579,11.01,60.53,Level1,Ayalahaven,15.38
549,48,24,2023-04-19 09:23:52,2023-04-19 10:33:56,58.389,34.37,93.89,DCFC,Dennisview,17.72
550,32,4,2023-04-08 04:29:38,2023-04-09 03:19:08,43.368,28.95,92.54,Level1,North Malik,12.32
551,34,23,2023-02-14 01:23:10,2023-02-14 04:44:17,24.134,54.89,100,Level2,Carterfurt,7.96
552,15,18,2024-06-24 12:55:56,2024-06-24 13:18:47,19.047,40.6,64.35,DCFC,Port Williamport,2.58
553,43,10,2024-03-12 03:29:25,2024-03-13 03:08:26,44.936,13.66,69.69,Level1,Warnerberg,10.76
554,11,20,2024-05-21 10:26:32,2024-05-21 23:27:15,24.723,33.8,86.18,Level1,Lake Kevinmouth,8.44
555,44,14,2024-09-02 21:56:08,2024-09-02 22:32:46,30.537,29.52,63.64,DCFC,Meganshire,6.26
556,21,35,2024-09-20 04:38:40,2024-09-20 05:31:39,44.153,41.13,100,DCFC,Florestown,7.4
557,40,28,2023-03-28 17:17:03,2023-03-28 19:52:06,18.607,57.62,78.74,Level2,North Taraside,4.76
558,26,18,2024-09-24 22:21:00,2024-09-25 02:03:28,26.697,47.55,100,Level2,Elliottport,7.08
559,10,9,2024-07-03 19:44:46,2024-07-03 20:11:32,22.31,14.04,47.19,DCFC,New Christopher,2.93
560,45,21,2023-01-22 22:49:16,2023-01-23 04:09:59,38.487,51.71,100,Level2,Ortizfort,5.42
561,49,1,2024-08-19 16:35:31,2024-08-19 22:53:48,45.395,47.03,100,Level2,Gregoryborough,4.58
562,17,39,2024-10-03 22:14:33,2024-10-04 07:35:33,17.765,30.63,68.03,Level1,Lake Daniel,3.68
563,17,1,2024-05-28 02:52:36,2024-05-28 03:25:01,27.023,40.81,97.7,DCFC,Amyville,6.97
564,30,23,2023-07-04 18:15:43,2023-07-05 03:47:48,18.116,52.53,93.24,Level1,Castroton,4.33
565,40,26,2024-06-22 09:05:52,2024-06-22 12:45:05,26.307,22.14,52.0,Level2,New Jessicafurt,8.07
566,37,4,2024-12-01 04:40:03,2024-12-02 06:54:49,49.868,32.74,87.48,Level1,Lake Brandonbury,9.69
567,22,20,2023-02-03 08:54:02,2023-02-03 15:41:34,48.904,24.81,76.18,Level2,Castilloside,9.87
568,38,9,2024-01-30 13:29:11,2024-01-30 14:07:29,31.919,18.36,70.26,DCFC,Port Brittneystad,9.63
569,26,28,2023-11-10 04:30:04,2023-11-10 09:20:17,34.826,17.87,86.29,Level2,South Robertberg,11.14
570,40,38,2024-03-13 06:41:32,2024-03-13 07:28:23,39.046,55.68,100,DCFC,Trevorfurt,13.11
571,4,31,2024-12-23 02:22:02,2024-12-23 02:47:16,21.039,59.82,95.54,DCFC,West John,6.4
572,49,39,2023-04-15 14:55:45,2023-04-16 14:54:42,45.567,46.83,100,Level1,Millerberg,8.69
573,6,31,2023-03-04 17:06:41,2023-03-04 20:51:30,26.978,48.02,100,Level2,Riveraland,4.72
574,4,1,2024-12-02 01:51:31,2024-12-02 21:57:32,38.191,35.16,100,Level1,Lake Linda,10.81
575,25,25,2024-02-08 01:17:06,2024-02-08 01:50:40,27.985,30.62,60.55,DCFC,South Kevinstad,9.02
576,33,7,2023-12-13 11:05:21,2023-12-14 12:20:32,47.981,33.1,85.31,Level1,Sydneyfort,7.39
577,41,34,2023-05-14 14:44:40,2023-05-14 15:06:25,18.134,59.15,95.49,DCFC,South Hollytown,3.06
578,49,7,2023-11-27 20:05:44,2023-11-28 18:03:10,41.719,51.32,100,Level1,Traceyview,13.84
579,38,2,2023-07-20 02:22:48,2023-07-20 02:51:06,23.591,28.11,66.47,DCFC,Kennethport,4.08
580,13,32,2023-07-10 12:57:16,2023-07-10 13:41:51,37.166,36.44,97.77,DCFC,West Nicole,10.17
581,6,26,2023-08-08 21:42:04,2023-08-09 02:24:29,33.891,34.7,100,Level2,West Seth,4.77
582,25,35,2024-07-07 23:52:18,2024-07-08 03:07:01,23.366,26.45,51.44,Level2,South Michaelberg,6.96
583,46,7,2024-05-31 19:47:52,2024-06-01 13:45:20,34.12,46.77,100,Level1,North Melissa,10.82
584,26,23,2023-01-06 14:16:50,2023-01-06 14:44:50,23.338,35.33,81.18,DCFC,West Amyburgh,3.24
585,26,8,2024-11-01 11:48:49,2024-11-02 00:50:19,24.748,51.38,100,Level1,Diazborough,3.46
586,44,25,2023-04-26 10:31:05,2023-04-26 16:10:08,40.687,54.54,100,Level2,North Nicole,7.46
587,46,19,2023-06-02 00:40:13,2023-06-02 12:41:02,22.826,39.02,74.63,Level1,Lake Timothytown,5.35
588,45,2,2024-06-30 15:41:07,2024-06-30 16:28:55,39.842,45.36,95.35,DCFC,Wilsontown,12.48
589,45,3,2024-04-21 02:11:05,2024-04-21 07:43:30,39.89,13.65,63.7,Level2,West Danielchester,11.67
590,15,19,2024-09-17 15:21:32,2024-09-17 18:10:25,20.267,59.17,84.44,Level2,Christopherstad,4.93
591,49,12,2023-11-16 02:25:27,2023-11-16 03:13:25,39.979,36.73,83.38,DCFC,Smithfurt,5.33
592,5,36,2024-11-23 12:38:00,2024-11-23 13:16:32,32.124,57.62,100,DCFC,Rickyborough,5.29
593,29,25,2024-08-10 09:31:23,2024-08-10 12:47:25,23.525,17.5,65.51,Level2,Lake Loritown,7.15
594,25,19,2023-01-17 15:59:49,2023-01-17 17:01:10,51.135,41.66,96.35,DCFC,Lake Mollyview,15.68
595,11,16,2024-04-25 07:16:53,2024-04-25 10:43:20,24.775,47.51,100,Level2,Cannonport,7.49
596,7,14,2023-05-03 20:59:45,2023-05-04 07:12:19,19.398,22.8,48.19,Level1,North Andrewbury,6.58
597,44,33,2024-10-21 00:55:42,2024-10-21 01:35:56,33.536,20.98,58.45,DCFC,East Johnland,11.45
598,41,25,2023-10-25 05:03:09,2023-10-25 08:29:34,24.77,50.36,100,Level2,Lake Carla,2.67
599,36,30,2024-06-05 14:17:14,2024-06-05 17:36:50,23.953,24.16,62.06,Level2,Lake Cassandra,4.16
600,22,39,2024-03-19 12:45:02,2024-03-19 15:52:44,22.524,47.31,70.97,Level2,West Stephanie,4.71
601,39,34,2024-10-01 14:37:58,2024-10-01 15:22:44,37.317,26.84,91.29,DCFC,Lake Patrickberg,10.49
602,29,8,2024-02-10 04:40:21,2024-02-11 00:55:57,38.494,15.75,94.31,Level1,South Jeffery,8.95
603,18,39,2024-05-03 20:51:33,2024-05-03 21:25:29,28.291,18.58,52.18,DCFC,South Julie,5.14
604,21,3,2023-03-27 14:12:28,2023-03-27 14:49:51,31.162,58.45,100,DCFC,Port Jamesville,5.07
605,8,14,2024-07-15 20:20:57,2024-07-16 09:39:19,25.282,15.2,61.76,Level1,Carolineland,4.62
606,30,15,2024-03-20 00:53:32,2024-03-20 01:26:56,27.839,19.83,82.39,DCFC,West Nancy,8.31
607,28,21,2024-08-03 20:25:56,2024-08-04 08:51:34,23.612,57.51,98.15,Level1,North Teresa,4.86
608,14,34,2023-02-08 16:12:56,2023-02-08 19:53:24,26.456,44.42,100,Level2,Allenshire,2.69
609,14,28,2023-05-02 20:57:21,2023-05-02 21:21:44,20.325,57.3,100,DCFC,Snyderton,3.38
610,37,20,2024-06-20 14:38:15,2024-06-20 23:49:47,66.184,17.55,90.2,Level2,Wellston,17.66
611,24,1,2024-05-20 03:53:51,2024-05-21 00:03:57,38.32,35.89,76.44,Level1,Port Coleport,12.42
612,16,24,2023-10-12 01:43:59,2023-10-12 05:12:02,24.966,58.32,100,Level2,Jessicaville,3.77
613,12,11,2023-01-23 07:17:11,2023-01-23 07:48:52,26.413,39.32,86.57,DCFC,Ericabury,8.88
614,17,7,2023-09-04 14:24:21,2023-09-05 03:49:51,25.508,46.3,100,Level1,Chenport,6.76
615,11,24,2023-05-15 10:28:31,2023-05-15 14:28:01,28.74,39.11,100,Level2,New Shannonville,9.57
616,16,15,2024-07-18 16:01:15,2024-07-18 16:33:59,27.29,54.44,100,DCFC,Garnerton,8.18
617,9,26,2024-05-17 01:34:52,2024-05-17 08:09:58,47.412,29.13,100,Level2,North Timothyberg,6.16
618,13,38,2023-04-29 19:15:21,2023-04-29 19:32:47,14.538,47.37,71.36,DCFC,North Christopher,4.11
619,4,17,2023-04-16 15:03:05,2023-04-17 03:33:58,23.778,44.39,84.76,Level1,Campbellstad,4.79
620,35,19,2024-03-22 20:37:20,2024-03-22 20:57:09,16.514,38.05,67.54,DCFC,North Keith,4.92
621,42,7,2024-03-27 19:02:07,2024-03-27 21:51:47,20.36,47.23,74.34,Level2,Kristenchester,2.99
622,17,12,2023-11-13 01:18:16,2023-11-13 14:55:09,25.868,30.82,85.28,Level1,Matthewburgh,6.79
623,38,33,2023-05-11 14:43:06,2023-05-11 17:44:37,21.783,53.4,88.82,Level2,Michaelfurt,3.98
624,44,39,2024-02-04 09:09:54,2024-02-05 03:54:46,35.621,18.46,58.26,Level1,Gillfort,10.18
625,3,37,2024-09-10 06:06:45,2024-09-11 15:36:24,63.639,23.86,94.57,Level1,South Janet,8.66
626,8,33,2023-11-12 01:58:27,2023-11-12 03:43:53,12.652,41.44,64.74,Level2,Karenborough,2.83
627,43,10,2023-04-28 12:10:12,2023-04-28 17:35:24,39.025,51.34,100,Level2,Stephaniemouth,8.64
628,42,19,2024-10-23 04:28:52,2024-10-24 04:17:58,45.255,13.75,74.01,Level1,Maryhaven,5.3
629,5,1,2023-01-14 21:19:45,2023-01-15 01:35:49,30.729,43.93,84.47,Level2,Bowmanhaven,7.19
630,44,34,2024-07-20 23:44:56,2024-07-21 00:43:17,48.634,45.66,100,DCFC,Lake Rachel,13.91
631,25,37,2024-09-09 09:30:46,2024-09-09 10:41:48,59.204,23.69,87.01,DCFC,Jamieburgh,7.02
632,6,15,2023-02-19 13:56:11,2023-02-19 16:46:45,20.469,58.39,97.83,Level2,New John,5.11
633,2,34,2023-03-02 11:06:47,2023-03-02 11:48:46,34.988,18.56,76.68,DCFC,North Tanyamouth,11.29
634,27,12,2023-08-18 01:13:07,2023-08-18 02:16:19,52.675,28.04,100,DCFC,Jeffersonfort,16.45
635,49,28,2023-01-14 09:17:24,2023-01-15 03:12:03,34.031,29.73,69.44,Level1,Melanieville,3.65
636,44,34,2023-04-14 05:44:09,2023-04-14 13:41:38,57.298,35.98,100,Level2,Bonnieville,5.76
637,34,14,2024-10-09 05:06:34,2024-10-09 05:26:53,16.933,46.74,78.39,DCFC,Riggsville,2.94
638,43,19,2024-01-07 06:54:11,2024-01-07 07:46:11,43.34,45.96,100,DCFC,West Jacobtown,10.83
639,45,37,2023-04-28 06:50:16,2023-04-28 08:00:28,58.508,19.92,93.33,DCFC,Hancockborough,10.7
640,25,17,2024-02-09 02:18:41,2024-02-09 14:43:37,23.59,52.08,77.31,Level1,Benjaminberg,2.59
641,16,11,2023-09-10 14:46:35,2023-09-11 02:40:27,22.606,30.49,68.23,Level1,New Olivia,7.45
642,14,26,2023-08-04 05:39:58,2023-08-04 06:23:21,36.162,20.83,96.8,DCFC,New Joel,9.85
643,19,3,2024-05-23 20:09:05,2024-05-24 03:05:10,49.931,13.7,68.21,Level2,Brittneyville,14.7
644,8,1,2023-09-21 06:50:51,2023-09-21 10:02:15,22.969,57.7,100,Level2,Port Michael,5.07
645,42,22,2023-09-16 18:09:22,2023-09-17 00:54:09,48.575,17.12,81.8,Level2,Mathewsstad,6.2
646,28,24,2023-11-28 03:32:00,2023-11-28 03:52:15,16.878,13.24,42.29,DCFC,Jordanmouth,2.4
647,44,35,2023-01-07 06:39:56,2023-01-07 21:29:23,28.166,34.23,65.7,Level1,Lake Danielle,6.32
648,47,15,2024-04-10 09:17:45,2024-04-10 19:35:26,19.56,13.8,44.41,Level1,Vanessafurt,5.88
649,20,25,2024-01-04 19:44:29,2024-01-05 11:08:53,29.273,15.93,68.58,Level1,North John,8.93
650,1,4,2024-11-13 02:54:07,2024-11-13 03:28:26,28.608,33.56,94.82,DCFC,Port Matthew,7.07
651,30,2,2024-04-22 03:42:07,2024-04-22 08:07:00,31.786,28.57,100,Level2,East Dakotaborough,9.05
652,15,28,2023-12-11 02:45:09,2023-12-11 03:05:38,17.083,48.18,69.48,DCFC,Port Benjaminfort,4.81
653,47,35,2024-01-13 15:10:37,2024-01-13 15:53:44,35.944,33.2,89.45,DCFC,East Maria,12.28
654,26,31,2024-08-23 17:14:55,2024-08-23 20:04:14,20.319,12.47,52.39,Level2,Port Diana,6.82
655,32,21,2023-06-30 21:08:27,2023-06-30 21:43:00,28.801,41.93,84.16,DCFC,Adamsfurt,3.82
656,19,22,2023-05-31 05:49:36,2023-06-01 12:00:05,57.332,29.3,91.89,Level1,Jessicamouth,8.54
657,12,19,2024-03-10 22:37:38,2024-03-11 12:35:46,26.541,23.07,70.55,Level1,Floresborough,3.29
658,25,13,2024-05-19 13:12:37,2024-05-19 18:51:19,40.644,56.53,100,Level2,Scottchester,12.57
659,16,37,2023-07-15 00:06:46,2023-07-15 03:51:44,26.997,54.93,100,Level2,East Andrewshire,9.21
660,41,20,2023-04-29 05:39:16,2023-04-29 06:06:31,22.719,20.27,65.8,DCFC,Hernandeztown,5.53
661,1,35,2023-03-20 01:27:59,2023-03-20 12:53:09,21.697,13.52,59.98,Level1,South Rebeccaburgh,5.38
662,37,17,2024-11-11 05:05:39,2024-11-12 12:29:57,59.67,24.95,90.45,Level1,New Caleb,12.65
663,3,11,2024-11-22 21:51:58,2024-11-22 22:33:16,34.425,10.02,48.27,DCFC,East Bryanborough,11.73
664,2,26,2023-11-10 01:48:04,2023-11-10 02:12:42,20.54,58.28,92.4,DCFC,Lake Donna,6.67
665,32,30,2023-02-18 22:42:23,2023-02-18 22:59:45,14.486,33.75,54.99,DCFC,Matthewton,2.2
666,6,17,2024-08-12 04:59:45,2024-08-12 08:32:32,25.535,50.8,100,Level2,Owenmouth,6.28
667,6,28,2023-11-24 05:13:36,2023-11-24 05:51:36,31.68,34.01,95.05,DCFC,South Joseph,6.18
668,6,15,2024-11-09 22:24:35,2024-11-10 13:25:41,28.535,45.02,100,Level1,Candaceville,9.96
669,11,40,2024-06-22 15:19:34,2024-06-23 07:09:20,30.076,36.28,100,Level1,Tylerside,4.81
670,32,5,2024-11-23 13:18:03,2024-11-23 13:34:30,13.715,11.97,32.08,DCFC,West Chasefurt,3.44
671,45,19,2023-05-07 13:27:02,2023-05-07 14:04:18,31.059,53.63,92.6,DCFC,Robertsonview,4.78
672,37,8,2023-01-24 15:41:26,2023-01-24 16:53:19,59.907,34.24,100,DCFC,South Adamland,6.7
673,39,39,2024-11-26 16:44:24,2024-11-26 17:25:40,34.393,11.47,70.87,DCFC,Ryanland,4.13
674,17,34,2024-12-03 01:06:23,2024-12-03 01:38:55,27.123,42.9,100,DCFC,East Marytown,5.52
675,2,28,2024-09-18 18:40:38,2024-09-19 06:10:20,21.841,50.39,86.67,Level1,Mariamouth,2.35
676,26,33,2023-10-20 23:23:29,2023-10-21 01:53:10,17.963,11.31,46.6,Level2,Harrisborough,3.18
677,14,1,2024-12-06 11:39:06,2024-12-06 16:18:35,33.539,27.41,97.87,Level2,Stephenschester,9.1
678,27,15,2024-03-16 07:57:02,2024-03-16 08:59:35,52.126,28.79,100,DCFC,East Tiffany,13.28
679,31,37,2023-05-02 07:10:04,2023-05-02 12:21:09,37.33,48.92,90.63,Level2,Leeport,7.05
680,5,20,2024-08-01 06:42:58,2024-08-02 00:18:20,33.42,55.91,100,Level1,West Michael,11.63
681,8,10,2024-04-18 04:13:30,2024-04-18 09:02:39,34.698,10.17,74.07,Level2,Perezville,11.53
682,3,39,2024-01-23 01:32:12,2024-01-23 02:53:55,68.103,18.02,93.69,DCFC,East Heidimouth,8.17
683,15,25,2024-11-08 12:13:53,2024-11-08 22:01:41,18.614,35.16,58.37,Level1,North Alexafurt,2.85
684,45,10,2023-05-30 11:56:28,2023-05-30 14:29:49,18.403,35.48,58.57,Level2,Martinmouth,3.7
685,1,31,2024-05-04 07:52:25,2024-05-04 11:28:47,25.965,34.91,90.51,Level2,Silvahaven,7.2
686,27,8,2024-11-21 15:14:55,2024-11-21 19:35:27,31.264,57.29,100,Level2,Goodmanburgh,3.4
687,15,40,2023-03-18 05:02:57,2023-03-18 05:34:24,26.209,51.03,83.71,DCFC,Lake Robert,3.5
688,19,28,2024-09-03 09:54:36,2024-09-03 14:56:25,36.219,30.14,69.68,Level2,New Jennifer,4.36
689,30,38,2023-08-11 17:22:05,2023-08-11 17:52:38,25.463,35.04,92.26,DCFC,North Joshuahaven,4.19
690,41,19,2024-09-11 20:33:41,2024-09-11 21:07:39,28.313,32.75,89.49,DCFC,Hensleymouth,3.9
691,22,15,2023-08-30 06:49:27,2023-08-31 18:03:30,66.945,13.79,84.11,Level1,North Lindaview,22.91
692,18,29,2024-03-09 12:55:51,2024-03-09 13:32:10,30.27,32.44,68.39,DCFC,Choiton,5.75
693,25,29,2024-04-30 23:21:34,2024-05-02 00:47:10,48.311,20.16,71.83,Level1,South Diane,6.01
694,5,7,2023-09-25 12:39:53,2023-09-26 17:02:01,53.901,16.01,87.12,Level1,Hebertmouth,6.1
695,14,21,2023-01-25 20:16:29,2023-01-25 20:44:10,23.076,41.63,90.11,DCFC,Davidsonton,7.52
696,27,36,2024-02-08 08:19:28,2024-02-08 13:00:26,33.716,45.99,92.05,Level2,Davidland,10.58
697,23,15,2023-09-28 10:13:13,2023-09-28 11:21:01,56.501,26.08,97.6,DCFC,Nicolebury,5.94
698,42,21,2024-08-14 20:38:30,2024-08-14 21:29:10,42.236,21.7,77.94,DCFC,South Tyler,4.32
699,13,27,2023-11-21 09:53:17,2023-11-21 14:17:57,31.76,11.22,63.63,Level2,East Tylershire,9.14
700,28,36,2024-04-23 12:02:40,2024-04-23 18:37:41,12.509,50.52,72.05,Level1,New John,1.85
701,44,36,2024-06-01 03:58:40,2024-06-01 04:34:11,29.607,58.5,91.58,DCFC,Hallfort,5.96
702,40,7,2023-04-18 18:31:11,2023-04-19 01:55:56,53.371,32.33,92.91,Level2,Carrillomouth,12.71
703,44,6,2024-05-17 03:11:36,2024-05-18 13:06:15,64.431,10.82,82.81,Level1,Davidview,21.35
704,40,26,2023-02-19 15:13:06,2023-02-19 20:15:26,36.28,56.07,97.25,Level2,North Paulchester,7.65
705,15,9,2023-11-20 23:08:55,2023-11-20 23:34:13,21.093,52.59,78.89,DCFC,Brittanyborough,6.81
706,6,6,2023-04-21 23:35:20,2023-04-21 23:55:14,16.592,22.28,54.25,DCFC,Lake Robyn,3.8
707,45,14,2023-09-10 10:14:17,2023-09-10 15:40:03,39.093,49.34,98.39,Level2,Craigton,12.35
708,46,27,2024-08-03 03:22:38,2024-08-04 00:00:50,39.21,23.14,84.31,Level1,Shelialand,6.33
709,16,26,2023-09-25 09:35:03,2023-09-25 09:58:44,19.743,21.81,54.77,DCFC,Lake Tinachester,3.17
710,1,11,2024-08-25 01:20:03,2024-08-25 01:43:36,19.628,30.02,72.05,DCFC,Katelynview,2.41
711,28,12,2023-06-25 08:35:21,2023-06-25 21:47:45,25.093,40.03,83.22,Level1,Bradleyfort,3.51
712,27,37,2024-02-11 13:32:48,2024-02-11 19:34:39,43.422,28.46,87.78,Level2,North Brendahaven,6.81
713,49,1,2023-06-21 12:03:38,2023-06-21 13:03:20,49.757,41.94,100,DCFC,Ashleyside,11.34
714,27,17,2024-09-15 11:09:09,2024-09-15 14:15:48,22.399,51.96,82.56,Level2,Mcleanfort,7.15
715,2,22,2024-10-15 19:57:24,2024-10-15 23:25:47,25.007,20.72,62.26,Level2,North Susan,3.84
716,43,31,2023-09-10 02:54:23,2023-09-10 03:15:13,17.371,16.44,38.1,DCFC,Pearsonton,3.75
717,22,5,2023-05-10 01:06:35,2023-05-10 04:07:47,21.744,44.34,67.18,Level2,Port Barbaramouth,6.71
718,33,11,2024-09-03 02:38:20,2024-09-03 03:35:28,47.613,22.01,73.82,DCFC,Jamesland,10.17
719,31,13,2024-03-07 01:10:30,2024-03-07 06:45:27,40.194,23.42,68.33,Level2,West Sherryland,8.76
720,45,24,2023-11-12 03:40:01,2023-11-12 08:49:23,37.124,53.42,100,Level2,West Natalie,4.75
721,36,27,2024-10-22 03:18:00,2024-10-22 03:41:11,19.327,34.61,65.19,DCFC,Taylorland,4.99
722,27,22,2023-10-17 21:16:05,2023-10-18 20:01:59,43.254,10.17,69.26,Level1,Washingtonmouth,14.33
723,39,16,2023-02-15 15:17:26,2023-02-15 19:57:31,33.611,38.95,97.0,Level2,Nicholeton,5.21
724,30,7,2024-12-12 10:01:45,2024-12-12 20:59:58,20.844,49.41,96.25,Level1,Susanbury,6.85
725,27,28,2024-10-07 18:35:27,2024-10-07 19:36:46,51.101,24.58,94.39,DCFC,Combsside,15.46
726,41,12,2023-12-30 15:14:38,2023-12-30 17:11:26,14.017,58.7,86.79,Level2,East Karenton,2.06
727,17,18,2024-09-09 08:58:36,2024-09-09 11:06:15,15.319,54.71,86.96,Level2,Meyerbury,3.34
728,20,32,2024-06-01 07:26:48,2024-06-01 11:56:52,32.409,41.71,100,Level2,Davidchester,10.1
729,12,23,2023-12-26 05:37:50,2023-12-26 10:08:29,32.478,41.9,100,Level2,Blackburnhaven,4.44
730,49,40,2023-04-13 00:55:53,2023-04-14 01:12:25,46.124,36.82,90.64,Level1,Tiffanymouth,10.9
731,7,20,2023-09-25 14:05:16,2023-09-25 14:56:08,42.402,44.5,100,DCFC,Rachelburgh,7.17
732,7,38,2023-01-04 14:18:51,2023-01-04 17:13:44,20.987,46.16,73.63,Level2,North Luis,4.31
733,48,19,2023-09-16 17:59:40,2023-09-17 05:35:07,22.023,13.29,35.74,Level1,North Colton,2.37
734,27,40,2024-06-23 16:43:36,2024-06-23 21:53:25,37.178,17.87,68.66,Level2,South Joshuaburgh,6.94
735,33,20,2023-02-19 02:05:50,2023-02-19 05:30:37,24.574,49.87,76.61,Level2,New Joshua,6.94
736,28,32,2024-10-09 07:22:09,2024-10-10 05:12:53,41.507,17.91,89.35,Level1,Lake Richard,13.24
737,6,28,2023-09-22 19:21:56,2023-09-22 22:49:40,24.928,24.48,72.51,Level2,Clarkside,5.02
738,18,26,2024-12-15 02:07:12,2024-12-15 05:02:58,21.092,50.02,75.07,Level2,West Taylor,6.18
739,23,40,2023-11-05 21:26:50,2023-11-06 01:31:04,29.309,51.78,88.88,Level2,Elizabethside,4.08
740,2,24,2023-05-13 08:18:27,2023-05-13 14:56:49,47.805,17.9,97.31,Level2,South Rebeccastad,10.35
741,29,24,2024-06-20 05:10:43,2024-06-20 05:40:10,24.554,47.84,97.95,DCFC,New Daniellefurt,4.43
742,9,21,2024-02-18 17:41:00,2024-02-18 21:47:25,29.57,39.49,83.69,Level2,New Lindsaymouth,7.92
743,11,22,2024-12-28 10:03:48,2024-12-28 10:32:42,24.096,42.77,93.82,DCFC,Duranborough,7.43
744,6,17,2023-02-03 15:24:42,2023-02-04 04:02:22,23.993,35.27,81.5,Level1,Kimberlyton,5.8
745,20,6,2023-08-01 15:20:46,2023-08-01 19:10:35,27.578,50.4,100,Level2,Tarafort,5.95
746,32,38,2023-05-11 20:15:38,2023-05-11 20:37:04,17.862,27.76,53.95,DCFC,New Eileen,4.25
747,44,27,2023-05-22 16:02:29,2023-05-22 16:48:40,38.494,56.99,100,DCFC,West Ashleyfurt,7.88
748,12,38,2024-10-04 15:42:59,2024-10-05 03:24:51,22.226,58.78,98.54,Level1,East Alexander,7.03
749,35,5,2024-01-20 12:18:35,2024-01-20 15:21:06,21.902,56.73,95.84,Level2,Brendamouth,4.71
750,31,17,2023-05-05 04:17:32,2023-05-05 09:24:17,36.811,52.13,93.26,Level2,Victoriafurt,5.56
751,50,3,2024-09-06 08:03:44,2024-09-07 01:14:30,32.641,50.99,100,Level1,Smithland,10.19
752,8,4,2024-01-03 03:24:34,2024-01-03 16:16:42,24.451,49.55,94.58,Level1,East Peggy,2.93
753,15,5,2023-06-03 04:19:22,2023-06-04 08:07:22,52.82,27.41,93.27,Level1,Joycetown,10.78
754,30,31,2023-02-26 15:01:19,2023-02-26 22:55:36,15.019,45.86,79.61,Level1,Port Kathryn,5.21
755,9,4,2023-04-29 01:43:38,2023-04-29 03:38:12,13.748,38.03,58.58,Level2,South Kristenfort,3.34
756,42,25,2023-07-01 11:49:53,2023-07-02 05:28:18,33.517,17.61,62.24,Level1,Lake Kayla,3.5
757,10,24,2023-04-29 23:54:10,2023-04-30 05:54:03,43.186,16.35,80.52,Level2,North Thomasmouth,13.92
758,26,22,2023-09-20 15:47:55,2023-09-21 03:51:32,22.915,54.98,100,Level1,Scotttown,5.82
759,10,33,2023-11-23 16:27:26,2023-11-24 07:01:32,27.68,42.67,83.8,Level1,West Davidfurt,7.95
760,7,25,2023-11-25 02:13:58,2023-11-25 03:10:04,46.757,30.72,91.92,DCFC,Bowenberg,14.79
761,35,23,2023-10-16 09:36:52,2023-10-16 10:10:56,28.392,49.3,100,DCFC,Kaylatown,3.98
762,19,3,2023-04-28 18:59:18,2023-04-29 01:22:39,46.002,47.58,97.8,Level2,East Helen,12.5
763,34,9,2024-12-06 14:38:50,2024-12-06 18:29:54,27.729,48.17,100,Level2,New Jesus,4.63
764,24,7,2024-04-15 22:43:47,2024-04-16 04:34:32,42.09,34.38,78.92,Level2,West Ryanton,12.2
765,37,30,2023-06-28 17:56:41,2023-06-28 23:56:45,43.209,26.41,73.84,Level2,North Timothyborough,10.45
766,22,9,2023-05-25 20:46:03,2023-05-26 03:05:11,45.496,52.21,100,Level2,Port Tannerton,8.43
767,1,33,2023-08-17 08:16:59,2023-08-17 08:50:20,27.805,34.43,93.97,DCFC,Andresstad,6.16
768,6,8,2024-12-19 15:08:49,2024-12-19 20:00:45,35.032,29.69,97.19,Level2,New Samuelville,7.3
769,48,25,2024-03-05 09:03:10,2024-03-05 21:23:15,23.436,42.82,66.71,Level1,South Ashleeland,2.73
770,38,19,2023-04-23 13:45:57,2023-04-23 19:06:46,38.499,37.4,100,Level2,Weeksside,5.59
771,21,34,2023-09-16 08:23:17,2023-09-16 13:36:28,37.582,49.89,100,Level2,New Christinamouth,3.95
772,5,37,2023-06-12 23:13:17,2023-06-13 00:16:51,52.984,30.1,100,DCFC,West Barbara,11.1
773,26,2,2023-09-20 15:32:08,2023-09-21 01:41:00,19.281,35.62,73.5,Level1,Alexisborough,6.46
774,49,5,2023-01-25 02:55:26,2023-01-25 05:53:33,21.374,38.69,63.63,Level2,Lake Stephanie,7.46
775,40,18,2024-07-31 06:48:42,2024-07-31 07:43:03,45.301,20.45,71.87,DCFC,West Ashleyside,6.71
776,46,36,2024-11-22 23:21:50,2024-11-23 04:23:06,36.152,14.72,71.12,Level2,Micheleland,10.29
777,23,17,2023-03-29 12:41:37,2023-03-29 18:25:00,41.206,34.24,86.4,Level2,Smithfort,10.89
778,4,5,2024-08-15 01:32:24,2024-08-15 02:18:42,38.591,34.48,100,DCFC,Huntmouth,4.87
779,3,38,2024-07-05 12:35:54,2024-07-06 17:00:18,53.973,40.03,100,Level1,Wellsbury,9.53
780,16,32,2024-12-02 08:43:06,2024-12-02 16:23:54,14.592,29.1,53.46,Level1,South Vanessa,3.69
781,29,35,2023-05-24 07:19:19,2023-05-24 09:23:24,14.891,37.75,68.14,Level2,Robertmouth,1.85
782,19,32,2024-04-26 16:37:07,2024-04-26 20:58:20,31.346,52.36,86.58,Level2,Rebeccaport,8.66
783,26,29,2023-03-10 09:39:08,2023-03-10 13:11:10,25.445,15.52,65.51,Level2,West Marisa,6.97
784,8,27,2024-07-17 13:47:13,2024-07-17 14:14:57,23.121,32.1,74.68,DCFC,Johnview,6.3
785,23,31,2024-09-17 23:12:37,2024-09-18 16:32:25,32.927,58.32,100,Level1,Nicolechester,7.92
786,10,3,2023-12-09 23:17:22,2023-12-10 21:43:17,42.621,36.67,100,Level1,Williamsland,14.45
787,32,22,2024-01-16 12:01:47,2024-01-16 12:33:35,26.509,26.35,65.22,DCFC,West Jeffrey,9.22
788,6,37,2023-05-03 15:49:00,2023-05-04 12:32:08,39.366,18.44,94.29,Level1,Kimberlyton,6.36
789,46,28,2024-12-07 09:52:13,2024-12-07 15:20:40,39.415,25.12,86.61,Level2,Gibsonview,7.16
790,35,33,2023-03-10 03:45:13,2023-03-10 07:05:53,24.08,19.38,62.38,Level2,Meyerville,4.94
791,11,5,2024-01-17 17:50:15,2024-01-18 08:31:08,27.895,40.9,100,Level1,Lake Jaimeville,4.2
792,7,7,2024-01-07 19:39:32,2024-01-08 01:02:19,38.735,49.3,100,Level2,Lake Danielside,13.38
793,23,27,2023-10-23 13:49:56,2023-10-24 15:23:56,48.577,38.51,100,Level1,Pruittville,10.7
794,37,18,2023-02-08 16:16:06,2023-02-08 20:21:28,29.444,45.14,77.46,Level2,Perezstad,6.02
795,30,3,2023-10-26 22:02:13,2023-10-27 05:33:34,14.293,15.1,47.22,Level1,New Meganburgh,4.49
796,26,5,2024-11-09 10:33:06,2024-11-09 18:50:24,15.748,21.2,52.14,Level1,Jamesside,4.04
797,14,6,2023-01-09 05:52:37,2023-01-09 06:09:57,14.447,34.69,65.04,DCFC,New Johnberg,3.58
798,1,8,2023-07-13 17:35:21,2023-07-14 01:59:15,15.957,48.32,82.49,Level1,South Dannyton,5.03
799,33,37,2024-03-01 17:20:14,2024-03-01 23:31:53,44.599,11.13,59.66,Level2,Lake Erinville,8.93
800,1,6,2023-02-08 11:06:15,2023-02-08 11:40:51,28.842,15.77,77.53,DCFC,South Crystal,3.92
801,27,1,2024-10-13 13:59:21,2024-10-13 14:21:24,18.381,47.48,72.59,DCFC,Kaylashire,4.51
802,45,38,2024-03-06 04:52:28,2024-03-06 05:41:15,40.663,28.35,79.37,DCFC,New Taylor,8.51
803,29,25,2024-11-17 02:24:00,2024-11-17 04:59:20,18.64,34.37,72.41,Level2,Jacksonville,4.83
804,8,14,2024-08-05 11:23:06,2024-08-05 14:26:35,22.019,40.37,80.92,Level2,New Kevinmouth,5.63
805,9,30,2023-06-21 18:25:07,2023-06-21 19:03:14,31.764,16.71,64.19,DCFC,Websterberg,6.52
806,45,36,2024-11-15 10:04:36,2024-11-16 04:40:49,35.347,18.25,62.6,Level1,West Vincent,8.41
807,26,12,2024-07-06 12:30:47,2024-07-07 04:54:48,31.161,38.78,100,Level1,Lake Mitchell,5.3
808,8,5,2023-10-30 04:32:17,2023-10-30 16:06:55,21.997,46.28,86.79,Level1,Herrerastad,5.76
809,46,35,2023-09-29 12:06:23,2023-09-29 22:15:53,19.301,45.46,75.57,Level1,Henrymouth,3.84
810,28,30,2023-08-11 14:55:54,2023-08-11 18:06:02,22.816,26.57,65.84,Level2,East Robertberg,5.16
811,38,37,2024-08-06 11:49:40,2024-08-06 17:33:15,41.23,10.14,77.18,Level2,Port Lisa,11.73
812,14,23,2023-06-06 09:49:08,2023-06-06 12:08:26,16.717,56.95,92.07,Level2,Starkside,2.58
813,49,40,2023-10-17 19:31:35,2023-10-17 20:04:02,27.055,18.34,49.91,DCFC,Rhondafort,6.71
814,39,29,2023-03-14 09:57:33,2023-03-14 10:23:10,21.354,32.35,69.23,DCFC,Larryburgh,2.16
815,15,15,2024-01-18 00:56:14,2024-01-18 06:27:15,39.723,44.67,94.2,Level2,Garciabury,8.53
816,27,25,2023-03-17 08:06:29,2023-03-17 08:38:54,27.018,29.6,66.51,DCFC,Dianeside,5.28
817,12,4,2024-05-03 11:19:54,2024-05-03 16:41:22,38.577,30.99,100,Level2,South Kennethtown,4.93
818,39,38,2024-05-31 15:06:47,2024-05-31 15:22:08,12.802,56.96,79.07,DCFC,Hopkinsbury,3.9
819,32,24,2024-12-19 07:49:46,2024-12-20 09:09:51,48.136,21.07,91.65,Level1,North Elizabethburgh,13.39
820,41,40,2024-12-29 23:35:37,2024-12-30 06:19:47,12.799,47.81,73.46,Level1,South William,1.75
821,45,17,2023-03-26 22:35:37,2023-03-27 23:31:38,47.374,34.19,93.63,Level1,Reginafurt,16.19
822,35,10,2024-08-14 02:56:00,2024-08-14 03:44:46,40.65,27.41,100,DCFC,East David,5.52
823,11,39,2023-02-21 21:51:41,2023-02-21 22:15:15,19.64,58.39,100,DCFC,Barreramouth,6.72
824,43,35,2023-07-28 19:45:44,2023-07-28 20:34:07,40.325,49.72,100,DCFC,Port Wendy,12.17
825,24,10,2024-01-19 15:43:12,2024-01-20 07:24:07,29.796,23.35,54.88,Level1,Lake Joseph,5.11
826,18,35,2023-04-08 00:42:03,2023-04-08 01:46:24,53.627,35.2,98.89,DCFC,South Bryanborough,17.83
827,9,23,2023-06-17 05:23:51,2023-06-17 10:29:58,36.735,32.25,87.16,Level2,North Lauren,9.08
828,49,16,2024-03-05 13:04:29,2024-03-05 14:17:17,60.667,11.05,81.84,DCFC,Christiantown,8.61
829,22,1,2024-07-15 22:24:51,2024-07-15 23:15:39,42.335,48.99,93.46,DCFC,Lopeztown,8.42
830,25,21,2024-02-27 01:29:52,2024-02-28 06:27:10,55.015,41.16,100,Level1,West Deborahfort,16.2
831,45,19,2023-05-12 09:01:44,2023-05-12 13:29:59,32.191,59.61,100,Level2,South Josephhaven,10.51
832,34,35,2023-12-14 17:35:09,2023-12-14 21:38:02,29.147,31.12,85.6,Level2,New Tonyaport,4.62
833,40,34,2023-11-02 13:57:35,2023-11-03 01:04:43,21.126,35.95,59.93,Level1,New Tanya,2.89
834,24,22,2024-11-04 06:07:33,2024-11-04 16:13:21,19.184,51.68,71.98,Level1,Ashleyfurt,6.64
835,8,24,2024-06-04 12:35:17,2024-06-04 13:25:38,41.963,20.89,98.17,DCFC,Barbaratown,13.52
836,39,13,2023-12-26 18:36:18,2023-12-26 19:12:19,30.021,36.98,88.83,DCFC,South Tammy,3.18
837,39,4,2023-01-24 15:59:30,2023-01-24 16:37:47,31.914,36.51,91.63,DCFC,West Johnville,5.25
838,5,21,2023-05-24 00:02:30,2023-05-24 04:38:28,33.117,56.31,100,Level2,Garyview,11.46
839,27,40,2024-03-09 00:10:00,2024-03-09 17:09:39,32.289,55.89,100,Level1,Lake Juanhaven,11.02
840,8,2,2023-09-25 19:39:26,2023-09-26 06:49:53,21.231,14.42,53.52,Level1,Frenchbury,2.98
841,48,15,2024-04-12 22:45:07,2024-04-13 08:06:59,67.424,15.01,83.74,Level2,West Hollyburgh,16.18
842,28,30,2023-07-31 00:30:30,2023-07-31 01:23:07,43.86,18.99,94.48,DCFC,New Elijah,14.64
843,6,29,2024-04-13 06:37:26,2024-04-13 07:02:58,21.289,58.98,100,DCFC,New Scott,6.94
844,3,30,2024-12-24 22:32:56,2024-12-25 01:07:21,18.531,21.07,41.66,Level2,North Alexander,5.42
845,45,35,2023-09-01 06:29:35,2023-09-02 03:05:52,39.149,50.88,100,Level1,Waltersland,10.12
846,14,18,2023-04-03 09:04:27,2023-04-03 17:03:13,15.161,42.89,74.74,Level1,Keithview,2.4
847,23,30,2024-05-17 08:43:58,2024-05-17 12:17:51,25.667,30.63,63.12,Level2,Sosaton,8.58
848,24,11,2023-02-06 17:32:56,2023-02-06 18:34:28,51.285,45.73,100,DCFC,Loriland,8.28
849,3,24,2023-07-27 21:03:32,2023-07-28 20:55:06,45.333,43.21,93.58,Level1,Lynchville,7.74
850,2,37,2024-11-08 22:35:19,2024-11-09 18:32:01,37.896,37.05,100,Level1,Amandaville,5.79
851,21,38,2023-12-10 17:31:39,2023-12-10 18:21:30,41.55,28.0,83.4,DCFC,East Karen,12.1
852,5,9,2024-08-24 08:23:34,2024-08-25 04:21:08,37.923,18.5,68.53,Level1,Lake Patrick,11.59
853,38,35,2024-09-09 07:56:26,2024-09-10 01:16:14,32.927,46.46,100,Level1,Scotttown,6.27
854,11,3,2023-06-23 21:21:21,2023-06-24 02:39:17,10.068,14.27,35.6,Level1,Danberg,2.27
855,3,6,2023-11-05 18:40:27,2023-11-06 02:34:40,56.907,14.19,77.42,Level2,North April,18.6
856,43,8,2023-03-03 06:46:32,2023-03-03 22:10:56,29.273,42.94,79.44,Level1,West Theresaberg,7.82
857,3,13,2024-01-30 01:28:24,2024-01-31 11:49:12,65.259,17.36,89.87,Level1,Lake Georgeberg,11.17
858,9,32,2024-02-28 13:27:29,2024-02-28 18:06:17,33.457,13.96,63.97,Level2,Port Debrashire,10.98
859,35,17,2023-04-23 13:05:48,2023-04-23 13:55:03,41.054,26.69,100,DCFC,South Hunter,9.67
860,48,7,2024-10-30 20:59:26,2024-11-01 05:19:00,61.42,37.39,100,Level1,Rodriguezburgh,11.43
861,44,17,2024-07-06 19:59:15,2024-07-06 20:32:06,27.378,19.13,49.72,DCFC,New Chelseyshire,7.75
862,24,17,2024-10-25 11:00:00,2024-10-25 19:11:05,58.93,22.76,85.12,Level2,Alvareztown,20.61
863,6,14,2024-08-31 02:00:03,2024-08-31 06:33:28,32.811,24.76,87.98,Level2,Mercedesstad,4.79
864,29,10,2023-03-29 19:24:07,2023-03-29 21:45:21,16.949,37.41,72.0,Level2,Samanthatown,3.92
865,47,36,2024-11-16 09:17:41,2024-11-16 09:54:18,30.519,52.24,100,DCFC,Kruegerberg,5.76
866,38,33,2023-03-28 20:47:34,2023-03-28 22:57:57,15.646,13.02,38.46,Level2,Francisland,3.4
867,8,18,2023-12-15 00:24:25,2023-12-15 03:42:28,23.767,17.08,60.85,Level2,East Katie,4.25
868,47,31,2023-05-28 07:42:27,2023-05-28 08:32:18,41.548,34.98,100,DCFC,Port Laura,11.79
869,36,31,2024-01-12 16:32:57,2024-01-12 17:04:04,25.937,42.6,83.64,DCFC,Lake Robertbury,4.93
870,1,33,2024-07-03 21:15:13,2024-07-04 00:11:56,21.206,54.59,100,Level2,Cruzmouth,6.73
871,25,19,2023-10-23 18:17:34,2023-10-23 21:11:24,20.86,40.55,62.86,Level2,Morganborough,7.17
872,20,1,2023-10-23 15:24:06,2023-10-23 15:54:24,25.254,51.29,96.71,DCFC,Laurastad,3.49
873,18,27,2024-03-21 16:17:57,2024-03-22 13:09:15,39.625,46.78,93.84,Level1,Pachecoberg,5.08
874,8,17,2023-01-21 10:06:22,2023-01-21 17:06:08,13.293,40.17,64.65,Level1,Joelstad,4.27
875,48,29,2024-03-03 01:55:59,2024-03-03 02:46:53,42.428,56.75,100,DCFC,Thompsontown,13.97
876,46,27,2023-01-04 00:05:40,2023-01-04 00:30:39,20.832,10.33,42.83,DCFC,North Rebeccatown,2.5
877,28,8,2024-02-25 04:40:24,2024-02-25 08:49:47,29.927,48.49,100,Level2,New Christinestad,3.78
878,27,17,2023-10-06 02:11:25,2023-10-06 02:33:20,18.271,25.2,50.16,DCFC,Lake John,4.41
879,13,34,2024-11-04 04:05:56,2024-11-04 17:48:26,26.046,57.02,100,Level1,Coxview,7.04
880,50,4,2023-04-20 05:04:17,2023-04-20 08:29:18,24.602,46.63,83.57,Level2,Ronaldhaven,2.81
881,34,2,2023-12-24 02:00:09,2023-12-24 16:19:15,27.205,25.56,76.41,Level1,North Jenniferchester,4.13
882,14,28,2023-05-01 05:55:44,2023-05-01 19:46:32,26.309,44.73,100,Level1,Powellchester,4.07
883,30,19,2024-06-06 22:44:01,2024-06-06 22:56:35,10.475,36.05,59.59,DCFC,Williamfort,1.62
884,44,1,2024-11-01 13:59:22,2024-11-01 18:06:36,29.669,30.72,63.87,Level2,Williamville,10.24
885,20,30,2023-06-01 15:14:22,2023-06-01 17:43:17,17.87,23.22,55.36,Level2,New Jasonbury,4.02
886,27,1,2023-07-22 16:37:20,2023-07-23 00:09:13,54.227,12.74,86.82,Level2,Staceyfurt,10.47
887,14,24,2024-12-07 12:17:45,2024-12-08 03:22:02,28.636,39.84,100,Level1,South Christophertown,8.21
888,13,13,2024-08-20 06:08:52,2024-08-20 06:40:00,25.949,57.18,100,DCFC,Julieport,3.37
889,38,20,2023-09-07 09:54:44,2023-09-07 10:19:00,20.227,57.41,90.3,DCFC,Murrayton,4.5
890,36,4,2023-08-07 17:07:12,2023-08-07 19:13:52,15.2,50.22,74.27,Level2,South Jennifer,3.92
891,40,36,2024-05-31 03:24:56,2024-05-31 10:41:50,52.428,26.51,86.02,Level2,Hullborough,8.27
892,6,30,2024-03-14 05:28:48,2024-03-14 06:08:00,32.676,37.04,100,DCFC,Port Matthew,9.47
893,19,29,2023-04-24 23:12:11,2023-04-25 03:06:18,28.094,15.04,45.71,Level2,Pamelaland,9.81
894,26,22,2023-12-02 17:10:44,2023-12-03 05:08:35,22.732,14.76,59.42,Level1,Lake Stephen,2.77
895,41,39,2023-05-30 12:01:02,2023-05-30 12:26:57,21.602,13.03,56.32,DCFC,Jamesberg,4.27
896,13,4,2024-02-12 04:01:53,2024-02-12 09:42:06,40.826,16.33,83.7,Level2,Zacharyfurt,5.5
897,25,34,2024-04-04 14:55:22,2024-04-04 15:24:01,23.88,39.94,65.48,DCFC,South Jayport,5.81
898,41,31,2024-11-10 03:46:23,2024-11-10 04:25:43,32.779,34.31,100,DCFC,New Timothy,8.14
899,42,25,2024-08-30 11:29:24,2024-08-30 22:51:00,21.584,19.66,48.4,Level1,Lake Melissa,5.22
900,6,22,2023-03-03 17:06:40,2023-03-04 13:09:49,38.1,26.59,100,Level1,West Jesse,7.39
901,25,3,2024-03-31 00:54:05,2024-03-31 01:26:04,26.657,51.25,79.76,DCFC,West Michaelburgh,6.19
902,23,13,2024-02-25 00:28:18,2024-02-25 23:37:06,43.979,44.33,100,Level1,Bradleyshire,6.38
903,25,17,2024-07-05 02:36:30,2024-07-05 06:04:04,24.908,42.82,69.46,Level2,Johnborough,8.18
904,36,13,2024-07-27 16:20:23,2024-07-27 16:53:15,27.391,56.66,100,DCFC,Mcculloughchester,5.68
905,22,2,2023-08-10 09:06:19,2023-08-10 09:50:10,36.547,15.45,53.84,DCFC,Archerside,11.97
906,25,3,2024-08-10 19:08:56,2024-08-11 02:01:44,49.536,25.13,78.11,Level2,West Jeffrey,12.34
907,9,29,2023-06-12 00:33:40,2023-06-12 05:27:25,35.25,28.03,80.72,Level2,Port Patricia,6.1
908,1,15,2024-02-26 16:14:50,2024-02-27 11:14:31,36.09,22.41,99.69,Level1,Devonberg,10.53
909,47,4,2024-02-25 15:30:25,2024-02-25 16:08:26,31.694,50.4,100,DCFC,Lake Tyler,9.66
910,9,22,2024-04-28 07:42:41,2024-04-28 08:11:30,24.024,54.08,89.99,DCFC,Lake Brandonstad,4.2
911,22,21,2023-03-13 21:15:33,2023-03-14 18:23:00,40.136,41.04,83.2,Level1,South Sandra,10.17
912,40,35,2024-01-24 23:10:03,2024-01-25 18:02:22,35.857,59.3,100,Level1,Lake Amandafurt,11.22
913,20,17,2023-08-15 03:01:47,2023-08-15 03:30:02,23.547,38.12,80.47,DCFC,Perezville,7.46
914,2,2,2023-04-09 13:02:50,2023-04-09 17:54:33,35.006,33.8,91.95,Level2,Lisaside,11.48
915,23,37,2023-11-14 21:37:42,2023-11-15 06:12:22,16.298,38.97,59.6,Level1,South Nicole,5.57
916,20,7,2023-03-21 02:13:02,2023-03-21 13:17:25,21.039,47.67,85.51,Level1,Robertfurt,5.55
917,4,31,2023-01-24 03:56:59,2023-01-24 09:52:56,42.714,26.59,99.11,Level2,South Kayla,8.09
918,9,23,2023-02-28 17:53:33,2023-02-28 18:21:08,22.987,47.09,81.45,DCFC,West Miguel,2.41
919,1,2,2024-10-08 01:05:35,2024-10-08 01:29:11,19.679,57.86,100,DCFC,Guzmanborough,4.26
920,12,37,2023-08-14 07:17:22,2023-08-14 07:43:44,21.985,48.37,87.7,DCFC,North Sharonhaven,5.08
921,29,21,2023-04-24 11:05:31,2023-04-25 00:22:53,25.25,48.47,100,Level1,South Roberthaven,3.94
922,41,30,2024-09-05 00:26:21,2024-09-05 00:54:58,23.857,13.23,61.04,DCFC,Lake Christopher,4.29
923,39,38,2024-06-12 10:52:54,2024-06-12 11:22:23,24.579,57.55,100,DCFC,Larafurt,4.66
924,45,19,2023-11-25 19:44:41,2023-11-26 12:05:44,31.067,49.05,88.03,Level1,North Donaldhaven,6.31
925,38,24,2023-02-27 21:17:31,2023-02-27 23:13:23,13.905,27.35,49.96,Level2,East Austin,1.44
926,3,10,2024-08-21 16:12:33,2024-08-22 21:36:21,55.854,37.94,100,Level1,East Nicolehaven,13.33
927,40,16,2024-12-15 20:09:00,2024-12-17 02:42:58,58.076,34.08,100,Level1,New Mark,8.91
928,43,30,2024-03-01 19:51:49,2024-03-01 22:18:11,17.564,50.25,72.15,Level2,Ryanville,2.58
929,18,31,2023-12-17 10:57:20,2023-12-18 04:17:45,32.947,20.99,60.12,Level1,Singhchester,5.97
930,27,3,2024-10-16 12:04:35,2024-10-16 12:45:04,33.738,53.91,100,DCFC,Smithmouth,4.92
931,14,22,2023-11-12 14:35:20,2023-11-12 20:21:39,10.967,34.62,57.66,Level1,South Cynthia,3.46
932,23,29,2024-09-04 22:20:29,2024-09-05 02:32:29,30.241,58.16,96.44,Level2,West Huntershire,5.44
933,34,39,2023-11-06 02:49:21,2023-11-07 00:47:48,41.751,16.24,94.28,Level1,South Michael,9.31
934,13,32,2024-01-31 02:27:44,2024-01-31 12:47:45,19.634,21.13,53.53,Level1,Wisefort,2.88
935,2,37,2023-12-31 05:16:22,2023-12-31 06:06:25,41.713,30.71,100,DCFC,Kathrynville,5.47
936,17,39,2024-12-01 05:30:02,2024-12-01 06:51:15,9.747,49.27,69.79,Level2,Taylorville,1.87
937,29,39,2023-03-23 13:09:39,2023-03-23 17:49:04,33.531,17.7,86.13,Level2,East Johnside,9.65
938,11,10,2023-01-08 09:13:39,2023-01-08 09:45:25,26.484,19.89,76.0,DCFC,East Deniseberg,3.57
939,6,4,2024-06-04 11:19:53,2024-06-04 21:51:12,19.992,28.85,67.37,Level1,Kingside,6.93
940,6,8,2023-11-07 06:27:04,2023-11-07 09:00:36,18.424,54.63,90.13,Level2,New Alyssa,3.29
941,11,32,2024-05-29 13:48:03,2024-05-29 17:30:55,26.744,20.1,76.76,Level2,Austinbury,5.49
942,3,3,2024-08-20 15:14:23,2024-08-20 18:22:42,22.599,11.75,36.86,Level2,West Loriburgh,3.93
943,34,7,2024-05-05 03:18:37,2024-05-05 06:48:33,25.193,46.44,93.53,Level2,Lake Megan,7.4
944,9,9,2023-08-01 05:55:53,2023-08-01 06:25:11,24.425,45.5,82.01,DCFC,Clintonton,5.03
945,10,14,2023-03-06 06:16:25,2023-03-06 06:39:55,19.591,23.55,52.66,DCFC,Goodmanport,6.5
946,46,16,2024-12-28 10:07:16,2024-12-29 04:37:19,35.152,21.94,76.78,Level1,Michaelaburgh,7.42
947,7,11,2023-09-28 09:14:38,2023-09-28 14:14:45,36.015,11.22,58.36,Level2,Heatherberg,9.86
948,19,3,2024-07-14 12:06:27,2024-07-14 15:38:07,25.401,21.47,49.2,Level2,North Susanside,3.51
949,23,22,2023-04-06 09:03:44,2023-04-07 03:41:22,35.392,55.2,100,Level1,New Tonihaven,7.21
950,7,29,2023-05-14 18:14:35,2023-05-14 19:05:11,42.18,44.79,100,DCFC,South Rebekah,4.37
951,24,23,2024-12-10 12:02:28,2024-12-11 14:39:55,50.586,46.47,100,Level1,South Stephanieview,12.4
952,32,14,2023-11-14 17:39:18,2023-11-14 18:02:42,19.512,19.75,48.36,DCFC,West Brianport,2.21
953,28,7,2024-09-27 08:00:10,2024-09-27 21:25:48,25.512,37.85,81.76,Level1,Port Erinfort,8.19
954,45,10,2023-05-21 18:53:12,2023-05-22 01:11:54,45.445,42.98,100,Level2,Julieville,5.81
955,36,29,2023-01-25 09:12:08,2023-01-25 09:40:19,23.491,52.66,89.83,DCFC,North Rachel,2.68
956,13,32,2024-11-23 16:46:29,2024-11-23 17:23:17,30.676,49.38,100,DCFC,Jamesbury,9.01
957,4,15,2024-01-07 09:44:06,2024-01-07 12:19:21,18.63,28.91,60.54,Level2,East Susanfort,3.27
958,23,39,2023-08-21 02:11:53,2023-08-21 02:51:55,33.37,57.76,100,DCFC,Feliciaborough,5.06
959,5,28,2023-11-15 02:18:33,2023-11-15 03:19:19,50.65,28.32,95.14,DCFC,Lake Christina,12.14
960,12,2,2023-05-01 01:39:51,2023-05-01 06:43:23,36.424,34.84,100,Level2,North Janice,3.72
961,43,3,2023-11-05 22:07:38,2023-11-05 23:07:04,49.532,33.18,94.94,DCFC,Biancachester,7.88
962,27,40,2024-07-19 00:35:50,2024-07-19 01:32:12,46.98,23.82,88.0,DCFC,Kevinville,13.47
963,49,34,2023-09-01 10:45:51,2023-09-02 14:32:40,52.783,38.41,100,Level1,Jenniferland,6.87
964,37,7,2023-03-02 00:49:38,2023-03-02 01:46:41,47.545,10.76,62.95,DCFC,Vaughanside,12.55
965,47,8,2023-02-02 07:03:31,2023-02-03 01:54:21,35.81,43.96,100,Level1,East David,10.96
966,4,31,2024-09-06 05:13:06,2024-09-06 05:28:22,12.728,21.56,43.17,DCFC,New Amy,2.56
967,39,33,2023-09-12 15:52:27,2023-09-12 16:26:21,28.255,47.16,95.96,DCFC,South Danielle,4.97
968,47,14,2024-10-17 13:40:03,2024-10-18 03:30:36,26.301,46.64,87.8,Level1,East Luisborough,8.1
969,34,20,2024-01-26 05:37:30,2024-01-26 06:10:16,27.317,48.94,100,DCFC,Spencerton,4.01
970,14,8,2024-03-04 20:42:41,2024-03-05 05:37:03,16.922,33.31,68.86,Level1,Debratown,4.38
971,12,24,2024-08-04 12:09:12,2024-08-05 01:12:15,24.797,55.64,100,Level1,West Holly,2.7
972,39,29,2023-12-10 03:38:16,2023-12-10 03:58:37,16.959,16.55,45.84,DCFC,East Johnfurt,2.6
973,33,37,2023-08-13 14:29:52,2023-08-14 17:29:31,51.289,44.19,100,Level1,Higginsport,14.41
974,27,23,2023-02-28 05:48:21,2023-02-28 16:41:35,20.686,45.26,73.52,Level1,Fosterstad,2.2
975,24,14,2023-09-24 07:30:13,2023-09-25 10:26:46,51.191,45.83,100,Level1,Dustinview,13.32
976,49,2,2024-08-17 23:34:48,2024-08-19 08:34:12,62.681,21.66,94.8,Level1,Port Michaelberg,17.14
977,4,18,2024-07-15 06:37:56,2024-07-15 10:23:28,27.065,22.82,68.77,Level2,Burketon,7.97
978,31,36,2024-08-19 20:14:19,2024-08-19 20:54:40,33.625,34.74,72.31,DCFC,Reevesburgh,5.87
979,14,2,2023-12-26 13:16:50,2023-12-26 23:44:50,19.887,58.22,100,Level1,South Lori,4.17
980,25,14,2023-12-16 10:24:53,2023-12-16 11:13:10,40.242,56.96,100,DCFC,New Brooke,9.89
981,20,16,2024-06-16 21:43:15,2024-06-17 10:52:28,24.992,42.15,87.1,Level1,Bethburgh,5.96
982,19,29,2023-02-01 13:41:16,2023-02-01 14:22:29,34.359,36.53,74.04,DCFC,East Chadhaven,3.53
983,21,35,2024-01-09 18:05:49,2024-01-09 18:42:30,30.57,59.24,100,DCFC,East Samuel,6.54
984,43,22,2023-03-31 23:07:32,2023-04-01 00:04:47,47.719,18.75,78.25,DCFC,Lake Davidside,14.26
985,6,1,2024-12-17 16:19:22,2024-12-17 16:54:22,29.173,15.96,72.17,DCFC,Lopezshire,10.12
986,26,35,2023-09-07 22:42:00,2023-09-08 01:59:34,23.709,41.31,87.89,Level2,East Suzanne,6.71
987,38,11,2023-04-12 17:31:17,2023-04-13 17:02:47,44.698,12.09,84.77,Level1,Sarahbury,10.57
988,17,7,2024-03-11 14:56:49,2024-03-11 17:57:16,21.655,44.76,90.35,Level2,Sanchezview,4.19
989,30,17,2023-10-23 23:01:24,2023-10-23 23:25:48,20.341,54.29,100,DCFC,New Tarahaven,6.29
990,5,21,2023-08-06 13:11:59,2023-08-06 16:09:10,21.262,35.49,63.54,Level2,Lake Chelsea,4.95
991,12,19,2023-11-30 03:56:55,2023-11-30 04:39:33,35.53,34.13,97.69,DCFC,New Mitchell,6.68
992,49,27,2024-04-08 20:23:29,2024-04-09 00:43:13,31.169,47.79,84.16,Level2,Cookborough,9.63
993,45,22,2024-01-25 08:04:40,2024-01-26 11:00:12,51.159,35.81,100,Level1,North Jasmineport,9.95
994,12,8,2023-09-17 08:11:01,2023-09-17 09:53:19,12.276,41.45,63.41,Level2,Desireeberg,3.17
995,14,7,2024-03-01 21:31:11,2024-03-02 05:58:20,16.06,58.65,92.39,Level1,Adkinshaven,3.51
996,12,16,2024-07-04 15:09:22,2024-07-05 03:06:14,22.701,33.58,74.19,Level1,New Sandra,5.92
997,8,15,2024-03-06 18:28:07,2024-03-06 21:47:34,23.935,18.56,62.64,Level2,Port Angela,7.01
998,29,28,2024-05-11 03:28:01,2024-05-11 04:03:43,29.758,39.27,100,DCFC,South Samantha,9.74
999,50,31,2024-01-08 19:14:58,2024-01-09 12:03:26,31.935,52.05,100,Level1,Mooneyview,10.69
1000,38,29,2023-08-05 08:37:59,2023-08-05 12:54:26,30.775,10.44,60.48,Level2,Tuckerville,8.26
1001,38,16,2024-11-26 00:10:12,2024-11-26 06:09:15,43.087,29.94,100,Level2,Robertsmouth,6.86
1002,20,3,2024-10-09 13:44:57,2024-10-09 14:32:42,39.793,28.43,100,DCFC,Daltonside,5.41
1003,18,5,2023-12-10 15:51:13,2023-12-10 16:40:27,41.031,51.27,100,DCFC,Samanthaland,9.58
1004,39,25,2024-03-19 23:09:43,2024-03-19 23:44:34,29.054,49.82,100,DCFC,Jensenmouth,6.71
1005,5,23,2024-10-30 03:22:31,2024-10-30 04:23:33,50.869,18.46,85.57,DCFC,Christopherhaven,10.34
1006,47,20,2023-06-01 10:14:53,2023-06-02 03:16:44,32.359,49.36,100,Level1,Pereztown,7.74
1007,36,8,2024-07-17 20:40:29,2024-07-17 21:13:56,27.884,15.79,59.91,DCFC,Lake Russell,8.38
1008,2,40,2024-05-17 10:49:54,2024-05-17 14:56:10,29.552,50.91,100,Level2,Lawsonhaven,6.81
1009,1,16,2024-06-06 03:58:32,2024-06-06 04:14:48,13.566,20.88,49.93,DCFC,Lake Lorettafort,2.38
1010,50,29,2023-05-11 08:29:00,2023-05-11 09:03:37,28.858,56.67,100,DCFC,Robinsonview,7.01
1011,33,16,2024-06-10 18:07:39,2024-06-10 20:59:44,20.65,49.42,71.89,Level2,Lake Brianfurt,4.79
1012,19,12,2024-02-24 11:50:20,2024-02-24 12:15:20,20.839,29.13,51.88,DCFC,Yatesshire,2.26
1013,16,17,2023-07-14 01:22:59,2023-07-14 01:47:58,20.833,24.52,59.3,DCFC,Lake Angelamouth,5.85
1014,3,21,2023-10-26 03:31:45,2023-10-26 04:02:27,25.596,35.01,63.45,DCFC,Drakemouth,6.63
1015,8,4,2023-06-10 04:31:08,2023-06-10 23:53:42,36.815,13.28,81.08,Level1,Tracyberg,5.84
1016,35,1,2024-05-18 13:59:14,2024-05-18 14:28:21,24.27,56.66,100,DCFC,Freemanborough,6.12
1017,28,19,2023-04-05 08:21:33,2023-04-05 09:07:02,37.904,21.41,86.65,DCFC,Port James,10.89
1018,20,4,2023-04-11 19:53:28,2023-04-11 20:27:05,28.017,18.1,68.49,DCFC,New David,5.19
1019,40,6,2023-02-06 21:25:11,2023-02-07 18:22:09,39.804,42.22,87.4,Level1,South Chad,11.19
1020,6,9,2024-01-19 05:31:03,2024-01-19 09:09:53,26.261,49.4,100,Level2,West Gabriellahaven,6.82
1021,16,26,2023-08-28 07:50:48,2023-08-28 22:28:18,27.788,36.5,82.89,Level1,West Stephanie,9.12
1022,33,24,2023-04-06 21:46:46,2023-04-07 03:05:16,38.221,58.41,100,Level2,Michellehaven,12.27
1023,38,39,2024-01-01 17:05:14,2024-01-02 08:14:55,28.807,53.16,100,Level1,South Kimberly,6.02
1024,13,21,2023-07-20 23:50:48,2023-07-21 05:23:48,39.96,18.65,84.59,Level2,New David,5.13
1025,43,14,2024-04-07 11:20:23,2024-04-07 11:44:53,20.419,40.38,65.84,DCFC,Port Kaylaland,4.16
1026,8,6,2023-04-06 23:57:37,2023-04-07 00:30:38,27.519,38.78,89.46,DCFC,South Jeremy,6.69
1027,14,19,2024-10-30 17:09:44,2024-10-31 07:28:10,27.184,42.89,100,Level1,Gwendolynhaven,3.52
1028,14,3,2023-03-20 18:35:49,2023-03-20 20:58:56,17.174,10.11,46.19,Level2,Smithchester,4.92
1029,50,11,2024-07-30 21:20:26,2024-07-31 06:41:20,17.762,52.48,79.15,Level1,New Thomas,5.51
1030,43,11,2023-03-03 07:29:58,2023-03-04 05:19:19,41.463,25.08,76.78,Level1,Port Davidshire,12.09
1031,23,19,2024-10-04 05:19:07,2024-10-04 09:58:50,33.567,29.17,71.66,Level2,Lake Riley,11.29
1032,29,18,2023-04-04 16:26:49,2023-04-04 23:11:45,12.823,44.6,70.77,Level1,Alyssamouth,3.32
1033,19,14,2023-11-06 07:21:52,2023-11-06 11:09:25,27.306,17.48,47.29,Level2,Port Amy,8.61
1034,24,18,2024-03-11 00:18:46,2024-03-11 23:11:30,43.47,22.03,68.03,Level1,Deniseview,4.81
1035,8,19,2024-05-12 08:47:37,2024-05-12 09:16:26,24.017,27.44,71.67,DCFC,Chapmanton,8.27
1036,35,32,2023-12-19 21:14:40,2023-12-20 01:11:05,28.37,23.3,73.96,Level2,West Jennifer,6.06
1037,42,39,2023-02-09 05:01:18,2023-02-09 06:01:00,49.761,30.23,96.49,DCFC,Gregborough,6.61
1038,46,5,2023-10-09 04:43:53,2023-10-09 10:04:13,38.441,40.03,100,Level2,Ryantown,12.16
1039,40,5,2024-12-28 10:32:39,2024-12-28 11:21:18,40.544,53.98,100,DCFC,Port Angela,10.92
1040,35,33,2023-07-19 16:20:41,2023-07-19 23:31:59,13.658,17.49,41.88,Level1,Greeneport,1.44
1041,3,9,2024-02-10 23:02:00,2024-02-10 23:31:32,24.624,21.77,49.13,DCFC,Shanebury,6.04
1042,25,13,2024-06-24 12:30:12,2024-06-25 08:00:02,37.045,28.79,68.41,Level1,South Davidfurt,9.56
1043,40,21,2024-09-10 05:40:20,2024-09-10 22:59:43,32.914,38.19,75.55,Level1,West Katherine,4.13
1044,50,35,2024-03-02 07:34:13,2024-03-02 21:34:26,26.607,31.77,71.72,Level1,Andersenport,6.92
1045,6,26,2023-10-18 14:47:33,2023-10-19 00:32:59,18.539,13.3,49.02,Level1,Carlaview,2.59
1046,30,31,2023-03-15 21:21:14,2023-03-15 23:38:15,16.443,25.14,62.09,Level2,Port Robertview,5.08
1047,11,8,2024-06-12 06:48:35,2024-06-12 19:22:47,23.883,13.07,63.67,Level1,East Alexandramouth,3.1
1048,38,9,2023-03-31 07:42:45,2023-03-31 07:58:55,13.481,28.11,50.03,DCFC,Danaville,1.4
1049,8,37,2023-09-26 22:17:03,2023-09-27 02:12:15,28.225,48.02,100,Level2,West Michael,5.08
1050,25,34,2023-08-27 00:33:12,2023-08-28 00:20:30,45.198,23.8,72.14,Level1,Dianeton,15.3
1051,48,39,2023-04-05 05:33:27,2023-04-05 15:30:57,71.701,19.05,92.14,Level2,East Keith,22.65
1052,42,26,2023-05-21 23:32:36,2023-05-22 06:03:33,46.915,33.85,96.32,Level2,Davilaville,12.04
1053,29,33,2023-09-23 08:38:49,2023-09-23 09:05:10,21.967,19.92,64.75,DCFC,Port Melanieshire,3.23
1054,26,5,2024-02-13 11:28:19,2024-02-13 16:02:55,32.953,35.26,100,Level2,Smithmouth,10.3
1055,12,3,2024-05-12 19:06:45,2024-05-12 21:37:43,18.117,30.44,62.85,Level2,Kathleenmouth,6.06
1056,31,30,2023-09-05 23:34:40,2023-09-06 04:36:03,36.167,59.59,100,Level2,New Tanya,10.27
1057,38,37,2024-12-03 20:29:08,2024-12-03 20:53:42,20.48,33.74,67.04,DCFC,Seanchester,4.18
1058,21,33,2024-02-26 07:54:26,2024-02-26 12:54:37,36.023,23.81,71.84,Level2,Kurtberg,7.25
1059,38,7,2023-07-23 02:32:52,2023-07-23 21:16:45,35.59,11.57,69.44,Level1,Stacyton,4.96
1060,20,7,2024-03-22 12:32:30,2024-03-22 20:47:48,15.685,57.11,85.32,Level1,West Kelly,1.87
1061,28,3,2023-09-20 02:07:04,2023-09-20 16:32:19,27.4,45.18,92.34,Level1,West Kathryn,8.88
1062,16,36,2023-01-30 11:47:22,2023-01-30 14:57:51,22.858,17.65,55.81,Level2,Laneside,6.93
1063,37,20,2024-02-25 08:54:53,2024-02-25 20:11:14,21.418,34.4,57.91,Level1,Paigemouth,4.77
1064,25,24,2023-01-15 03:01:24,2023-01-15 04:11:04,58.063,37.9,100,DCFC,Ashleyshire,13.85
1065,23,4,2023-11-12 10:15:26,2023-11-12 18:32:20,59.629,12.29,87.77,Level2,Howardbury,12.35
1066,26,32,2024-11-08 10:51:37,2024-11-08 11:18:26,22.35,44.56,88.47,DCFC,Robertville,2.58
1067,45,32,2024-10-23 02:01:01,2024-10-23 02:58:52,48.211,39.51,100,DCFC,West Gabrielchester,15.84
1068,29,17,2023-10-11 02:52:56,2023-10-11 05:04:35,15.798,20.63,52.87,Level2,Hannahshire,2.57
1069,33,37,2023-08-08 08:21:49,2023-08-09 17:32:04,63.025,21.49,90.07,Level1,South Richardmouth,10.67
1070,24,29,2024-02-16 12:41:19,2024-02-17 02:51:13,26.914,15.35,43.83,Level1,North Ronald,4.46
1071,34,29,2024-10-30 16:11:28,2024-10-30 19:37:53,24.771,36.38,82.68,Level2,Victoriachester,3.66
1072,10,40,2024-08-29 10:23:14,2024-08-29 14:21:18,28.569,57.55,100,Level2,Port Andrewhaven,8.82
1073,32,20,2023-07-07 09:04:58,2023-07-07 09:48:56,36.644,45.63,99.36,DCFC,Nicholsmouth,7.89
1074,37,28,2023-02-22 03:59:02,2023-02-22 16:45:59,24.287,57.59,84.25,Level1,Jasonburgh,3.8
1075,14,24,2023-05-24 05:52:44,2023-05-24 10:21:04,32.201,22.8,90.45,Level2,Lake Sherylville,6.04
1076,40,10,2024-07-04 09:56:13,2024-07-04 17:00:03,50.86,42.27,100,Level2,West Mollyview,10.39
1077,17,27,2023-07-12 16:19:09,2023-07-12 16:50:28,26.106,21.14,76.1,DCFC,Hollowaytown,7.42
1078,13,7,2023-11-21 04:59:39,2023-11-21 16:08:40,21.186,40.35,75.31,Level1,Maureenberg,5.07
1079,6,28,2023-09-27 11:08:47,2023-09-27 12:58:28,13.162,41.16,66.52,Level2,Lake Alejandro,2.29
1080,3,32,2023-02-06 13:39:26,2023-02-07 09:35:57,37.89,48.72,90.82,Level1,Smithville,7.19
1081,17,4,2024-06-05 03:01:58,2024-06-05 03:29:07,22.634,52.35,100,DCFC,Michellehaven,3.33
1082,50,19,2023-11-27 01:24:30,2023-11-27 01:43:49,16.104,33.0,57.18,DCFC,Louisfurt,2.42
1083,26,16,2024-09-23 13:47:31,2024-09-23 14:19:55,27.013,46.93,100,DCFC,Port Karen,8.48
1084,26,10,2024-06-23 11:44:06,2024-06-23 13:48:38,14.944,28.97,58.33,Level2,Jeffreyhaven,3.36
1085,48,38,2023-02-24 15:22:56,2023-02-24 15:54:07,25.997,56.48,82.98,DCFC,North Lauren,8.31
1086,27,6,2024-06-01 21:21:28,2024-06-01 22:07:30,38.371,38.66,91.08,DCFC,South Kathleenfort,13.09
1087,6,6,2024-05-11 00:44:13,2024-05-11 02:16:59,11.133,23.72,45.17,Level2,East Michaelburgh,3.66
1088,20,13,2024-08-26 20:31:01,2024-08-27 09:32:09,24.736,38.71,83.2,Level1,Joshuaberg,5.59
1089,12,10,2024-05-25 02:29:24,2024-05-25 06:29:29,28.811,34.74,86.28,Level2,Jonathanshire,6.32
1090,37,2,2024-07-06 21:06:02,2024-07-07 22:34:48,48.411,44.58,97.72,Level1,Lake Michelleshire,16.38
1091,25,16,2023-01-27 05:21:18,2023-01-27 08:07:20,19.925,52.28,73.59,Level2,Robertfurt,2.86
1092,20,37,2024-03-08 00:32:23,2024-03-08 22:36:46,41.939,19.87,95.3,Level1,North Tonyborough,10.69
1093,14,33,2023-03-12 18:32:51,2023-03-13 05:58:08,21.701,54.41,100,Level1,Brittanyhaven,6.16
1094,11,22,2023-02-16 19:08:01,2023-02-17 07:41:10,23.85,49.47,100,Level1,Annettehaven,7.88
1095,11,7,2024-11-25 01:06:49,2024-11-25 01:30:11,19.484,46.04,87.32,DCFC,Lake Ericafort,4.25
1096,41,13,2024-09-04 14:22:00,2024-09-05 07:47:42,33.114,33.64,100,Level1,North Melissaville,9.06
1097,31,4,2023-03-16 01:24:25,2023-03-16 06:21:06,35.603,24.03,63.81,Level2,Wolfport,9.21
1098,34,9,2023-06-12 01:57:42,2023-06-12 08:17:30,12.027,20.71,43.19,Level1,Kellyberg,3.96
1099,38,2,2023-10-10 14:53:20,2023-10-10 15:46:05,43.96,13.01,84.49,DCFC,Ericfort,4.42
1100,44,32,2024-10-26 03:08:56,2024-10-26 15:54:18,24.237,43.99,71.07,Level1,Hilltown,8.44
1101,39,22,2024-04-22 01:26:26,2024-04-22 05:42:09,30.687,14.96,67.96,Level2,Jonathanstad,9.91
1102,37,31,2024-07-09 03:07:20,2024-07-10 02:11:05,43.819,50.37,98.47,Level1,Mooreberg,5.72
1103,42,18,2024-02-08 05:18:24,2024-02-09 00:21:01,36.183,51.82,100,Level1,Quinnside,6.85
1104,39,19,2023-01-11 10:24:45,2023-01-11 16:04:54,40.819,29.5,100,Level2,Mooreborough,13.46
1105,38,16,2024-12-10 14:14:10,2024-12-11 05:23:51,28.807,48.54,95.38,Level1,New Donaldbury,5.29
1106,11,5,2023-10-17 04:35:41,2023-10-17 08:28:18,27.914,12.82,71.96,Level2,Jimmouth,3.98
1107,29,8,2023-10-31 09:08:25,2023-10-31 20:25:50,21.452,56.22,100,Level1,Dawnstad,4.71
1108,37,33,2024-04-16 09:11:36,2024-04-16 13:19:46,29.781,25.93,58.62,Level2,Poncestad,5.0
1109,6,15,2023-12-05 12:39:33,2023-12-06 00:44:47,22.966,20.78,65.03,Level1,Lopezton,7.14
1110,35,33,2024-05-10 14:28:41,2024-05-11 07:50:28,32.99,41.09,100,Level1,East Matthewbury,8.97
1111,43,15,2024-08-17 22:46:02,2024-08-18 13:55:30,28.8,52.74,88.65,Level1,Joshuaburgh,5.59
1112,24,24,2023-10-21 12:13:42,2023-10-21 13:25:50,60.121,20.77,84.39,DCFC,Savagefurt,8.53
1113,32,3,2023-09-10 07:46:15,2023-09-11 10:42:35,51.184,22.48,97.53,Level1,Lake Marie,16.15
1114,11,35,2023-12-22 02:14:15,2023-12-22 02:53:10,32.441,31.27,100,DCFC,North Tylershire,5.49
1115,49,19,2023-03-04 05:06:28,2023-03-04 08:44:21,26.147,46.5,77.01,Level2,South Kayla,4.79
1116,22,2,2023-06-06 09:56:01,2023-06-06 10:47:44,43.107,51.11,96.39,DCFC,West Thomasshire,4.92
1117,39,13,2024-10-24 05:49:42,2024-10-24 08:21:21,18.198,15.73,47.16,Level2,Esteston,5.64
1118,32,28,2023-01-25 13:38:40,2023-01-25 20:04:10,46.26,16.19,84.02,Level2,Port Joel,10.74
1119,4,30,2024-06-28 10:07:30,2024-06-28 10:25:28,14.978,32.85,58.28,DCFC,New Lauraview,1.82
1120,9,31,2023-08-01 16:51:27,2023-08-01 19:09:09,16.524,17.55,42.25,Level2,West Travis,2.93
1121,28,29,2023-07-10 16:00:09,2023-07-10 16:42:40,35.435,38.42,99.41,DCFC,Heatherport,10.47
1122,14,8,2023-04-16 03:44:08,2023-04-16 14:41:00,20.801,44.73,88.43,Level1,West Anthonyhaven,4.52
1123,47,26,2024-04-20 11:44:06,2024-04-20 12:19:27,29.464,53.89,100,DCFC,Terrellshire,6.45
1124,27,1,2024-06-22 20:31:11,2024-06-23 17:46:01,40.37,26.57,81.72,Level1,East Angela,8.13
1125,47,22,2023-11-06 04:14:03,2023-11-06 08:45:31,32.576,16.47,67.45,Level2,West Allisonchester,6.01
1126,8,20,2024-11-11 07:28:27,2024-11-12 01:55:08,35.045,18.38,82.92,Level1,West Diamondbury,7.55
1127,24,25,2023-12-10 18:33:43,2023-12-10 21:48:51,23.417,15.04,39.82,Level2,Port Megan,7.13
1128,23,35,2024-06-02 13:25:51,2024-06-02 16:09:50,19.679,39.64,64.55,Level2,Perryborough,2.97
1129,41,23,2023-02-13 05:22:10,2023-02-13 05:52:14,25.06,30.03,80.25,DCFC,Timothyberg,4.99
1130,44,12,2024-08-29 00:35:59,2024-08-29 19:35:00,36.069,59.7,100,Level1,Lake Kiarashire,4.24
1131,46,24,2023-12-10 11:23:24,2023-12-10 16:56:46,40.005,37.59,100,Level2,Port Tonyastad,8.85
1132,20,9,2024-04-11 06:55:22,2024-04-11 09:29:31,18.498,52.62,85.89,Level2,South Katrinachester,4.06
1133,21,31,2023-04-08 23:12:08,2023-04-09 05:31:45,45.555,31.0,91.74,Level2,Ericburgh,11.42
1134,17,20,2024-12-17 23:23:02,2024-12-18 02:14:06,20.529,42.86,86.08,Level2,Donside,2.49
1135,2,21,2023-05-31 15:56:08,2023-05-31 22:49:13,13.081,37.28,59.01,Level1,Timothymouth,4.43
1136,47,23,2023-10-25 17:34:58,2023-10-26 06:34:29,24.685,53.16,91.79,Level1,North Michellechester,6.36
1137,23,22,2023-04-10 16:25:20,2023-04-11 07:56:22,29.483,19.99,57.31,Level1,Donnamouth,8.88
1138,37,27,2023-05-07 22:59:47,2023-05-08 02:48:04,27.394,37.02,67.09,Level2,Rickyborough,5.63
1139,5,28,2024-10-27 11:27:13,2024-10-28 06:12:58,35.649,27.12,74.15,Level1,Phillipsstad,5.89
1140,46,24,2023-12-25 00:44:07,2023-12-25 12:01:49,21.461,56.95,90.43,Level1,Lynnside,5.66
1141,42,38,2024-12-11 06:37:39,2024-12-11 12:07:20,39.563,24.59,77.27,Level2,Cristianstad,7.19
1142,33,9,2024-07-26 06:01:58,2024-07-26 06:40:19,31.963,58.57,93.35,DCFC,Port Valerie,3.35
1143,44,19,2023-04-27 06:07:29,2023-04-27 06:31:04,19.663,48.3,70.27,DCFC,Hubbardborough,6.86
1144,46,6,2023-07-11 12:31:27,2023-07-12 00:45:49,23.255,16.07,52.35,Level1,Webbchester,3.05
1145,3,25,2023-06-21 11:08:42,2023-06-21 13:53:19,19.755,48.71,70.66,Level2,South Christopherland,4.92
1146,21,39,2024-04-25 12:20:28,2024-04-25 14:45:28,17.4,30.27,53.47,Level2,Codyshire,2.78
1147,35,19,2023-09-30 10:12:09,2023-09-30 11:56:07,12.477,34.5,56.78,Level2,Port Aaronland,3.87
1148,21,21,2024-05-28 20:33:54,2024-05-28 21:25:58,43.402,40.87,98.74,DCFC,Waltersland,12.46
1149,5,28,2023-09-24 20:10:46,2023-09-25 00:05:22,28.152,10.94,48.08,Level2,West Jayfort,9.16
1150,27,6,2024-12-29 18:46:42,2024-12-29 22:30:30,26.857,53.99,90.68,Level2,Claudiafurt,5.78
1151,44,18,2023-06-19 13:43:32,2023-06-19 14:56:19,60.654,16.78,84.55,DCFC,North Darren,15.22
1152,46,16,2024-02-07 03:28:53,2024-02-07 04:04:44,29.877,53.39,100,DCFC,Randyton,7.47
1153,23,1,2023-01-15 22:35:25,2023-01-15 23:27:40,43.545,44.88,100,DCFC,South Elizabethton,7.64
1154,14,27,2023-12-29 17:43:07,2023-12-29 18:03:54,17.326,13.95,50.35,DCFC,Jamesborough,5.45
1155,32,33,2024-03-25 04:01:33,2024-03-25 04:25:46,20.187,29.87,59.47,DCFC,Harrisport,2.27
1156,30,31,2023-10-08 15:06:29,2023-10-09 06:43:22,29.668,11.01,77.68,Level1,Port Nicolehaven,6.06
1157,9,26,2023-04-10 04:08:13,2023-04-10 04:32:02,19.856,55.33,85.01,DCFC,Leeside,3.57
1158,21,13,2024-02-04 19:52:21,2024-02-04 20:13:52,17.933,21.18,45.09,DCFC,Michelleberg,5.39
1159,1,3,2024-08-12 23:28:20,2024-08-13 03:16:02,27.324,41.49,100,Level2,South Michelle,7.46
1160,25,14,2023-05-07 03:37:11,2023-05-07 18:51:19,28.948,11.31,42.27,Level1,Tylermouth,4.09
1161,34,23,2023-07-03 13:45:51,2023-07-03 18:47:19,36.177,32.38,100,Level2,Melissafurt,7.17
1162,45,18,2024-04-17 07:06:37,2024-04-17 10:13:42,22.451,54.68,82.85,Level2,East Lindsey,2.71
1163,12,5,2024-05-15 14:32:11,2024-05-15 14:51:27,16.066,55.16,83.9,DCFC,Johnsonport,1.61
1164,42,5,2024-12-03 13:00:13,2024-12-03 16:52:24,27.862,17.98,55.08,Level2,Joeport,4.46
1165,10,30,2024-04-07 03:30:39,2024-04-07 14:45:12,21.361,28.54,60.28,Level1,Port Kimberly,5.06
1166,37,2,2023-11-01 03:15:13,2023-11-01 06:10:53,21.081,30.58,53.72,Level2,South Russell,6.94
1167,48,33,2024-05-25 19:51:05,2024-05-25 21:09:20,65.217,33.52,100,DCFC,Kennedyhaven,8.9
1168,8,17,2024-04-08 12:50:31,2024-04-08 13:07:18,13.999,53.97,79.75,DCFC,West Michael,3.01
1169,23,25,2024-01-03 14:29:00,2024-01-03 16:52:03,17.167,45.85,67.58,Level2,New Lauren,2.74
1170,26,11,2023-06-21 22:33:54,2023-06-21 23:08:16,28.647,43.72,100,DCFC,East Barbara,7.57
1171,7,12,2023-09-20 04:34:17,2023-09-21 01:11:13,39.17,48.73,100,Level1,Tammyfort,7.42
1172,50,4,2024-05-29 11:19:24,2024-05-29 12:03:51,37.043,13.39,69.01,DCFC,Joneshaven,9.39
1173,22,2,2024-08-17 17:20:13,2024-08-18 02:08:06,63.346,25.95,92.49,Level2,South Shellyhaven,14.37
1174,39,39,2024-09-25 00:12:24,2024-09-25 05:47:53,40.258,21.78,91.31,Level2,Cobbtown,9.65
1175,43,9,2023-08-04 15:52:22,2023-08-04 16:48:10,46.508,42.01,100,DCFC,Marshallburgh,9.71
1176,48,9,2024-05-13 09:16:50,2024-05-13 10:10:39,44.851,54.28,100,DCFC,South Jessica,7.03
1177,48,40,2023-01-30 23:33:03,2023-01-31 04:08:03,33.001,55.77,89.41,Level2,Hallton,10.95
1178,30,12,2023-09-08 20:04:12,2023-09-09 04:47:31,16.572,32.45,69.69,Level1,Port Johnshire,2.26
1179,26,29,2024-09-15 02:57:02,2024-09-15 06:33:16,25.949,49.02,100,Level2,Marissaland,9.05
1180,33,2,2023-09-06 10:33:19,2023-09-06 13:22:43,20.328,54.14,76.26,Level2,Josephbury,5.5
1181,17,7,2024-09-03 04:30:49,2024-09-03 05:02:03,26.035,32.74,87.55,DCFC,Kevinton,5.85
1182,30,27,2023-03-27 23:27:42,2023-03-28 04:16:19,9.14,13.72,34.26,Level1,Diazmouth,2.99
1183,33,24,2024-12-10 13:44:50,2024-12-11 16:01:15,49.92,37.18,91.5,Level1,Woodland,14.87
1184,25,21,2023-08-28 05:45:41,2023-08-28 07:08:32,69.05,10.28,84.13,DCFC,Ryanfurt,19.57
1185,47,25,2023-08-03 05:18:28,2023-08-04 01:03:46,37.535,41.26,100,Level1,Hickstown,10.45
1186,2,37,2023-05-22 04:48:32,2023-05-22 22:25:42,33.477,28.53,84.14,Level1,East James,6.43
1187,21,40,2023-06-15 12:41:43,2023-06-15 17:51:58,37.23,43.75,93.39,Level2,West Katherine,4.8
1188,26,32,2024-12-11 02:22:41,2024-12-11 04:55:05,18.288,14.46,50.39,Level2,Paulshire,6.03
1189,7,22,2024-10-13 16:16:43,2024-10-13 23:09:05,49.484,35.23,100,Level2,Lake Michelle,9.38
1190,9,27,2024-10-06 13:20:42,2024-10-07 01:43:30,23.522,29.78,64.94,Level1,Wallaceborough,2.55
1191,15,36,2023-03-29 09:12:24,2023-03-29 10:07:40,46.067,12.1,69.54,DCFC,South Jennifer,14.12
1192,17,25,2024-04-24 06:57:52,2024-04-24 09:43:29,19.874,54.47,96.31,Level2,West Brandonhaven,5.03
1193,6,20,2024-12-18 02:01:44,2024-12-18 05:48:29,27.211,41.55,93.98,Level2,South Ryanburgh,8.98
1194,43,20,2024-08-22 15:33:28,2024-08-22 21:29:57,42.779,46.66,100,Level2,Loganmouth,5.93
1195,16,1,2023-05-10 18:34:43,2023-05-10 23:03:04,32.202,13.91,67.67,Level2,West John,10.79
1196,41,35,2024-12-25 06:42:09,2024-12-25 14:09:03,14.152,45.96,74.32,Level1,Lake Michael,3.06
1197,31,29,2023-08-11 15:03:24,2023-08-11 15:59:13,46.522,48.02,100,DCFC,Brianmouth,5.49
1198,9,24,2024-07-30 01:03:55,2024-07-30 03:47:42,19.655,11.74,41.12,Level2,West Luis,6.23
1199,36,2,2024-06-17 04:13:20,2024-06-17 04:42:36,24.395,15.2,53.8,DCFC,South Julianborough,5.82
1200,14,34,2024-02-12 18:33:32,2024-02-12 20:37:41,14.899,26.93,58.23,Level2,Lopezport,5.17
1201,41,3,2023-12-27 19:34:47,2023-12-27 22:28:21,20.828,58.26,100,Level2,Jonesview,5.06
1202,17,35,2024-04-17 05:07:21,2024-04-17 18:05:42,24.648,30.98,82.87,Level1,Kristinport,6.88
1203,39,10,2024-03-13 03:18:47,2024-03-13 19:03:20,29.911,48.34,100,Level1,West Cristina,4.26
1204,22,26,2024-10-19 11:45:40,2024-10-20 11:56:48,45.953,12.84,61.11,Level1,Rodriguezport,12.23
1205,24,39,2024-04-05 23:10:09,2024-04-06 08:07:18,64.458,11.52,79.73,Level2,Kylieville,14.64
1206,3,26,2023-02-28 04:03:25,2023-02-28 04:38:17,29.061,32.29,64.58,DCFC,South Mark,9.57
1207,6,8,2024-02-05 01:59:00,2024-02-05 02:18:45,16.468,43.35,75.08,DCFC,Smithport,5.56
1208,12,20,2024-05-14 20:24:16,2024-05-14 20:55:22,25.921,53.63,100,DCFC,West Williamtown,6.8
1209,15,28,2024-02-10 10:09:06,2024-02-10 10:40:16,25.977,49.38,81.77,DCFC,Martinbury,3.55
1210,33,12,2024-07-18 23:06:53,2024-07-19 00:08:49,51.62,43.83,100,DCFC,Port Biancaland,11.95
1211,44,10,2023-07-28 20:55:48,2023-07-30 09:09:47,68.843,23.08,100,Level1,Chavezfort,15.76
1212,14,20,2024-01-13 18:59:32,2024-01-13 22:25:24,24.704,24.39,76.29,Level2,Port Jillview,5.79
1213,42,28,2023-06-25 01:57:37,2023-06-25 02:35:15,31.369,58.23,100,DCFC,Jonesmouth,10.37
1214,11,37,2023-10-30 21:07:36,2023-10-31 09:25:51,23.378,44.92,94.45,Level1,Craigside,6.48
1215,48,17,2024-03-06 14:19:29,2024-03-06 15:34:21,62.401,15.12,78.73,DCFC,Stephenburgh,18.4
1216,34,19,2023-05-16 22:51:53,2023-05-17 01:18:04,17.543,54.93,87.72,Level2,West Jenniferborough,4.76
1217,10,14,2024-04-03 04:21:17,2024-04-03 05:19:49,48.779,20.1,92.58,DCFC,Stephenhaven,5.63
1218,1,13,2024-03-19 09:39:37,2024-03-19 14:39:12,35.95,11.04,88.02,Level2,East George,5.11
1219,4,22,2023-10-13 01:01:17,2023-10-13 13:21:10,23.43,33.49,73.27,Level1,Hammondtown,6.97
1220,33,18,2024-08-20 21:35:00,2024-08-21 02:02:58,32.156,32.68,67.67,Level2,Lake Nicole,11.21
1221,17,27,2024-11-14 03:33:13,2024-11-14 03:56:30,19.413,18.35,59.22,DCFC,Kennethview,5.73
1222,4,28,2023-11-22 22:34:39,2023-11-23 00:21:57,12.876,22.18,44.04,Level2,Ortizshire,1.99
1223,19,23,2024-08-29 11:25:06,2024-08-30 15:07:11,52.633,13.05,70.51,Level1,Dorseyport,16.05
1224,50,18,2024-04-04 00:00:10,2024-04-04 04:44:16,34.093,48.81,100,Level2,West James,6.35
1225,49,39,2024-09-14 19:34:39,2024-09-15 22:59:32,52.088,38.18,98.96,Level1,Evansland,18.0
1226,11,11,2024-07-12 07:24:03,2024-07-12 07:50:18,21.887,32.96,79.33,DCFC,Changview,3.85
1227,10,9,2023-04-10 17:04:08,2023-04-11 05:19:28,23.286,43.04,77.64,Level1,New Donald,7.15
1228,41,40,2023-12-14 18:16:21,2023-12-15 10:23:15,30.619,38.64,100,Level1,Lake William,3.33
1229,23,14,2023-02-14 04:19:10,2023-02-14 21:41:42,33.014,47.02,88.81,Level1,North Daniel,10.16
1230,26,15,2023-02-13 15:47:21,2023-02-13 16:18:56,26.32,19.05,70.76,DCFC,Kimberlyberg,8.04
1231,45,21,2023-01-26 07:00:35,2023-01-26 07:27:24,22.348,39.35,67.39,DCFC,Kerrburgh,5.46
1232,1,5,2024-06-29 11:09:15,2024-06-29 23:37:23,23.691,49.27,100,Level1,Port Andrew,7.37
1233,28,30,2024-03-10 17:19:43,2024-03-10 17:39:41,16.646,12.45,41.1,DCFC,Theresamouth,2.97
1234,12,37,2024-01-30 02:12:48,2024-01-30 15:51:53,25.938,32.19,78.59,Level1,Bartonville,4.31
1235,10,4,2024-01-08 12:15:47,2024-01-08 20:07:36,14.941,34.7,56.9,Level1,Gonzalezchester,2.04
1236,23,6,2024-10-26 21:52:47,2024-10-27 03:11:41,38.268,10.53,58.97,Level2,North Ericahaven,7.76
1237,46,30,2024-03-21 05:25:15,2024-03-21 09:41:03,30.697,28.38,76.27,Level2,East Johnmouth,5.46
1238,43,16,2023-03-15 11:22:36,2023-03-16 06:34:11,36.467,28.18,73.65,Level1,New Christinaberg,4.92
1239,46,16,2023-07-09 03:22:33,2023-07-09 05:30:38,15.371,43.58,67.56,Level2,Port Adrianfort,4.33
1240,26,28,2023-10-29 07:07:09,2023-10-29 22:02:17,28.346,41.74,97.43,Level1,Irwinmouth,6.26
1241,11,25,2024-10-23 20:49:27,2024-10-24 07:33:39,20.4,56.78,100,Level1,Ellisbury,5.3
1242,33,8,2023-09-09 15:13:22,2023-09-09 15:55:59,35.519,58.95,97.6,DCFC,Stevenmouth,5.78
1243,19,18,2023-07-26 08:48:29,2023-07-26 09:50:57,52.056,43.17,100,DCFC,New Luis,17.09
1244,41,13,2024-09-30 18:51:42,2024-09-30 22:55:30,29.256,41.37,100,Level2,West Kelly,10.15
1245,26,36,2023-03-24 18:22:27,2023-03-25 07:41:57,25.318,38.0,87.74,Level1,Martinezfort,3.43
1246,7,26,2024-09-15 04:44:18,2024-09-15 09:04:53,31.271,59.07,100,Level2,New Kristenbury,4.92
1247,48,17,2024-10-29 16:56:30,2024-10-29 20:54:23,28.547,12.22,41.32,Level2,Port Walterborough,4.34
1248,8,15,2024-06-30 20:19:54,2024-07-01 10:26:28,26.808,43.39,92.76,Level1,Shawnside,2.77
1249,47,38,2024-05-07 23:49:51,2024-05-08 00:43:57,45.094,20.78,91.35,DCFC,Bonnieport,15.21
1250,47,3,2023-03-04 17:40:07,2023-03-04 21:01:05,24.116,24.44,62.18,Level2,Davidland,7.09
1251,43,30,2023-03-18 02:38:39,2023-03-18 07:58:59,38.44,32.9,80.83,Level2,West Grant,10.76
1252,21,35,2023-10-15 11:15:16,2023-10-15 17:23:19,44.167,41.11,100,Level2,Barnesbury,7.26
1253,17,25,2023-04-21 22:43:06,2023-04-22 12:32:44,26.272,30.12,85.43,Level1,East Fredtown,7.63
1254,14,1,2024-02-14 02:08:03,2024-02-14 03:48:07,12.009,56.46,81.69,Level2,Robertberg,4.09
1255,14,17,2023-01-04 11:01:10,2023-01-04 15:10:23,29.907,37.17,100,Level2,Mcbridefurt,5.07
1256,36,16,2024-03-17 08:51:05,2024-03-17 13:17:15,31.941,15.67,66.21,Level2,North Ann,6.97
1257,47,29,2024-08-29 05:55:31,2024-08-29 11:51:17,42.692,33.19,100,Level2,Mooreberg,6.11
1258,45,29,2024-05-13 03:22:18,2024-05-13 16:16:14,24.508,58.66,89.41,Level1,Port Randyburgh,2.75
1259,37,35,2023-07-21 19:31:44,2023-07-21 20:58:41,72.461,15.95,95.49,DCFC,Christopherfurt,13.77
1260,5,33,2023-08-27 07:48:59,2023-08-27 17:55:46,19.215,18.45,43.8,Level1,Kellyshire,2.14
1261,50,24,2024-02-17 13:30:57,2024-02-17 14:12:37,34.725,37.14,89.28,DCFC,Brownville,10.96
1262,36,31,2023-07-21 07:30:33,2023-07-22 04:05:32,39.108,38.12,100,Level1,Amandafurt,12.62
1263,23,26,2023-11-13 11:56:12,2023-11-13 12:38:20,35.123,34.38,78.84,DCFC,South Stephanieburgh,11.85
1264,44,2,2023-06-20 06:41:12,2023-06-20 07:07:22,21.811,37.08,61.45,DCFC,Port Thomasshire,6.17
1265,28,27,2024-08-04 12:57:39,2024-08-05 08:31:09,37.161,15.52,79.48,Level1,Theresafort,5.68
1266,20,4,2024-12-10 12:53:45,2024-12-10 13:13:34,16.524,51.41,81.13,DCFC,Terryfurt,3.12
1267,19,24,2024-07-04 19:28:20,2024-07-04 19:54:04,21.453,11.45,34.87,DCFC,New James,2.31
1268,24,19,2023-07-17 00:10:30,2023-07-17 10:32:42,19.703,21.89,42.74,Level1,Vargasmouth,2.27
1269,7,17,2023-03-28 01:33:17,2023-03-28 02:16:19,35.87,16.55,63.5,DCFC,Stevenville,3.82
1270,37,31,2024-02-03 15:17:26,2024-02-04 18:21:24,51.426,15.02,71.47,Level1,Novakfort,15.12
1271,12,1,2024-11-11 01:41:36,2024-11-11 15:59:30,27.167,49.84,98.44,Level1,New Justin,3.06
1272,28,16,2024-08-24 05:52:46,2024-08-24 09:33:27,26.482,23.82,69.4,Level2,Jonesshire,3.64
1273,38,3,2024-07-29 17:43:54,2024-07-30 10:43:06,32.275,39.23,91.71,Level1,Allisonmouth,4.01
1274,6,11,2024-01-09 15:11:15,2024-01-09 15:33:09,18.258,52.42,87.6,DCFC,Lake Francisstad,5.57
1275,9,3,2023-09-20 12:17:30,2023-09-20 12:49:31,26.686,15.44,55.33,DCFC,South Allisonmouth,5.12
1276,14,5,2023-09-04 12:57:47,2023-09-04 13:12:09,11.986,24.34,49.52,DCFC,Steveburgh,1.96
1277,19,27,2024-08-07 01:42:13,2024-08-07 02:31:13,40.835,55.42,100,DCFC,Port Ginaton,6.1
1278,3,7,2023-02-04 23:21:31,2023-02-05 15:11:37,30.087,51.0,84.43,Level1,Garybury,10.42
1279,27,35,2024-06-02 19:21:09,2024-06-02 20:15:23,45.201,38.25,100,DCFC,West Jamesfort,9.14
1280,41,30,2023-06-18 16:32:06,2023-06-19 06:15:55,26.088,47.72,100,Level1,West Jenniferview,7.71
1281,6,28,2023-04-20 23:51:31,2023-04-21 10:51:51,20.911,21.51,61.8,Level1,Richardsonmouth,3.38
1282,26,10,2023-06-10 20:33:58,2023-06-10 21:08:37,28.876,38.52,95.25,DCFC,Lake Samantha,7.74
1283,36,32,2024-11-11 07:59:47,2024-11-11 14:41:03,48.152,10.47,86.66,Level2,East Amy,5.06
1284,46,3,2024-10-26 12:03:16,2024-10-26 12:48:44,37.902,26.43,85.56,DCFC,West Douglas,7.31
1285,21,28,2023-08-16 20:31:02,2023-08-16 21:31:21,50.265,32.98,100,DCFC,Lake Christopherville,15.97
1286,48,31,2023-12-27 12:17:32,2023-12-28 11:44:16,44.547,54.59,100,Level1,North Joseph,4.75
1287,50,30,2023-07-16 01:49:39,2023-07-16 21:05:20,36.597,13.75,68.7,Level1,Brownchester,11.48
1288,45,30,2023-10-21 09:02:02,2023-10-21 12:15:46,23.248,17.21,46.38,Level2,Herrington,8.12
1289,28,31,2023-08-26 10:06:52,2023-08-26 21:12:19,21.073,16.92,53.19,Level1,New Brittanyview,6.64
1290,31,32,2024-07-02 09:31:04,2024-07-02 15:16:32,41.456,36.3,82.62,Level2,Andreaton,13.19
1291,49,5,2023-01-21 09:17:25,2023-01-21 10:05:11,39.816,25.66,72.12,DCFC,Williamsborough,4.17
1292,33,24,2023-05-08 13:34:19,2023-05-08 14:11:06,30.658,23.41,56.77,DCFC,Jennifertown,5.48
1293,44,33,2024-02-06 08:13:55,2024-02-07 07:55:17,45.01,29.57,79.86,Level1,North Jose,8.71
1294,13,26,2024-12-27 06:22:18,2024-12-27 09:54:57,25.519,38.48,80.59,Level2,South Brian,2.58
1295,24,25,2023-11-04 19:30:14,2023-11-05 09:21:02,26.309,40.61,68.45,Level1,South Christina,8.55
1296,20,10,2024-04-06 14:25:51,2024-04-06 23:22:35,16.997,52.41,82.98,Level1,Port Edward,5.81
1297,6,15,2023-02-13 05:13:25,2023-02-13 09:33:21,31.192,26.86,86.96,Level2,Bartonside,6.66
1298,44,11,2023-02-08 06:30:44,2023-02-08 12:41:29,44.49,16.57,66.28,Level2,Ryanbury,5.93
1299,21,13,2024-10-06 03:21:08,2024-10-06 08:01:08,33.6,55.2,100,Level2,Heathview,9.21
1300,10,2,2023-12-30 04:47:40,2023-12-30 07:54:05,22.371,56.11,89.35,Level2,Jenkinsburgh,3.77
1301,24,30,2024-09-23 12:19:43,2024-09-24 09:51:17,40.9,37.94,81.22,Level1,Joseton,5.26
1302,33,27,2024-03-30 06:25:40,2024-03-30 13:45:24,52.769,30.21,87.63,Level2,Johnsonport,11.76
1303,23,37,2024-10-24 20:53:59,2024-10-24 21:47:11,44.335,35.37,91.49,DCFC,Markchester,8.65
1304,6,32,2023-09-30 04:03:52,2023-09-30 08:11:23,29.702,42.77,100,Level2,Leonardport,9.09
1305,28,10,2024-07-25 12:13:18,2024-07-26 02:30:28,27.144,16.2,62.92,Level1,North Shawnland,4.72
1306,32,17,2024-11-07 17:25:02,2024-11-07 18:07:57,35.771,16.02,68.47,DCFC,Kennedyview,6.38
1307,22,34,2024-12-18 19:29:58,2024-12-20 03:04:51,60.005,36.97,100,Level1,Sarahland,10.14
1308,11,7,2024-01-31 17:02:40,2024-01-31 17:23:45,17.577,58.34,95.58,DCFC,East Kristyfort,5.71
1309,31,37,2024-01-22 22:42:33,2024-01-23 01:51:28,22.67,28.55,53.88,Level2,East Michaelland,2.85
1310,26,15,2024-12-28 19:05:03,2024-12-28 23:18:52,30.459,40.16,100,Level2,Parsonston,6.54
1311,27,37,2023-06-03 23:44:08,2023-06-04 00:33:55,41.497,43.31,100,DCFC,Lake Timothytown,12.17
1312,47,13,2024-07-30 06:26:09,2024-07-30 15:12:24,16.665,41.75,67.83,Level1,West John,3.16
1313,46,14,2024-09-23 18:40:07,2024-09-23 19:38:11,48.395,14.15,89.65,DCFC,Hinesberg,14.72
1314,30,15,2024-09-18 02:51:31,2024-09-18 11:19:39,16.091,26.24,62.4,Level1,Thomasland,5.21
1315,27,2,2024-06-02 09:58:23,2024-06-02 14:51:00,35.114,12.35,60.32,Level2,South Jacob,7.3
1316,42,40,2023-06-22 01:06:54,2023-06-22 20:13:47,36.318,45.15,93.51,Level1,Gentrybury,11.05
1317,34,39,2023-08-24 11:32:34,2023-08-24 15:14:14,26.6,40.0,89.72,Level2,Brendanberg,5.71
1318,20,22,2023-08-03 05:32:15,2023-08-03 06:13:39,34.511,37.93,100,DCFC,Jessicabury,4.51
1319,21,19,2024-03-27 00:01:10,2024-03-27 00:37:48,30.54,59.28,100,DCFC,Carolynburgh,8.47
1320,23,37,2024-03-27 04:39:46,2024-03-27 05:19:54,33.457,51.16,93.51,DCFC,Port Yvettefurt,7.53
1321,37,27,2023-05-16 06:51:52,2023-05-17 07:33:44,46.926,48.49,100,Level1,New Cindy,13.38
1322,22,21,2024-05-28 01:22:37,2024-05-28 05:26:24,29.255,40.3,71.03,Level2,Williamberg,3.46
1323,20,26,2024-05-13 12:20:24,2024-05-14 01:15:13,24.536,55.87,100,Level1,East Stephenfurt,7.45
1324,35,31,2024-06-23 21:45:04,2024-06-23 22:03:28,15.344,53.58,80.98,DCFC,New William,1.82
1325,9,21,2024-11-02 21:59:15,2024-11-02 22:41:23,35.123,40.09,92.59,DCFC,Andrewville,5.54
1326,49,37,2023-06-19 14:19:35,2023-06-20 13:00:19,43.09,27.42,77.7,Level1,New Jasonshire,14.44
1327,11,13,2023-06-27 00:01:15,2023-06-27 13:48:12,26.187,43.73,99.21,Level1,West Megan,7.4
1328,41,25,2024-11-12 20:03:35,2024-11-12 20:17:31,11.617,52.37,75.65,DCFC,Tinaland,3.92
1329,19,25,2024-08-07 13:07:30,2024-08-07 20:21:13,52.047,22.63,79.45,Level2,Michaelview,13.31
1330,9,1,2023-04-05 17:20:27,2023-04-05 22:00:22,33.59,49.79,100,Level2,Rodriguezbury,5.62
1331,49,36,2023-09-08 05:19:23,2023-09-08 08:58:55,26.344,34.78,65.52,Level2,Ruizville,8.75
1332,21,30,2024-11-16 20:48:27,2024-11-16 21:31:33,35.925,52.1,100,DCFC,Lake Donnaside,6.52
1333,30,7,2023-03-01 23:15:37,2023-03-01 23:31:59,13.648,43.82,74.49,DCFC,Kingland,2.53
1334,46,3,2023-08-22 02:02:56,2023-08-22 02:28:49,21.576,47.87,81.53,DCFC,Bowmanbury,3.23
1335,18,38,2024-08-31 03:56:44,2024-08-31 12:02:21,58.275,17.84,87.05,Level2,Port Destiny,15.21
1336,24,21,2023-12-18 20:29:38,2023-12-19 02:55:40,46.324,50.98,100,Level2,West Todd,10.23
1337,4,38,2024-07-06 23:29:22,2024-07-07 07:06:11,14.466,42.17,66.73,Level1,East Andreastad,1.6
1338,35,18,2023-01-24 09:12:30,2023-01-24 13:50:32,33.365,40.42,100,Level2,Lambertfort,6.23
1339,32,24,2023-01-16 11:55:42,2023-01-16 12:36:32,34.039,50.09,100,DCFC,Tannerstad,6.06
1340,35,14,2023-01-18 22:39:15,2023-01-18 23:00:49,17.976,55.49,87.59,DCFC,Rebeccamouth,4.49
1341,22,37,2023-12-28 16:54:51,2023-12-29 11:50:03,35.948,43.86,81.62,Level1,West Sherri,11.44
1342,45,6,2024-11-26 11:54:14,2024-11-27 01:05:17,25.05,37.96,69.39,Level1,East Nicholas,4.28
1343,2,9,2023-11-25 07:20:23,2023-11-25 10:54:29,25.693,24.68,67.36,Level2,Gregoryville,4.44
1344,40,34,2024-05-09 12:16:30,2024-05-09 13:18:48,51.917,40.25,99.18,DCFC,East Travis,17.22
1345,39,3,2023-04-19 22:57:52,2023-04-19 23:15:55,15.048,28.11,54.1,DCFC,Gregorytown,1.55
1346,19,18,2023-05-27 17:20:03,2023-05-28 12:52:44,37.135,59.46,100,Level1,Hollyville,7.62
1347,9,28,2024-05-22 15:24:12,2024-05-22 15:59:40,29.556,55.82,100,DCFC,West Scottside,10.19
1348,12,1,2024-01-20 21:28:59,2024-01-20 21:59:06,25.105,55.09,100,DCFC,Anthonyshire,7.49
1349,41,9,2024-12-09 03:38:49,2024-12-09 06:30:36,20.614,37.0,78.31,Level2,West Melissa,6.23
1350,7,25,2024-06-20 11:57:54,2024-06-20 12:40:58,35.9,41.38,88.37,DCFC,Garciamouth,5.68
1351,33,30,2023-03-12 06:40:44,2023-03-12 07:36:57,46.851,38.23,89.21,DCFC,Johnathanton,13.66
1352,33,30,2023-07-08 04:10:51,2023-07-08 05:01:46,42.439,19.38,65.56,DCFC,Lake Brian,9.29
1353,27,14,2023-12-28 12:14:27,2023-12-28 16:42:10,32.127,21.98,65.87,Level2,North Kevinland,9.13
1354,26,8,2024-11-30 22:34:53,2024-12-01 02:11:43,26.02,38.14,89.26,Level2,Millerbury,2.66
1355,44,20,2023-12-29 07:39:45,2023-12-29 11:55:21,30.672,54.55,88.82,Level2,East Emma,4.06
1356,46,23,2024-02-12 06:33:36,2024-02-12 23:45:56,32.691,41.61,92.61,Level1,East Melissa,9.58
1357,38,23,2024-04-26 21:49:54,2024-04-27 12:11:12,27.275,55.65,100,Level1,Port Robert,8.44
1358,40,1,2024-01-29 16:08:43,2024-01-29 22:41:16,47.107,12.12,65.59,Level2,New Davidmouth,10.24
1359,41,30,2024-12-14 12:37:36,2024-12-14 13:25:09,39.636,13.45,92.88,DCFC,North Maria,11.53
1360,49,23,2024-02-14 01:10:58,2024-02-14 02:15:02,53.4,37.69,100,DCFC,Lake Lauraton,8.73
1361,12,17,2023-08-04 04:11:53,2023-08-04 08:57:34,34.283,30.36,91.69,Level2,Lake Samuelbury,6.31
1362,10,6,2024-02-17 08:46:16,2024-02-17 18:02:39,17.619,19.08,45.26,Level1,Singhton,2.22
1363,19,14,2024-02-29 15:05:11,2024-02-29 15:38:43,27.947,42.06,72.57,DCFC,Mitchellside,9.49
1364,40,27,2024-09-07 13:09:52,2024-09-07 20:08:42,50.261,15.69,72.74,Level2,Hillville,14.73
1365,38,7,2023-02-08 12:30:11,2023-02-08 14:48:21,16.58,55.02,81.98,Level2,Romanshire,2.22
1366,36,37,2024-09-07 09:28:48,2024-09-07 12:30:11,21.766,50.28,84.72,Level2,Antonioport,6.16
1367,44,21,2023-04-13 04:18:58,2023-04-14 02:43:09,42.566,52.44,100,Level1,Michelleshire,14.44
1368,2,36,2024-10-03 06:04:45,2024-10-03 08:36:30,18.21,27.23,57.48,Level2,North Lisa,2.19
1369,14,16,2024-01-10 00:56:18,2024-01-10 04:35:03,26.251,31.54,86.69,Level2,Lake Jamesmouth,8.61
1370,38,20,2023-04-06 08:26:08,2023-04-06 08:56:40,25.449,58.62,100,DCFC,Ronaldstad,6.52
1371,45,19,2024-02-10 05:02:29,2024-02-10 05:28:37,21.79,58.61,85.95,DCFC,East Jessicaborough,5.52
1372,41,21,2024-11-15 22:29:21,2024-11-15 23:08:30,32.63,34.61,100,DCFC,Lake Bonnieton,3.92
1373,47,17,2023-10-17 07:36:48,2023-10-17 12:15:46,33.477,47.61,100,Level2,New Cathy,7.17
1374,14,30,2024-09-20 11:19:22,2024-09-20 12:43:23,10.082,12.28,33.46,Level2,North Stephen,1.02
1375,46,34,2024-02-08 19:06:17,2024-02-09 16:34:53,40.806,15.67,79.33,Level1,West John,7.47
1376,38,9,2023-05-28 18:20:10,2023-05-28 18:46:00,21.531,46.5,81.51,DCFC,Josephfurt,4.0
1377,48,35,2023-12-01 01:19:20,2023-12-01 02:00:20,34.178,20.88,55.72,DCFC,Freemanhaven,4.97
1378,20,35,2024-05-29 19:47:15,2024-05-29 23:38:35,27.761,50.07,100,Level2,Travisfort,9.5
1379,48,12,2024-08-19 13:52:12,2024-08-20 16:28:51,50.561,30.1,81.64,Level1,West Robertbury,14.48
1380,5,19,2024-04-11 07:09:30,2024-04-11 12:05:41,35.543,53.11,100,Level2,Angelaberg,10.47
1381,7,12,2023-08-15 12:06:57,2023-08-15 15:48:49,26.625,34.05,68.9,Level2,New Ryan,9.22
1382,28,34,2023-01-05 09:43:59,2023-01-05 10:03:11,16.001,38.05,65.59,DCFC,West Brianhaven,4.59
1383,6,34,2023-01-03 15:55:19,2023-01-03 16:09:09,11.537,33.01,55.24,DCFC,Brownmouth,1.28
1384,29,20,2023-09-28 21:23:55,2023-09-28 21:58:38,28.944,15.3,74.37,DCFC,North Paulmouth,3.45
1385,44,21,2023-12-04 10:33:20,2023-12-05 06:48:38,38.485,52.82,95.82,Level1,West Candicefurt,10.18
1386,16,19,2024-10-29 19:35:01,2024-10-30 09:10:28,25.823,56.89,100,Level1,Greeneborough,7.25
1387,46,1,2023-10-11 08:02:24,2023-10-11 16:19:08,15.73,38.65,63.19,Level1,Kellyside,1.93
1388,18,6,2023-05-12 14:23:10,2023-05-12 18:18:39,28.258,10.37,43.93,Level2,Kathrynmouth,6.39
1389,37,11,2023-09-14 04:54:42,2023-09-14 08:21:34,24.825,32.14,59.39,Level2,Jonesborough,4.98
1390,10,5,2023-01-09 22:33:03,2023-01-10 21:36:23,43.806,23.07,88.16,Level1,Edwardport,14.21
1391,19,33,2024-05-11 23:32:37,2024-05-12 00:13:44,34.277,31.99,69.41,DCFC,Mcleanmouth,8.53
1392,7,1,2023-09-07 21:51:13,2023-09-07 22:13:12,18.321,39.49,63.47,DCFC,Sandrahaven,2.95
1393,32,27,2024-01-05 00:04:35,2024-01-05 06:03:19,43.048,16.78,79.9,Level2,Port Raymondchester,7.81
1394,34,28,2023-09-23 12:00:57,2023-09-23 15:38:01,26.049,51.31,100,Level2,Obrienburgh,2.63
1395,18,36,2023-12-23 18:32:50,2023-12-24 16:34:51,41.864,50.28,100,Level1,East Michaelshire,8.37
1396,39,3,2024-08-10 03:41:37,2024-08-10 09:02:20,38.486,25.06,91.53,Level2,Johnmouth,6.27
1397,24,40,2024-08-26 12:11:02,2024-08-27 06:39:40,35.107,41.89,79.04,Level1,Juliaville,3.63
1398,36,16,2024-07-24 17:50:30,2024-07-25 11:32:14,33.622,46.8,100,Level1,Chrischester,4.61
1399,22,9,2023-02-01 16:18:47,2023-02-01 22:08:19,41.945,52.91,96.97,Level2,Lake Denise,7.32
1400,43,7,2023-04-19 06:56:24,2023-04-19 10:27:51,25.375,19.26,50.9,Level2,Rachelborough,4.92
1401,41,19,2024-10-05 21:57:14,2024-10-06 10:21:38,23.573,52.76,100,Level1,Port Cheryl,6.3
1402,38,22,2024-01-22 11:26:56,2024-01-22 13:33:25,15.178,32.35,57.03,Level2,East Judymouth,5.22
1403,50,3,2024-02-14 08:28:18,2024-02-14 12:55:15,32.035,11.54,59.64,Level2,Lake Sabrinaberg,10.41
1404,16,21,2024-01-24 15:44:57,2024-01-24 16:14:11,24.367,23.09,63.77,DCFC,South Tyler,5.82
1405,9,20,2023-03-15 04:14:58,2023-03-15 09:29:34,37.752,43.57,100,Level2,East Luke,8.11
1406,38,35,2024-01-05 20:03:29,2024-01-06 02:40:03,12.558,16.59,37.01,Level1,Copelandborough,3.04
1407,38,2,2023-04-03 22:32:44,2023-04-04 15:25:56,32.085,47.7,99.87,Level1,South Thomasside,4.71
1408,24,35,2024-10-15 13:43:59,2024-10-15 14:53:18,57.777,14.74,75.88,DCFC,Trevormouth,17.45
1409,50,37,2024-11-01 05:03:58,2024-11-01 22:00:25,32.188,51.67,100,Level1,Johnsonfort,7.48
1410,46,15,2024-09-01 20:28:32,2024-09-02 16:02:45,37.184,41.99,100,Level1,Adamtown,12.6
1411,33,28,2023-08-21 18:04:29,2023-08-21 19:08:30,53.348,41.95,100,DCFC,New Joshuamouth,8.75
1412,40,19,2024-08-27 11:54:59,2024-08-27 20:27:08,61.459,30.24,100,Level2,Myersstad,16.02
1413,42,6,2023-05-22 13:37:39,2023-05-22 17:47:25,29.972,26.58,66.49,Level2,North Jacob,7.59
1414,16,20,2023-02-11 00:36:55,2023-02-11 04:01:25,24.541,38.82,79.79,Level2,Brettberg,8.54
1415,17,5,2024-10-15 10:38:09,2024-10-15 11:15:23,31.032,32.08,97.41,DCFC,Billyton,5.5
1416,19,22,2024-04-02 04:29:49,2024-04-02 21:04:18,31.492,16.96,51.34,Level1,Melissabury,10.63
1417,40,23,2024-09-06 07:24:26,2024-09-07 02:05:36,35.504,59.7,100,Level1,Donaldstad,6.58
1418,1,10,2023-12-23 02:22:27,2023-12-23 04:19:21,14.029,15.04,45.08,Level2,Port Kenneth,4.64
1419,25,16,2023-10-27 20:06:36,2023-10-27 21:26:17,66.413,28.97,100,DCFC,North Jennifer,20.22
1420,2,38,2024-03-29 23:31:44,2024-03-30 00:01:35,24.875,10.54,51.86,DCFC,Port Lisaland,5.85
1421,40,17,2023-05-21 03:55:52,2023-05-21 09:46:39,42.094,51.02,98.8,Level2,Karenshire,10.26
1422,13,26,2024-09-03 17:27:32,2024-09-03 17:50:12,18.901,40.76,71.95,DCFC,Port Jennifermouth,4.38
1423,44,33,2024-02-10 23:21:57,2024-02-11 03:12:16,27.638,19.58,50.46,Level2,West Penny,5.42
1424,38,31,2023-06-21 16:41:41,2023-06-22 08:13:30,29.508,49.25,97.23,Level1,Hayesstad,7.7
1425,34,5,2023-10-10 21:32:26,2023-10-11 12:27:30,28.344,18.63,71.61,Level1,Callahanshire,9.38
1426,40,2,2023-11-21 07:13:45,2023-11-21 15:15:22,57.794,27.79,93.39,Level2,Ericberg,18.67
1427,21,37,2023-02-14 01:38:00,2023-02-14 14:36:15,24.645,39.59,72.45,Level1,South Christopherstad,6.83
1428,19,39,2023-01-07 14:45:52,2023-01-08 00:19:58,68.892,24.79,100,Level2,Lake Kristopher,22.7
1429,46,15,2023-08-07 22:22:44,2023-08-07 22:44:19,17.993,10.1,38.17,DCFC,East Eric,6.18
1430,18,5,2023-03-28 07:17:30,2023-03-28 08:07:42,41.839,50.31,100,DCFC,Lake Rachel,13.92
1431,35,40,2024-04-30 07:33:33,2024-05-01 00:49:50,32.816,32.63,91.23,Level1,North Tristanstad,10.22
1432,11,3,2024-08-30 07:07:00,2024-08-30 08:33:53,10.426,57.23,79.32,Level2,Lake Matthew,3.57
1433,26,14,2024-12-27 20:16:11,2024-12-28 00:42:10,31.919,31.35,94.06,Level2,Port Jeffrey,4.16
1434,46,7,2023-02-01 07:07:06,2023-02-02 04:59:35,41.562,32.82,97.66,Level1,South Larry,10.34
1435,11,5,2023-11-05 23:16:16,2023-11-06 02:55:19,26.286,44.31,100,Level2,New Danamouth,4.94
1436,38,35,2023-06-28 20:02:45,2023-06-28 22:27:35,17.38,26.59,54.85,Level2,New Dustin,4.19
1437,4,37,2023-02-23 23:39:53,2023-02-24 17:22:51,33.661,25.18,82.33,Level1,East Sethshire,8.71
1438,24,19,2023-08-04 11:27:17,2023-08-04 12:29:51,52.145,14.17,69.35,DCFC,North Michael,8.93
1439,49,32,2024-09-06 22:56:20,2024-09-07 02:57:39,28.958,31.83,65.62,Level2,South Connieburgh,9.2
1440,33,29,2023-06-26 05:52:31,2023-06-26 06:26:40,28.461,51.03,82.0,DCFC,East Lisa,5.31
1441,40,38,2024-07-22 18:06:36,2024-07-23 16:01:59,41.654,47.78,95.06,Level1,Williamland,4.55
1442,10,27,2023-10-18 17:44:55,2023-10-18 20:39:30,20.95,28.9,60.03,Level2,Barberberg,2.97
1443,7,9,2023-03-05 16:37:58,2023-03-07 00:31:10,60.585,12.88,92.18,Level1,West John,10.55
1444,30,40,2023-04-19 12:25:23,2023-04-19 14:35:21,15.597,31.89,66.94,Level2,Leemouth,2.61
1445,34,32,2024-09-19 18:26:43,2024-09-19 19:04:46,31.72,17.0,76.29,DCFC,Robertfurt,7.23
1446,15,21,2024-06-12 15:22:03,2024-06-12 16:28:26,55.33,31.01,100,DCFC,Lindseyville,15.19
1447,12,14,2023-10-20 05:11:57,2023-10-20 05:40:47,24.031,57.01,100,DCFC,East Nichole,2.6
1448,27,9,2023-12-20 10:10:26,2023-12-20 16:03:26,42.361,32.67,90.54,Level2,East Karinabury,9.62
1449,12,36,2024-03-12 14:41:51,2024-03-12 23:17:18,16.323,37.06,66.26,Level1,North Andrewmouth,3.82
1450,21,25,2023-07-05 23:24:26,2023-07-06 09:14:38,18.69,14.96,39.88,Level1,Simonchester,3.61
1451,28,39,2023-02-13 01:57:46,2023-02-13 07:33:52,40.333,16.38,85.8,Level2,Vargasside,8.94
1452,26,38,2024-09-04 11:52:07,2024-09-04 12:25:06,27.491,13.43,67.44,DCFC,Donaldfurt,8.12
1453,47,17,2024-04-12 07:35:47,2024-04-12 11:57:01,31.349,24.57,73.63,Level2,West Michaelafort,3.88
1454,12,21,2024-09-14 18:41:34,2024-09-14 23:15:28,32.869,32.44,91.24,Level2,West Sherry,6.38
1455,30,32,2023-05-28 05:42:21,2023-05-28 08:37:29,21.017,27.47,74.7,Level2,West Lauren,3.9
1456,15,37,2024-05-07 05:01:03,2024-05-07 05:24:53,19.874,30.52,55.3,DCFC,Garciaside,4.53
1457,22,39,2024-07-28 16:51:03,2024-07-29 05:09:59,23.4,23.21,47.79,Level1,East Rosehaven,6.36
1458,25,6,2023-05-25 14:45:10,2023-05-25 15:34:17,40.934,51.0,94.78,DCFC,Brucehaven,9.43
1459,34,9,2024-04-18 13:33:47,2024-04-18 23:32:21,18.955,18.68,54.11,Level1,Natalieberg,4.09
1460,20,38,2024-05-12 15:42:16,2024-05-13 08:32:43,31.998,42.45,100,Level1,Williamtown,8.05
1461,3,25,2024-04-28 11:10:40,2024-04-28 17:16:58,43.956,51.16,100,Level2,Brianbury,13.86
1462,24,32,2023-10-07 17:28:27,2023-10-08 19:33:39,49.565,47.55,100,Level1,Brooksburgh,8.65
1463,21,15,2024-10-19 22:52:00,2024-10-19 23:48:07,46.77,37.64,100,DCFC,South Davidmouth,9.68
1464,22,23,2023-04-02 22:31:17,2023-04-03 04:41:55,44.477,53.28,100,Level2,West Matthew,5.51
1465,28,16,2024-03-20 15:01:41,2024-03-20 15:29:48,23.432,59.67,100,DCFC,Joeland,3.92
1466,49,20,2023-07-10 12:20:12,2023-07-11 14:15:46,49.26,42.52,100,Level1,North Laurafurt,8.47
1467,39,14,2024-06-22 05:11:05,2024-06-22 11:24:03,44.757,16.79,94.09,Level2,Terrencemouth,13.1
1468,7,12,2024-03-09 01:04:38,2024-03-09 01:51:57,39.438,45.92,97.54,DCFC,Crystalberg,5.55
1469,21,14,2024-07-03 20:04:12,2024-07-04 13:45:43,33.615,43.3,88.12,Level1,Port Markbury,4.72
1470,5,12,2024-09-04 16:52:43,2024-09-05 14:43:58,41.523,26.28,81.06,Level1,New Ryan,11.76
1471,29,26,2023-12-27 02:36:49,2023-12-27 07:25:01,34.584,29.42,100,Level2,South Madisonfurt,11.74
1472,9,11,2023-09-26 13:47:43,2023-09-26 17:23:28,25.89,24.92,63.62,Level2,North Kellymouth,5.34
1473,2,35,2024-01-25 01:04:23,2024-01-25 06:07:08,36.331,21.22,81.57,Level2,Stevenport,4.46
1474,10,6,2023-04-24 10:44:25,2023-04-24 13:56:13,23.017,43.43,77.63,Level2,West Marcside,6.92
1475,43,16,2024-01-12 06:15:37,2024-01-12 06:55:58,33.636,49.67,91.61,DCFC,Churchberg,4.62
1476,7,40,2023-07-02 04:06:53,2023-07-03 09:45:28,56.322,17.39,91.11,Level1,Jeffbury,6.99
1477,16,15,2024-09-08 20:02:38,2024-09-09 07:17:55,21.384,41.63,77.33,Level1,South Kelsey,7.47
1478,45,21,2024-01-10 22:39:05,2024-01-11 02:16:44,26.118,59.26,92.03,Level2,New Victoriafort,8.59
1479,38,16,2023-01-03 18:50:05,2023-01-03 21:33:25,19.6,36.67,68.54,Level2,Garciachester,5.59
1480,38,35,2023-09-29 22:36:43,2023-09-29 23:08:27,26.445,57.0,100,DCFC,Katherinefurt,4.5
1481,37,26,2024-12-17 22:46:09,2024-12-18 01:58:13,23.048,46.54,71.84,Level2,Watersport,2.85
1482,12,1,2023-03-23 14:13:19,2023-03-23 14:36:54,19.654,58.5,93.66,DCFC,West Charlesberg,3.94
1483,49,23,2023-01-12 21:19:17,2023-01-13 19:05:21,41.359,51.74,100,Level1,Curtischester,11.27
1484,33,20,2024-02-24 17:46:47,2024-02-24 22:07:10,31.246,57.54,91.54,Level2,Campbellview,8.99
1485,28,6,2024-11-10 07:51:48,2024-11-10 10:03:50,15.844,37.86,65.13,Level2,Brendahaven,5.28
1486,13,30,2023-09-28 10:37:48,2023-09-28 11:12:34,28.979,22.64,70.46,DCFC,North Nicholasburgh,2.94
1487,8,20,2023-10-17 01:09:06,2023-10-17 09:10:25,15.242,42.39,70.46,Level1,Ruthton,2.81
1488,15,10,2023-07-01 05:24:59,2023-07-01 13:24:26,57.535,28.26,100,Level2,Robintown,18.41
1489,40,12,2023-06-10 01:49:13,2023-06-10 04:42:15,20.765,30.12,53.69,Level2,Christinehaven,3.32
1490,25,36,2024-09-09 15:23:14,2024-09-11 00:28:00,62.851,32.78,100,Level1,Hartmouth,18.11
1491,16,2,2023-06-25 13:27:11,2023-06-25 13:46:37,16.203,18.84,45.89,DCFC,New James,4.48
1492,14,35,2023-07-08 14:54:31,2023-07-08 15:21:33,22.534,17.5,64.84,DCFC,New Darryl,6.16
1493,44,29,2023-02-02 03:54:53,2023-02-02 04:42:54,40.024,37.48,82.2,DCFC,Sonyafort,6.9
1494,11,40,2023-11-09 18:13:09,2023-11-09 20:22:14,15.491,10.26,43.08,Level2,South Stacy,3.18
1495,43,5,2024-09-04 13:41:30,2024-09-04 18:36:02,35.344,22.13,66.2,Level2,East Joseph,9.87
1496,23,22,2023-11-21 22:29:11,2023-11-21 22:59:41,25.422,54.67,86.85,DCFC,Williamburgh,8.64
1497,21,40,2023-01-21 15:59:14,2023-01-22 18:21:20,50.1,24.99,91.79,Level1,Port Chad,9.82
1498,50,2,2024-12-09 06:21:51,2024-12-09 11:39:28,38.115,42.77,100,Level2,Lake Tammy,12.65
1499,30,12,2023-02-17 17:48:29,2023-02-17 18:20:10,26.406,40.66,100,DCFC,North Matthew,4.86
1500,18,36,2023-12-18 02:41:22,2023-12-19 05:36:24,51.143,13.48,74.22,Level1,Riceberg,12.7
1501,46,25,2023-04-07 02:14:42,2023-04-07 18:17:24,30.486,23.28,70.84,Level1,West Brianfurt,7.36
1502,20,15,2023-07-23 10:56:43,2023-07-23 11:39:32,35.684,17.18,81.36,DCFC,Mccormickberg,7.88
1503,42,23,2023-06-18 20:03:02,2023-06-19 21:20:50,48.064,36.0,100,Level1,Lawrenceville,13.43
1504,44,19,2023-08-22 18:00:05,2023-08-22 23:14:18,37.706,57.87,100,Level2,Lauraview,5.97
1505,21,17,2023-05-08 00:08:15,2023-05-08 04:18:33,30.037,59.95,100,Level2,Port Michaelstad,8.75
1506,27,24,2023-09-03 21:20:11,2023-09-03 23:55:33,18.644,24.23,49.7,Level2,East Jesse,6.0
1507,3,39,2023-08-10 07:18:15,2023-08-10 10:09:51,20.592,10.22,33.1,Level2,Port Williamhaven,6.33
1508,21,23,2023-08-09 18:54:13,2023-08-09 19:34:35,33.645,55.14,100,DCFC,Michaelbury,5.98
1509,1,27,2024-06-16 14:25:19,2024-06-16 16:43:16,16.555,46.55,82.0,Level2,Port Wendy,2.59
1510,9,4,2023-04-05 22:23:04,2023-04-06 19:01:41,39.223,41.37,100,Level1,South Christina,11.05
1511,26,21,2024-10-03 23:35:53,2024-10-04 06:00:11,12.17,19.63,43.54,Level1,North Shannonburgh,1.91
1512,16,1,2024-07-29 02:00:22,2024-07-29 05:11:51,22.978,57.25,95.61,Level2,West Brenda,6.43
1513,18,37,2023-12-18 18:03:37,2023-12-19 18:23:55,46.243,15.58,70.5,Level1,Fosterburgh,11.93
1514,16,39,2023-06-25 16:56:10,2023-06-25 17:16:12,16.706,40.75,68.64,DCFC,Vanessaland,4.98
1515,13,24,2023-03-23 16:33:49,2023-03-23 16:52:36,15.665,29.66,55.51,DCFC,South Maryville,3.87
1516,11,2,2023-11-22 11:36:10,2023-11-23 05:28:54,33.97,28.03,100,Level1,Colemanview,4.37
1517,4,30,2023-04-12 08:29:52,2023-04-12 10:32:28,14.713,36.1,61.08,Level2,New Janice,3.91
1518,5,28,2023-11-10 17:18:22,2023-11-11 03:56:17,20.201,15.67,42.32,Level1,Port Nancy,2.46
1519,15,9,2024-07-02 01:01:49,2024-07-03 03:38:38,50.566,19.71,82.76,Level1,Ashleyside,10.44
1520,35,34,2023-04-04 01:27:29,2023-04-04 04:53:11,24.685,43.8,87.88,Level2,South Nicholas,3.38
1521,7,24,2024-06-06 13:21:13,2024-06-06 19:36:32,45.038,41.05,100,Level2,Garciamouth,9.09
1522,21,8,2024-08-24 15:58:53,2024-08-24 20:17:45,31.065,12.02,53.44,Level2,Williambury,3.55
1523,49,26,2024-01-05 21:19:23,2024-01-05 22:06:48,39.525,25.28,71.4,DCFC,North Brittney,7.62
1524,21,13,2024-06-29 19:24:08,2024-06-30 15:31:04,38.22,11.58,62.54,Level1,Port Melissa,13.19
1525,14,22,2023-01-16 02:33:20,2023-01-16 04:57:31,17.303,38.25,74.6,Level2,Marybury,2.75
1526,20,6,2024-10-07 06:27:19,2024-10-07 11:17:55,34.872,37.28,100,Level2,Ronnietown,9.15
1527,4,32,2024-11-12 06:18:02,2024-11-12 19:21:39,24.815,57.87,100,Level1,South Sarahport,8.06
1528,12,5,2024-10-17 13:30:00,2024-10-17 21:11:25,14.612,57.63,83.77,Level1,East Kyleville,4.52
1529,5,35,2024-07-12 10:57:37,2024-07-13 07:42:48,39.431,20.34,72.36,Level1,North Danielhaven,10.43
1530,47,17,2024-06-12 18:57:58,2024-06-13 03:05:53,15.451,12.84,37.02,Level1,Port Ashleyville,4.33
1531,4,2,2024-08-25 22:56:34,2024-08-26 02:09:57,23.207,48.52,87.92,Level2,North Catherine,7.64
1532,32,16,2023-08-26 22:51:55,2023-08-26 23:11:12,16.075,57.27,80.84,DCFC,Jasonton,1.96
1533,20,34,2024-10-16 22:29:52,2024-10-17 14:36:14,30.602,35.6,90.64,Level1,Lake Sarah,8.76
1534,18,15,2023-08-31 20:54:11,2023-09-01 23:19:26,50.2,33.57,93.19,Level1,Jasonville,7.02
1535,36,23,2024-08-07 19:07:34,2024-08-08 05:17:28,19.314,14.13,44.69,Level1,Johnsonborough,2.27
1536,26,26,2024-04-06 12:14:50,2024-04-06 12:44:27,24.692,25.06,73.57,DCFC,North Richard,6.31
1537,48,29,2024-05-19 13:12:25,2024-05-19 19:39:54,46.499,33.56,80.96,Level2,Port Melissaborough,5.32
1538,38,25,2024-12-08 11:54:09,2024-12-09 07:46:36,37.761,13.77,75.17,Level1,Popeton,11.88
1539,17,31,2023-03-23 13:04:00,2023-03-23 17:03:33,28.747,31.44,91.96,Level2,Glovershire,8.96
1540,11,27,2023-06-28 23:33:05,2023-06-29 00:15:04,34.989,22.1,96.23,DCFC,Lake David,10.28
1541,20,35,2024-01-12 07:28:43,2024-01-12 13:56:34,12.282,16.53,38.62,Level1,Port Karenmouth,2.83
1542,26,35,2023-02-08 00:28:36,2023-02-08 12:11:00,22.243,35.03,78.73,Level1,East Amandafort,2.42
1543,23,23,2024-12-08 04:43:29,2024-12-08 09:18:36,33.014,11.69,53.48,Level2,Josephborough,9.98
1544,21,14,2024-12-22 00:32:25,2024-12-22 00:56:25,20.01,25.67,52.35,DCFC,Johnsonborough,5.14
1545,13,20,2023-10-20 19:09:05,2023-10-20 19:37:01,23.289,42.85,81.28,DCFC,Nielsenton,6.51
1546,43,25,2024-04-24 21:54:22,2024-04-24 22:27:41,27.765,30.27,64.89,DCFC,Jordanshire,9.36
1547,46,8,2023-05-24 12:36:45,2023-05-24 14:47:08,15.647,15.37,39.78,Level2,Stephanieland,4.57
1548,29,39,2024-11-12 04:20:47,2024-11-12 09:43:16,10.212,49.58,70.42,Level1,South Seanberg,2.44
1549,28,33,2023-05-08 01:20:44,2023-05-08 03:33:26,15.925,29.73,57.14,Level2,Wendyshire,4.58
1550,8,38,2024-07-04 23:43:43,2024-07-05 03:12:41,25.076,25.35,71.53,Level2,Roberttown,3.6
1551,29,6,2023-02-25 14:26:09,2023-02-26 02:54:36,23.701,21.91,70.28,Level1,Campbellhaven,4.14
1552,39,6,2023-06-05 17:42:18,2023-06-05 18:15:18,27.508,17.11,64.62,DCFC,New Suzanne,6.21
1553,38,19,2023-11-11 23:56:45,2023-11-12 22:33:41,42.97,30.13,100,Level1,Charlesfort,14.65
1554,11,5,2023-09-16 02:22:12,2023-09-16 02:54:18,26.753,43.32,100,DCFC,East Robert,8.7
1555,7,3,2024-03-08 23:24:44,2024-03-09 00:20:31,46.489,26.74,87.59,DCFC,Fernandezburgh,11.83
1556,29,28,2023-11-15 21:51:46,2023-11-15 22:17:49,21.722,55.67,100,DCFC,North Michael,7.27
1557,26,31,2024-11-05 22:53:10,2024-11-06 12:51:44,26.555,47.83,100,Level1,Greeneshire,3.15
1558,3,4,2023-09-06 07:26:05,2023-09-06 13:11:27,41.445,53.95,100,Level2,East Kellyside,5.09
1559,29,20,2024-05-15 13:40:13,2024-05-16 07:47:42,34.437,29.72,100,Level1,New Stacy,9.1
1560,22,9,2024-07-26 05:50:53,2024-07-26 06:23:54,27.522,20.29,49.2,DCFC,New Joannafort,4.71
1561,11,28,2023-04-29 22:49:57,2023-04-29 23:31:34,34.692,19.14,92.64,DCFC,New Karen,6.06
1562,3,39,2023-07-22 22:24:37,2023-07-23 19:06:54,39.339,56.29,100,Level1,Joneston,8.64
1563,12,23,2024-07-06 09:04:49,2024-07-06 11:21:24,16.39,58.98,88.3,Level2,East Jamesside,2.01
1564,2,5,2023-02-05 15:17:32,2023-02-05 16:01:06,36.307,39.69,100,DCFC,Taylorside,6.62
1565,39,25,2023-10-29 17:24:19,2023-10-29 19:45:03,16.889,28.1,57.27,Level2,North Janetshire,5.04
1566,26,32,2023-07-29 20:33:39,2023-07-30 07:29:08,20.757,59.22,100,Level1,Lake Brenda,4.11
1567,39,29,2024-02-03 05:54:06,2024-02-03 09:06:28,23.085,58.3,98.17,Level2,Grimesborough,3.95
1568,37,17,2023-04-13 23:00:48,2023-04-14 11:48:38,24.315,44.98,71.67,Level1,South Angelastad,5.23
1569,1,31,2023-03-04 18:18:42,2023-03-04 18:53:10,28.735,34.67,96.2,DCFC,Mariahchester,8.86
1570,15,23,2023-10-31 18:43:51,2023-10-31 19:14:55,25.897,22.23,54.52,DCFC,North James,6.49
1571,46,3,2023-05-25 13:33:38,2023-05-26 04:06:28,27.64,48.33,91.45,Level1,Port Lori,8.0
1572,3,6,2023-01-30 10:11:56,2023-01-30 11:14:36,52.227,40.95,98.98,DCFC,Port Carlaburgh,5.96
1573,43,21,2024-06-11 01:21:04,2024-06-11 02:02:31,34.55,56.92,100,DCFC,Johnsonside,11.43
1574,40,27,2024-09-19 20:19:32,2024-09-20 22:55:37,50.543,42.63,100,Level1,Smithhaven,15.18
1575,34,29,2023-05-20 22:14:21,2023-05-20 22:44:41,25.289,14.76,62.03,DCFC,Port Joeborough,8.22
1576,2,2,2024-11-06 15:56:23,2024-11-06 16:33:11,30.678,35.38,86.34,DCFC,Clarketown,8.62
1577,14,38,2023-01-18 11:13:29,2023-01-18 19:18:41,15.365,10.16,42.44,Level1,South Peterbury,4.69
1578,28,17,2023-07-29 08:00:54,2023-07-29 10:26:52,17.517,31.54,61.69,Level2,Coreyfurt,2.36
1579,10,32,2024-04-02 18:30:28,2024-04-02 19:07:08,30.561,44.79,90.2,DCFC,Stephanietown,5.45
1580,46,14,2023-03-30 19:23:15,2023-03-31 02:58:54,14.429,34.23,56.74,Level1,East Yvonnebury,4.81
1581,39,15,2023-10-08 03:16:55,2023-10-08 06:12:56,21.122,46.25,82.73,Level2,Lake Wesley,6.46
1582,21,11,2023-07-08 06:05:07,2023-07-08 06:31:40,22.132,49.02,78.53,DCFC,Port Jessica,5.2
1583,3,12,2023-09-28 03:05:42,2023-09-28 03:41:57,30.213,31.72,65.29,DCFC,North Melissafurt,4.52
1584,48,25,2024-09-05 15:08:08,2024-09-05 18:29:48,24.201,34.1,58.77,Level2,Lake Nicoleshire,4.08
1585,2,22,2024-01-07 12:43:49,2024-01-07 13:13:09,24.447,15.18,55.79,DCFC,Thomasmouth,3.19
1586,15,37,2023-04-16 20:51:58,2023-04-16 21:15:43,19.793,19.91,44.59,DCFC,North Richard,4.08
1587,28,29,2024-10-20 20:38:58,2024-10-20 23:09:26,18.057,53.67,84.75,Level2,Williebury,3.28
1588,4,21,2024-09-07 02:42:11,2024-09-07 04:39:03,14.024,41.4,65.21,Level2,Williamsonland,4.09
1589,21,4,2024-11-05 21:57:40,2024-11-06 04:05:55,44.19,31.94,90.86,Level2,New Stacy,6.88
1590,31,17,2024-08-06 14:20:58,2024-08-06 14:52:28,26.25,19.51,48.84,DCFC,Santiagoshire,8.2
1591,18,22,2024-02-01 11:44:44,2024-02-01 20:45:33,17.126,42.4,62.74,Level1,Ronaldfort,4.36
1592,27,25,2024-01-13 12:05:54,2024-01-13 15:57:56,27.845,43.47,81.51,Level2,Sloanport,9.74
1593,45,30,2024-08-10 02:42:23,2024-08-10 21:43:00,36.12,37.83,83.15,Level1,Williamville,8.29
1594,10,28,2024-12-26 01:54:15,2024-12-26 07:55:39,43.368,35.56,100,Level2,Austinfurt,5.32
1595,48,11,2023-04-14 18:27:23,2023-04-14 22:41:23,30.48,44.11,75.18,Level2,East Kevin,5.99
1596,7,38,2024-06-11 19:35:58,2024-06-13 00:05:18,54.129,18.79,89.64,Level1,Port Kellyshire,16.42
1597,28,27,2024-10-17 05:06:55,2024-10-17 05:28:03,17.616,36.47,66.79,DCFC,New Thomas,3.62
1598,13,4,2023-05-12 08:11:13,2023-05-12 08:44:35,27.809,54.11,100,DCFC,North Justin,3.67
1599,31,6,2023-12-18 15:12:42,2023-12-19 11:37:54,38.798,21.99,65.34,Level1,Caseyfort,8.39
1600,11,10,2023-09-15 09:19:43,2023-09-15 17:38:00,15.779,19.9,53.33,Level1,West Lori,4.47
1601,11,35,2024-02-11 20:53:35,2024-02-12 04:54:07,15.217,43.19,75.43,Level1,Melanieview,3.69
1602,46,13,2024-01-04 19:26:38,2024-01-04 19:44:36,14.974,30.21,53.57,DCFC,Perezstad,2.39
1603,40,38,2024-11-10 07:10:32,2024-11-11 09:02:23,49.142,22.8,78.58,Level1,New Ericamouth,6.72
1604,45,18,2024-07-29 20:43:44,2024-07-30 20:17:25,44.767,43.83,100,Level1,Lauramouth,11.42
1605,21,12,2024-03-30 01:47:05,2024-03-30 02:36:04,40.823,29.0,83.43,DCFC,Lake Linda,10.35
1606,21,24,2024-06-28 16:37:10,2024-06-28 17:03:10,21.675,15.31,44.21,DCFC,Simpsonfort,6.58
1607,15,15,2023-10-31 05:55:14,2023-10-31 06:40:42,37.895,52.75,100,DCFC,East Richardborough,7.56
1608,31,14,2024-05-10 11:54:35,2024-05-11 11:03:59,43.998,21.85,71.01,Level1,West Jacobfurt,7.11
1609,30,35,2023-08-07 18:34:38,2023-08-07 18:47:54,11.063,47.07,71.93,DCFC,West Deniseburgh,3.5
1610,35,12,2023-01-15 11:52:59,2023-01-15 15:54:40,29.002,24.92,76.71,Level2,East Sherri,8.39
1611,46,7,2024-09-15 04:03:31,2024-09-15 04:23:18,16.493,51.72,77.45,DCFC,Port Jenniferburgh,1.84
1612,34,35,2024-04-11 09:46:32,2024-04-11 10:12:43,21.823,30.5,71.29,DCFC,Rachelfurt,5.39
1613,27,29,2023-04-07 07:48:49,2023-04-07 08:54:42,54.915,12.0,87.02,DCFC,Mathewsfort,7.92
1614,2,16,2023-08-11 07:25:04,2023-08-11 13:16:20,42.152,29.98,100,Level2,West Connor,4.6
1615,50,37,2024-02-29 03:24:22,2024-02-29 04:02:23,31.682,33.15,80.72,DCFC,Batesland,5.05
1616,23,27,2023-07-20 09:00:00,2023-07-20 15:25:35,46.27,37.97,96.54,Level2,Lake Elizabethville,9.81
1617,41,35,2024-03-26 14:41:07,2024-03-26 15:11:07,25.005,40.48,90.59,DCFC,Port Chadfort,5.76
1618,4,16,2024-06-30 09:35:49,2024-06-30 10:08:47,27.477,53.35,100,DCFC,Cheryltown,6.99
1619,28,18,2023-10-15 08:14:23,2023-10-15 08:39:11,20.678,42.64,78.23,DCFC,Port Laurahaven,4.16
1620,1,37,2024-12-25 21:27:35,2024-12-26 00:48:54,24.158,22.73,74.46,Level2,North Richard,3.94
1621,31,18,2023-04-04 15:42:37,2023-04-04 21:17:07,40.141,28.75,73.6,Level2,Aaronchester,12.86
1622,4,4,2024-01-19 04:03:12,2024-01-19 04:32:20,24.29,58.76,100,DCFC,Johnsonville,8.12
1623,21,13,2024-05-15 03:24:53,2024-05-15 09:09:04,41.303,22.33,77.4,Level2,South Joshua,7.79
1624,4,21,2024-03-04 14:51:46,2024-03-04 17:47:26,21.08,28.79,64.58,Level2,Herrerahaven,2.76
1625,31,14,2024-06-01 22:21:11,2024-06-02 06:10:23,56.304,37.09,100,Level2,East Roberttown,15.87
1626,25,38,2023-01-15 13:06:53,2023-01-17 00:44:52,67.703,11.77,84.18,Level1,South Stephanieville,17.05
1627,19,35,2024-10-23 14:28:39,2024-10-24 09:02:52,35.284,22.99,61.51,Level1,Lambertville,4.55
1628,18,15,2024-01-03 01:55:09,2024-01-03 22:03:53,38.277,31.87,77.33,Level1,Kennedyshire,9.24
1629,46,38,2023-11-29 20:44:44,2023-11-30 10:25:33,25.993,59.45,100,Level1,East Danielmouth,8.18
1630,18,13,2024-01-10 10:06:14,2024-01-10 11:15:32,57.753,30.49,99.08,DCFC,South Mikeshire,9.2
1631,31,36,2024-12-13 10:33:52,2024-12-14 14:19:41,52.751,14.05,72.99,Level1,Murrayview,16.2
1632,21,2,2023-07-08 02:50:21,2023-07-08 12:38:11,18.615,36.07,60.89,Level1,New Adamview,3.3
1633,45,25,2024-11-01 03:36:54,2024-11-01 07:10:53,25.679,28.3,60.52,Level2,Josephstad,7.67
1634,19,18,2024-08-30 03:40:07,2024-08-30 16:48:55,24.979,14.75,42.02,Level1,New Samuelville,6.7
1635,21,3,2024-08-14 16:34:56,2024-08-14 22:36:59,43.447,38.14,96.07,Level2,North Collin,10.76
1636,18,29,2023-01-19 07:29:32,2023-01-19 11:50:25,31.306,52.67,89.85,Level2,Johnsonfort,10.22
1637,37,12,2024-02-27 00:14:51,2024-02-27 01:01:25,38.818,44.24,86.85,DCFC,Lake Jenniferstad,8.58
1638,46,36,2023-08-31 12:41:29,2023-09-01 02:32:36,26.319,58.94,100,Level1,Kimstad,8.63
1639,14,31,2024-11-24 16:03:28,2024-11-24 16:16:37,10.967,55.61,78.65,DCFC,New Mirandaport,1.81
1640,46,24,2023-09-17 13:03:32,2023-09-17 18:22:48,38.313,12.92,72.69,Level2,South Samantha,6.41
1641,22,20,2024-04-01 06:31:50,2024-04-01 07:39:39,56.52,26.77,86.14,DCFC,Rebekahland,10.18
1642,35,25,2024-07-12 20:36:00,2024-07-12 23:44:09,22.579,59.68,100,Level2,Port Julie,3.01
1643,17,39,2023-06-06 09:59:13,2023-06-06 10:15:05,13.229,44.21,72.06,DCFC,South Jennifertown,4.53
1644,50,38,2024-12-07 21:19:29,2024-12-08 12:57:03,29.69,55.42,100,Level1,Colleenchester,9.69
1645,27,17,2024-07-16 13:14:22,2024-07-16 13:50:57,30.488,58.35,100,DCFC,Nicoleville,9.23
1646,49,3,2024-07-07 14:24:54,2024-07-08 14:51:59,46.458,19.21,73.42,Level1,Kimberlyview,5.95
1647,17,3,2023-12-31 17:33:44,2023-12-31 21:56:50,31.573,27.45,93.92,Level2,Tracybury,7.76
1648,46,21,2023-10-31 11:52:16,2023-10-31 12:12:33,16.916,54.17,80.56,DCFC,Dannyville,2.22
1649,34,3,2024-12-23 12:08:57,2024-12-23 23:41:58,21.946,45.85,86.87,Level1,Port Savannah,2.81
1650,21,14,2023-10-10 15:41:17,2023-10-10 16:20:34,32.737,48.38,92.03,DCFC,Lake Lanceville,4.9
1651,19,27,2023-10-14 00:04:21,2023-10-14 06:03:02,43.043,42.62,89.61,Level2,Port Cherylside,13.36
1652,8,38,2023-07-23 21:47:28,2023-07-24 09:34:27,22.388,29.08,70.31,Level1,South Angela,3.7
1653,21,5,2023-03-02 08:18:51,2023-03-02 08:44:34,21.435,55.51,84.09,DCFC,Salinasview,6.09
1654,9,37,2024-04-14 08:25:51,2024-04-14 23:18:39,28.272,27.1,69.36,Level1,New Christinaburgh,4.02
1655,29,5,2024-08-25 22:54:13,2024-08-25 23:17:33,19.453,34.56,74.26,DCFC,Joseside,3.97
1656,1,40,2023-06-01 08:28:54,2023-06-01 17:03:00,16.28,32.65,67.51,Level1,North Joychester,2.34
1657,27,20,2024-02-11 08:10:40,2024-02-11 12:30:09,31.139,41.6,84.14,Level2,Heatherview,9.1
1658,48,29,2024-12-13 01:19:46,2024-12-13 19:38:54,34.806,18.98,54.46,Level1,New Joshua,6.33
1659,24,22,2024-12-19 03:44:01,2024-12-19 07:22:28,26.214,17.71,45.45,Level2,East Jane,7.48
1660,11,39,2023-01-09 08:11:39,2023-01-09 11:35:57,24.516,19.18,71.12,Level2,West Tannerstad,4.9
1661,38,8,2024-05-27 14:47:03,2024-05-28 04:19:38,25.732,58.16,100,Level1,Oconnorport,7.56
1662,26,5,2024-12-08 03:34:05,2024-12-08 04:20:14,38.46,24.44,100,DCFC,Butlerbury,10.76
1663,35,29,2024-01-14 03:08:23,2024-01-14 05:12:36,14.907,56.45,83.07,Level2,Atkinsshire,2.73
1664,40,38,2024-10-14 07:12:49,2024-10-15 00:08:01,32.148,55.2,91.69,Level1,Gomezborough,3.63
1665,28,19,2023-04-22 05:03:18,2023-04-22 05:45:41,35.331,32.99,93.8,DCFC,East David,10.9
1666,28,17,2023-08-08 22:28:35,2023-08-09 11:18:47,24.39,55.06,97.04,Level1,Pattersonton,7.04
1667,13,15,2024-02-14 21:55:58,2024-02-15 00:24:47,17.859,28.83,58.3,Level2,Kenttown,4.86
1668,17,1,2024-09-20 08:53:37,2024-09-20 09:07:25,11.5,16.26,40.47,DCFC,Stricklandchester,1.93
1669,23,30,2024-03-27 21:27:09,2024-03-27 22:14:07,39.145,50.45,100,DCFC,East Nicolemouth,9.23
1670,33,30,2024-04-26 09:12:24,2024-04-27 12:44:51,52.328,40.37,97.31,Level1,West Adam,8.63
1671,7,2,2023-03-12 14:53:29,2023-03-12 15:29:21,29.895,47.59,86.72,DCFC,North Jamesland,6.23
1672,26,5,2023-02-03 15:55:50,2023-02-03 20:31:58,33.136,34.9,100,Level2,Port Michaelfort,8.03
1673,39,27,2024-05-13 15:02:36,2024-05-14 03:46:41,24.196,58.21,100,Level1,Port Alex,4.05
1674,19,39,2024-06-27 10:54:21,2024-06-27 14:33:48,26.335,35.7,64.45,Level2,South Debraton,3.64
1675,31,30,2023-07-15 18:33:28,2023-07-15 21:48:08,23.36,23.35,49.45,Level2,Gregorymouth,2.52
1676,37,16,2024-02-11 22:09:21,2024-02-12 01:41:00,25.399,28.1,55.98,Level2,Hillview,4.32
1677,8,26,2024-10-28 18:53:11,2024-10-28 23:51:06,35.751,34.16,100,Level2,Lake Leeport,10.12
1678,39,12,2023-04-16 23:16:42,2023-04-17 06:36:37,13.931,45.73,69.79,Level1,East Josehaven,3.74
1679,44,22,2024-12-05 03:08:42,2024-12-05 08:30:22,38.601,50.76,93.89,Level2,North Alicia,6.05
1680,5,3,2023-01-16 03:44:12,2023-01-17 07:11:32,52.166,14.72,83.54,Level1,Port Christina,7.99
1681,42,37,2024-08-21 00:29:44,2024-08-21 00:47:49,15.08,39.55,59.63,DCFC,Nathanside,4.95
1682,49,7,2023-10-12 01:20:15,2023-10-12 09:09:49,56.348,34.25,100,Level2,North Carlshire,8.91
1683,26,17,2023-04-27 19:31:49,2023-04-27 20:00:25,23.836,53.17,100,DCFC,Burgessstad,6.43
1684,40,5,2024-07-19 01:30:56,2024-07-19 19:33:59,34.297,50.24,89.17,Level1,Lake Donaldberg,11.52
1685,38,39,2024-12-20 18:44:22,2024-12-20 22:17:25,25.566,14.21,55.78,Level2,Donnaland,8.9
1686,36,17,2023-12-13 10:53:37,2023-12-14 09:49:42,43.576,30.33,99.28,Level1,South Josefurt,9.44
1687,46,7,2024-02-17 14:41:25,2024-02-17 18:06:29,24.608,21.3,59.69,Level2,Ortegaview,6.58
1688,20,16,2024-07-20 16:59:13,2024-07-20 17:34:21,29.29,47.32,100,DCFC,East Deborahfort,9.16
1689,14,27,2023-12-27 21:55:54,2023-12-27 22:13:52,14.984,42.19,73.67,DCFC,Blackburnside,1.65
1690,30,40,2023-09-19 18:30:30,2023-09-20 04:28:34,18.939,54.22,96.78,Level1,West Angelica,5.0
1691,1,27,2023-01-05 16:56:55,2023-01-05 17:17:44,17.349,14.81,51.96,DCFC,West Josephhaven,4.68
1692,33,11,2024-10-03 08:53:39,2024-10-03 11:31:11,18.904,17.84,38.41,Level2,South Amy,3.92
1693,40,30,2024-10-11 01:53:37,2024-10-11 02:41:59,40.306,54.25,100,DCFC,Phillipsshire,11.97
1694,19,35,2024-05-07 17:18:47,2024-05-07 18:12:20,44.628,51.28,100,DCFC,Jenkinshaven,5.06
1695,4,35,2023-11-08 19:54:54,2023-11-08 20:27:14,26.947,53.5,99.25,DCFC,New Lisafort,5.1
1696,36,3,2023-09-04 23:16:22,2023-09-05 05:35:24,45.485,24.2,96.17,Level2,Catherinefort,15.54
1697,7,20,2024-09-03 10:59:03,2024-09-04 04:56:18,34.113,39.06,83.71,Level1,West Marcview,8.41
1698,35,22,2024-05-08 07:48:39,2024-05-08 12:31:52,33.986,39.31,100,Level2,Dennisville,11.78
1699,35,15,2023-04-07 14:49:35,2023-04-07 16:55:49,15.148,21.5,48.55,Level2,Kevintown,5.05
1700,40,8,2023-01-21 10:39:26,2023-01-21 19:07:59,61.027,28.31,97.58,Level2,Benjaminton,11.49
1701,35,7,2024-07-12 18:31:25,2024-07-13 09:25:00,28.297,49.47,100,Level1,South Michael,4.69
1702,8,35,2024-05-29 20:09:06,2024-05-29 20:45:41,30.495,43.84,100,DCFC,Kellyborough,3.21
1703,24,14,2024-06-10 12:19:57,2024-06-10 12:52:22,27.018,46.31,74.9,DCFC,Donaldfurt,6.68
1704,9,14,2023-03-05 13:52:42,2023-03-05 18:47:43,35.403,16.01,68.93,Level2,East Michael,6.45
1705,44,32,2024-04-04 11:36:40,2024-04-04 14:47:49,22.939,54.69,80.32,Level2,Jonestown,8.0
1706,19,6,2024-12-13 09:11:45,2024-12-13 16:20:58,51.507,43.77,100,Level2,Denisefurt,16.41
1707,17,14,2024-05-26 02:32:04,2024-05-26 14:13:37,22.216,53.23,100,Level1,Juanstad,2.79
1708,50,3,2024-07-03 08:43:42,2024-07-03 11:12:00,17.796,51.68,78.4,Level2,West Nicoleberg,2.52
1709,11,18,2023-10-09 06:56:41,2023-10-09 07:31:12,28.768,10.61,71.56,DCFC,New Steven,8.37
1710,47,26,2023-07-28 17:40:28,2023-07-28 23:40:42,43.228,19.15,86.8,Level2,South Michael,7.66
1711,27,36,2023-01-25 07:16:26,2023-01-25 09:55:02,19.032,18.45,44.45,Level2,West Davidbury,3.77
1712,32,22,2024-06-07 23:16:29,2024-06-07 23:34:37,15.113,58.4,80.56,DCFC,Susanland,2.0
1713,1,39,2024-07-23 16:44:19,2024-07-23 17:04:09,16.541,40.98,76.4,DCFC,Michaelland,3.28
1714,30,27,2024-10-22 12:25:09,2024-10-23 04:29:51,30.549,31.35,100,Level1,Moranmouth,6.49
1715,37,9,2023-09-25 18:15:53,2023-09-25 18:48:47,27.43,28.84,58.95,DCFC,South Isabel,4.96
1716,38,16,2023-04-01 23:05:03,2023-04-02 08:55:15,18.69,15.05,45.44,Level1,Marcustown,2.06
1717,9,3,2024-07-10 07:22:18,2024-07-10 08:04:03,34.795,47.99,100,DCFC,New Julieton,8.24
1718,2,29,2024-04-07 00:32:46,2024-04-07 02:39:11,15.17,21.72,46.92,Level2,Joseville,2.46
1719,4,9,2023-03-20 22:17:28,2023-03-20 22:53:23,29.933,49.18,100,DCFC,North Peggychester,10.24
1720,40,28,2023-11-26 10:44:48,2023-11-27 05:01:13,34.72,15.02,54.43,Level1,South Randyton,6.83
1721,20,32,2024-06-30 20:57:51,2024-07-01 13:04:34,30.613,44.94,100,Level1,Markshire,8.17
1722,36,6,2024-08-31 22:28:20,2024-08-31 23:28:02,49.757,11.91,90.64,DCFC,Howardburgh,13.59
1723,22,19,2023-09-23 02:01:51,2023-09-23 02:27:56,21.744,49.29,72.13,DCFC,Russobury,7.37
1724,14,5,2024-03-07 09:52:23,2024-03-08 02:04:55,30.797,17.9,82.6,Level1,East Sarahchester,4.97
1725,25,19,2024-03-29 01:09:16,2024-03-29 20:40:52,37.101,53.2,92.88,Level1,Macdonaldberg,11.35
1726,25,14,2024-11-15 06:40:32,2024-11-15 16:54:54,73.725,11.08,89.93,Level2,North Luisfurt,7.72
1727,19,2,2023-07-26 07:45:14,2023-07-26 08:40:30,46.066,35.48,85.77,DCFC,East Christopher,8.15
1728,35,38,2024-08-12 06:50:00,2024-08-12 07:21:10,25.973,23.09,69.47,DCFC,Torresshire,3.12
1729,31,34,2024-10-04 02:30:13,2024-10-04 03:42:09,59.956,33.01,100,DCFC,North Alyssastad,9.13
1730,37,23,2024-09-12 04:35:04,2024-09-12 08:51:17,30.746,36.13,69.88,Level2,Elizabethport,3.65
1731,43,31,2024-11-01 20:47:01,2024-11-02 01:23:10,33.139,58.68,100,Level2,Brendatown,5.13
1732,38,24,2024-05-31 23:01:13,2024-06-01 07:10:03,15.48,17.55,42.72,Level1,East Ryan,2.76
1733,41,6,2023-01-27 18:10:35,2023-01-28 07:55:31,26.123,47.65,100,Level1,South Tyrone,4.6
1734,28,26,2024-04-14 21:02:07,2024-04-15 01:26:37,31.74,38.55,93.18,Level2,Danielsfurt,8.04
1735,21,27,2024-02-03 12:32:35,2024-02-03 21:57:12,17.88,32.83,56.67,Level1,East Joseph,2.83
1736,10,33,2023-12-02 22:46:03,2023-12-02 23:29:15,36.012,46.49,100,DCFC,North Michael,9.1
1737,45,8,2024-09-02 05:55:52,2024-09-03 05:56:29,45.62,18.76,76.0,Level1,Tylerton,11.21
1738,21,32,2023-04-25 13:15:48,2023-04-26 04:53:26,29.692,40.63,80.22,Level1,Smithmouth,4.47
1739,13,27,2023-01-11 22:47:20,2023-01-11 23:16:28,24.288,42.6,82.68,DCFC,Carlsonbury,4.84
1740,39,33,2024-01-23 20:19:18,2024-01-24 00:16:09,28.423,50.91,100,Level2,New Joy,9.11
1741,16,1,2023-04-15 19:00:58,2023-04-15 19:33:26,27.057,54.83,100,DCFC,Lake Saraburgh,8.0
1742,23,20,2023-02-21 08:09:44,2023-02-21 10:47:16,18.905,25.27,49.2,Level2,Andradeville,5.76
1743,7,19,2024-12-09 19:21:36,2024-12-09 22:19:56,21.4,46.43,74.44,Level2,Lake Jacquelinestad,7.17
1744,8,28,2024-12-24 08:53:19,2024-12-24 15:09:21,11.908,41.36,63.29,Level1,Waltersmouth,1.33
1745,46,4,2024-12-14 23:58:02,2024-12-15 16:08:38,30.736,46.8,94.75,Level1,New Melinda,4.97
1746,2,36,2023-02-21 20:44:32,2023-02-22 03:05:45,45.746,13.97,89.96,Level2,North Rebecca,14.85
1747,24,16,2023-06-13 10:31:19,2023-06-13 11:27:29,46.806,39.06,88.59,DCFC,Port Sheilatown,9.67
1748,37,24,2023-12-03 06:38:48,2023-12-03 07:33:07,45.268,16.33,66.02,DCFC,Garciamouth,8.18
1749,24,34,2023-05-08 12:05:52,2023-05-09 03:40:49,29.607,11.92,43.25,Level1,New Christyside,4.73
1750,17,36,2023-01-15 03:50:45,2023-01-15 13:15:11,17.874,42.87,80.5,Level1,Danashire,4.51
1751,37,14,2023-10-14 09:32:27,2023-10-15 10:31:33,47.472,47.89,100,Level1,Lake Raven,14.81
1752,29,15,2023-12-13 07:48:06,2023-12-13 09:33:32,12.652,40.76,66.58,Level2,Williamsmouth,3.08
1753,12,9,2024-07-18 11:43:14,2024-07-18 15:10:31,24.875,55.5,100,Level2,West Jessica,4.3
1754,15,32,2023-12-23 04:14:50,2023-12-24 01:05:27,39.603,50.62,100,Level1,West Michaelchester,8.87
1755,18,9,2024-12-30 01:19:38,2024-12-30 01:41:40,18.364,55.08,76.89,DCFC,Lorraineland,3.1
1756,19,18,2024-05-27 17:58:40,2024-05-28 16:47:44,43.354,19.91,67.24,Level1,East Denisehaven,4.94
1757,45,15,2024-03-18 13:13:39,2024-03-18 17:41:50,32.183,55.64,96.02,Level2,Zimmermanville,10.52
1758,6,11,2023-04-30 02:20:35,2023-04-30 03:05:16,37.243,13.32,85.08,DCFC,Port Charlesport,10.79
1759,13,17,2024-11-17 04:26:05,2024-11-17 05:18:12,43.438,28.32,100,DCFC,Solismouth,13.56
1760,5,25,2024-08-07 01:13:42,2024-08-07 05:25:55,30.267,55.82,95.75,Level2,Lisahaven,10.26
1761,30,40,2024-01-12 15:36:45,2024-01-12 21:58:07,12.077,12.46,39.6,Level1,Travisshire,2.35
1762,15,37,2024-04-21 19:25:22,2024-04-21 22:20:36,21.028,52.99,79.21,Level2,New Robert,5.87
1763,27,28,2023-05-09 07:45:09,2023-05-09 08:16:59,26.535,21.52,57.77,DCFC,Walkerland,4.32
1764,48,26,2024-05-18 04:47:59,2024-05-18 05:45:08,47.628,25.29,73.84,DCFC,North Julia,12.34
1765,5,23,2024-02-18 01:56:29,2024-02-18 02:48:41,43.502,42.61,100,DCFC,South Teresa,9.42
1766,49,3,2024-03-29 08:22:51,2024-03-29 11:28:27,22.273,20.17,46.16,Level2,Port Meganstad,3.66
1767,7,12,2024-02-28 15:15:39,2024-02-28 20:37:17,38.597,22.27,72.79,Level2,Adamshaven,13.28
1768,10,16,2024-04-06 23:47:06,2024-04-07 00:09:10,18.393,38.14,65.47,DCFC,Pattonberg,2.62
1769,35,14,2024-08-19 16:17:34,2024-08-19 20:27:14,29.96,20.2,73.7,Level2,North Angelamouth,5.55
1770,29,24,2024-08-14 02:20:20,2024-08-14 12:37:53,19.556,46.77,86.68,Level1,Millerville,4.14
1771,33,9,2024-08-15 01:15:25,2024-08-15 05:53:15,33.341,54.89,91.17,Level2,Lake Markshire,6.32
1772,43,3,2023-04-23 03:17:23,2023-04-23 07:52:40,33.034,58.81,100,Level2,South Karenton,11.42
1773,6,32,2023-01-09 19:45:06,2023-01-09 21:22:35,11.698,22.67,45.21,Level2,Lisafort,3.13
1774,44,10,2023-02-08 12:09:20,2023-02-08 13:01:54,43.81,40.89,89.84,DCFC,New Garyfurt,14.51
1775,15,17,2024-08-27 04:42:45,2024-08-27 14:49:03,19.2,10.22,34.16,Level1,Stewartton,4.28
1776,34,21,2023-10-26 07:54:04,2023-10-26 17:35:54,18.425,20.07,54.51,Level1,North Cameron,2.5
1777,22,22,2023-05-28 07:03:44,2023-05-28 22:55:14,30.131,34.64,66.29,Level1,New Samantha,5.4
1778,3,12,2024-01-29 22:02:20,2024-01-29 22:44:49,35.415,22.84,62.19,DCFC,Beverlytown,3.59
1779,7,9,2023-03-15 22:27:15,2023-03-16 02:09:49,26.709,15.98,50.94,Level2,East Margaretville,5.94
1780,38,40,2023-01-02 08:14:22,2023-01-02 15:05:31,13.02,15.23,36.4,Level1,Tonyaville,2.14
1781,2,20,2023-02-11 18:09:47,2023-02-12 07:09:01,24.676,23.03,64.02,Level1,West Karenborough,6.7
1782,29,25,2024-11-28 23:34:42,2024-11-28 23:53:39,15.798,53.82,86.06,DCFC,Thompsonton,4.33
1783,14,11,2024-06-29 18:18:43,2024-06-29 21:48:33,25.18,47.1,100,Level2,East Michael,5.31
1784,8,4,2023-02-06 14:55:08,2023-02-06 15:34:34,32.868,39.47,100,DCFC,East Brett,3.79
1785,24,18,2023-05-08 21:22:36,2023-05-08 22:19:46,47.647,49.58,100,DCFC,Sarahmouth,14.98
1786,31,19,2024-05-04 03:18:46,2024-05-04 08:11:17,35.102,14.47,53.69,Level2,Aliciaborough,9.14
1787,15,29,2024-11-24 19:35:16,2024-11-24 23:21:22,27.132,15.97,49.8,Level2,West Katiechester,3.53
1788,42,7,2023-06-19 13:10:41,2023-06-19 14:00:20,41.38,25.88,80.98,DCFC,New Jefferyville,11.76
1789,10,10,2024-05-06 15:35:39,2024-05-06 20:52:04,37.971,13.3,69.72,Level2,Danafurt,8.43
1790,26,39,2024-09-09 13:29:13,2024-09-09 18:02:02,32.739,20.07,84.39,Level2,Meganchester,5.6
1791,43,1,2023-11-10 05:52:50,2023-11-10 15:17:37,17.885,19.3,41.6,Level1,South Douglastown,4.51
1792,46,11,2023-01-18 23:15:27,2023-01-19 15:15:32,30.403,19.36,66.79,Level1,Port Brett,8.95
1793,6,18,2023-03-25 04:54:14,2023-03-25 18:42:04,26.215,11.65,62.16,Level1,West Robin,7.81
1794,10,18,2023-01-21 02:46:25,2023-01-21 06:32:43,27.156,18.6,58.95,Level2,South Deborah,8.4
1795,39,6,2024-03-26 08:19:19,2024-03-27 03:25:34,36.298,35.91,98.6,Level1,Camposburgh,5.59
1796,18,19,2023-03-03 18:01:16,2023-03-04 01:39:31,54.991,23.58,88.89,Level2,Jessicaview,8.9
1797,7,35,2023-09-19 14:03:30,2023-09-19 14:26:38,19.283,59.3,84.54,DCFC,South Randall,5.41
1798,39,31,2024-06-13 00:30:00,2024-06-13 09:49:19,17.712,49.48,80.07,Level1,East Cathyberg,2.92
1799,15,15,2023-04-14 14:58:30,2023-04-14 15:36:49,31.944,35.75,75.58,DCFC,South Pamelastad,6.1
1800,12,26,2023-12-26 23:39:38,2023-12-27 15:10:48,29.487,13.73,66.48,Level1,Lake Mariafort,4.09
1801,44,39,2023-11-12 13:23:47,2023-11-12 14:37:50,61.719,15.72,84.68,DCFC,New Lisafort,14.21
1802,2,12,2023-12-28 19:25:10,2023-12-29 02:52:51,14.177,53.07,76.62,Level1,New Johnville,4.23
1803,15,4,2023-07-27 14:15:00,2023-07-27 18:49:21,32.922,22.55,63.6,Level2,Erichaven,7.94
1804,2,26,2024-12-16 09:04:40,2024-12-16 11:27:08,17.097,28.7,57.1,Level2,Melissashire,4.07
1805,41,20,2023-09-21 09:20:24,2023-09-21 11:27:58,15.309,22.96,53.64,Level2,South Michaelberg,5.19
1806,19,2,2023-08-25 07:44:50,2023-08-25 08:11:06,21.892,10.04,33.94,DCFC,South Williefurt,3.38
1807,20,39,2024-01-14 15:34:58,2024-01-14 16:21:53,39.109,29.66,100,DCFC,West Michaelchester,6.43
1808,46,25,2024-08-04 05:32:35,2024-08-04 06:21:30,40.774,34.53,98.14,DCFC,Trevorville,14.16
1809,7,2,2023-08-09 14:55:56,2023-08-09 19:22:15,31.958,58.17,100,Level2,New Justinshire,5.44
1810,33,38,2024-05-02 10:08:57,2024-05-02 14:04:40,28.287,19.63,50.41,Level2,South Hannahberg,4.16
1811,39,9,2023-09-13 12:47:27,2023-09-13 13:21:03,28.0,51.64,100,DCFC,New Joshua,4.36
1812,31,1,2024-01-21 04:22:04,2024-01-22 14:31:09,64.888,25.75,98.25,Level1,East Christopher,20.45
1813,31,11,2024-12-12 21:13:43,2024-12-12 23:48:24,18.562,39.28,60.02,Level2,Parkerport,4.46
1814,43,7,2024-03-20 00:51:09,2024-03-21 05:36:22,54.632,15.31,83.43,Level1,East Sarah,17.08
1815,9,25,2023-07-06 17:48:05,2023-07-06 18:31:21,36.066,46.09,100,DCFC,Johnsonmouth,9.21
1816,41,1,2023-03-15 10:30:05,2023-03-16 01:15:59,28.054,43.78,100,Level1,Port Janiceland,3.45
1817,38,20,2024-03-26 22:53:08,2024-03-27 15:26:30,31.457,48.85,100,Level1,East Janice,8.91
1818,27,33,2023-03-27 10:04:41,2023-03-27 15:47:59,41.197,22.0,78.28,Level2,North Stephaniefurt,5.8
1819,13,18,2023-04-13 03:48:57,2023-04-13 04:31:30,35.463,41.48,100,DCFC,Longtown,5.86
1820,27,17,2023-06-10 16:59:35,2023-06-10 17:46:41,39.257,46.37,100,DCFC,Port Kaitlynbury,6.7
1821,40,39,2024-01-03 23:27:22,2024-01-03 23:50:39,19.408,55.61,77.64,DCFC,Port Karen,3.33
1822,5,1,2024-11-30 03:58:41,2024-11-30 04:35:49,30.949,12.49,53.32,DCFC,Pittmanport,6.37
1823,20,25,2023-11-19 21:10:49,2023-11-20 18:16:33,40.082,22.87,94.96,Level1,Port Williamton,10.21
1824,27,27,2024-11-23 02:41:40,2024-11-23 03:18:50,30.986,24.82,67.15,DCFC,South Jasonborough,8.08
1825,47,15,2024-05-08 02:34:34,2024-05-08 06:47:24,30.34,52.52,100,Level2,North Charlesborough,3.41
1826,32,31,2023-04-06 18:52:02,2023-04-07 03:19:00,16.054,33.88,57.42,Level1,South Jorgehaven,3.65
1827,47,12,2023-07-27 03:32:57,2023-07-27 22:16:54,35.592,44.3,100,Level1,Reynoldsfurt,6.96
1828,36,37,2023-05-20 10:22:48,2023-05-21 03:56:22,33.363,20.04,72.83,Level1,New Cliffordchester,11.52
1829,38,30,2023-12-19 11:44:49,2023-12-20 06:03:15,34.784,29.87,86.43,Level1,West Erinside,6.96
1830,49,34,2024-11-07 22:00:48,2024-11-08 01:29:16,25.016,15.51,44.7,Level2,South Joseph,4.06
1831,22,25,2023-02-22 17:34:23,2023-02-23 23:17:08,56.454,40.7,100,Level1,Troyton,8.83
1832,18,35,2023-11-06 20:33:06,2023-11-07 02:02:36,39.54,21.09,68.05,Level2,North Josephside,13.06
1833,3,18,2023-07-23 08:33:17,2023-07-23 09:12:27,32.652,45.18,81.46,DCFC,Scottland,9.81
1834,47,7,2024-02-18 05:27:23,2024-02-18 06:03:27,30.065,52.95,100,DCFC,Gardnertown,8.25
1835,34,5,2023-10-25 13:46:46,2023-10-25 16:19:12,18.292,52.94,87.13,Level2,Smithton,4.54
1836,11,7,2024-04-01 01:55:08,2024-04-01 09:58:21,15.302,19.18,51.6,Level1,West Shannonbury,1.76
1837,8,40,2023-02-10 05:51:40,2023-02-10 06:37:43,38.379,29.32,100,DCFC,West Deanna,6.3
1838,33,4,2024-09-10 00:10:14,2024-09-10 23:38:20,44.59,40.34,88.86,Level1,Port Christinabury,14.6
1839,27,8,2023-06-20 09:22:55,2023-06-21 10:08:06,47.031,35.75,100,Level1,Lake Lisa,12.08
1840,3,20,2024-12-11 21:42:35,2024-12-11 22:13:37,25.866,12.94,41.68,DCFC,South Kevinburgh,8.72
1841,20,38,2023-12-10 15:03:26,2023-12-11 11:30:43,38.864,23.94,93.84,Level1,Fowlerton,7.01
1842,27,33,2024-08-31 06:13:51,2024-09-01 08:23:25,49.703,26.92,94.82,Level1,East Mike,17.22
1843,26,40,2024-11-22 03:41:59,2024-11-22 05:48:10,15.143,49.97,79.72,Level2,Larryland,3.45
1844,27,25,2024-07-24 13:07:02,2024-07-25 13:42:16,46.716,11.68,75.5,Level1,Lake Nicholas,9.72
1845,44,25,2023-03-17 07:06:06,2023-03-17 08:14:12,56.761,36.58,100,DCFC,Glennberg,18.65
1846,15,10,2024-09-25 05:53:12,2024-09-26 08:43:56,51.007,27.75,91.35,Level1,West Amymouth,9.99
1847,20,37,2024-01-25 08:14:05,2024-01-26 02:21:58,34.45,27.14,89.1,Level1,Reyesview,7.39
1848,17,6,2024-01-30 11:47:52,2024-01-30 15:09:35,24.206,12.05,63.01,Level2,Sabrinaport,2.61
1849,47,18,2024-06-21 17:01:40,2024-06-21 17:35:16,28.001,56.18,100,DCFC,Frenchberg,8.9
1850,30,27,2024-10-16 10:03:16,2024-10-16 11:36:16,11.161,29.33,54.41,Level2,Amandaburgh,1.57
1851,37,34,2023-06-14 07:56:49,2023-06-14 09:20:07,69.418,20.19,96.39,DCFC,North Brenda,14.34
1852,8,27,2024-08-03 15:49:32,2024-08-03 17:25:30,11.517,39.43,60.64,Level2,Warrenfort,2.52
1853,41,5,2024-07-27 08:02:51,2024-07-27 20:13:23,23.134,53.64,100,Level1,Port Angelashire,4.27
1854,33,2,2024-09-26 07:34:33,2024-09-26 20:17:12,24.151,58.89,85.17,Level1,South Gary,7.73
1855,50,13,2023-05-17 14:26:28,2023-05-17 19:27:03,36.071,43.2,97.36,Level2,Port Jessestad,11.07
1856,35,1,2024-03-26 18:26:09,2024-03-26 21:42:28,23.559,50.47,92.54,Level2,Bethanyton,2.89
1857,6,39,2023-03-28 18:43:46,2023-03-28 19:11:23,23.023,55.64,100,DCFC,Larsonmouth,4.6
1858,15,7,2023-01-27 01:13:00,2023-01-28 08:11:27,58.851,21.33,94.71,Level1,Sandyland,6.1
1859,11,25,2024-04-07 22:45:22,2024-04-08 01:18:17,18.351,38.39,77.27,Level2,Smithchester,3.96
1860,8,29,2024-06-24 04:48:03,2024-06-24 10:28:49,40.893,20.43,95.74,Level2,New Yvette,10.04
1861,27,5,2024-02-11 06:54:39,2024-02-12 05:57:40,43.796,29.64,89.47,Level1,Rachelville,13.96
1862,48,25,2023-04-01 07:47:40,2023-04-02 17:22:31,63.804,34.96,100,Level1,Crystalhaven,11.22
1863,39,3,2024-10-08 23:16:57,2024-10-08 23:55:12,31.886,29.41,84.48,DCFC,Port Samuelland,3.93
1864,21,6,2023-09-05 01:09:11,2023-09-06 01:07:59,45.562,39.25,100,Level1,South Andreaview,8.5
1865,43,20,2023-01-23 21:52:33,2023-01-23 22:39:40,39.266,37.42,86.38,DCFC,Jamesmouth,4.36
1866,21,33,2023-07-23 18:41:08,2023-07-23 19:00:21,16.02,59.6,80.96,DCFC,West Claudiashire,2.02
1867,4,33,2024-04-04 11:56:12,2024-04-05 06:39:48,35.581,39.59,100,Level1,West Samuelshire,4.78
1868,22,1,2023-12-28 16:37:10,2023-12-29 12:38:29,38.042,26.61,66.57,Level1,Lake Michealstad,7.32
1869,3,36,2023-03-25 01:27:25,2023-03-26 05:52:40,54.0,26.62,86.62,Level1,Ashleystad,10.03
1870,6,17,2023-02-06 19:00:25,2023-02-06 19:22:24,18.326,41.78,77.09,DCFC,Terrimouth,5.99
1871,37,19,2023-12-21 14:58:08,2023-12-21 23:58:35,64.854,28.81,100,Level2,Nelsonborough,10.07
1872,31,10,2024-01-19 05:19:44,2024-01-19 23:45:56,35.03,54.5,93.64,Level1,South Tracey,10.28
1873,6,30,2023-10-31 23:13:47,2023-11-01 00:50:34,11.615,22.02,44.4,Level2,Shirleyview,1.99
1874,16,5,2023-05-31 23:37:37,2023-06-01 02:33:25,21.097,15.71,50.93,Level2,Brandibury,2.82
1875,16,16,2024-01-01 19:20:30,2024-01-02 11:44:52,31.172,44.15,96.19,Level1,Abigailburgh,4.81
1876,41,19,2024-05-03 09:03:04,2024-05-03 21:12:49,23.109,53.69,100,Level1,Sarahfurt,6.9
1877,21,6,2023-06-23 22:59:35,2023-06-24 01:25:31,17.512,42.72,66.07,Level2,Ellenside,3.61
1878,13,31,2023-07-05 16:31:20,2023-07-05 20:28:26,28.452,53.05,100,Level2,Hollandbury,9.1
1879,37,13,2023-06-06 09:05:21,2023-06-06 09:37:14,26.574,57.63,86.8,DCFC,East Angelaview,3.2
1880,41,15,2024-06-13 22:03:09,2024-06-13 22:26:01,19.062,55.38,93.58,DCFC,Lake Mary,2.04
1881,14,36,2024-11-27 18:59:14,2024-11-28 04:36:08,18.269,48.2,86.58,Level1,West Lindsey,3.45
1882,5,6,2024-05-02 04:57:04,2024-05-02 10:00:12,36.376,52.01,100,Level2,Montgomerytown,12.08
1883,48,34,2024-09-11 11:01:40,2024-09-11 11:48:21,38.906,32.97,72.63,DCFC,Ryanshire,13.34
1884,32,30,2024-05-10 21:30:09,2024-05-11 01:08:57,26.257,33.22,71.72,Level2,Roymouth,3.74
1885,1,25,2024-05-17 08:34:57,2024-05-17 23:28:38,28.3,39.4,100,Level1,Davishaven,2.86
1886,4,40,2023-10-03 06:13:17,2023-10-03 06:43:08,24.885,37.16,79.41,DCFC,New Rhonda,6.06
1887,46,7,2024-11-05 13:10:13,2024-11-05 15:45:30,18.634,43.34,72.41,Level2,North Kristenside,2.52
1888,25,3,2023-08-26 21:48:40,2023-08-27 20:59:56,44.057,37.41,84.53,Level1,East Marystad,12.64
1889,49,33,2024-10-20 04:07:16,2024-10-20 20:13:57,30.612,50.32,86.04,Level1,Nicoleton,4.4
1890,46,17,2024-01-08 16:13:03,2024-01-08 21:22:23,37.12,13.56,71.47,Level2,Jonesport,8.29
1891,11,34,2023-12-12 20:11:34,2023-12-13 09:27:47,25.214,46.58,100,Level1,East Lauren,2.85
1892,39,4,2023-09-27 18:54:26,2023-09-28 07:24:16,23.745,58.99,100,Level1,West Heatherbury,6.59
1893,36,3,2024-08-10 03:16:18,2024-08-10 08:32:15,37.914,40.01,100,Level2,West Lindsey,6.27
1894,41,24,2023-06-11 07:26:23,2023-06-11 10:51:23,24.601,50.7,100,Level2,Davisview,3.0
1895,26,36,2024-10-15 16:47:49,2024-10-15 20:12:56,24.615,51.64,100,Level2,Port Tyler,5.61
1896,20,1,2024-01-05 04:19:08,2024-01-05 07:11:15,20.655,19.07,56.22,Level2,Olsonside,6.07
1897,22,34,2024-01-23 20:22:30,2024-01-23 21:42:13,66.44,25.05,94.84,DCFC,Lake Samantha,8.23
1898,26,18,2023-06-04 10:05:11,2023-06-04 13:34:13,25.084,33.58,82.86,Level2,Port Sarahtown,6.29
1899,17,9,2023-10-22 11:46:07,2023-10-22 16:54:54,37.055,13.37,91.38,Level2,Bryceland,9.33
1900,24,35,2024-06-13 13:23:07,2024-06-14 10:16:29,39.69,21.96,63.96,Level1,Vargasland,6.32
1901,36,6,2024-06-28 00:20:05,2024-06-28 00:44:18,20.192,38.92,70.87,DCFC,Lake Loganside,6.47
1902,31,23,2024-07-10 20:22:58,2024-07-10 21:28:41,54.774,38.8,100,DCFC,Hillfurt,17.19
1903,32,5,2023-02-28 07:31:52,2023-02-28 08:08:33,30.574,55.17,100,DCFC,South Albertburgh,9.18
1904,38,13,2023-08-25 17:49:24,2023-08-26 00:33:45,48.523,17.87,96.77,Level2,North Stacie,9.61
1905,27,24,2024-07-26 15:31:38,2024-07-26 16:14:44,35.927,50.92,100,DCFC,North Nancymouth,8.84
1906,11,15,2023-07-07 16:39:22,2023-07-08 07:19:58,27.886,29.17,88.25,Level1,Johnton,5.92
1907,48,33,2024-08-29 01:13:35,2024-08-29 02:30:18,63.942,28.86,94.04,DCFC,South Emilychester,7.81
1908,6,38,2023-08-09 12:09:38,2023-08-09 17:05:04,35.453,31.69,100,Level2,West James,6.1
1909,22,13,2023-12-21 19:26:11,2023-12-21 20:22:18,46.772,11.27,60.4,DCFC,Adamsstad,6.64
1910,8,35,2023-01-31 15:22:26,2023-01-31 19:59:43,33.275,38.72,100,Level2,Cartermouth,3.49
1911,25,22,2023-12-20 23:57:53,2023-12-21 03:49:36,27.807,11.35,41.09,Level2,Martinside,4.47
1912,32,26,2023-07-22 04:26:09,2023-07-23 01:53:10,40.756,40.24,100,Level1,Blairborough,10.67
1913,11,37,2024-01-11 02:19:45,2024-01-11 17:10:10,28.197,40.26,100,Level1,Robertton,6.9
1914,38,3,2024-01-28 20:49:11,2024-01-28 21:33:21,36.808,35.55,95.4,DCFC,Port Jodi,9.3
1915,27,32,2024-11-04 22:09:44,2024-11-04 23:00:54,42.646,41.74,100,DCFC,South Cynthia,6.17
1916,3,27,2024-12-06 09:09:23,2024-12-07 10:31:53,48.213,13.9,67.47,Level1,New Crystal,13.02
1917,6,25,2023-02-04 07:20:47,2023-02-04 13:52:29,12.404,16.36,40.26,Level1,Julieshire,3.46
1918,41,1,2024-11-26 15:57:54,2024-11-26 20:18:07,31.227,14.31,76.89,Level2,South Kathleenland,9.73
1919,39,11,2024-06-19 19:41:37,2024-06-20 14:56:04,36.558,36.86,100,Level1,East Nicoleview,4.85
1920,18,6,2023-10-02 01:38:10,2023-10-02 09:11:39,54.418,35.37,100,Level2,South Codyland,7.01
1921,23,13,2024-06-08 17:21:16,2024-06-09 21:15:59,53.033,32.87,100,Level1,South Glendaberg,16.98
1922,43,23,2024-05-24 18:01:32,2024-05-24 18:22:07,17.163,55.44,76.84,DCFC,Sharonfort,4.73
1923,27,20,2023-12-09 00:44:26,2023-12-09 08:59:20,15.672,27.23,48.64,Level1,Teresaland,4.68
1924,24,35,2023-12-24 12:40:25,2023-12-24 17:42:16,36.222,26.04,64.37,Level2,North Melanie,4.81
1925,1,9,2024-12-15 08:14:23,2024-12-15 15:45:04,14.272,49.91,80.47,Level1,Port Jamesshire,3.47
1926,44,4,2024-07-01 02:19:42,2024-07-01 07:57:07,40.49,25.94,71.18,Level2,Averyberg,8.17
1927,27,24,2023-12-22 05:32:34,2023-12-22 05:58:17,21.44,34.08,63.37,DCFC,New Paulland,6.67
1928,39,3,2023-12-31 10:51:06,2023-12-31 11:06:11,12.576,55.76,77.48,DCFC,North Jasonburgh,1.84
1929,34,23,2024-05-10 01:58:24,2024-05-10 06:47:39,34.711,35.12,100,Level2,New Williehaven,4.93
1930,33,22,2024-12-17 12:07:08,2024-12-18 21:58:19,64.321,30.01,100,Level1,Martinberg,15.72
1931,1,16,2023-04-16 11:36:14,2023-04-16 17:51:42,11.89,45.13,70.59,Level1,East James,3.39
1932,25,28,2023-08-05 20:15:48,2023-08-06 02:31:17,45.058,51.81,100,Level2,Port Jamie,6.87
1933,9,14,2024-05-02 12:02:53,2024-05-03 06:07:18,34.34,40.05,91.38,Level1,Williamville,11.64
1934,38,17,2023-07-21 23:39:16,2023-07-22 03:59:06,31.181,45.54,96.24,Level2,Charleschester,3.44
1935,44,31,2024-08-04 03:56:37,2024-08-04 18:29:23,27.638,29.36,60.24,Level1,Peckburgh,7.12
1936,7,12,2023-11-10 21:12:52,2023-11-10 21:58:49,38.292,49.88,100,DCFC,Victoriaburgh,5.67
1937,24,4,2024-10-04 16:13:39,2024-10-04 20:35:29,31.421,45.69,78.94,Level2,East Kevin,6.86
1938,30,28,2024-08-03 13:27:44,2024-08-04 00:11:45,20.394,54.17,100,Level1,Gibsonstad,4.45
1939,9,28,2023-11-14 11:09:58,2023-11-15 03:09:31,30.386,12.36,57.78,Level1,New Francisville,5.11
1940,36,40,2023-06-22 00:49:04,2023-06-22 20:03:14,36.549,25.1,82.93,Level1,West Ashley,4.26
1941,38,27,2024-11-13 17:57:35,2024-11-13 18:42:53,37.755,18.22,79.61,DCFC,Timothyton,9.28
1942,34,20,2023-09-16 21:00:58,2023-09-17 16:01:41,36.123,12.46,79.98,Level1,East Charles,7.39
1943,39,29,2023-03-15 10:36:45,2023-03-15 11:17:59,34.369,40.64,100,DCFC,Hunttown,4.42
1944,16,15,2024-03-21 00:59:54,2024-03-21 01:48:23,40.403,18.12,85.57,DCFC,Camerontown,9.08
1945,33,18,2024-04-30 02:54:52,2024-04-30 14:54:00,22.773,33.34,58.12,Level1,West Lisaton,6.37
1946,10,19,2023-09-16 20:01:23,2023-09-16 20:39:16,31.57,53.09,100,DCFC,West Robert,7.73
1947,31,15,2023-07-07 16:20:36,2023-07-07 17:19:15,48.885,13.44,68.06,DCFC,Port Timothy,15.65
1948,46,17,2023-11-20 06:38:25,2023-11-20 07:01:40,19.384,52.34,82.58,DCFC,Dannytown,5.51
1949,36,35,2023-12-26 01:36:32,2023-12-26 05:12:40,25.937,58.96,100,Level2,North Haley,8.19
1950,49,6,2024-01-27 02:44:52,2024-01-27 03:40:03,45.995,46.33,100,DCFC,Cruzmouth,13.49
1951,19,37,2023-01-27 13:24:42,2023-01-27 14:12:24,39.754,29.29,72.69,DCFC,Lake Brandyville,7.31
1952,16,26,2024-07-13 15:52:38,2024-07-13 22:36:41,12.795,22.14,43.5,Level1,Port Crystalland,3.11
1953,40,28,2023-12-08 02:41:58,2023-12-08 11:25:08,62.78,19.01,90.27,Level2,Port Michael,12.86
1954,30,18,2024-08-24 23:10:53,2024-08-24 23:48:07,31.034,28.95,98.69,DCFC,Port Jasonfort,5.93
1955,47,7,2023-05-19 09:23:59,2023-05-19 11:32:00,15.362,42.62,66.66,Level2,Caseyland,5.2
1956,33,8,2023-04-15 22:32:00,2023-04-16 02:59:48,32.137,45.33,80.3,Level2,Port Robertmouth,7.39
1957,4,12,2023-09-18 12:32:30,2023-09-18 20:03:21,14.277,53.42,77.66,Level1,North Justin,2.7
1958,4,40,2023-05-19 22:14:31,2023-05-20 01:31:03,23.584,16.71,56.75,Level2,North Christina,7.38
1959,22,32,2024-09-02 18:52:13,2024-09-03 00:12:53,38.48,59.58,100,Level2,North Carlosstad,7.01
1960,44,4,2024-02-28 22:30:46,2024-02-28 23:43:07,60.305,28.87,96.25,DCFC,South Jessicaborough,15.04
1961,5,36,2023-01-30 20:58:29,2023-01-30 21:40:48,35.277,53.46,100,DCFC,Thomasshire,6.29
1962,18,2,2023-12-23 09:34:45,2023-12-23 17:25:17,56.465,32.94,100,Level2,Sandramouth,12.47
1963,43,40,2024-08-31 07:24:57,2024-08-31 23:45:49,31.061,26.24,64.97,Level1,North James,6.21
1964,8,21,2024-03-28 01:16:04,2024-03-28 04:59:49,26.851,50.55,100,Level2,East Derrick,7.86
1965,32,3,2024-10-11 22:08:30,2024-10-12 02:07:12,28.644,58.0,100,Level2,Ericshire,9.1
1966,17,16,2024-12-01 13:53:13,2024-12-02 05:12:15,29.103,19.67,80.94,Level1,Whitemouth,5.22
1967,24,37,2024-12-23 19:36:37,2024-12-24 02:28:38,49.442,42.26,94.58,Level2,Kristenborough,10.95
1968,22,24,2024-09-06 11:33:24,2024-09-06 12:12:50,32.873,22.91,57.44,DCFC,Aprilbury,8.87
1969,25,2,2024-10-02 01:46:07,2024-10-02 06:38:46,35.119,39.93,77.49,Level2,Johnsonborough,11.23
1970,50,21,2024-04-26 14:57:43,2024-04-26 23:11:44,15.644,17.42,40.91,Level1,West Michelleton,2.81
1971,5,7,2023-05-17 13:02:34,2023-05-17 18:13:21,37.294,34.39,83.59,Level2,Port Lynntown,12.1
1972,14,34,2024-11-17 13:28:01,2024-11-18 05:04:19,29.65,10.17,72.46,Level1,North Tashaborough,5.93
1973,17,2,2024-12-27 07:06:33,2024-12-27 10:03:50,21.275,50.98,95.77,Level2,Haynesmouth,4.01
1974,47,23,2024-08-17 16:11:00,2024-08-17 16:55:02,36.704,11.8,69.24,DCFC,Matthewstad,12.55
1975,22,33,2024-09-19 11:12:56,2024-09-19 12:19:52,55.778,31.98,90.57,DCFC,Garretttown,18.14
1976,1,1,2023-06-08 05:16:56,2023-06-08 18:01:44,24.219,48.14,100,Level1,West Rhondaburgh,2.95
1977,14,10,2023-09-26 15:43:34,2023-09-27 09:30:12,33.777,20.73,91.69,Level1,Matthewton,6.36
1978,29,24,2023-03-26 02:01:27,2023-03-26 05:06:25,22.197,54.7,100,Level2,Susanberg,6.19
1979,15,16,2024-11-25 22:34:01,2024-11-25 23:21:11,39.314,21.74,70.76,DCFC,Brownton,4.06
1980,18,25,2024-03-30 14:48:05,2024-03-31 15:07:03,46.201,45.13,100,Level1,North Jessicaville,13.03
1981,48,29,2024-11-23 21:55:46,2024-11-24 03:55:52,43.213,55.95,100,Level2,New Jacob,13.81
1982,21,32,2024-03-26 11:26:11,2024-03-26 18:46:48,52.875,25.24,95.74,Level2,East Diana,9.43
1983,27,30,2023-11-23 18:36:26,2023-11-23 18:59:41,19.376,49.72,76.19,DCFC,West Ronald,4.97
1984,41,32,2023-03-26 00:29:36,2023-03-26 06:59:26,12.345,37.43,62.17,Level1,Lopezland,3.63
1985,33,32,2023-10-23 21:29:26,2023-10-24 17:36:41,38.23,40.11,81.71,Level1,North Jillianport,7.1
1986,43,18,2023-03-17 11:10:01,2023-03-17 11:37:02,22.52,54.97,83.05,DCFC,Katrinaville,3.88
1987,16,9,2023-05-09 11:28:09,2023-05-10 02:06:59,27.83,53.54,100,Level1,East Jeffburgh,9.68
1988,45,2,2024-05-02 16:03:26,2024-05-02 16:58:23,45.804,42.53,100,DCFC,Jamesshire,9.75
1989,23,19,2024-05-31 17:01:11,2024-05-31 23:02:52,43.403,44.82,99.76,Level2,New Claudia,10.8
1990,14,19,2023-05-15 17:46:40,2023-05-15 22:59:38,37.556,14.67,93.57,Level2,West Amandaborough,11.14
1991,34,18,2023-03-28 00:33:55,2023-03-28 07:24:17,12.995,22.69,46.98,Level1,Williamburgh,1.45
1992,3,39,2024-07-17 22:15:18,2024-07-18 03:11:28,35.541,55.81,95.3,Level2,West Charles,3.68
1993,3,25,2024-12-02 03:03:46,2024-12-03 04:24:00,48.141,19.88,73.37,Level1,South Shannon,16.53
1994,31,1,2024-10-01 18:40:33,2024-10-02 15:06:19,38.816,56.63,100,Level1,Marymouth,11.89
1995,49,4,2024-08-05 14:16:29,2024-08-06 11:07:04,39.602,53.79,100,Level1,Parkerbury,10.07
1996,36,24,2023-08-06 18:34:16,2023-08-07 17:12:11,43.001,28.64,96.68,Level1,Lake Jenniferbury,12.9
1997,45,27,2024-02-27 00:06:35,2024-02-28 01:27:46,48.171,33.12,93.56,Level1,Lake Cherylberg,16.06
1998,6,35,2024-08-23 21:10:52,2024-08-24 01:42:49,32.635,16.08,78.96,Level2,Goldenbury,5.66
1999,20,25,2023-07-26 00:31:33,2023-07-26 01:15:20,36.496,34.36,100,DCFC,Gilmoreland,12.01
2000,16,32,2023-01-23 04:52:49,2023-01-23 08:38:56,27.135,54.7,100,Level2,East Sarah,6.22
