trip_id,vehicle_id,driver_id,start_time,end_time,distance_km,energy_used_kwh,avg_speed_kmh,start_soc,end_soc,start_lat,start_lon,end_lat,end_lon,region
1,45,21,2023-04-28 06:02:59,2023-04-28 08:02:43,134.73,30.39,67.51,71.04,32.91,52.498307,29.022506,55.852602,32.901926,North
2,42,4,2023-10-01 08:40:42,2023-10-01 11:29:56,154.66,21.162,54.83,59.37,31.19,-68.860406,146.068676,-65.630848,153.96037,Central
3,22,5,2024-05-15 17:27:14,2024-05-15 20:05:42,259.95,49.611,98.42,69.98,17.87,81.659655,-149.798055,-55.978766,-72.523157,Central
4,34,38,2024-03-06 13:12:21,2024-03-06 16:25:15,286.5,68.498,89.11,32.67,5,-76.121105,-172.084886,66.065914,-108.546903,West
5,41,13,2023-09-07 17:41:35,2023-09-07 20:18:36,183.48,33.772,70.11,92.25,24.57,72.064375,107.019564,79.397597,62.263393,East
6,26,6,2024-01-27 21:28:30,2024-01-28 03:22:45,195.61,48.691,33.13,76.0,5,-12.17337,-159.579949,81.117315,101.44653,East
7,38,34,2024-04-18 15:35:48,2024-04-18 16:27:46,51.83,9.28,59.83,48.39,33.3,47.353734,-64.353081,-88.313337,67.555734,North
8,26,39,2023-02-10 16:09:50,2023-02-10 19:04:18,237.82,33.614,81.78,34.28,5,68.312901,-106.967102,74.224857,-38.586805,East
9,49,25,2023-08-09 16:53:00,2023-08-09 17:41:30,79.34,16.052,98.13,92.69,73.96,-68.763406,-40.212394,9.938436,25.825184,Central
10,12,22,2023-03-05 07:18:25,2023-03-05 11:35:21,176.91,43.542,41.31,52.74,5,71.599686,16.00071,60.977644,121.916601,East
11,50,26,2023-04-11 03:49:59,2023-04-11 05:33:06,180.54,31.631,105.04,50.12,5,-74.447129,84.285436,41.318477,-53.768373,North
12,26,9,2024-06-04 11:52:30,2024-06-04 13:52:57,212.34,50.854,105.77,94.82,5,80.628711,-160.869603,20.035,45.363175,East
13,8,28,2024-01-30 22:54:44,2024-01-31 00:48:20,111.74,17.398,59.01,41.72,9.68,-31.775962,-148.821294,64.129086,43.777766,North
14,36,13,2023-06-25 23:04:06,2023-06-26 06:08:36,299.99,67.37,42.4,49.23,5,63.568347,-69.811732,73.669034,-88.112625,West
15,37,35,2024-10-10 15:45:42,2024-10-10 18:51:08,222.9,52.419,72.12,73.03,15.49,-67.011549,-40.290735,-61.775202,52.806415,North
16,44,9,2024-04-08 21:28:50,2024-04-09 00:10:57,116.13,25.843,42.98,84.04,55.17,27.150727,-103.099977,-57.883257,57.421648,Central
17,13,29,2023-02-03 22:29:09,2023-02-03 23:59:10,126.2,23.133,84.11,45.44,7.27,14.491482,-103.863154,44.907219,-157.405383,East
18,22,29,2023-07-01 18:07:51,2023-07-01 21:05:55,162.53,30.276,54.76,82.56,50.76,-67.881576,63.942143,82.264987,-145.698243,Central
19,15,24,2024-06-10 20:33:20,2024-06-10 23:10:13,284.4,46.588,108.76,60.01,5,-24.580856,60.369388,67.812598,-91.331438,West
20,29,33,2024-02-14 16:33:47,2024-02-14 19:33:15,128.5,26.029,42.96,42.98,5,-51.817756,142.77754,-29.51178,111.394176,North
21,19,4,2024-05-13 00:26:36,2024-05-13 02:54:06,146.77,31.61,59.7,90.73,56.22,78.747928,174.244734,30.466279,172.557126,South
22,38,8,2023-08-10 09:57:35,2023-08-10 10:39:15,29.74,5.698,42.82,59.21,49.94,9.627825,-143.618795,59.789375,10.988153,North
23,32,6,2024-12-08 05:02:33,2024-12-08 06:06:33,70.5,9.391,66.09,52.72,38.95,-67.435519,-72.872108,20.43795,168.542972,East
24,4,26,2024-01-25 22:05:27,2024-01-25 23:59:05,115.32,18.099,60.89,35.3,5,49.218086,38.195513,-53.170578,153.931055,West
25,25,7,2024-10-13 19:22:47,2024-10-13 23:10:42,215.84,29.051,56.82,39.49,8.42,-48.948045,140.731653,57.532699,-65.775185,East
26,35,9,2024-08-12 09:49:27,2024-08-12 13:03:31,213.13,29.733,65.89,30.34,5,-47.349489,-2.851414,11.074381,-3.876102,West
27,19,14,2024-10-10 12:50:25,2024-10-10 13:18:25,49.11,8.879,105.22,69.58,59.89,-82.511972,104.951669,-36.285691,-39.24169,South
28,22,16,2023-08-22 21:51:54,2023-08-22 22:41:57,40.95,8.384,49.08,71.53,62.72,-24.972315,-124.556591,-50.25835,146.931679,Central
29,6,8,2024-10-11 20:59:22,2024-10-12 00:29:18,272.02,52.186,77.74,31.07,5,3.659871,63.72506,-45.118712,-119.941694,Central
30,18,10,2023-08-15 05:42:12,2023-08-15 07:21:56,131.63,23.692,79.18,45.64,17.5,-70.923472,125.549266,70.936678,155.845871,South
31,48,6,2024-02-11 14:27:33,2024-02-11 22:43:12,292.52,55.836,35.41,64.19,7.27,84.948136,-113.375557,59.90327,-8.871377,East
32,37,36,2023-01-16 19:03:32,2023-01-16 20:50:11,120.18,29.772,67.61,71.32,38.64,62.703222,35.640599,-64.311136,-79.712964,North
33,19,2,2023-10-05 08:42:44,2023-10-05 12:50:19,237.61,48.803,57.58,77.64,24.36,38.79166,157.234814,86.277909,110.783496,South
34,42,22,2023-04-14 14:56:06,2023-04-14 15:10:49,18.08,2.73,73.68,82.88,79.24,-52.659786,-73.385018,10.464618,8.666342,Central
35,49,30,2024-06-24 02:59:42,2024-06-24 06:16:25,146.17,31.562,44.58,38.77,5,53.610521,171.207291,71.133714,-105.149779,Central
36,34,3,2023-08-16 22:09:57,2023-08-16 22:51:24,64.47,10.823,93.29,87.58,67.35,-60.465967,-82.563441,-37.095303,161.182713,West
37,24,33,2023-11-06 07:26:03,2023-11-06 11:28:31,296.79,65.411,73.44,46.47,5,5.697679,-10.779954,-33.53648,48.443458,North
38,15,19,2023-10-05 06:28:51,2023-10-05 14:08:55,259.33,42.215,33.82,72.62,19.98,-78.591736,10.643339,-89.932955,-52.743038,West
39,28,28,2024-11-21 21:13:49,2024-11-21 23:07:03,123.01,20.996,65.18,92.17,56.03,69.306866,-173.526408,-56.110279,-44.546189,Central
40,14,32,2024-06-21 13:05:30,2024-06-21 14:33:06,151.77,34.321,103.94,63.75,5,84.270887,-123.357828,-74.579054,3.890354,East
41,32,6,2023-12-01 11:05:56,2023-12-01 13:00:23,182.72,30.797,95.79,65.46,20.3,67.838151,-170.254945,51.16965,-49.214365,East
42,8,21,2024-05-28 08:25:38,2024-05-28 09:49:52,92.21,13.831,65.67,76.65,51.18,88.228471,-55.970944,72.673343,68.275158,North
43,33,23,2023-12-14 07:06:03,2023-12-14 07:16:35,17.49,4.369,99.6,52.92,48.17,35.13028,93.219099,-62.271613,132.442676,Central
44,21,4,2023-02-28 06:52:07,2023-02-28 10:06:59,203.0,44.658,62.5,63.35,5,84.590439,-9.928536,8.813965,-66.164043,West
45,13,2,2023-04-21 21:36:07,2023-04-22 00:37:58,255.36,37.065,84.25,58.48,5,11.583543,178.092289,13.729541,22.475208,East
46,18,24,2023-10-09 06:58:34,2023-10-09 08:32:26,117.94,24.943,75.38,69.33,39.71,-41.724308,77.572742,-87.861215,-128.311393,South
47,28,24,2023-12-11 19:37:41,2023-12-11 22:39:33,230.11,40.905,75.91,64.41,5,-73.298114,-43.310261,24.766814,-65.294665,Central
48,46,18,2023-07-13 21:05:54,2023-07-14 06:05:22,288.35,55.401,32.07,42.09,5,11.044607,-134.531286,-78.208229,20.612835,South
49,40,8,2023-07-23 07:52:15,2023-07-23 10:34:37,233.61,47.522,86.32,43.95,5,57.583146,144.793589,79.341291,-12.077876,East
50,50,32,2023-06-05 11:35:41,2023-06-05 12:00:50,41.18,9.794,98.23,59.38,44.67,42.247073,13.095208,-26.734808,-152.869886,North
51,33,6,2024-09-21 13:03:41,2024-09-21 15:10:22,206.17,35.398,97.64,50.77,12.25,-39.022008,9.470841,30.477251,116.052205,Central
52,6,36,2024-02-26 02:48:24,2024-02-26 04:29:08,90.66,19.505,54.0,40.24,5,-11.563529,-100.18279,79.059706,-91.462118,Central
53,50,12,2024-09-08 11:34:22,2024-09-08 13:54:05,111.64,25.124,47.94,94.03,56.31,-8.339547,56.108191,17.975794,-164.28544,North
54,18,32,2023-01-21 09:58:11,2023-01-21 11:26:26,111.46,27.638,75.78,60.38,27.56,42.011148,12.138335,-85.3295,-177.491927,South
55,11,40,2024-11-17 19:32:54,2024-11-17 20:06:15,30.43,6.581,54.74,94.97,81.03,41.588086,83.652087,-20.182281,-23.836216,North
56,38,27,2024-08-20 10:15:59,2024-08-20 11:55:17,125.78,21.136,75.99,38.15,5,-41.933687,171.62393,-35.407905,126.215571,North
57,6,29,2023-12-28 19:45:36,2023-12-28 23:19:56,205.63,45.985,57.56,87.07,5,7.206771,97.869069,58.901017,66.081354,Central
58,45,38,2023-05-22 08:02:19,2023-05-22 13:46:48,231.5,54.214,40.32,62.69,5,32.943151,-127.335522,-44.970305,111.842042,North
59,10,34,2023-04-29 20:24:54,2023-04-29 22:37:11,94.72,14.876,42.96,90.76,68.66,-88.882998,-138.627324,35.021889,89.422512,North
60,38,19,2024-10-19 01:20:50,2024-10-19 01:57:56,28.26,4.605,45.7,92.16,84.67,10.027335,-108.808898,47.054564,-113.216017,North
61,45,20,2024-04-22 05:46:23,2024-04-22 08:05:08,162.38,39.457,70.21,40.96,5,-23.648848,-131.363093,-71.484397,104.653709,North
62,12,11,2024-05-26 15:40:14,2024-05-26 17:31:21,189.22,45.578,102.16,51.95,5,37.971117,-82.460681,17.637038,-14.40887,East
63,3,2,2023-03-05 02:06:13,2023-03-05 02:19:48,18.41,3.832,81.32,67.49,63.23,75.704733,-123.619322,-75.009979,129.684883,North
64,41,27,2024-04-25 02:22:34,2024-04-25 05:08:48,193.5,31.881,69.84,70.77,6.88,53.191096,164.910143,-60.059128,145.858395,East
65,24,31,2023-07-10 04:51:18,2023-07-10 07:42:47,242.38,33.632,84.8,49.33,13.74,55.619152,-0.33119,25.667099,0.643223,North
66,4,11,2023-12-08 10:50:25,2023-12-08 12:44:25,127.61,18.789,67.16,52.11,20.21,-2.670245,77.048368,-40.278092,125.228377,West
67,25,23,2023-11-06 16:36:58,2023-11-06 17:20:48,43.58,7.334,59.64,66.51,58.67,7.910975,-134.510978,2.898534,-18.977996,East
68,34,8,2023-07-27 18:02:00,2023-07-27 21:22:05,137.63,33.505,41.27,33.29,5,-83.373814,-115.103019,86.221416,61.817147,West
69,44,27,2023-07-12 20:05:36,2023-07-12 22:55:17,288.99,69.95,102.18,82.88,5,60.556898,-166.288328,-87.369867,108.588088,Central
70,25,13,2024-08-15 17:36:48,2024-08-15 18:05:15,52.01,12.248,109.68,60.34,47.24,-8.342244,120.599255,-10.582448,-167.051792,East
71,36,2,2023-03-11 22:38:12,2023-03-12 02:39:58,283.84,44.227,70.44,92.83,22.85,-6.846518,-29.817261,-24.680157,-36.754569,West
72,27,4,2023-02-09 06:08:29,2023-02-09 07:16:20,88.0,18.542,77.8,84.79,59.46,-58.10214,-140.202372,67.23882,128.201199,South
73,22,35,2023-01-07 08:26:16,2023-01-07 12:23:30,254.92,55.394,64.47,87.36,29.17,-18.230778,67.662276,11.947207,-50.881766,Central
74,30,24,2023-02-05 03:22:45,2023-02-05 05:00:28,123.17,24.189,75.62,42.65,5,-79.608918,30.342782,-74.66972,109.087902,South
75,6,25,2024-01-27 16:00:15,2024-01-27 17:52:02,137.85,28.23,73.99,83.65,29.26,-27.658913,-74.146217,83.427128,-52.793371,Central
76,44,8,2023-04-10 22:27:33,2023-04-11 03:13:00,292.65,49.952,61.51,81.67,25.86,45.382652,71.078203,-57.403327,101.307037,Central
77,28,10,2023-06-04 14:42:28,2023-06-04 17:38:59,182.73,24.608,62.11,32.62,5,-7.472117,-90.457669,22.438554,-2.367665,Central
78,26,31,2024-02-08 09:03:48,2024-02-08 10:50:39,139.81,23.678,78.5,63.51,16.99,64.910802,62.130522,57.634391,69.194918,East
79,44,21,2023-05-07 05:15:27,2023-05-07 06:46:55,120.92,24.335,79.32,84.77,57.58,63.939433,70.135277,11.880493,-112.699051,Central
80,37,33,2024-02-18 11:32:01,2024-02-18 13:31:34,149.5,19.733,75.03,60.87,39.21,81.066481,123.449925,-16.708198,-59.874923,North
81,26,8,2023-11-20 12:52:24,2023-11-20 14:45:48,177.19,37.664,93.74,77.15,5,-57.157617,-127.760081,-46.653948,-19.376568,East
82,2,39,2024-01-04 15:00:10,2024-01-04 16:00:48,83.33,16.617,82.45,93.18,65.58,76.322985,-80.174487,72.188272,72.672349,North
83,17,4,2024-03-29 05:39:44,2024-03-29 07:42:06,146.73,32.714,71.94,76.88,8.01,19.172113,61.083004,59.59775,-174.954641,South
84,29,10,2024-09-30 04:52:35,2024-09-30 11:12:11,205.81,29.469,32.53,91.63,31.49,46.275068,86.898097,63.853226,-41.658566,North
85,2,29,2023-09-01 15:39:06,2023-09-01 17:41:26,128.54,24.451,63.04,43.25,5,-3.938487,18.566412,74.781068,160.914366,North
86,44,31,2024-11-08 22:30:04,2024-11-09 01:23:44,255.27,49.074,88.19,75.88,21.05,-70.850178,-3.501213,-72.937251,-24.721265,Central
87,40,21,2024-05-29 08:48:08,2024-05-29 11:13:53,146.12,27.056,60.15,92.18,61.47,-60.740613,-44.845958,-35.77494,129.658019,East
88,39,22,2024-02-29 07:16:15,2024-02-29 08:27:51,109.51,22.69,91.76,76.86,37.67,84.883485,85.421194,-60.011199,-79.254481,East
89,50,17,2024-04-18 20:39:06,2024-04-18 22:02:18,147.83,24.513,106.59,48.14,11.33,86.960702,162.761292,64.557931,-139.120292,North
90,24,19,2024-07-01 12:18:21,2024-07-01 13:04:17,66.15,11.368,86.4,50.61,38.58,-47.062716,148.218685,-23.886366,-10.848102,North
91,21,19,2023-04-05 15:53:52,2023-04-05 18:16:07,174.18,30.89,73.46,88.22,47.03,-60.288801,140.05516,-66.699748,-135.165289,West
92,27,10,2023-08-14 14:25:47,2023-08-14 14:35:35,17.41,4.194,106.43,35.14,29.41,-29.9496,81.181836,64.056298,-120.759094,South
93,46,17,2024-08-03 11:23:57,2024-08-03 14:34:06,146.33,35.406,46.17,65.01,9.77,-9.002839,148.317343,-86.487908,96.769705,South
94,50,18,2023-04-17 14:57:12,2023-04-17 15:22:12,37.22,5.065,89.27,45.55,37.94,-88.951529,148.604845,-4.978701,-157.364337,North
95,38,15,2024-05-10 12:08:55,2024-05-10 14:05:12,73.69,13.757,38.02,51.47,29.1,27.96322,161.183757,-19.059543,147.98059,North
96,49,9,2023-01-05 00:35:20,2023-01-05 03:15:50,289.53,60.323,108.23,40.27,5,-16.567919,146.715003,-14.100021,-25.319938,Central
97,35,31,2024-05-20 06:55:12,2024-05-20 07:30:57,63.84,13.247,107.11,50.88,27.22,44.158112,-144.396337,3.417758,28.470222,West
98,8,37,2023-06-30 08:53:53,2023-06-30 10:45:07,162.87,39.022,87.85,90.88,19.02,-80.613131,-159.143458,-61.194465,-59.204864,North
99,14,27,2024-11-16 06:14:17,2024-11-16 08:38:44,252.09,58.068,104.71,32.36,5,11.229428,-37.574111,-21.164994,96.54962,East
100,36,12,2024-12-28 11:39:08,2024-12-28 13:55:00,225.96,30.391,99.78,48.82,5,69.590023,134.546943,33.506524,-61.657713,West
101,24,37,2024-04-13 04:41:20,2024-04-13 05:01:34,36.65,9.115,108.64,48.5,38.85,10.710498,-101.417357,-29.80084,-84.201548,North
102,39,34,2024-01-19 15:11:41,2024-01-19 21:45:23,267.33,43.505,40.74,62.77,5,74.175614,-111.619546,19.661368,179.798938,East
103,10,22,2023-05-07 05:06:45,2023-05-07 07:48:29,220.68,29.061,81.86,76.71,33.53,-43.024703,146.313672,61.720883,-71.450664,North
104,26,19,2024-03-17 00:12:32,2024-03-17 04:41:46,203.95,42.146,45.45,69.71,5,0.783119,-138.321099,-52.002023,-38.98499,East
105,30,28,2024-02-05 05:31:39,2024-02-05 07:09:59,101.74,25.211,62.07,36.2,5,-3.022556,163.286968,87.876238,18.57337,South
106,35,21,2024-12-27 21:02:58,2024-12-27 22:35:11,78.17,17.233,50.86,45.31,14.54,-36.815101,68.916744,-59.24787,60.552368,West
107,26,20,2024-03-28 09:51:19,2024-03-28 16:54:57,218.25,46.516,30.91,72.49,5,-32.272425,-3.064167,75.547355,-62.36707,East
108,4,8,2023-12-28 11:35:29,2023-12-28 13:07:16,95.51,22.675,62.43,62.66,24.16,64.085579,-77.213136,68.412675,-115.45392,West
109,24,8,2024-05-11 02:26:31,2024-05-11 07:34:38,275.26,43.022,53.6,69.95,24.42,-14.165634,105.901848,3.600814,-34.564581,North
110,11,31,2023-04-29 23:35:09,2023-04-30 00:51:42,139.22,29.826,109.11,54.29,5,-69.875958,174.982298,48.541143,-39.029092,North
111,35,35,2024-09-14 22:16:12,2024-09-15 02:30:08,200.91,44.314,47.47,46.09,5,48.972338,-6.791708,-85.366489,-105.734073,West
112,8,34,2023-12-13 23:59:09,2023-12-14 02:42:51,160.81,23.071,58.94,89.62,47.13,-1.974807,69.257111,-62.309176,-107.829018,North
113,40,33,2023-06-07 00:28:31,2023-06-07 04:37:04,173.95,33.475,41.99,51.33,13.33,-61.999258,162.680222,63.199128,-22.721896,East
114,10,14,2024-07-10 20:19:10,2024-07-11 01:04:05,177.03,40.193,37.28,63.17,5,-78.343107,138.057902,24.847406,84.597095,North
115,34,9,2024-02-03 15:37:59,2024-02-03 17:19:52,127.55,26.879,75.11,66.32,16.08,-8.727094,-19.816021,67.564724,-173.0966,West
116,24,2,2023-11-04 13:01:08,2023-11-04 15:39:58,80.06,11.109,30.24,44.16,32.4,-35.803032,151.062465,-61.649685,-157.58125,North
117,32,23,2024-06-28 00:07:13,2024-06-28 00:20:15,23.81,3.293,109.53,90.75,85.92,34.62209,103.853488,-26.197049,2.75243,East
118,35,3,2023-08-11 23:45:31,2023-08-12 01:07:52,125.62,31.078,91.52,79.78,24.28,-1.736933,90.525764,-65.872938,148.940489,West
119,46,27,2023-10-18 20:27:26,2023-10-19 01:22:22,297.89,71.14,60.6,86.53,5,39.260404,-170.76953,76.41953,18.922372,South
120,29,6,2024-06-14 07:00:58,2024-06-14 09:54:41,289.42,67.503,99.96,38.64,5,55.193976,-14.025078,74.958701,143.325381,North
121,10,12,2024-02-22 07:13:26,2024-02-22 10:14:00,120.95,27.84,40.19,93.62,52.25,-3.106313,-102.825034,-65.024006,71.702348,North
122,2,20,2023-12-26 15:01:05,2023-12-26 17:47:13,203.68,46.603,73.56,64.58,5,82.118562,166.983252,9.527202,-38.845739,North
123,18,30,2023-09-26 20:53:06,2023-09-26 22:00:39,50.76,11.262,45.08,86.89,73.51,-50.992147,-169.039996,-53.774091,22.632056,South
124,3,27,2024-04-22 14:59:57,2024-04-22 17:17:34,230.99,35.741,100.7,31.02,5,76.682983,169.431215,-55.582304,17.782678,North
125,9,39,2023-01-27 01:54:25,2023-01-27 03:32:20,136.7,21.786,83.76,86.69,54.12,85.42836,2.189605,74.09969,176.182321,West
126,3,26,2023-12-07 22:51:35,2023-12-08 00:25:27,74.13,10.139,47.38,86.14,74.87,-51.985256,-116.185512,-19.728335,-42.389527,North
127,37,19,2023-07-01 21:05:13,2023-07-01 23:51:43,245.66,49.562,88.52,50.73,5,-14.901353,-164.529066,-78.644613,146.794271,North
128,49,21,2023-07-04 00:12:40,2023-07-04 02:28:43,94.02,14.716,41.46,72.91,55.74,-8.993346,-179.029786,5.983708,165.00164,Central
129,24,18,2023-02-17 08:19:57,2023-02-17 10:31:15,169.23,25.556,77.33,77.79,50.75,-65.58187,8.842772,-37.850634,-20.126653,North
130,49,28,2024-03-07 17:48:26,2024-03-07 19:12:36,151.21,31.839,107.78,91.2,54.05,0.477263,-101.239158,33.277795,-114.07415,Central
131,38,21,2024-06-24 20:07:46,2024-06-24 23:10:37,127.82,28.188,41.94,54.47,8.64,-88.626531,44.499335,26.093004,-35.574048,North
132,35,16,2024-10-21 16:51:45,2024-10-21 17:35:14,71.48,13.264,98.6,39.38,15.69,36.357144,-86.362927,76.094579,35.276769,West
133,4,36,2023-11-17 12:51:57,2023-11-17 16:45:39,290.5,46.231,74.58,38.72,5,-57.958864,-14.406807,44.247182,4.533136,West
134,16,22,2024-05-17 07:28:15,2024-05-17 07:54:00,28.33,5.504,65.98,54.12,44.93,-0.656431,23.302622,6.205434,-67.669718,East
135,15,4,2023-07-28 12:29:12,2023-07-28 13:58:10,116.26,16.129,78.4,32.57,12.46,2.875707,-134.162439,-50.577823,101.001087,West
136,42,36,2023-06-18 13:28:52,2023-06-18 14:57:06,146.42,35.85,99.56,51.64,5,48.544077,105.170626,60.211954,156.669275,Central
137,1,14,2024-12-28 21:55:27,2024-12-28 22:36:27,61.06,13.465,89.32,78.55,49.72,-57.418814,26.598503,-32.306385,54.550758,East
138,18,39,2024-06-30 15:11:50,2024-06-30 15:49:48,65.33,14.573,103.21,65.89,48.58,-39.066983,97.581112,57.032711,133.218003,South
139,29,30,2024-02-19 11:57:33,2024-02-19 15:33:03,196.37,46.331,54.67,53.38,5,79.614255,-47.382888,-64.310487,87.149297,North
140,34,7,2024-09-15 13:35:11,2024-09-15 17:56:43,294.49,70.595,67.56,84.58,5,-79.849545,-86.8841,-74.716635,25.702209,West
141,28,21,2023-11-18 12:13:03,2023-11-18 12:24:14,18.49,2.44,99.13,78.18,73.98,11.670156,117.244906,-70.787597,16.995865,Central
142,40,38,2024-03-25 20:00:23,2024-03-26 00:03:39,217.4,34.263,53.62,42.75,5,-79.809645,134.388398,-0.673346,-71.874357,East
143,41,16,2024-01-23 19:39:15,2024-01-23 21:14:29,167.44,37.105,105.48,51.94,5,-0.636049,-86.297706,13.95484,152.342328,East
144,36,32,2023-12-24 22:28:30,2023-12-24 23:03:31,54.63,11.824,93.6,41.0,22.29,-25.13081,110.081027,27.999229,160.408575,West
145,36,12,2024-12-13 04:14:36,2024-12-13 06:41:27,267.36,51.567,109.23,92.22,10.63,83.214713,-102.30093,20.703607,71.924468,West
146,6,4,2024-08-16 16:18:31,2024-08-16 16:28:35,6.88,0.951,41.0,71.0,69.17,83.936778,-51.428314,74.035734,-124.176224,Central
147,12,1,2023-06-19 21:13:48,2023-06-19 23:48:21,154.19,32.382,59.86,70.16,12.23,-27.918304,106.301009,58.245718,-62.894185,East
148,44,31,2024-05-27 01:57:03,2024-05-27 06:49:43,148.92,19.571,30.53,65.86,43.99,50.092347,74.690526,-69.020283,3.094955,Central
149,38,18,2024-02-21 02:52:55,2024-02-21 12:14:00,293.36,61.865,31.37,82.86,5,-88.576054,24.907967,71.10239,-178.005616,North
150,14,7,2024-12-14 01:40:15,2024-12-14 02:28:04,33.41,6.454,41.91,42.48,28.92,-37.648877,-178.186487,-24.559493,130.770649,East
151,27,18,2024-09-09 10:41:14,2024-09-09 12:43:38,122.08,24.147,59.84,56.39,23.4,51.951186,82.884144,-33.579184,-20.849838,South
152,50,15,2023-08-21 23:55:57,2023-08-22 02:02:46,206.79,48.179,97.83,72.49,5,2.056071,-41.1415,-2.640014,143.020254,North
153,3,6,2023-11-11 18:56:06,2023-11-11 20:30:35,116.88,15.327,74.22,33.65,16.62,-87.993043,-105.437033,66.285338,-83.538079,North
154,13,6,2024-01-24 06:02:08,2024-01-24 09:09:11,254.37,62.9,81.59,51.53,5,26.759217,176.885729,-77.470694,-49.479433,East
155,9,34,2024-12-14 22:14:21,2024-12-14 22:36:47,17.55,4.151,46.91,86.43,80.23,20.73486,-162.378784,76.100057,-142.323986,West
156,35,18,2023-02-06 03:58:40,2023-02-06 07:15:13,277.63,54.183,84.75,48.22,5,53.875334,-108.538848,56.436194,101.870187,West
157,48,3,2023-05-20 07:24:36,2023-05-20 12:28:04,278.99,55.922,55.16,92.5,35.49,-14.973699,-163.498654,-84.010739,-85.003158,East
158,30,5,2023-08-21 10:55:32,2023-08-21 12:00:01,52.92,9.351,49.24,84.25,63.24,-10.47805,89.509935,18.710452,-147.321882,South
159,39,22,2023-10-26 03:24:43,2023-10-26 08:56:36,227.9,49.431,41.2,94.25,8.88,49.931475,141.858854,14.460971,125.288653,East
160,37,23,2023-02-11 16:58:26,2023-02-11 17:40:12,33.82,6.853,48.57,34.94,27.42,89.416359,154.612364,15.251387,-121.564953,North
161,44,39,2023-11-05 03:04:50,2023-11-05 08:15:49,290.83,65.153,56.11,71.22,5,-48.877674,-88.319411,9.635594,-31.091342,Central
162,33,32,2023-06-27 04:48:28,2023-06-27 05:51:07,109.96,23.264,105.29,58.07,32.76,72.545254,143.307158,15.489066,-53.846037,Central
163,48,25,2023-03-08 13:27:14,2023-03-08 17:47:40,232.79,32.316,53.63,46.02,13.08,-63.694843,54.169461,-81.871801,-41.6425,East
164,21,10,2023-10-23 03:42:47,2023-10-23 06:22:34,214.94,36.11,80.71,78.08,29.93,33.945207,11.440479,-20.176354,146.640069,West
165,9,6,2023-01-05 00:50:45,2023-01-05 05:09:49,283.17,40.286,65.58,79.49,19.27,82.353458,-164.265268,39.925961,43.556292,West
166,8,12,2023-12-01 18:02:25,2023-12-01 19:53:15,137.41,18.296,74.38,56.52,22.83,-10.999462,-84.946618,9.180371,-14.666414,North
167,27,36,2023-03-14 06:50:36,2023-03-14 08:47:44,181.09,23.81,92.76,86.14,53.61,38.878767,-68.773497,-40.08218,-40.823678,South
168,31,25,2024-08-28 04:45:53,2024-08-28 05:03:30,29.99,7.419,102.09,88.84,80.55,-79.140827,-76.687389,59.250977,10.518902,Central
169,41,34,2023-05-12 17:15:17,2023-05-12 22:00:38,207.17,33.605,43.56,47.48,5,-42.620435,48.053061,-67.454874,-177.85888,East
170,12,5,2023-05-10 20:58:18,2023-05-10 23:03:48,133.23,18.55,63.69,61.48,28.3,-58.765035,-168.201516,-38.444493,166.302354,East
171,19,16,2024-07-13 22:32:23,2024-07-14 00:59:00,189.38,27.05,77.5,42.71,13.18,-33.698183,-13.870532,14.815311,-21.787454,South
172,24,1,2023-11-04 08:13:59,2023-11-04 09:31:36,103.0,17.463,79.62,82.26,63.78,33.970117,-94.290215,34.672297,79.275334,North
173,26,28,2024-09-25 09:33:52,2024-09-25 12:35:06,247.94,41.171,82.08,68.64,5,83.917539,-169.56511,-41.76286,-116.348857,East
174,43,13,2024-01-08 01:23:19,2024-01-08 02:18:00,97.68,16.115,107.17,92.97,72.88,-48.251374,9.127643,41.392076,166.040818,West
175,50,32,2024-03-23 07:10:04,2024-03-23 11:22:15,235.68,52.864,56.07,48.22,5,31.457093,118.627515,-23.732057,-153.530276,North
176,28,8,2024-12-24 22:59:27,2024-12-25 01:12:18,171.34,36.291,77.38,65.47,5,-7.459991,45.057269,-36.380863,127.883238,Central
177,40,2,2024-07-18 20:14:22,2024-07-18 21:52:06,141.18,23.289,86.67,58.5,32.07,-57.731473,62.103395,38.915785,-27.824677,East
178,50,5,2024-09-28 02:37:28,2024-09-28 05:20:59,255.1,37.424,93.6,73.74,17.55,-44.879226,113.599481,12.772903,-160.80554,North
179,24,16,2023-07-16 06:19:40,2023-07-16 08:36:46,199.31,27.679,87.22,81.29,52.0,81.156917,-30.567757,-20.962795,-7.870947,North
180,43,31,2024-03-28 05:48:54,2024-03-28 07:33:44,123.24,26.251,70.53,89.83,57.1,-84.542782,76.537878,55.150734,-15.962419,West
181,39,3,2024-09-06 04:06:22,2024-09-06 07:28:52,290.69,58.504,86.13,82.8,5,-58.99821,52.721788,70.063335,43.304569,East
182,8,7,2024-08-20 06:20:32,2024-08-20 07:16:57,78.23,15.921,83.18,40.81,11.49,-30.425108,108.417727,31.911735,-23.398488,North
183,41,26,2024-08-07 15:01:26,2024-08-07 16:07:16,102.82,14.583,93.7,36.89,7.67,73.080705,-35.590451,-26.729633,-146.806611,East
184,17,33,2024-08-03 02:20:58,2024-08-03 04:25:01,158.05,29.001,76.44,67.39,6.34,-65.766425,-46.689965,-32.838586,45.088277,South
185,30,30,2024-08-22 21:30:09,2024-08-22 23:54:47,205.47,51.311,85.23,39.8,5,-13.667607,-27.662838,15.899876,115.781185,South
186,35,7,2023-08-18 11:15:20,2023-08-18 12:26:59,127.71,31.018,106.94,37.54,5,-57.76369,-95.038971,64.782005,69.288906,West
187,12,23,2023-08-31 06:03:26,2023-08-31 07:12:08,106.2,18.245,92.74,63.87,31.23,-39.434172,-108.444422,49.256858,-140.695295,East
188,9,29,2024-07-14 18:56:33,2024-07-14 22:44:07,210.55,47.842,55.51,49.52,5,-85.17224,-72.963658,-76.365264,88.778721,West
189,10,2,2024-10-21 13:51:45,2024-10-21 16:36:12,106.21,25.659,38.75,82.0,43.87,6.50861,173.779408,89.176302,21.810613,North
190,18,34,2023-05-16 12:02:38,2023-05-16 15:00:54,167.81,31.12,56.48,57.71,20.75,13.11275,-72.208073,-77.353211,105.925731,South
191,30,12,2023-05-25 18:30:14,2023-05-25 21:30:26,193.94,39.504,64.57,31.9,5,27.885103,46.377195,-76.876139,153.820576,South
192,15,29,2024-04-04 23:28:01,2024-04-05 03:48:19,131.72,21.523,30.36,43.96,17.12,32.583692,98.641793,-73.402805,-175.102273,West
193,6,37,2023-03-21 00:47:44,2023-03-21 04:05:49,240.85,37.006,72.95,53.78,5,7.460132,-154.789071,75.052662,-76.186685,Central
194,10,17,2024-06-04 22:46:50,2024-06-05 02:22:24,259.48,52.321,72.22,71.54,5,6.312329,-118.244467,-13.076624,141.963203,North
195,44,26,2024-03-31 22:33:39,2024-03-31 23:13:34,38.7,5.832,58.16,59.76,53.24,-72.478774,-65.56088,-64.703512,171.680696,Central
196,49,20,2024-12-14 13:29:04,2024-12-14 18:32:55,186.27,26.85,36.78,38.71,7.38,-81.778221,-149.014579,-72.223148,-162.118985,Central
197,24,8,2023-05-23 04:11:49,2023-05-23 06:59:02,115.13,23.207,41.31,55.25,30.69,-35.407001,69.119703,39.395134,-99.834597,North
198,41,25,2023-11-25 14:00:52,2023-11-25 14:45:15,59.8,12.404,80.84,75.07,50.21,-76.715345,78.430316,-44.367252,98.311389,East
199,14,36,2023-05-10 14:35:55,2023-05-10 18:13:26,149.44,27.515,41.22,50.45,5,10.598809,153.716253,53.812947,-155.260709,East
200,4,23,2023-01-08 10:38:53,2023-01-08 13:53:31,147.96,29.206,45.61,54.96,5.37,-13.545492,98.871034,-86.304733,97.62187,West
201,46,32,2023-11-14 18:49:01,2023-11-14 22:05:22,206.99,39.047,63.25,84.59,23.67,-35.509195,179.962923,-31.508294,21.481194,South
202,8,37,2023-01-24 23:17:06,2023-01-25 04:19:05,239.78,37.641,47.64,32.13,5,-72.942526,-90.561127,77.514415,-20.923172,North
203,22,11,2024-08-29 10:03:07,2024-08-29 11:37:00,139.91,27.418,89.4,79.78,50.98,-9.630831,-73.269068,-86.665366,38.474209,Central
204,10,37,2023-03-30 16:57:58,2023-03-30 18:06:36,84.03,16.39,73.45,94.41,70.06,-46.827037,-111.146623,2.7753,147.969015,North
205,3,29,2024-02-29 08:45:47,2024-02-29 09:50:54,69.47,14.48,64.01,77.84,61.75,40.546309,-26.432081,73.104506,143.333988,North
206,18,20,2024-11-10 11:38:14,2024-11-10 16:10:51,299.8,68.357,65.98,52.66,5,43.61901,-32.777564,-38.213715,42.149662,South
207,33,8,2024-08-25 10:49:18,2024-08-25 16:02:50,244.51,52.006,46.79,77.94,21.35,-45.506594,145.702048,17.542057,-139.515993,Central
208,44,28,2023-05-09 22:07:17,2023-05-10 00:08:02,186.76,42.33,92.79,82.88,35.58,-4.047918,-120.489994,-60.738794,26.258058,Central
209,41,23,2024-02-18 10:25:59,2024-02-18 11:38:08,87.92,18.858,73.1,51.04,13.25,89.355196,-128.990384,51.812221,-15.315391,East
210,22,37,2023-07-27 15:38:09,2023-07-27 19:39:17,285.96,65.148,71.15,88.51,20.08,25.939691,148.449158,66.815936,-125.102483,Central
211,11,27,2024-12-14 15:05:24,2024-12-14 15:31:15,22.49,4.817,52.19,72.63,62.42,-83.665281,0.444656,81.639125,7.587309,North
212,11,16,2023-04-24 14:10:31,2023-04-24 16:24:24,214.86,45.367,96.28,79.5,5,47.516798,-148.734774,78.235144,-76.696623,North
213,36,10,2024-03-24 11:59:31,2024-03-24 14:22:46,191.56,26.639,80.23,54.39,12.24,80.093633,110.407361,-82.299211,104.370539,West
214,8,26,2024-02-05 11:43:54,2024-02-05 14:22:28,226.19,41.746,85.58,87.03,10.15,-4.306373,-118.541598,36.640344,-160.124739,North
215,36,21,2024-03-28 00:26:15,2024-03-28 00:29:59,5.73,1.247,91.93,77.63,75.66,-72.891559,96.171233,-62.915023,-96.414199,West
216,34,23,2024-10-22 07:07:44,2024-10-22 07:27:15,23.68,4.299,72.75,44.16,36.12,-55.975456,-108.012894,-61.576456,-76.007072,West
217,16,32,2023-07-28 13:53:22,2023-07-28 15:47:31,100.25,14.604,52.69,65.58,41.2,66.515507,152.051011,-62.396752,81.435111,East
218,36,22,2024-11-25 12:15:03,2024-11-25 18:20:35,206.35,46.236,33.87,36.47,5,88.411751,7.619483,41.280874,107.387407,West
219,34,2,2023-04-07 11:56:55,2023-04-07 18:29:45,279.18,69.522,42.64,59.67,5,-60.416238,-91.820692,-79.778722,-175.498734,West
220,32,13,2024-06-18 20:16:58,2024-06-18 23:00:00,273.28,64.202,100.57,49.62,5,88.874926,39.698079,-64.316143,-49.084012,East
221,21,6,2024-05-23 10:24:14,2024-05-23 13:26:47,111.33,23.142,36.59,73.19,42.33,53.347327,-112.462957,-29.63699,-7.28068,West
222,4,26,2024-04-30 22:06:32,2024-04-30 23:12:56,95.13,19.85,85.96,45.22,11.52,-34.514674,-99.96806,-0.693088,115.104561,West
223,9,1,2023-06-15 18:27:32,2023-06-15 22:02:41,145.66,30.821,40.62,44.7,5,65.447466,122.080905,83.661599,-169.100325,West
224,1,1,2024-06-24 06:52:11,2024-06-24 09:33:06,106.35,22.683,39.65,85.92,37.35,0.506614,123.373426,46.090214,-44.010932,East
225,35,5,2023-06-27 19:52:44,2023-06-27 21:12:46,118.01,19.779,88.46,36.66,5,-75.751627,-52.796136,-88.831558,-110.307607,West
226,24,9,2023-10-25 06:26:14,2023-10-25 09:01:14,233.17,58.095,90.25,38.65,5,86.960954,-33.504226,-24.098566,-67.284763,North
227,12,5,2024-02-17 01:23:27,2024-02-17 03:33:43,171.17,29.466,78.83,40.67,5,-34.085827,-169.548487,-65.321789,-77.56497,East
228,16,10,2024-12-15 12:04:09,2024-12-15 13:33:28,126.45,17.754,84.93,85.9,56.26,-67.998262,-5.460556,-17.634002,-93.521921,East
229,9,9,2024-08-07 10:36:12,2024-08-07 11:04:15,41.33,7.502,88.4,52.85,41.64,-60.47547,-57.609933,79.583601,-101.625448,West
230,11,16,2023-08-04 03:03:04,2023-08-04 06:57:57,195.16,42.26,49.85,69.06,5,42.529626,157.390452,-51.613357,-125.063462,North
231,22,2,2024-10-20 13:51:15,2024-10-20 16:24:04,254.89,51.7,100.07,43.35,5,39.640785,168.180837,-49.734138,-165.513179,Central
232,15,26,2023-08-18 13:18:11,2023-08-18 15:24:47,195.62,31.049,92.7,81.6,42.89,1.557701,99.64212,-28.701486,-23.832366,West
233,29,8,2023-07-07 06:05:22,2023-07-07 08:03:19,152.38,37.687,77.51,64.34,5,10.904336,134.329237,-12.544102,-142.336845,North
234,28,21,2023-04-13 12:20:21,2023-04-13 13:33:56,119.12,23.295,97.12,57.36,17.27,-60.008801,-94.889438,-47.600736,-60.434967,Central
235,14,31,2024-08-21 08:40:57,2024-08-21 09:01:37,26.53,4.136,76.99,30.9,22.21,-65.349185,39.009488,-57.141719,8.851262,East
236,4,26,2024-01-29 11:54:22,2024-01-29 12:56:05,89.51,16.186,87.01,79.86,52.38,87.509752,124.139775,-24.486999,158.367466,West
237,30,6,2024-05-12 12:28:49,2024-05-12 14:32:23,163.29,27.3,79.28,48.04,5,24.2527,171.901191,89.695379,-110.347763,South
238,37,14,2024-09-19 15:19:54,2024-09-19 16:14:14,50.84,11.265,56.14,68.12,55.75,-10.413538,-122.326069,39.909754,-141.698645,North
239,46,5,2023-08-29 21:58:42,2023-08-30 00:21:59,211.11,28.911,88.4,85.02,39.92,9.465326,-173.492657,51.417139,-64.01976,South
240,8,28,2023-04-01 02:08:47,2023-04-01 03:54:32,138.74,30.385,78.71,50.1,5,-32.021735,90.559199,1.745235,104.151791,North
241,14,8,2023-01-10 20:05:31,2023-01-10 22:34:29,213.83,52.252,86.12,40.65,5,63.831034,21.330317,-69.524574,52.547776,East
242,38,34,2024-08-31 03:56:14,2024-08-31 08:49:04,247.64,54.474,50.74,54.17,5,-69.002066,-22.247281,-8.897149,-162.881797,North
243,21,8,2024-08-22 04:30:10,2024-08-22 09:15:52,270.47,52.164,56.8,57.91,5,-7.495865,41.509785,15.365781,23.649184,West
244,19,37,2024-05-02 10:03:35,2024-05-02 10:28:38,27.74,5.269,66.42,53.41,47.66,80.822928,-162.574951,-86.727768,-87.830244,South
245,41,11,2023-10-13 14:11:49,2023-10-13 14:45:23,51.41,10.842,91.87,88.13,66.4,56.122465,124.339146,-7.547204,83.810107,East
246,10,15,2024-07-29 09:08:21,2024-07-29 13:45:58,155.1,24.715,33.52,86.09,49.37,8.098014,-144.818648,48.354802,39.050403,North
247,35,24,2023-10-25 11:15:17,2023-10-25 17:29:33,276.47,37.114,44.32,92.42,26.15,62.564186,-36.836932,-67.841637,78.570258,West
248,46,27,2023-06-24 09:16:07,2023-06-24 10:50:50,99.93,16.244,63.3,76.82,51.48,-82.688637,37.337001,-9.951446,1.231879,South
249,6,37,2023-10-17 13:38:52,2023-10-17 14:07:38,40.22,6.306,83.87,33.42,21.27,89.34439,-161.302671,74.536232,-91.295945,Central
250,38,3,2023-11-08 09:46:51,2023-11-08 10:09:27,25.33,5.861,67.21,48.35,38.82,55.753839,57.914698,-17.770603,-177.169921,North
251,25,6,2024-03-05 14:22:15,2024-03-05 16:43:08,139.74,31.321,59.51,48.95,15.45,-56.695068,178.525258,18.91195,-169.490435,East
252,44,16,2023-12-27 08:13:13,2023-12-27 09:16:29,113.64,25.354,107.75,94.86,66.53,-66.770935,-103.362135,31.416062,1.916258,Central
253,39,16,2023-04-27 22:45:38,2023-04-27 22:52:12,6.88,1.18,62.8,45.14,43.1,-70.707895,-11.830153,4.331625,-13.473588,East
254,50,1,2023-09-18 05:10:35,2023-09-18 05:14:31,5.43,1.18,82.58,85.19,83.42,-46.526117,116.188857,37.213164,-48.949764,North
255,9,14,2024-02-16 12:27:28,2024-02-16 17:05:49,295.02,72.784,63.59,92.48,5,63.086796,176.09991,-38.945406,-84.315386,West
256,12,18,2023-03-14 06:08:32,2023-03-14 06:30:43,17.95,3.223,48.52,84.96,79.19,53.978465,13.217781,10.579767,125.036975,East
257,28,30,2024-08-03 21:51:19,2024-08-03 22:39:12,30.05,6.863,37.65,38.68,26.87,81.4132,42.598382,45.210601,-46.454955,Central
258,6,38,2024-03-17 00:56:44,2024-03-17 01:13:37,23.37,3.856,83.0,38.5,31.07,49.168014,-24.492095,-27.804175,-33.209836,Central
259,25,26,2024-06-28 06:28:19,2024-06-28 10:56:08,250.41,39.573,56.1,59.43,17.11,-4.347247,-68.027949,-78.197894,-79.707183,East
260,15,9,2024-08-28 19:04:44,2024-08-29 01:04:31,232.19,42.711,38.72,36.87,5,16.061645,-22.380767,-84.317312,-43.958448,West
261,25,27,2023-04-04 18:41:45,2023-04-04 20:13:03,163.1,27.237,107.17,43.5,14.37,21.376784,32.394295,58.145555,77.233052,East
262,19,8,2023-03-12 05:34:03,2023-03-12 06:10:27,51.5,11.002,84.88,83.72,71.71,74.558856,46.471738,-61.997968,-33.864425,South
263,3,14,2024-10-11 06:46:00,2024-10-11 12:55:16,257.69,63.445,41.87,76.23,5.74,-5.264716,-176.894721,29.508138,43.365277,North
264,30,33,2023-02-08 00:30:20,2023-02-08 04:32:08,204.77,27.384,50.81,94.39,32.85,-80.912691,88.142271,52.893389,129.797565,South
265,30,29,2024-03-07 19:43:45,2024-03-08 00:14:37,225.68,51.109,49.99,60.03,5,-7.889821,79.121181,56.766613,137.893606,South
266,11,8,2023-01-10 06:53:35,2023-01-10 07:08:37,23.19,3.566,92.48,44.45,36.89,71.407371,133.143399,-83.91341,-47.648089,North
267,30,24,2024-06-17 01:17:04,2024-06-17 03:37:30,190.94,30.753,81.57,67.85,5,-30.160011,-110.824496,-17.245461,-153.688241,South
268,6,2,2023-02-20 01:50:45,2023-02-20 02:37:16,63.34,8.933,81.68,82.6,65.39,-77.969414,65.300029,-53.31667,70.11607,Central
269,26,8,2023-02-03 03:55:01,2023-02-03 12:13:38,282.97,51.495,34.05,90.07,5,-66.453011,172.116393,2.804181,14.660651,East
270,30,32,2023-01-23 21:35:23,2023-01-23 23:25:41,117.91,28.18,64.13,53.01,5,25.372344,24.527382,53.17015,-172.172466,South
271,21,18,2023-12-13 10:15:20,2023-12-13 18:21:39,265.61,42.363,32.77,70.25,13.77,-55.950132,93.143786,-60.70964,-86.248007,West
272,22,32,2023-11-17 00:05:28,2023-11-17 03:58:33,265.42,46.704,68.32,35.7,5,-74.486502,-179.172472,59.610407,-124.408847,Central
273,31,13,2024-05-14 03:54:40,2024-05-14 07:36:05,265.97,60.178,72.07,71.0,5,5.505253,25.094342,-10.144096,-86.639721,Central
274,2,25,2024-08-30 07:57:58,2024-08-30 11:07:01,215.44,36.901,68.37,80.79,19.49,-67.083206,-161.006226,-14.685396,-100.208449,North
275,41,33,2023-09-07 19:08:27,2023-09-07 21:50:04,119.57,18.687,44.39,50.73,13.28,3.13601,-74.101177,27.402642,-100.960191,East
276,21,4,2024-09-20 02:24:03,2024-09-20 06:30:46,297.5,74.361,72.35,79.84,5,-34.580329,-66.386853,-12.189646,-7.092094,West
277,13,7,2023-07-12 12:23:25,2023-07-12 16:15:49,198.78,47.721,51.32,83.06,5,-71.400413,-83.792018,26.541235,54.104071,East
278,4,15,2024-03-23 03:40:43,2024-03-23 06:23:40,254.72,58.766,93.79,53.06,5,21.322243,-84.294407,75.657319,18.412499,West
279,14,12,2023-07-03 17:37:57,2023-07-03 19:32:06,179.79,43.092,94.5,75.35,5,-55.48278,36.617635,42.059075,-133.930355,East
280,2,23,2024-03-16 21:47:18,2024-03-17 00:04:13,171.26,42.569,75.05,42.24,5,44.640876,-119.35419,21.617649,-46.59461,North
281,36,35,2023-08-29 01:10:00,2023-08-29 02:53:07,56.79,11.483,33.04,33.65,15.48,-41.77069,0.330422,-67.872435,-44.381988,West
282,2,34,2024-01-07 06:21:38,2024-01-07 06:24:38,5.2,0.757,103.43,43.1,41.84,-30.735938,-81.80252,71.444643,-74.644294,North
283,14,21,2023-02-16 06:12:13,2023-02-16 06:21:09,11.46,2.555,76.93,89.62,84.25,28.890836,48.27649,34.589802,59.479559,East
284,38,24,2023-02-26 08:05:13,2023-02-26 09:10:49,115.21,16.374,105.35,55.71,29.09,-54.38604,-95.683885,22.453701,104.748358,North
285,24,21,2023-04-16 23:38:36,2023-04-17 02:56:57,292.88,60.542,88.59,58.4,5,21.310455,131.445453,-59.701256,131.080721,North
286,36,21,2023-05-16 07:22:23,2023-05-16 10:13:22,213.62,43.503,74.96,87.82,18.99,1.868343,-76.025106,-3.361775,55.748083,West
287,27,15,2024-05-31 22:24:34,2024-06-01 02:28:08,178.74,38.004,44.03,49.94,5,-22.879615,1.182781,-25.598886,-95.278271,South
288,11,12,2024-07-20 02:23:37,2024-07-20 02:27:28,5.53,1.283,86.16,67.23,64.51,-59.705085,93.900712,-38.204203,136.073035,North
289,41,3,2023-05-22 10:14:59,2023-05-22 12:00:42,182.7,28.594,103.68,92.89,35.59,55.833171,115.080388,-77.458253,32.974609,East
290,41,7,2024-12-28 13:07:33,2024-12-28 15:48:19,151.37,25.978,56.49,35.06,5,28.365128,-124.85317,17.397016,-6.90789,East
291,25,11,2024-05-09 03:22:51,2024-05-09 10:33:18,266.17,55.015,37.1,76.08,17.24,-25.750995,-20.322904,56.602854,-108.656984,East
292,26,29,2023-01-09 20:25:47,2023-01-09 22:05:45,83.24,13.385,49.96,34.41,8.11,-2.516568,152.416855,73.932967,44.386357,East
293,9,1,2023-02-07 09:32:01,2023-02-07 10:52:29,118.85,28.066,88.61,92.99,51.04,-27.345989,-133.308238,17.529584,101.109133,West
294,36,25,2023-09-30 19:25:24,2023-09-30 23:46:52,166.08,38.811,38.11,61.17,5,71.860096,-87.932554,-14.433034,67.980903,West
295,46,15,2023-05-07 08:08:13,2023-05-07 09:36:26,138.13,18.29,93.94,32.17,5,-45.58379,24.374742,-12.953238,8.565516,South
296,19,7,2023-02-27 15:11:44,2023-02-27 16:14:35,105.83,14.71,101.03,40.46,24.4,-12.379818,10.258827,29.902646,42.361742,South
297,8,22,2024-04-06 09:31:54,2024-04-06 12:26:44,295.66,53.739,101.46,75.79,5,67.99874,147.006552,41.932443,-39.829639,North
298,46,11,2024-04-16 17:13:15,2024-04-16 23:30:14,267.48,41.37,42.57,36.58,5,11.398874,-17.923109,-35.535436,-74.022028,South
299,15,27,2024-06-25 12:41:18,2024-06-25 14:18:26,168.46,35.254,104.05,65.11,21.15,-64.140562,-17.700831,78.617642,71.622987,West
300,24,16,2023-03-16 12:00:08,2023-03-16 12:15:41,19.64,2.915,75.74,84.59,81.51,39.638177,58.956205,-29.790223,-87.985237,North
301,28,1,2023-11-29 03:09:10,2023-11-29 03:28:27,30.85,5.789,95.91,70.63,60.67,-5.551519,-178.259343,-12.500581,-105.612264,Central
302,9,2,2023-06-10 17:52:59,2023-06-10 18:55:18,55.4,12.811,53.34,35.33,16.18,-75.211674,-130.526398,-60.334278,-160.882428,West
303,24,26,2024-01-01 19:02:27,2024-01-01 20:50:31,149.28,29.154,82.88,35.92,5.07,14.97854,-154.518533,41.617153,-137.784095,North
304,14,24,2024-11-18 18:46:48,2024-11-18 21:23:45,117.53,21.481,44.93,32.9,5,84.377353,-35.455047,11.932041,-103.569521,East
305,19,15,2024-10-12 04:16:44,2024-10-12 06:41:25,84.23,17.696,34.93,78.9,59.58,-69.44892,-111.026505,-33.472931,119.437844,South
306,8,23,2024-09-19 17:34:12,2024-09-19 19:06:00,164.73,32.358,107.66,68.33,8.74,-2.438332,-158.697045,7.796198,89.672093,North
307,29,34,2023-11-22 03:52:02,2023-11-22 07:16:42,289.86,57.603,84.97,90.86,5,38.397905,154.31371,-8.770009,-7.014119,North
308,18,31,2023-08-21 03:00:25,2023-08-21 03:17:01,28.29,5.382,102.22,76.43,70.04,-53.166301,-156.122869,77.15667,-175.283215,South
309,38,37,2024-06-10 06:09:56,2024-06-10 13:13:14,294.91,54.229,41.8,91.7,5,-29.472585,-162.799532,50.124778,109.366903,North
310,13,14,2024-09-19 22:48:00,2024-09-20 00:39:04,61.85,13.111,33.41,35.09,13.45,-82.414838,-63.27115,87.846501,152.153695,East
311,15,10,2024-10-09 20:54:08,2024-10-10 00:09:01,180.54,40.961,55.58,77.26,26.19,-5.075437,87.914252,-47.236271,86.846652,West
312,8,25,2024-03-08 03:22:49,2024-03-08 05:33:33,122.22,22.608,56.09,47.95,6.31,7.512718,69.671939,8.991054,144.331453,North
313,1,40,2024-04-01 09:12:43,2024-04-01 11:42:56,159.16,23.521,63.57,56.94,6.57,-79.861464,-44.78171,28.68703,-38.382089,East
314,42,38,2024-08-12 01:10:44,2024-08-12 08:47:48,289.63,64.745,38.02,36.87,5,39.560314,-43.105974,10.376205,160.920039,Central
315,22,35,2024-11-14 14:55:12,2024-11-14 16:36:46,106.44,20.039,62.87,54.9,33.85,43.342968,-43.572993,-47.269084,65.620747,Central
316,43,31,2023-01-30 02:24:38,2023-01-30 03:18:25,55.8,11.813,62.24,70.19,55.46,-38.868936,90.73786,79.694946,-63.042133,West
317,30,3,2023-11-04 10:06:41,2023-11-04 14:50:34,267.42,58.696,56.52,45.44,5,-8.391468,-159.013044,69.769002,-26.355263,South
318,21,24,2023-01-16 17:10:06,2023-01-16 18:17:16,104.67,24.194,93.49,50.21,17.95,4.593751,-65.67748,-45.612763,-20.486749,West
319,50,7,2024-11-05 21:28:13,2024-11-05 22:48:26,72.25,16.103,54.04,78.34,54.16,-40.528399,-119.899265,31.012398,-84.124878,North
320,25,18,2024-07-20 01:48:20,2024-07-20 03:22:22,127.95,19.879,81.64,42.22,20.96,45.573957,8.504237,-73.270866,-36.060336,East
321,31,32,2024-08-12 21:58:52,2024-08-13 00:36:28,157.37,35.405,59.91,33.65,5,-85.723635,5.266393,63.929075,-110.082116,Central
322,6,20,2024-07-05 03:19:56,2024-07-05 07:06:51,154.5,36.388,40.85,85.33,15.22,27.535702,-73.128609,-80.144239,-78.45621,Central
323,2,12,2023-05-30 17:22:15,2023-05-30 23:05:04,263.18,35.258,46.06,33.75,5,65.203457,-151.059133,-76.869787,13.610189,North
324,4,24,2024-07-01 07:19:43,2024-07-01 08:24:01,63.74,11.322,59.47,60.17,40.95,45.80731,50.03763,81.797407,-173.678546,West
325,10,2,2023-07-07 22:03:10,2023-07-07 23:32:04,114.88,26.934,77.52,41.54,5,-10.665596,47.019144,-89.375274,15.649486,North
326,42,36,2023-09-29 15:59:49,2023-09-29 17:05:43,106.55,24.475,97.01,46.81,14.22,43.94474,83.369409,13.024695,-84.187623,Central
327,8,19,2023-01-22 07:42:51,2023-01-22 10:28:50,119.04,29.259,43.03,67.2,13.32,87.708209,-16.328527,-76.968919,124.234375,North
328,17,15,2024-06-10 09:09:18,2024-06-10 09:57:30,65.99,15.426,82.13,63.36,30.88,42.892724,160.581866,-0.885979,-101.175186,South
329,49,1,2024-01-04 05:48:44,2024-01-04 09:09:39,273.9,35.885,81.79,69.07,27.2,-34.676141,82.778764,64.680684,-42.449306,Central
330,19,39,2024-09-17 07:52:57,2024-09-17 11:08:12,283.19,46.173,87.02,76.11,25.7,-40.863929,-133.727769,63.474249,-117.69465,South
331,29,23,2023-12-23 12:20:35,2023-12-23 13:31:16,79.34,18.162,67.34,74.02,36.95,-40.992319,-22.608487,38.985866,115.494162,North
332,30,38,2023-03-21 11:14:09,2023-03-21 11:18:03,7.17,1.654,109.95,92.82,89.1,-61.045555,-135.099269,-81.275645,140.489314,South
333,40,39,2024-04-18 01:31:00,2024-04-18 02:33:34,88.39,15.058,84.75,61.31,44.22,33.790824,-117.349268,68.453264,-174.158082,East
334,21,21,2024-10-31 03:22:02,2024-10-31 04:25:04,86.68,18.045,82.49,91.89,67.83,-83.295553,-96.777065,-43.393464,178.785405,West
335,15,10,2024-02-06 19:03:04,2024-02-06 21:18:52,230.81,52.229,101.97,82.35,17.23,-4.893007,-120.287818,80.075962,166.044847,West
336,43,26,2024-05-28 01:10:39,2024-05-28 03:35:16,99.28,18.832,41.19,31.65,8.17,81.412667,-50.126643,38.209967,117.720731,West
337,22,17,2024-12-05 10:03:24,2024-12-05 12:09:38,128.48,27.619,61.06,32.3,5,-32.45187,-59.506609,15.515318,130.70087,Central
338,41,13,2023-09-24 13:05:50,2023-09-24 17:41:12,219.33,49.171,47.79,64.75,5,-89.776468,-91.32522,45.943373,-26.953409,East
339,48,23,2024-01-30 01:02:03,2024-01-30 03:10:48,93.56,18.43,43.6,72.74,53.95,47.547844,10.668286,89.874771,143.374636,East
340,22,7,2024-01-01 15:59:29,2024-01-01 16:50:04,42.74,9.469,50.69,82.54,72.59,12.827533,177.974127,7.679957,81.319317,Central
341,14,22,2024-05-23 07:32:45,2024-05-23 08:04:56,31.34,5.229,58.42,78.37,67.38,86.305757,138.004934,-3.102617,34.80237,East
342,26,24,2023-07-22 09:10:34,2023-07-22 11:49:29,177.74,24.251,67.1,37.66,5,78.567125,-124.831543,45.436144,-140.686933,East
343,45,38,2024-03-26 17:49:13,2024-03-27 01:45:48,283.57,53.895,35.7,87.81,20.19,38.249046,58.091158,-8.676602,51.895082,North
344,49,25,2024-02-16 12:54:20,2024-02-16 15:36:56,93.01,13.624,34.32,85.53,69.63,-16.9999,-2.629041,86.303998,-79.91771,Central
345,15,22,2023-11-14 19:53:19,2023-11-14 22:48:32,296.22,43.6,101.43,94.13,39.77,-51.040233,4.505433,44.531973,144.6214,West
346,14,6,2024-01-14 17:09:56,2024-01-14 18:06:44,103.13,14.125,108.93,50.37,20.7,22.815364,-158.641098,-33.332104,54.361051,East
347,33,18,2023-06-12 15:10:12,2023-06-12 20:26:53,229.55,43.327,43.49,79.69,32.54,52.05242,31.384578,75.930719,-1.151967,Central
348,8,9,2024-04-22 06:43:57,2024-04-22 08:47:54,132.94,24.898,64.35,57.89,12.04,79.303804,163.213455,-57.304977,146.490606,North
349,1,3,2024-02-19 14:25:44,2024-02-19 15:29:43,63.83,10.766,59.85,30.92,7.87,46.98158,69.119002,-24.832815,33.086077,East
350,38,13,2023-01-14 21:58:50,2023-01-15 00:32:03,204.64,43.634,80.13,46.17,5,9.865089,-83.306478,40.871899,-66.969833,North
351,27,20,2023-04-11 03:26:39,2023-04-11 03:56:47,35.3,4.866,70.27,49.9,43.25,69.271395,-129.007466,-12.15594,-4.387205,South
352,3,20,2023-08-14 21:25:22,2023-08-14 23:22:14,139.5,25.395,71.62,64.07,35.85,14.266684,-8.456813,-50.843344,84.353146,North
353,49,9,2023-09-24 05:00:11,2023-09-24 09:19:16,298.86,44.765,69.21,78.76,26.53,-80.137722,-11.795555,51.985214,34.068427,Central
354,30,2,2023-06-27 10:01:31,2023-06-27 10:40:46,71.17,9.439,108.79,43.73,22.52,-59.760618,32.647247,-21.845014,-86.051481,South
355,37,11,2023-04-06 15:54:20,2023-04-06 17:17:04,113.14,26.609,82.04,32.43,5,-11.867856,-168.882402,68.233992,81.39775,North
356,19,35,2024-04-29 00:04:27,2024-04-29 00:15:02,19.33,4.029,109.57,73.03,68.63,77.681699,127.702518,-40.005051,-115.866307,South
357,2,4,2024-06-19 17:52:02,2024-06-19 18:27:52,39.16,6.278,65.55,38.03,27.6,62.622036,-113.456039,72.788984,94.364505,North
358,50,10,2023-06-09 14:42:10,2023-06-09 17:18:54,210.08,43.991,80.42,49.57,5,52.714457,11.725094,-9.514664,-30.37607,North
359,48,34,2023-07-29 16:44:19,2023-07-29 18:55:53,188.73,44.887,86.06,57.22,11.46,-27.226852,-42.118381,4.807434,86.345533,East
360,37,40,2023-04-02 10:43:53,2023-04-02 11:41:03,88.4,17.952,92.78,62.35,42.64,5.85923,135.948491,-31.854341,53.966137,North
361,19,34,2023-06-06 15:27:38,2023-06-06 17:13:19,110.59,21.651,62.78,40.42,16.78,60.892393,-44.110637,87.785804,-75.413022,South
362,16,31,2023-09-14 18:53:53,2023-09-14 21:17:21,74.18,10.626,31.02,35.79,18.05,-89.450637,44.494512,67.110153,-178.730817,East
363,41,32,2023-04-26 20:15:17,2023-04-26 23:20:29,285.09,61.816,92.36,34.88,5,-40.277572,15.555033,79.462547,109.264075,East
364,19,15,2023-12-21 18:27:36,2023-12-21 23:59:11,296.66,42.119,53.68,60.18,14.2,-56.353234,39.801006,29.849096,-136.893159,South
365,14,3,2024-10-23 23:04:01,2024-10-24 00:01:50,90.72,19.834,94.13,50.33,8.66,2.309859,23.268993,-55.161045,-87.235989,East
366,9,3,2023-01-08 12:18:18,2023-01-08 15:23:26,256.34,44.322,83.07,41.08,5,57.423597,-102.945668,-10.473481,73.717255,West
367,33,40,2023-07-28 09:38:58,2023-07-28 16:42:17,264.15,40.136,37.44,82.97,39.3,69.786434,71.801286,54.359814,-135.715013,Central
368,30,26,2023-12-21 14:29:52,2023-12-21 15:53:51,85.19,19.252,60.86,85.29,42.03,78.284997,-4.442157,-85.188091,-89.106308,South
369,46,11,2023-03-29 19:31:37,2023-03-29 20:01:38,44.09,10.199,88.11,93.8,77.89,73.50665,119.454536,73.998944,-14.306728,South
370,9,27,2024-12-08 18:29:52,2024-12-08 20:24:04,179.27,27.204,94.18,74.1,33.44,32.443886,126.876929,-33.010454,-26.163892,West
371,29,23,2024-04-19 20:32:49,2024-04-19 20:42:22,13.5,3.332,84.76,84.5,77.7,-32.722808,-105.512487,-55.695293,-129.930025,North
372,11,31,2024-12-15 21:27:43,2024-12-15 22:56:13,149.0,20.502,101.01,58.64,15.2,-35.148936,124.965602,70.233962,131.268776,North
373,46,21,2023-01-10 14:24:39,2023-01-10 16:56:16,212.85,42.399,84.23,79.89,13.74,77.537494,17.117597,-7.260718,104.280013,South
374,41,15,2024-06-04 06:48:13,2024-06-04 10:28:28,262.58,53.616,71.53,74.74,5,-32.875829,98.3145,-39.129384,-31.761312,East
375,32,16,2024-01-10 07:49:13,2024-01-10 09:05:33,107.0,24.683,84.1,55.02,18.83,-16.923914,158.117421,-83.663209,143.449038,East
376,40,40,2023-02-12 09:11:10,2023-02-12 09:16:00,8.44,1.572,104.75,62.86,61.08,53.012078,-156.419523,14.86699,-71.848203,East
377,36,11,2023-02-28 03:35:21,2023-02-28 07:39:44,226.67,37.033,55.65,51.51,5,-15.59119,178.994158,-72.637204,118.485219,West
378,37,15,2024-03-03 13:58:52,2024-03-03 17:06:34,194.78,36.052,62.26,45.27,5.7,-25.462109,-5.39332,29.081415,-91.21973,North
379,41,29,2023-03-10 08:48:32,2023-03-10 12:43:36,257.69,48.88,65.77,37.72,5,-74.788647,136.28359,-36.36076,117.432252,East
380,46,2,2023-03-21 17:24:36,2023-03-21 21:10:57,124.01,28.412,32.87,65.69,21.37,-27.703019,172.545371,66.949476,120.552705,South
381,43,40,2024-05-10 04:34:19,2024-05-10 05:54:51,94.86,19.975,70.67,43.45,18.54,-26.993671,-9.021433,11.991088,-42.438992,West
382,26,24,2024-10-03 00:54:43,2024-10-03 01:21:04,21.01,4.144,47.83,59.54,51.4,-86.697736,-10.940625,-20.743737,-128.521165,East
383,44,39,2024-01-03 11:51:03,2024-01-03 15:30:54,216.41,30.664,59.06,59.41,25.15,-8.923222,39.313797,49.519635,31.880476,Central
384,48,15,2023-01-02 16:57:14,2023-01-02 18:03:01,105.7,17.445,96.39,92.69,74.91,44.459751,114.257869,-73.316348,-86.972942,East
385,38,24,2024-06-29 08:01:08,2024-06-29 08:22:34,36.37,8.315,101.75,62.01,48.49,-79.021502,140.015157,58.894906,-110.223181,North
386,31,7,2023-07-17 12:17:46,2023-07-17 16:24:42,185.2,32.808,45.0,90.46,53.8,-41.102231,3.79326,20.0486,-155.671249,Central
387,34,13,2024-07-10 17:53:42,2024-07-10 19:03:03,104.69,21.565,90.57,33.02,5,-63.028658,-72.886582,84.411164,-49.369988,West
388,49,38,2023-04-06 16:58:19,2023-04-06 20:29:48,232.78,56.971,66.04,72.8,6.32,-37.502672,-58.683601,-65.2205,47.217288,Central
389,11,32,2023-01-04 08:51:33,2023-01-04 13:37:24,161.46,37.242,33.89,90.8,11.9,-68.126115,-134.647312,57.127926,0.730401,North
390,35,33,2024-08-29 16:24:51,2024-08-29 22:40:41,276.74,60.235,44.18,67.61,5,45.444416,77.963259,80.706554,-59.304138,West
391,11,7,2023-10-28 21:45:48,2023-10-29 00:17:53,198.97,46.911,78.49,50.92,5,-19.091117,-142.235402,19.773302,-72.639816,North
392,31,39,2024-12-12 09:48:15,2024-12-12 14:00:06,209.29,35.819,49.86,55.86,15.84,62.909779,-129.503743,-87.660887,-106.885561,Central
393,22,29,2024-09-17 02:30:01,2024-09-17 03:12:13,44.34,9.746,63.02,75.5,65.26,-18.158475,13.7998,-85.570074,-91.756545,Central
394,24,36,2024-10-30 12:45:05,2024-10-30 13:50:55,97.6,15.234,88.95,65.98,49.86,16.530383,-133.303287,13.55249,-63.275101,North
395,16,40,2024-07-08 21:05:34,2024-07-08 22:40:02,90.72,22.477,57.62,73.7,36.18,-80.270696,103.935417,16.860645,-129.371437,East
396,46,12,2024-01-27 09:15:16,2024-01-27 11:17:35,165.03,36.52,80.95,76.17,19.2,-66.201802,29.46927,-83.784492,30.633328,South
397,40,31,2024-03-28 16:17:46,2024-03-28 18:22:30,173.34,38.09,83.37,57.14,13.91,16.765052,52.253793,-22.143091,19.38038,East
398,39,19,2024-11-12 13:21:40,2024-11-12 16:03:15,254.95,33.917,94.66,63.98,5.4,-57.44288,89.580259,-75.789609,7.617626,East
399,12,4,2024-06-04 14:26:36,2024-06-04 14:51:57,21.7,5.382,51.36,81.06,71.43,74.804195,105.400706,-37.026679,67.221915,East
400,49,17,2023-04-24 17:37:22,2023-04-24 20:35:09,252.62,55.685,85.25,49.18,5,-74.190538,100.441818,-31.123953,41.834987,Central
401,3,23,2024-09-24 06:32:54,2024-09-24 08:17:43,138.52,27.347,79.29,73.91,43.52,-21.458305,-18.516007,-41.574441,-119.862372,North
402,17,36,2023-10-30 01:22:22,2023-10-30 02:10:56,75.09,12.354,92.74,81.92,55.91,-30.760801,91.274254,23.230503,-17.509653,South
403,48,4,2024-12-20 14:55:43,2024-12-20 16:47:06,117.57,24.95,63.33,81.23,55.8,89.627317,-37.355463,17.494448,-108.707707,East
404,40,4,2023-01-11 01:41:22,2023-01-11 06:32:27,224.38,52.337,46.25,86.48,27.07,-42.365251,118.272862,-28.925983,-19.473733,East
405,33,15,2024-12-08 23:20:15,2024-12-09 01:33:00,191.97,38.51,86.76,53.9,12.0,57.993802,24.751016,-12.716173,-167.650396,Central
406,43,13,2024-08-25 20:25:26,2024-08-26 01:14:09,218.85,54.278,45.48,59.17,5,-24.540723,64.629285,-50.909659,-0.442886,West
407,6,12,2023-05-15 23:46:33,2023-05-16 05:23:06,221.85,36.271,39.55,32.64,5,-3.316314,34.648815,79.13727,-106.291196,Central
408,19,9,2023-05-05 23:55:52,2023-05-06 03:26:54,177.28,38.144,50.4,51.49,9.85,-47.338529,10.373801,-38.332448,77.312009,South
409,12,3,2023-04-30 09:14:19,2023-04-30 12:49:35,278.95,57.197,77.75,80.29,5,-22.55128,-111.059355,-47.51246,45.19962,East
410,48,20,2024-01-17 00:31:56,2024-01-17 03:44:53,238.02,51.156,74.01,34.74,5,56.377413,-20.001182,-68.23418,-103.68835,East
411,38,15,2023-05-23 19:34:06,2023-05-23 21:16:31,158.58,30.95,92.9,40.36,5,-11.62062,-129.993166,-56.529006,133.778495,North
412,30,6,2023-09-29 09:20:35,2023-09-29 10:50:07,70.25,12.174,47.07,51.57,24.21,30.679326,-127.42648,36.290956,-178.204317,South
413,16,40,2024-02-17 01:12:58,2024-02-17 03:09:10,145.08,30.164,74.91,78.89,28.53,-0.848826,18.353105,-57.825378,-14.343666,East
414,10,23,2023-12-13 03:50:22,2023-12-13 04:46:19,75.9,12.088,81.38,89.71,71.75,23.940459,39.233259,-72.957048,-110.014161,North
415,3,21,2023-10-24 05:18:02,2023-10-24 07:54:23,275.2,53.617,105.6,55.08,5,25.699406,-105.041028,-27.988197,-151.801025,North
416,22,2,2024-12-08 20:31:58,2024-12-08 22:15:04,157.48,30.086,91.64,63.43,31.83,46.280403,104.469402,28.582121,75.13307,Central
417,36,3,2023-08-19 05:55:46,2023-08-19 11:52:34,269.99,65.82,45.4,63.4,5,12.921089,20.225911,61.083238,-117.787453,West
418,13,35,2024-02-19 03:40:37,2024-02-19 03:52:48,7.16,1.595,35.24,73.57,70.94,75.515276,86.549448,12.333401,-23.549781,East
419,49,28,2024-10-11 01:55:34,2024-10-11 02:24:52,35.66,8.813,73.02,75.68,65.4,-61.889172,-19.08645,57.832572,-1.258782,Central
420,32,5,2024-08-03 03:03:14,2024-08-03 09:33:17,207.38,27.902,31.9,76.6,35.69,20.707337,108.762858,-7.942575,-101.806861,East
421,6,4,2023-05-19 06:00:51,2023-05-19 09:13:10,239.29,37.644,74.65,67.37,5,10.082239,-78.615353,72.017962,173.594575,Central
422,19,27,2023-10-29 09:27:07,2023-10-29 11:39:58,138.08,24.404,62.36,50.57,23.93,28.46959,136.762463,-50.791669,76.624629,South
423,10,35,2023-01-05 13:57:50,2023-01-05 16:24:28,194.22,38.897,79.47,79.14,21.34,-75.618972,53.71084,35.01432,96.429836,North
424,50,5,2023-10-05 20:00:49,2023-10-06 03:15:22,278.77,46.321,38.49,81.15,11.6,-12.840366,125.921772,10.595528,169.835579,North
425,8,19,2024-08-17 09:44:44,2024-08-17 14:20:45,278.37,37.218,60.51,83.44,14.9,-22.219922,-124.120196,34.074201,63.61228,North
426,13,35,2023-06-20 18:35:39,2023-06-20 19:19:56,45.23,8.842,61.28,81.84,67.25,87.433121,-83.485952,44.812971,-177.314805,East
427,45,10,2023-08-20 12:10:33,2023-08-20 14:09:42,204.8,44.548,103.13,81.68,25.79,41.458607,-32.844901,-73.770961,147.885679,North
428,28,1,2024-03-05 22:26:19,2024-03-06 04:48:23,263.06,52.277,41.31,32.72,5,80.187009,68.208652,-36.253162,129.647885,Central
429,30,35,2024-03-01 06:36:50,2024-03-01 11:50:34,284.36,67.799,54.38,78.64,5,69.331996,-43.253135,-68.856037,-165.442283,South
430,27,14,2023-11-17 12:26:14,2023-11-17 15:12:39,272.16,41.39,98.12,39.26,5,-18.947088,-37.256631,12.786399,-157.510386,South
431,44,17,2023-05-31 22:30:11,2023-05-31 22:58:00,38.81,5.299,83.68,66.87,60.95,-74.283489,-45.993708,-68.703291,-25.244396,Central
432,40,30,2024-05-15 17:36:14,2024-05-15 20:44:34,167.15,23.699,53.25,34.38,7.48,-41.84106,-117.687044,-88.347166,146.038189,East
433,42,32,2023-09-14 23:30:30,2023-09-15 00:49:36,110.36,18.123,83.7,45.24,21.11,-4.42969,45.971754,-34.70764,69.291358,Central
434,6,13,2023-09-04 19:57:33,2023-09-04 22:35:42,148.33,31.626,56.27,72.86,11.92,26.282643,-179.16506,17.481393,58.267718,Central
435,12,37,2024-03-16 07:04:17,2024-03-16 09:06:21,112.53,14.694,55.31,57.84,31.55,-50.347185,-109.791077,57.953989,-122.133105,East
436,18,15,2024-07-07 04:21:14,2024-07-07 07:47:39,223.25,32.621,64.89,84.61,45.87,-88.870864,-148.032959,64.835444,90.743458,South
437,26,31,2023-12-26 12:07:08,2023-12-26 13:36:05,136.38,19.511,91.98,61.65,23.32,42.217647,-55.415225,56.09901,58.395501,East
438,46,39,2023-03-05 16:06:01,2023-03-05 18:40:01,253.33,49.307,98.7,39.1,5,41.158873,-142.312901,4.723141,106.37893,South
439,19,5,2024-07-19 00:11:30,2024-07-19 01:03:24,27.24,3.643,31.49,62.97,58.99,64.431926,-92.817807,52.682721,169.171831,South
440,42,38,2023-11-11 16:15:13,2023-11-11 21:11:08,231.91,37.401,47.02,32.38,5,7.574861,-59.691249,24.636304,-169.709998,Central
441,39,31,2024-05-22 21:43:52,2024-05-23 01:40:25,233.68,52.031,59.27,44.51,5,15.353419,57.116421,62.573178,-79.994303,East
442,22,9,2023-12-27 22:39:25,2023-12-28 02:45:39,152.83,20.062,37.24,53.65,32.58,-57.033147,-166.053106,-31.456814,155.943494,Central
443,18,40,2024-06-15 09:41:51,2024-06-15 10:27:19,53.92,8.169,71.13,59.0,49.3,-61.29119,-66.519747,68.477534,-43.489634,South
444,41,10,2024-07-25 14:32:22,2024-07-25 16:38:27,220.94,48.911,105.13,32.63,5,28.092567,-151.6572,23.304019,-172.193894,East
445,17,5,2023-07-25 07:58:25,2023-07-25 11:23:02,113.98,27.233,33.42,43.44,5,-49.435752,88.032683,-38.201087,83.582667,South
446,28,25,2023-12-31 19:21:43,2023-12-31 22:06:19,275.78,57.313,100.52,32.59,5,84.935514,-84.348762,73.593657,40.302245,Central
447,9,34,2024-05-07 02:32:40,2024-05-07 05:07:29,249.75,48.782,96.79,47.12,5,-4.079057,-148.432834,-73.17916,135.063382,West
448,14,25,2024-05-22 17:23:27,2024-05-22 18:54:20,116.66,16.255,77.01,88.38,54.23,-2.847632,147.260894,40.469544,-5.643721,East
449,19,25,2024-12-05 16:13:28,2024-12-05 17:21:25,70.76,12.129,62.47,83.12,69.88,-36.754686,-117.903285,-2.918506,136.390697,South
450,35,39,2023-01-06 02:59:23,2023-01-06 06:42:41,153.04,21.311,41.12,40.76,5,84.711723,69.572168,50.449326,70.66866,West
451,46,18,2023-06-14 06:57:52,2023-06-14 08:07:20,49.32,11.247,42.59,69.13,51.58,-82.570177,-147.877176,-1.401437,-49.689631,South
452,48,15,2023-11-19 00:57:33,2023-11-19 03:44:50,244.3,45.796,87.62,61.3,14.62,-57.149968,48.558171,46.436004,-174.470906,East
453,16,38,2023-05-06 05:50:53,2023-05-06 08:57:52,195.94,28.479,62.87,45.84,5,74.177065,90.369575,54.184897,-1.686834,East
454,42,11,2023-04-15 15:26:17,2023-04-15 21:11:33,190.71,26.072,33.14,67.2,32.48,78.015325,103.504644,15.859637,35.503017,Central
455,19,12,2024-02-06 06:52:49,2024-02-06 10:34:15,287.68,38.041,77.95,66.63,25.1,-2.935806,-77.144943,0.980197,-49.343777,South
456,48,19,2023-03-08 14:28:04,2023-03-08 15:20:42,68.9,12.939,78.52,60.64,47.45,-0.822405,-31.473334,75.761252,-157.4702,East
457,17,27,2024-04-11 16:26:43,2024-04-11 17:03:36,47.1,9.645,76.61,79.89,59.58,26.392716,-132.9074,-53.808419,90.174278,South
458,37,17,2023-05-11 06:33:32,2023-05-11 10:22:02,218.64,43.919,57.41,59.48,11.27,-47.63948,-111.301747,6.288249,-82.417491,North
459,17,25,2023-10-27 09:31:49,2023-10-27 10:56:04,44.0,10.521,31.33,63.98,41.83,-72.909988,-86.164949,62.286106,106.742044,South
460,49,27,2024-10-03 23:20:28,2024-10-04 00:38:38,49.12,10.009,37.7,60.93,49.25,12.04668,-40.235767,25.130267,-28.097039,Central
461,3,35,2024-01-26 22:44:11,2024-01-27 04:47:41,226.95,54.068,37.46,72.86,12.78,-62.43397,-93.248332,-44.032764,78.943716,North
462,39,1,2024-11-27 16:42:47,2024-11-27 20:03:16,281.63,50.829,84.28,58.05,5,16.215905,-63.283793,19.317941,144.579515,East
463,3,34,2023-11-30 04:19:27,2023-11-30 05:05:45,72.7,12.777,94.18,81.32,67.12,55.602413,62.455691,-66.368114,-133.360595,North
464,42,37,2023-03-17 21:34:30,2023-03-18 00:10:00,130.52,31.222,50.36,79.78,38.21,-36.320109,-19.977424,88.16524,-79.684071,Central
465,8,19,2024-04-09 16:58:39,2024-04-09 21:10:59,263.65,56.711,62.69,42.29,5,33.161245,-57.336716,34.185379,-15.282786,North
466,1,37,2024-02-10 20:51:48,2024-02-10 22:09:48,39.76,8.45,30.58,72.55,54.46,57.866639,-175.632895,-20.597193,123.441702,East
467,25,27,2023-10-09 09:11:54,2023-10-09 09:46:00,36.44,5.88,64.09,68.05,61.76,-30.190857,90.488411,49.06593,-78.657442,East
468,39,28,2024-03-14 14:12:58,2024-03-14 16:23:06,112.87,24.899,52.04,74.24,31.24,47.669938,135.240564,-46.499421,51.94336,East
469,31,36,2024-08-31 18:52:30,2024-08-31 22:42:02,169.48,31.871,44.3,66.34,30.73,12.0109,14.318587,-89.323205,-26.426227,Central
470,24,37,2023-09-25 11:16:00,2023-09-25 15:02:24,233.39,54.534,61.85,38.97,5,-18.744214,50.67815,-9.964825,-93.272618,North
471,10,15,2023-12-13 21:07:54,2023-12-13 23:21:34,236.02,45.08,105.94,36.52,5,35.000949,151.234499,16.303452,-110.522255,North
472,26,36,2024-04-21 22:15:44,2024-04-22 00:41:46,210.63,51.762,86.54,40.45,5,-7.250529,79.909402,-47.245128,40.963752,East
473,1,6,2024-10-01 10:35:39,2024-10-01 11:03:14,47.87,6.591,104.07,58.3,44.19,30.629501,57.752296,38.329973,-26.452415,East
474,17,24,2023-03-04 04:02:55,2023-03-04 06:08:52,184.66,32.884,87.96,90.49,21.26,36.887721,49.483949,79.746959,-135.989048,South
475,46,34,2023-08-11 12:10:24,2023-08-11 14:56:08,214.92,49.094,77.8,91.47,14.88,13.634533,-36.387222,49.076434,-37.512302,South
476,45,32,2023-12-07 23:01:55,2023-12-07 23:06:54,8.16,1.568,98.05,90.5,88.53,55.406373,-146.25246,-81.681423,-88.013875,North
477,15,3,2024-08-31 22:03:47,2024-09-01 00:36:53,181.86,27.34,71.27,45.06,10.97,4.472946,-0.930399,36.18557,120.856873,West
478,3,24,2023-07-05 20:04:00,2023-07-05 21:54:04,198.23,32.334,108.05,35.64,5,-66.938215,-74.385823,-38.402986,-95.029107,North
479,30,23,2024-06-04 03:24:19,2024-06-04 04:59:10,121.57,26.555,76.89,63.65,5,-22.294201,3.810221,-77.781321,-89.002596,South
480,6,6,2024-03-02 21:08:58,2024-03-02 22:04:19,88.93,15.276,96.38,89.48,60.05,-69.857849,-32.614526,12.330668,-24.476981,Central
481,21,15,2024-04-15 23:25:59,2024-04-16 03:47:17,289.1,37.744,66.38,56.26,5.93,-82.937376,-40.328707,-17.290727,-75.028393,West
482,14,27,2024-01-29 04:57:43,2024-01-29 05:58:45,36.41,8.871,35.79,49.13,30.49,-65.393125,135.765441,46.067762,132.286371,East
483,37,17,2024-11-11 11:55:51,2024-11-11 13:40:55,163.68,29.975,93.47,46.26,13.36,-85.707543,69.331102,-40.539906,-122.078823,North
484,29,37,2024-01-11 15:30:52,2024-01-11 18:04:36,232.14,42.96,90.6,92.48,5,62.612682,160.633306,41.137132,-144.106505,North
485,34,38,2024-10-31 13:16:43,2024-10-31 13:36:40,13.07,2.693,39.3,34.39,29.36,49.101408,-44.573791,32.440536,-13.064662,West
486,17,15,2024-09-13 12:05:22,2024-09-13 13:00:41,98.14,12.873,106.44,63.57,36.47,-13.373072,-63.191556,-40.746496,15.41964,South
487,19,16,2023-08-12 03:27:57,2023-08-12 03:51:08,32.44,4.513,83.9,83.37,78.44,87.076059,13.20028,41.537211,66.436059,South
488,14,31,2023-09-01 19:00:45,2023-09-01 20:05:19,109.29,26.629,101.55,47.49,5,12.601778,-71.483132,54.437843,40.470018,East
489,49,13,2024-01-23 14:01:18,2024-01-23 18:34:51,222.45,36.003,48.79,45.73,5,21.289003,-132.728821,14.241513,89.544014,Central
490,17,13,2024-10-10 12:25:07,2024-10-10 13:24:29,78.66,11.233,79.49,40.14,16.49,61.389454,-12.151808,85.238094,174.170511,South
491,8,32,2024-04-21 18:33:51,2024-04-21 18:38:04,6.95,1.611,98.57,92.27,89.3,81.702264,81.826399,-58.845607,-6.57675,North
492,28,40,2023-09-02 23:47:50,2023-09-03 01:10:39,150.24,35.194,108.83,88.3,27.73,-44.117061,-77.09549,-5.675872,-81.73512,Central
493,36,12,2024-08-16 14:52:56,2024-08-16 20:07:57,275.22,54.824,52.42,44.44,5,13.236783,-98.858144,3.174273,54.790175,West
494,4,34,2024-09-12 19:28:16,2024-09-12 20:42:20,129.84,22.29,105.17,32.12,5,47.765833,-43.197928,-66.455539,-35.589018,West
495,49,12,2023-12-22 02:45:06,2023-12-22 06:09:54,293.07,62.338,85.86,59.9,5,49.598081,-138.366095,-38.498882,17.765224,Central
496,1,14,2023-10-22 17:03:02,2023-10-22 20:11:55,176.4,28.429,56.03,69.83,8.95,-83.309029,-36.890295,83.759692,46.443945,East
497,40,17,2023-07-04 04:35:39,2023-07-04 05:23:09,84.48,12.847,106.68,52.3,37.72,69.871477,116.000066,13.544719,1.686868,East
498,32,14,2023-11-22 12:27:31,2023-11-22 16:00:00,211.71,34.626,59.78,85.53,34.76,84.086779,59.274519,37.786125,148.864414,East
499,14,37,2023-04-12 20:36:40,2023-04-13 00:04:24,293.89,63.627,84.88,82.92,5,46.376376,38.24176,-73.757618,-27.021354,East
500,18,36,2023-12-02 17:08:29,2023-12-02 22:46:46,257.61,56.32,45.69,82.0,15.11,-8.992783,-39.506171,18.773724,-32.647631,South
501,35,1,2023-05-18 04:11:53,2023-05-18 07:22:17,129.35,26.604,40.76,88.06,40.55,76.638518,129.566704,21.936867,-83.606794,West
502,39,21,2024-09-01 23:40:01,2024-09-02 02:37:59,148.55,20.162,50.08,85.8,50.98,32.173301,-154.678163,-29.477245,74.272147,East
503,9,11,2023-02-16 15:09:33,2023-02-16 16:31:15,68.56,9.705,50.34,84.53,70.02,81.225177,117.993405,-31.582254,-69.303764,West
504,26,17,2023-10-08 08:49:11,2023-10-08 10:18:41,111.29,19.064,74.6,82.65,45.2,-67.022694,48.024744,4.025856,-82.287378,East
505,31,8,2023-09-30 16:48:03,2023-09-30 19:14:15,260.87,51.941,107.05,42.93,5,-33.43063,-80.39912,-5.304292,100.718541,Central
506,46,35,2023-05-16 13:38:22,2023-05-16 19:12:33,293.92,56.213,52.77,51.13,5,59.608227,117.818009,47.00433,22.467438,South
507,33,6,2023-10-23 23:40:41,2023-10-24 02:27:01,186.03,43.567,67.1,92.18,44.77,-88.986249,-173.828147,-51.137464,-85.069966,Central
508,45,22,2023-11-24 15:13:45,2023-11-24 17:45:15,191.23,26.497,75.73,85.18,51.93,-40.868278,93.314059,30.803563,128.933263,North
509,13,22,2023-06-27 06:17:26,2023-06-27 07:28:33,97.48,19.754,82.24,76.18,43.58,-12.86556,-83.371293,-63.648243,13.483806,East
510,30,18,2024-11-20 11:46:28,2024-11-20 13:09:01,136.25,27.309,99.02,53.61,5,60.643189,32.48424,86.532462,118.371327,South
511,33,27,2023-05-10 23:02:08,2023-05-11 00:53:45,59.25,12.409,31.85,77.31,63.81,-74.549367,40.997322,-18.570419,67.956092,Central
512,50,6,2023-06-13 13:20:13,2023-06-13 14:45:19,54.24,12.77,38.24,34.15,14.98,77.707564,150.033615,-48.440047,62.608765,North
513,40,4,2023-01-21 11:28:39,2023-01-21 14:42:33,232.43,33.115,71.92,94.74,57.15,71.738412,-20.600748,88.666237,-9.548583,East
514,44,10,2023-03-07 11:40:33,2023-03-07 13:38:28,198.18,31.647,100.84,50.11,14.75,16.757199,-104.535061,2.87097,165.535213,Central
515,22,29,2024-05-01 14:26:47,2024-05-01 15:01:57,42.29,5.676,72.14,41.09,35.13,-3.611022,-74.549009,-73.707277,-84.497635,Central
516,27,21,2024-11-02 06:37:21,2024-11-02 07:58:10,145.47,23.666,108.0,65.14,32.81,-8.935051,68.694004,-3.935665,148.39696,South
517,33,9,2024-06-25 20:37:58,2024-06-25 22:45:22,164.09,36.078,77.27,59.68,20.42,-69.583196,47.734262,87.708969,-5.346024,Central
518,41,28,2024-02-11 13:59:52,2024-02-11 16:39:45,193.74,36.384,72.7,89.08,16.17,-49.201805,52.117702,-73.667723,-81.172326,East
519,17,6,2023-12-10 04:52:23,2023-12-10 06:23:40,95.82,12.578,62.98,40.12,13.64,-41.775854,-57.408764,74.676393,-55.313177,South
520,38,9,2023-09-25 02:28:46,2023-09-25 03:42:35,89.59,16.935,72.81,74.71,47.17,83.238823,51.763357,-76.336388,59.718745,North
521,35,20,2023-01-08 02:14:38,2023-01-08 04:42:17,230.93,52.101,93.84,68.81,5,-15.693038,-120.598874,-5.229051,-49.760908,West
522,40,24,2023-05-27 11:13:04,2023-05-27 12:54:27,126.46,18.917,74.84,55.66,34.19,7.371966,-4.129179,-47.971061,144.405452,East
523,46,25,2024-10-05 10:59:45,2024-10-05 13:16:50,116.62,18.513,51.04,57.45,28.57,9.390363,138.204906,-62.75119,151.589581,South
524,44,18,2023-08-10 02:45:40,2023-08-10 05:27:58,196.29,29.946,72.56,47.47,14.01,-39.546724,123.728275,17.970936,-18.798905,Central
525,6,12,2023-04-17 02:51:23,2023-04-17 03:58:24,90.43,14.709,80.95,70.15,41.81,78.348587,13.406066,21.918667,-138.017721,Central
526,44,32,2023-05-26 20:38:56,2023-05-26 23:00:37,99.59,13.211,42.17,93.03,78.27,-28.787985,89.002752,12.827113,-147.22123,Central
527,9,19,2023-07-29 02:09:39,2023-07-29 02:48:16,41.89,5.899,65.07,30.53,21.71,81.990207,-50.268292,34.38937,157.924314,West
528,1,32,2023-06-18 16:40:45,2023-06-18 18:36:22,105.86,26.439,54.93,81.97,25.36,-89.877233,157.426479,3.545327,-101.570964,East
529,34,3,2023-09-14 12:16:51,2023-09-14 12:35:57,28.67,4.644,90.05,39.5,30.82,29.539911,-99.78713,-89.943574,-98.324301,West
530,30,5,2024-02-26 21:49:54,2024-02-27 00:59:52,143.69,32.771,45.38,84.7,11.06,-6.318348,-175.348802,35.18485,56.234356,South
531,1,8,2024-08-19 15:16:23,2024-08-19 18:49:26,215.83,34.459,60.78,93.37,19.58,20.612838,152.535081,32.725434,24.257574,East
532,3,13,2023-12-24 22:34:48,2023-12-25 04:29:40,221.92,34.401,37.52,73.29,35.07,-77.615832,94.924265,-66.470734,-52.70752,North
533,29,20,2024-12-28 04:19:01,2024-12-28 05:33:55,100.3,24.322,80.33,32.74,5,-63.510967,121.621589,-68.995533,-6.372903,North
534,38,8,2023-07-16 18:05:30,2023-07-16 20:49:03,146.96,20.023,53.91,53.43,20.87,87.33892,-160.741969,46.411654,120.274978,North
535,48,14,2023-03-29 17:08:20,2023-03-29 18:17:29,74.61,16.812,64.73,30.98,13.84,-69.115781,49.33624,-59.049921,-40.725457,East
536,42,8,2023-11-04 10:24:05,2023-11-04 18:08:41,237.8,53.271,30.71,32.73,5,-27.413166,158.953799,-59.88499,-43.581034,Central
537,35,39,2023-05-01 09:15:33,2023-05-01 12:20:31,114.56,16.149,37.16,40.25,11.41,72.608211,-11.197956,-26.997574,-137.101378,West
538,44,22,2024-12-24 00:16:44,2024-12-24 03:29:08,291.05,50.253,90.76,33.9,5,-10.387412,158.521333,-64.223626,-83.948126,Central
539,12,35,2024-09-06 18:00:00,2024-09-06 18:31:52,36.68,7.226,69.03,50.59,37.66,-82.083895,-153.392546,4.500882,-47.193619,East
540,46,23,2024-09-17 16:04:52,2024-09-17 19:06:17,268.08,47.003,88.66,31.39,5,-14.372337,-145.139263,-58.231234,105.429773,South
541,11,17,2024-11-29 00:17:36,2024-11-29 00:29:08,16.65,3.249,86.53,66.34,59.46,-18.314535,-121.650534,61.485915,171.552569,North
542,36,13,2024-03-16 04:05:09,2024-03-16 05:07:28,60.05,9.79,57.81,77.61,62.12,42.137749,33.752899,-26.228525,162.863532,West
543,43,36,2023-05-05 13:01:04,2023-05-05 13:36:53,25.32,4.092,42.4,49.22,44.12,51.594425,119.935549,-0.0828,126.375213,West
544,28,30,2023-01-01 13:25:06,2023-01-01 16:44:13,233.9,55.189,70.48,77.69,5,-22.783746,166.14033,74.826838,-20.805811,Central
545,44,24,2024-08-25 17:59:50,2024-08-25 21:22:26,187.96,46.249,55.66,34.12,5,-2.538135,60.491541,-23.41756,137.185374,Central
546,29,13,2024-02-12 01:22:06,2024-02-12 03:37:53,206.55,33.869,91.26,40.02,5,-59.632585,-29.335804,17.654055,27.24062,North
547,31,21,2023-03-27 19:12:02,2023-03-27 19:36:15,33.4,8.101,82.71,32.85,23.8,39.713797,-97.331875,8.263341,88.287268,Central
548,14,3,2023-06-06 23:01:34,2023-06-06 23:49:59,36.58,7.572,45.33,32.07,16.16,34.193121,164.820515,-22.087048,148.907568,East
549,29,32,2024-02-13 10:01:14,2024-02-13 12:28:08,189.07,29.587,77.22,33.19,5,-85.65676,-83.590535,-72.418447,-104.253355,North
550,6,1,2024-12-23 12:23:25,2024-12-23 15:44:45,276.71,63.602,82.46,90.35,5,-40.791052,66.691379,-25.665685,143.382371,Central
551,34,4,2023-10-08 08:08:57,2023-10-08 09:45:49,169.62,29.563,105.06,57.04,5,50.761175,-38.16286,-59.310659,99.471159,West
552,4,40,2023-07-26 11:09:45,2023-07-26 12:58:38,161.06,22.444,88.74,84.24,46.13,15.210167,-114.91367,-14.494741,-142.949021,West
553,16,34,2023-03-17 10:26:02,2023-03-17 11:09:10,34.86,5.34,48.48,55.05,46.14,81.713435,-137.162345,-10.618407,-144.040274,East
554,48,16,2024-03-18 18:05:09,2024-03-18 22:21:42,189.47,34.071,44.31,78.7,43.97,29.688287,71.43887,7.192635,37.562355,East
555,9,37,2023-10-06 00:55:14,2023-10-06 03:17:12,203.98,29.066,86.2,57.76,14.31,-59.311505,-161.794442,73.841538,-87.863949,West
556,14,36,2023-11-08 21:34:05,2023-11-08 23:25:51,153.88,31.082,82.6,64.7,5,8.080381,56.651611,1.055157,102.677068,East
557,27,21,2024-03-03 06:15:33,2024-03-03 11:34:26,297.48,65.952,55.97,54.16,5,75.371848,24.966759,37.454459,-51.709412,South
558,32,21,2024-04-17 13:38:50,2024-04-17 14:40:45,76.01,14.9,73.65,54.38,32.53,11.260135,-10.163404,73.218228,113.571582,East
559,19,24,2023-12-18 09:24:43,2023-12-18 11:37:48,137.01,33.972,61.77,77.21,40.12,28.188434,63.684961,21.932002,32.647795,South
560,43,2,2024-02-07 00:56:16,2024-02-07 01:22:50,44.85,11.129,101.23,30.43,16.55,56.831606,-158.93417,11.950202,107.023902,West
561,16,21,2023-01-17 20:32:34,2023-01-17 22:44:53,232.6,55.892,105.47,83.45,5,-28.302913,56.482082,50.349767,-23.328709,East
562,37,36,2024-03-19 06:01:34,2024-03-19 12:35:21,278.15,48.031,42.38,32.45,5,23.703795,-36.952925,-18.772127,63.734738,North
563,11,17,2023-10-13 02:55:15,2023-10-13 08:16:14,267.44,44.405,49.99,46.66,5,-64.521592,-0.995055,-40.776155,-15.884117,North
564,41,26,2024-03-18 00:08:21,2024-03-18 03:14:48,275.78,62.091,88.74,77.03,5,61.591359,-93.291843,-21.88298,135.421497,East
565,14,32,2024-10-03 08:15:40,2024-10-03 11:23:40,270.21,38.219,86.23,83.27,5,-57.162649,-94.516415,74.898394,-130.792176,East
566,46,20,2023-01-30 00:39:25,2023-01-30 03:33:19,220.58,30.156,76.1,35.1,5,60.56987,-115.492653,-77.043171,31.354409,South
567,26,23,2024-11-14 08:31:15,2024-11-14 12:24:24,246.06,57.67,63.32,86.41,5,-49.178717,82.874904,36.986269,44.093734,East
568,17,39,2024-12-22 07:20:59,2024-12-22 07:26:25,8.37,1.394,92.19,54.86,51.93,-49.304117,116.582288,28.086402,53.368158,South
569,3,21,2024-02-24 09:01:10,2024-02-24 12:04:35,171.65,25.47,56.15,75.35,47.05,48.754933,142.275038,45.261634,-145.197836,North
570,49,26,2023-12-13 02:53:19,2023-12-13 05:52:33,227.09,41.292,76.02,35.86,5,-53.771633,-138.2148,64.866274,-68.441933,Central
571,30,10,2023-04-13 16:10:56,2023-04-13 17:42:45,104.17,20.394,68.07,78.45,32.62,87.109846,-15.096908,-21.50895,168.616648,South
572,19,6,2023-11-06 13:04:56,2023-11-06 14:44:50,153.04,22.372,91.91,38.47,14.05,-48.317655,-137.963247,4.963232,-46.368938,South
573,40,13,2024-01-14 22:23:24,2024-01-14 23:59:47,121.62,30.362,75.71,66.48,32.02,88.063895,14.544005,44.952402,64.846536,East
574,38,16,2023-07-08 05:04:50,2023-07-08 05:21:50,26.13,6.295,92.14,51.02,40.78,-10.59061,-100.504003,-44.455105,25.03925,North
575,8,8,2024-06-05 18:16:55,2024-06-05 20:25:35,127.01,21.762,59.22,42.38,5,44.53598,90.546916,68.150083,10.863473,North
576,46,2,2024-08-20 19:53:57,2024-08-20 20:46:11,94.92,23.618,109.01,70.05,33.2,-25.953218,67.488314,-73.615172,-76.438337,South
577,33,40,2023-04-24 06:15:12,2023-04-24 07:33:05,134.94,28.64,103.94,45.18,14.02,-29.72739,-32.399129,-43.979841,142.804591,Central
578,12,6,2023-03-29 06:45:39,2023-03-29 11:16:29,223.18,32.968,49.44,70.37,11.39,30.059886,-85.334995,-45.59552,98.11,East
579,22,1,2023-09-24 15:02:31,2023-09-24 20:25:54,209.67,27.829,38.9,59.25,30.02,-4.882808,134.809365,55.235315,-81.005728,Central
580,16,35,2023-06-14 13:38:31,2023-06-14 14:32:53,65.12,12.24,71.86,46.81,26.38,-65.733671,-96.104506,3.268341,79.906189,East
581,12,2,2023-10-20 12:27:25,2023-10-20 14:35:14,176.99,26.626,83.08,32.83,5,-9.43348,4.251367,-54.090015,103.670513,East
582,22,13,2024-09-04 23:32:23,2024-09-05 03:36:39,210.48,51.235,51.7,60.22,6.4,-48.930318,-55.70155,-76.356983,-168.761434,Central
583,6,25,2024-05-27 22:14:30,2024-05-27 23:06:28,85.04,19.875,98.17,72.91,34.62,10.21486,69.159506,74.963347,-178.382607,Central
584,2,19,2024-11-04 17:42:09,2024-11-04 22:03:44,265.6,50.736,60.92,93.69,9.41,-59.75006,3.35368,-6.004711,124.306312,North
585,9,21,2024-01-12 10:45:26,2024-01-12 14:21:07,260.7,49.553,72.52,42.12,5,46.79428,139.251484,-75.794569,-38.015341,West
586,34,36,2024-12-20 12:24:54,2024-12-20 18:54:00,215.18,35.847,33.18,89.95,22.95,-36.082453,-30.786472,-36.760152,-35.037389,West
587,36,26,2024-08-01 04:26:55,2024-08-01 05:20:14,51.32,10.522,57.74,52.87,36.22,-66.83318,22.848159,78.762604,110.780788,West
588,18,33,2023-08-03 06:44:37,2023-08-03 09:47:51,244.51,57.912,80.06,87.11,18.33,-87.405869,-14.408832,-64.207446,-136.456918,South
589,2,36,2023-08-06 15:11:30,2023-08-06 16:26:22,71.55,10.48,57.34,55.54,38.13,74.645555,20.221619,24.265129,79.008924,North
590,29,34,2024-06-10 14:44:27,2024-06-10 17:03:37,185.67,29.492,80.04,44.78,5,5.212907,174.717069,0.95618,-64.531053,North
591,12,28,2023-08-31 15:14:12,2023-08-31 20:05:19,273.37,42.321,56.34,65.25,5,-10.628247,30.64121,74.488201,-32.848859,East
592,11,38,2024-02-25 11:34:00,2024-02-25 16:02:40,206.79,43.968,46.18,38.98,5,-89.996409,31.471351,-21.891239,-126.015538,North
593,38,9,2023-12-01 00:58:46,2023-12-01 03:44:38,298.73,72.282,108.06,39.43,5,-23.017003,178.245754,-31.823474,-156.095884,North
594,13,21,2023-02-22 16:08:43,2023-02-22 17:44:42,169.42,28.481,105.89,37.7,5,59.167178,-177.660091,-62.70404,28.235664,East
595,12,2,2024-08-17 12:44:34,2024-08-17 13:39:39,99.01,16.475,107.83,92.48,63.01,-2.921974,19.202665,-6.273898,-150.264536,East
596,45,18,2023-04-29 00:41:05,2023-04-29 06:46:41,234.84,52.016,38.54,42.01,5,-15.003988,-14.975637,-57.859113,-166.177115,North
597,44,40,2023-07-27 06:40:46,2023-07-27 09:00:15,183.65,28.963,78.99,68.76,36.4,-68.698162,-28.47634,34.453919,-176.548575,Central
598,2,23,2023-03-03 17:31:45,2023-03-03 20:34:55,208.0,42.134,68.13,62.65,5,29.948173,-129.195328,-41.78884,145.656147,North
599,46,24,2023-05-23 21:34:12,2023-05-24 01:16:06,256.38,39.275,69.32,38.94,5,2.685513,-34.645482,83.006906,-0.844169,South
600,3,27,2024-08-16 20:02:13,2024-08-16 22:49:56,290.8,45.57,104.03,91.76,41.13,55.62381,16.006182,32.532804,49.903669,North
601,48,13,2024-08-11 13:58:46,2024-08-11 15:27:32,65.35,11.94,44.17,92.06,79.89,-66.151955,-176.615006,10.601237,-144.318283,East
602,44,32,2024-06-18 06:41:24,2024-06-18 08:12:14,100.84,18.008,66.6,46.04,25.92,-45.255771,-158.855284,72.658146,-54.163949,Central
603,3,39,2024-07-25 03:34:40,2024-07-25 06:24:36,248.18,60.232,87.62,55.62,5,42.642165,-155.476904,-55.804231,63.979052,North
604,41,39,2024-02-21 10:44:07,2024-02-21 12:20:01,159.94,30.785,100.06,81.15,19.46,73.00719,128.673495,-11.203741,36.16104,East
605,33,30,2024-10-04 08:35:08,2024-10-04 11:13:08,263.94,51.348,100.22,45.97,5,84.876008,9.968876,19.110744,-92.666107,Central
606,3,36,2023-10-28 21:37:09,2023-10-28 23:34:26,157.26,25.939,80.45,33.2,5,-63.933334,169.123221,-65.752098,-73.725831,North
607,30,20,2024-08-23 22:23:05,2024-08-24 02:06:30,249.15,50.721,66.91,57.46,5,10.582695,41.194257,-64.655229,18.950003,South
608,4,34,2024-12-02 21:44:06,2024-12-02 22:13:19,46.96,10.177,96.39,59.36,42.08,39.395224,83.239634,-6.012549,-176.983202,West
609,10,12,2024-08-27 20:36:02,2024-08-27 22:21:01,177.71,31.485,101.55,65.52,18.74,76.58212,127.03946,89.128776,-103.423833,North
610,25,29,2023-01-20 08:23:43,2023-01-20 09:08:35,57.77,8.91,77.23,76.32,66.79,21.597734,86.843071,64.274923,70.284893,East
611,34,6,2023-07-14 05:52:18,2023-07-14 07:06:00,100.6,15.058,81.89,76.25,48.1,74.636964,-178.326096,80.36717,-38.758286,West
612,10,6,2023-03-30 16:11:19,2023-03-30 18:49:52,213.34,45.841,80.73,35.54,5,73.025301,-20.039981,22.036131,124.520752,North
613,37,40,2023-05-05 04:44:45,2023-05-05 06:40:35,116.71,27.949,60.45,79.94,49.26,-0.87026,175.280001,-18.676866,28.388363,North
614,41,10,2023-05-06 22:12:43,2023-05-07 04:06:32,261.3,47.125,44.31,76.28,5,74.193497,51.772613,42.110479,93.330581,East
615,24,29,2023-08-13 07:15:33,2023-08-13 12:04:35,189.8,29.294,39.4,38.55,7.55,-80.818138,106.051474,83.461048,171.358076,North
616,44,17,2023-01-10 11:34:09,2023-01-10 12:59:40,140.3,18.336,98.43,65.33,44.84,-24.274688,-95.023993,45.594791,125.693792,Central
617,36,16,2023-06-18 10:49:17,2023-06-18 13:26:49,178.71,24.935,68.06,56.66,17.21,-54.588753,9.367689,65.644117,-162.204387,West
618,43,1,2023-07-10 01:47:02,2023-07-10 06:51:36,265.24,60.585,52.25,70.86,5,11.835329,64.017768,-63.156442,-33.201182,West
619,16,4,2023-05-24 13:40:01,2023-05-24 14:15:34,48.74,11.33,82.26,32.39,13.48,-46.62279,-61.853657,7.612923,-79.170287,East
620,48,37,2024-10-12 21:43:16,2024-10-13 00:57:36,182.97,26.177,56.49,35.7,9.02,-48.530217,83.725552,42.395112,138.666199,East
621,14,11,2024-06-06 00:40:29,2024-06-06 01:44:50,88.89,17.66,82.87,75.49,38.39,27.783783,69.653239,81.427785,133.399649,East
622,40,12,2023-12-20 16:06:44,2023-12-20 19:57:19,226.05,50.233,58.82,32.33,5,40.249139,174.716596,38.035542,-32.975444,East
623,25,24,2024-11-28 03:10:03,2024-11-28 06:27:56,116.79,22.897,35.41,57.78,33.29,44.262724,129.953364,74.00952,112.819525,East
624,22,31,2023-04-15 12:06:55,2023-04-15 12:31:49,41.0,7.366,98.75,51.4,43.66,3.390811,-101.032766,89.781412,-94.076379,Central
625,16,14,2024-04-20 09:30:31,2024-04-20 09:48:04,22.16,4.287,75.71,93.66,86.5,28.554943,97.471283,14.940203,172.504739,East
626,8,31,2024-07-16 09:43:12,2024-07-16 11:42:28,208.15,34.233,104.71,94.11,31.07,-81.516901,-160.79635,-67.771332,-155.639884,North
627,43,21,2023-07-21 16:24:50,2023-07-21 17:52:25,159.99,23.289,109.6,53.0,23.96,-48.350144,100.076325,39.420492,-42.961046,West
628,41,32,2024-02-08 16:01:05,2024-02-08 19:10:14,220.11,51.955,69.82,82.52,5,-7.647273,-30.229496,47.563716,170.388669,East
629,17,19,2023-05-31 08:08:05,2023-05-31 08:18:21,5.47,0.789,31.92,70.65,68.99,-82.544428,86.611841,-2.606733,151.083019,South
630,16,40,2023-11-19 01:18:08,2023-11-19 03:32:40,127.14,26.254,56.7,66.43,22.6,46.532325,-124.981836,86.758156,86.477512,East
631,1,13,2024-06-19 22:51:01,2024-06-19 23:47:42,88.08,16.806,93.22,50.01,14.02,-78.636039,-135.312923,79.305314,58.341509,East
632,25,1,2023-03-30 10:04:15,2023-03-30 13:41:18,207.32,42.277,57.31,77.09,31.87,87.653571,49.770017,-23.522337,-80.763928,East
633,2,12,2023-05-31 16:42:45,2023-05-31 18:30:35,102.5,24.594,57.03,73.71,32.86,28.543047,-93.299624,83.166475,0.616235,North
634,3,9,2024-01-09 23:43:37,2024-01-10 00:29:14,50.84,12.075,66.85,86.24,72.82,-56.291317,-130.165422,-37.132835,-107.221165,North
635,34,27,2024-12-21 15:15:31,2024-12-21 17:34:22,224.06,48.62,96.81,49.46,5,79.974647,-115.042042,16.7178,111.940416,West
636,25,36,2024-02-21 05:37:45,2024-02-21 05:46:02,10.52,2.524,76.19,51.56,48.86,41.00021,-117.64499,25.662022,-112.222277,East
637,27,5,2023-04-26 23:14:42,2023-04-27 01:56:43,87.74,18.003,32.49,93.94,69.35,-2.731815,-165.627904,19.003815,178.110362,South
638,13,37,2024-04-15 10:51:46,2024-04-15 12:24:27,119.92,26.405,77.62,86.2,42.63,-80.308234,-92.588777,-72.083685,-22.534902,East
639,25,3,2023-07-30 21:04:43,2023-07-30 22:54:01,127.09,23.414,69.76,45.45,20.41,59.031349,-133.3254,19.885258,-43.046734,East
640,24,14,2024-02-12 20:34:52,2024-02-12 22:59:49,94.18,21.034,38.98,81.02,58.76,-71.285635,-108.260914,88.578513,46.431002,North
641,8,29,2024-01-29 00:25:29,2024-01-29 00:36:17,12.36,1.889,68.61,62.5,59.02,26.732602,-62.987851,-68.683103,164.52673,North
642,35,34,2023-08-30 01:30:20,2023-08-30 07:08:39,233.78,53.455,41.46,86.67,5,35.590364,-82.396923,-74.34575,-103.688439,West
643,38,9,2023-06-09 08:57:53,2023-06-09 12:14:30,218.75,42.149,66.75,76.39,7.86,25.370694,162.150008,88.902394,-104.890459,North
644,1,20,2024-12-25 04:01:40,2024-12-25 04:12:41,17.99,3.058,97.85,86.67,80.12,-48.664094,81.772164,38.036997,-70.527389,East
645,3,7,2024-02-09 08:16:18,2024-02-09 10:50:55,231.02,51.06,89.64,31.46,5,88.930646,-169.022167,-48.982799,-86.429353,North
646,45,14,2023-09-07 05:38:37,2023-09-07 06:51:20,64.16,14.291,52.93,64.6,46.67,-45.584731,167.709511,-7.985575,179.273975,North
647,48,8,2023-07-31 18:38:34,2023-07-31 19:35:16,49.05,10.043,51.89,30.99,20.75,68.227292,118.931959,24.758774,54.829561,East
648,37,7,2023-06-10 10:52:53,2023-06-10 13:06:47,165.05,40.139,73.95,47.62,5,-34.771914,80.849355,83.400066,-88.266709,North
649,22,37,2023-07-10 03:52:12,2023-07-10 04:52:52,55.53,10.821,54.91,88.0,76.63,-66.918081,107.298713,42.782765,108.217799,Central
650,4,9,2023-01-23 12:27:46,2023-01-23 14:10:28,143.87,19.632,84.04,36.89,5,17.144129,23.595651,1.279675,-77.135144,West
651,32,26,2023-05-20 00:29:05,2023-05-20 02:35:10,212.88,45.304,101.3,70.92,5,1.996762,-101.36267,42.646911,116.68781,East
652,33,40,2023-10-04 05:19:03,2023-10-04 06:20:09,97.17,20.455,95.4,76.34,54.08,66.531954,-161.614178,86.347096,129.788631,Central
653,39,6,2024-12-17 17:56:25,2024-12-17 21:19:45,227.94,51.866,67.26,38.57,5,81.314194,59.031826,57.338439,-159.345735,East
654,50,30,2023-03-17 13:06:49,2023-03-17 14:45:29,139.4,25.907,84.76,76.16,37.26,25.862664,-89.91667,62.951762,51.749353,North
655,17,15,2023-04-22 15:09:58,2023-04-22 18:25:47,259.02,45.859,79.36,89.34,5,18.958789,-53.738484,-47.289722,101.994258,South
656,50,22,2024-09-04 15:54:02,2024-09-04 20:31:33,258.93,35.692,55.98,61.69,8.1,-0.031994,77.73048,-47.979766,-85.214799,North
657,10,23,2024-01-07 18:43:17,2024-01-07 21:57:08,141.07,28.571,43.66,79.92,37.47,-57.803409,28.663612,57.650386,-140.693304,North
658,11,33,2023-03-21 22:47:43,2023-03-22 00:13:33,124.68,24.529,87.14,36.95,5,-35.121539,62.174056,66.109659,-119.702085,North
659,6,20,2024-02-18 19:05:49,2024-02-18 20:55:20,140.99,22.452,77.24,45.51,5,0.332711,97.335396,-84.305464,19.048563,Central
660,13,31,2023-10-26 02:51:26,2023-10-26 03:22:55,24.49,4.451,46.66,75.11,67.77,-48.602497,51.587572,-29.338287,-77.979832,East
661,32,37,2024-09-03 12:50:05,2024-09-03 14:04:24,105.95,22.287,85.53,41.25,8.57,64.581207,-150.152211,-41.576272,-108.099622,East
662,41,32,2023-03-30 19:07:57,2023-03-30 21:48:47,179.69,41.085,67.03,66.08,5,83.031517,-71.360238,35.587331,155.292919,East
663,14,20,2023-11-12 04:32:34,2023-11-12 05:12:08,25.53,5.682,38.7,82.91,70.97,-70.099365,-91.347624,-87.545399,3.849996,East
664,29,21,2024-01-19 22:19:45,2024-01-20 03:55:15,195.27,28.64,34.92,44.14,5,-72.899361,173.170221,-44.454887,59.070989,North
665,42,1,2024-08-11 00:57:05,2024-08-11 02:06:09,48.28,8.536,41.94,64.53,53.16,39.932046,-70.61032,-9.395029,163.687576,Central
666,41,29,2023-06-01 23:29:24,2023-06-02 00:08:43,65.67,14.797,100.19,49.48,19.83,29.256401,-93.870491,-66.11662,172.879412,East
667,49,20,2024-12-14 10:06:40,2024-12-14 14:29:02,283.28,48.529,64.78,93.87,37.24,41.72211,108.999337,-50.413653,95.00358,Central
668,8,38,2023-01-07 07:21:13,2023-01-07 09:58:15,185.39,43.066,70.83,85.1,5.79,86.405637,38.389178,-66.461539,148.72587,North
669,4,24,2024-11-30 21:16:06,2024-12-01 02:08:30,166.92,38.14,34.25,75.72,10.97,75.230042,-178.100322,7.584833,135.578389,West
670,27,8,2024-10-30 22:49:24,2024-10-31 01:32:22,88.25,17.722,32.49,58.06,33.85,39.130122,-147.942781,28.188943,-57.777483,South
671,45,21,2024-07-06 20:25:21,2024-07-06 22:22:14,117.92,24.704,60.53,65.43,34.43,-40.029004,128.037145,10.973106,36.425487,North
672,35,9,2023-05-27 04:48:09,2023-05-27 06:32:05,168.85,30.405,97.47,53.42,5,11.516404,122.735511,6.021205,139.691145,West
673,22,9,2023-04-15 07:06:47,2023-04-15 07:12:57,8.42,1.989,81.87,39.36,37.27,-30.313037,40.326272,-18.657208,-13.720557,Central
674,48,28,2023-04-16 11:02:36,2023-04-16 11:24:42,29.98,5.538,81.38,57.03,51.38,85.765218,-72.473611,-58.144548,-97.290395,East
675,50,39,2024-12-23 14:15:15,2024-12-23 17:11:47,130.58,25.626,44.38,63.11,24.63,-77.370124,-73.582806,-19.607998,-177.58404,North
676,33,25,2023-10-03 23:24:24,2023-10-04 00:31:32,71.59,13.586,63.98,30.48,15.7,64.324421,-118.485333,43.840556,-164.878263,Central
677,18,33,2023-07-29 03:11:31,2023-07-29 04:54:16,126.2,31.22,73.69,53.85,16.77,14.079681,7.241399,-49.518183,-174.815614,South
678,41,31,2024-07-01 11:57:46,2024-07-01 13:27:03,113.73,15.878,76.42,92.51,60.69,7.681009,59.928228,-28.888434,21.119889,East
679,38,18,2023-12-28 03:02:28,2023-12-28 05:13:57,157.5,25.11,71.87,69.65,28.82,13.345387,35.731683,-9.565782,59.557138,North
680,45,5,2024-06-15 08:03:50,2024-06-15 10:06:32,191.94,26.168,93.85,50.31,17.48,-80.953283,-19.573075,-25.795334,-164.036926,North
681,26,35,2024-08-27 16:47:51,2024-08-27 16:55:15,8.18,1.627,66.32,88.89,85.69,8.308329,63.148271,-4.380083,-54.340194,East
682,26,27,2023-10-02 02:48:13,2023-10-02 05:52:33,288.37,38.711,93.86,48.8,5,-2.415033,-95.66088,-14.706134,-97.342322,East
683,43,20,2024-07-18 15:44:05,2024-07-18 20:23:17,236.58,47.169,50.84,70.9,12.09,55.2419,113.701701,73.181218,165.287356,West
684,41,4,2024-05-24 18:41:21,2024-05-24 21:49:36,297.16,48.858,94.71,70.58,5,-80.930932,-135.915117,-28.768518,-141.112453,East
685,8,9,2024-01-28 16:59:40,2024-01-28 17:17:34,27.67,5.642,92.7,46.38,35.99,-29.172964,123.794187,-61.890552,122.134011,North
686,21,17,2023-01-12 00:45:47,2023-01-12 03:37:11,223.72,48.922,78.31,89.16,23.93,-64.449326,-114.882419,-4.667492,50.041275,West
687,48,29,2023-10-15 04:57:11,2023-10-15 09:43:59,243.31,45.789,50.9,75.55,28.87,78.334402,24.267594,86.985546,109.245887,East
688,38,3,2023-09-24 07:08:59,2023-09-24 09:53:58,295.3,67.508,107.39,68.71,5,-77.447295,-131.00672,17.787226,-21.89221,North
689,36,27,2024-08-21 08:41:47,2024-08-21 10:07:15,118.03,17.713,82.85,77.19,49.16,-77.453958,115.397268,23.586353,92.264611,West
690,41,23,2023-02-12 04:42:21,2023-02-12 06:51:21,194.47,29.192,90.44,37.54,5,48.998081,-134.639285,-39.055917,-68.390028,East
691,30,31,2023-08-23 01:53:25,2023-08-23 03:15:53,145.5,22.995,105.86,89.96,38.29,8.996567,-6.918604,-72.026669,-178.284135,South
692,49,25,2024-01-04 14:59:27,2024-01-04 16:07:45,82.47,13.579,72.44,58.26,42.42,-81.996005,129.628138,-24.305848,-33.053265,Central
693,33,25,2024-06-11 00:02:01,2024-06-11 01:23:19,98.13,13.903,72.42,92.13,77.0,40.036736,-128.834126,-72.291549,67.690336,Central
694,39,23,2024-10-17 17:45:39,2024-10-17 19:02:26,132.38,22.531,103.44,85.79,46.88,-43.79323,149.786471,-12.956276,113.334332,East
695,21,7,2023-07-18 07:57:20,2023-07-18 11:11:11,198.03,43.545,61.29,80.25,22.19,50.18733,-53.468046,59.648319,86.222895,West
696,49,38,2024-08-21 11:06:37,2024-08-21 12:12:25,62.5,9.474,56.99,74.87,63.82,1.277187,-0.31046,5.904332,33.92022,Central
697,40,1,2024-06-06 13:56:08,2024-06-06 14:08:49,7.5,1.448,35.44,56.73,55.09,-86.296359,133.876903,-30.664513,50.489814,East
698,49,29,2023-10-01 00:44:27,2023-10-01 02:03:53,69.73,9.263,52.66,42.55,31.74,-35.891658,38.528941,81.669217,86.697313,Central
699,8,4,2024-12-29 23:00:35,2024-12-30 00:47:07,180.27,36.401,101.52,44.09,5,3.938424,150.165028,-33.197879,-80.468583,North
700,10,8,2023-03-09 02:21:31,2023-03-09 08:44:15,257.65,61.318,40.39,72.67,5,-12.918973,78.999757,-54.328692,-165.634123,North
701,41,12,2024-11-26 22:40:51,2024-11-26 23:31:24,37.7,7.889,44.74,49.15,33.34,-65.854029,173.993098,-25.731697,51.348799,East
702,6,30,2024-12-17 16:17:19,2024-12-17 19:33:00,298.6,62.739,91.55,74.99,5,-14.071657,-135.935141,-29.072649,169.967374,Central
703,25,17,2023-05-06 19:15:56,2023-05-06 23:46:31,235.32,41.565,52.18,34.06,5,-32.18296,107.854904,-48.035207,-96.754138,East
704,4,17,2024-09-23 07:42:22,2024-09-23 08:58:45,83.08,20.058,65.25,61.96,27.91,80.356668,-51.580621,18.417233,-122.468208,West
705,44,26,2023-05-19 14:24:11,2023-05-19 19:27:23,195.42,35.518,38.67,65.14,25.46,-84.552379,87.097183,33.050759,72.46318,Central
706,44,7,2024-12-09 20:16:08,2024-12-09 22:56:09,135.27,18.728,50.72,32.27,11.34,-29.32716,97.682025,64.850353,-97.641482,Central
707,19,29,2023-01-15 13:48:03,2023-01-15 20:13:50,269.47,65.198,41.91,71.62,5,-16.038668,154.79839,-7.694504,-8.481407,South
708,48,25,2023-07-26 22:44:09,2023-07-26 23:37:03,49.72,6.486,56.39,55.44,48.83,-54.952754,5.527309,86.993978,179.397446,East
709,36,31,2023-12-05 16:42:14,2023-12-05 18:06:40,124.15,17.184,88.22,82.8,55.61,87.122275,-62.060747,16.12077,109.927621,West
710,17,1,2023-10-26 14:10:49,2023-10-26 17:10:55,286.48,56.743,95.44,61.33,5,44.775698,-78.892766,0.949979,85.643544,South
711,27,22,2024-06-13 14:20:21,2024-06-13 17:04:47,94.33,19.588,34.42,94.81,68.05,18.558425,13.238349,7.250188,-130.036308,South
712,28,35,2024-10-24 19:26:57,2024-10-25 03:21:55,288.47,64.035,36.44,59.88,5,-32.891934,175.413131,-40.732264,86.558209,Central
713,46,13,2023-05-18 04:24:13,2023-05-18 05:58:23,168.57,27.96,107.4,72.95,29.33,-1.885189,-169.977031,-32.439816,168.287051,South
714,29,7,2024-05-04 19:33:14,2024-05-04 22:34:29,208.21,38.01,68.92,87.54,9.97,30.144495,-0.737508,-61.685648,-55.040254,North
715,15,9,2023-01-28 17:27:51,2023-01-28 18:10:17,61.96,11.692,87.58,68.54,53.96,24.159454,-71.813178,-57.839323,126.254865,West
716,6,35,2024-05-14 17:59:15,2024-05-14 19:18:16,95.78,17.616,72.72,84.23,50.29,54.247841,51.398789,39.496452,27.915674,Central
717,2,3,2023-09-21 12:43:58,2023-09-21 12:57:51,21.54,3.106,93.02,32.78,27.62,-3.7417,56.309965,-48.82812,125.362851,North
718,46,34,2023-12-23 00:38:34,2023-12-23 03:28:36,282.33,61.809,99.62,64.88,5,-84.408955,86.660228,-28.516737,-47.917341,South
719,17,5,2023-01-29 15:26:58,2023-01-29 18:39:40,221.96,53.018,69.11,31.24,5,10.410744,13.550218,34.090956,95.649221,South
720,44,3,2023-07-08 11:55:50,2023-07-08 17:10:11,211.88,28.815,40.44,41.2,9.0,53.438617,42.243414,-49.396691,40.902196,Central
721,24,7,2023-12-21 07:53:49,2023-12-21 09:48:38,185.31,42.269,96.83,34.16,5,-18.171401,160.731868,73.430148,40.553397,North
722,10,32,2024-04-07 03:10:57,2024-04-07 08:14:06,240.76,43.613,47.65,82.29,17.49,-50.667248,81.850245,-67.621645,122.260392,North
723,49,26,2023-09-09 20:10:38,2023-09-09 20:39:24,40.64,6.852,84.73,65.48,57.48,-68.551351,83.838537,15.602123,-127.901532,Central
724,16,3,2024-04-05 15:54:37,2024-04-05 17:30:44,56.17,12.408,35.06,47.8,27.09,-51.434601,-32.930308,-18.38289,-166.19655,East
725,13,24,2024-03-05 20:16:04,2024-03-05 21:21:08,53.68,7.838,49.49,67.83,54.9,-31.349526,-35.87595,20.037726,-59.087301,East
726,45,40,2023-10-20 03:35:27,2023-10-20 11:05:31,234.41,30.652,31.25,61.65,23.19,16.338808,-15.961123,-18.607561,110.009454,North
727,14,6,2024-07-02 22:36:42,2024-07-03 00:33:56,197.27,44.758,100.95,57.05,5,-80.927202,25.837949,23.876942,-98.280521,East
728,35,9,2023-06-10 03:06:18,2023-06-10 04:01:06,47.21,7.493,51.68,59.28,45.9,-9.782743,84.86063,-59.388897,-25.46372,West
729,14,40,2024-06-21 05:43:47,2024-06-21 06:05:32,16.1,3.929,44.4,62.49,54.24,-59.31869,70.282333,33.374243,-141.113989,East
730,45,20,2023-09-28 04:27:37,2023-09-28 06:10:58,128.54,31.928,74.62,42.47,5,-73.965017,104.830765,-47.472327,-94.58675,North
731,9,40,2023-10-09 02:19:45,2023-10-09 04:42:40,259.51,48.193,108.94,62.99,5,-70.340866,-37.471742,89.453141,170.554868,West
732,45,14,2023-08-03 16:57:54,2023-08-03 17:29:40,20.66,4.778,39.01,39.7,33.71,-64.86139,-156.020865,10.022453,58.376534,North
733,35,32,2023-05-17 22:54:51,2023-05-17 23:24:58,52.13,9.055,103.81,33.51,17.34,76.948476,35.631055,77.191387,108.034432,West
734,16,28,2023-07-15 06:05:45,2023-07-15 07:11:36,103.62,14.009,94.41,79.3,55.91,-1.400527,-9.663182,-50.153691,113.525936,East
735,4,35,2023-05-17 14:46:57,2023-05-17 16:22:44,51.62,7.15,32.33,63.47,51.33,83.868859,-56.722582,51.925326,109.106459,West
736,18,29,2024-04-05 08:51:10,2024-04-05 11:37:24,176.03,41.861,63.53,78.56,28.84,-81.539199,123.837462,-64.839342,-58.503664,South
737,17,8,2023-09-11 07:32:43,2023-09-11 09:01:10,72.2,11.118,48.97,56.82,33.41,-8.381721,-143.862598,2.818571,72.992397,South
738,17,5,2024-01-01 19:53:41,2024-01-02 01:03:54,177.6,27.695,34.35,58.33,5,-58.106762,-176.277979,-81.696373,41.152091,South
739,44,30,2023-05-19 07:17:35,2023-05-19 10:12:29,119.26,24.549,40.91,76.79,49.36,39.537545,5.023114,25.014805,15.517873,Central
740,21,13,2023-09-18 21:28:06,2023-09-18 21:57:59,42.53,6.226,85.38,33.88,25.58,67.163623,-150.806718,12.448633,-153.508146,West
741,34,30,2023-11-21 20:15:26,2023-11-21 21:13:21,55.5,11.235,57.49,87.62,66.62,89.641165,93.855675,54.441274,22.242715,West
742,45,40,2024-12-04 09:11:57,2024-12-04 09:42:41,55.13,7.739,107.61,85.58,75.87,13.289479,-125.19298,1.126102,-51.812612,North
743,38,32,2024-10-31 16:33:18,2024-10-31 20:25:04,298.72,48.841,77.33,84.4,5,-63.596478,0.731511,-60.285328,177.656436,North
744,32,16,2023-07-12 11:54:46,2023-07-12 13:14:33,101.55,20.413,76.36,87.97,58.04,16.305549,171.836228,-79.272256,-126.224281,East
745,12,37,2024-11-28 16:37:37,2024-11-28 16:41:12,6.5,1.212,108.41,32.6,30.43,20.904364,141.49288,-66.474132,-15.427323,East
746,37,3,2023-11-27 15:34:45,2023-11-27 17:56:41,161.68,36.953,68.34,81.87,41.31,71.191874,-22.718197,24.736216,3.839132,North
747,33,32,2023-07-06 19:27:33,2023-07-06 19:47:10,29.51,5.276,90.25,75.06,69.32,-63.219882,-100.201767,-86.392557,-93.119209,Central
748,16,9,2023-10-06 09:09:58,2023-10-06 10:17:37,92.26,17.306,81.81,35.9,7.01,23.952997,167.406494,-12.027553,-171.181172,East
749,24,11,2024-06-30 06:32:45,2024-06-30 08:24:12,140.49,34.725,75.63,67.94,31.19,-82.775937,117.111551,-4.155194,-41.244905,North
750,34,9,2024-11-10 00:15:04,2024-11-10 04:59:33,212.42,43.592,44.8,86.65,5.17,72.308056,21.596593,25.629018,4.12985,West
751,45,1,2024-10-30 06:41:42,2024-10-30 09:49:16,190.05,36.815,60.79,74.9,28.71,51.200562,-144.170438,3.080502,-82.227777,North
752,22,28,2024-08-07 18:50:59,2024-08-07 19:39:00,84.59,19.061,105.69,65.26,45.24,-19.736269,29.416412,-79.422239,118.585482,Central
753,49,6,2024-04-26 22:07:24,2024-04-27 01:06:13,264.85,64.475,88.86,33.56,5,-50.971301,-155.881927,-5.394528,-8.743824,Central
754,49,24,2024-11-20 17:06:28,2024-11-20 17:26:27,20.21,2.726,60.64,60.25,57.07,17.110247,-40.942903,41.924807,-48.998261,Central
755,28,12,2024-05-18 10:48:50,2024-05-18 15:37:01,169.84,26.251,35.36,76.11,30.93,-18.313399,-144.859487,-79.23633,16.208413,Central
756,26,16,2024-02-24 03:30:13,2024-02-24 04:04:02,38.5,7.685,68.28,91.04,75.94,-17.026053,-130.160562,42.751214,2.081103,East
757,50,14,2024-08-08 00:10:17,2024-08-08 04:51:04,224.78,36.433,48.03,52.93,5,-84.290172,36.644183,-69.966601,-46.71387,North
758,49,28,2023-08-04 06:21:48,2023-08-04 06:42:55,21.07,4.007,59.83,59.41,54.73,-31.646112,-59.992933,-51.50127,139.55866,Central
759,10,31,2024-07-05 08:06:08,2024-07-05 09:47:17,161.91,29.83,96.03,88.46,44.14,77.214554,-33.07797,-76.011792,128.587617,North
760,28,5,2023-05-27 07:09:54,2023-05-27 11:11:19,268.11,63.744,66.63,35.21,5,-28.91617,1.257984,2.296543,-167.030773,Central
761,22,5,2023-03-26 22:42:35,2023-03-27 00:05:08,53.61,7.937,38.96,39.62,31.28,-0.094419,-61.889637,-59.446228,-12.11805,Central
762,16,34,2024-05-02 05:16:33,2024-05-02 05:27:37,11.69,2.827,63.32,74.36,69.64,-74.181408,-178.849054,-41.921481,-81.397583,East
763,35,23,2023-11-23 07:47:25,2023-11-23 09:27:24,135.94,18.699,81.57,48.95,15.56,16.508472,-176.694514,-7.46443,-160.240265,West
764,17,34,2024-05-15 17:33:27,2024-05-15 18:55:17,104.08,23.358,76.3,72.62,23.45,-34.34588,-8.648471,-31.830921,-62.081307,South
765,36,38,2024-06-01 04:26:35,2024-06-01 06:36:21,210.57,35.058,97.35,58.94,5,-77.796828,93.997917,10.530318,-58.360142,West
766,11,20,2023-05-14 09:24:43,2023-05-14 14:21:08,237.83,39.141,48.14,54.17,5,-51.075967,-4.457443,-76.469643,-23.910368,North
767,4,10,2023-10-02 06:39:02,2023-10-02 07:29:06,88.89,13.271,106.5,70.21,47.68,54.638087,63.462999,3.717215,64.948988,West
768,39,19,2023-05-22 13:57:17,2023-05-22 16:57:41,292.1,61.33,97.15,75.04,5,42.317513,-6.723548,34.568525,44.986041,East
769,12,11,2023-07-04 18:52:36,2023-07-04 19:14:14,39.49,7.223,109.5,67.34,54.42,29.30145,-17.422279,74.983745,119.91302,East
770,28,12,2023-06-09 08:22:23,2023-06-09 13:35:15,170.93,29.274,32.78,50.6,5,46.470333,-87.223326,59.885224,121.043712,Central
771,28,29,2024-02-24 07:50:33,2024-02-24 11:52:12,292.76,38.934,72.69,37.9,5,23.508784,-140.989188,-87.230244,120.709225,Central
772,36,10,2023-12-22 18:29:53,2023-12-23 01:03:31,278.7,54.496,42.48,93.06,6.83,84.86096,-53.875801,11.121408,-154.614123,West
773,37,22,2024-05-17 17:30:06,2024-05-17 20:38:23,213.11,51.846,67.91,48.84,5,45.87561,-145.793696,-85.639388,118.552905,North
774,41,10,2024-09-13 01:10:48,2024-09-13 02:51:16,171.74,36.529,102.55,58.74,5,-26.537484,94.663415,65.971249,-19.97399,East
775,35,3,2023-04-19 07:02:18,2023-04-19 12:14:53,205.01,41.843,39.35,31.61,5,74.39406,49.606295,-25.767519,63.641243,West
776,17,29,2023-10-05 14:17:55,2023-10-05 15:14:13,32.28,6.456,34.4,71.69,58.1,41.755998,84.798041,-67.893642,38.318779,South
777,17,18,2023-06-02 00:24:16,2023-06-02 00:33:49,11.65,2.453,73.07,58.95,53.79,9.26088,177.904045,-30.986364,55.137237,South
778,8,33,2023-11-03 08:35:20,2023-11-03 09:42:50,62.36,15.166,55.42,69.33,41.4,68.523708,23.173739,23.382871,-35.131247,North
779,48,24,2023-11-05 19:01:05,2023-11-05 19:30:46,48.64,8.499,98.3,54.03,45.37,-63.924858,-40.01064,-41.393332,-121.556922,East
780,22,23,2023-09-30 21:43:57,2023-09-30 23:11:35,95.89,14.948,65.65,66.47,50.77,37.62239,-70.978838,77.981303,141.29454,Central
781,33,27,2024-09-16 05:47:01,2024-09-16 08:55:42,135.54,32.221,43.1,77.32,42.26,51.731423,-172.265089,42.915382,-98.923817,Central
782,31,9,2024-10-10 23:03:49,2024-10-11 03:53:41,178.22,33.319,36.89,43.51,6.28,73.055098,-49.919445,-13.01927,5.563297,Central
783,38,22,2023-02-21 08:29:14,2023-02-21 12:06:55,280.28,36.659,77.25,54.43,5,16.26614,37.553142,-78.219205,55.038064,North
784,45,18,2023-11-18 23:06:04,2023-11-18 23:56:46,56.59,13.569,66.97,66.91,49.88,31.684301,-97.407423,-28.302843,-142.390525,North
785,15,12,2024-10-08 10:53:35,2024-10-08 12:28:33,117.62,26.953,74.31,32.75,5,-88.322048,51.488361,71.543248,-147.928965,West
786,42,20,2024-01-19 18:42:02,2024-01-19 21:14:04,169.99,22.149,67.08,31.74,5,69.335829,177.711894,-74.967644,146.517278,Central
787,19,20,2024-05-12 12:48:52,2024-05-12 16:31:04,251.1,59.541,67.8,72.5,7.5,60.018749,-12.506058,51.248319,104.263964,South
788,31,12,2024-01-18 01:25:44,2024-01-18 04:46:09,272.5,60.431,81.58,31.85,5,-8.437637,-76.915636,23.587124,97.968127,Central
789,36,5,2024-04-10 04:08:36,2024-04-10 07:05:02,224.94,52.681,76.49,66.76,5,53.713403,-83.428129,-69.994743,177.218634,West
790,45,31,2024-06-23 05:39:59,2024-06-23 09:46:56,246.39,32.549,59.86,77.64,36.8,-76.476401,-51.585683,-19.475448,-160.772412,North
791,19,11,2024-03-27 18:49:32,2024-03-27 19:13:34,22.26,3.256,55.57,87.09,83.54,-19.960421,63.0005,77.948548,146.773657,South
792,13,4,2023-07-31 18:56:37,2023-07-31 20:19:20,111.54,15.152,80.9,92.09,67.09,45.356949,74.782389,88.268578,-76.129467,East
793,22,34,2024-05-11 06:49:35,2024-05-11 10:46:51,281.21,42.741,71.11,79.82,34.92,-12.391742,-127.78697,72.449431,122.121996,Central
794,9,39,2024-08-07 14:00:44,2024-08-07 14:59:07,54.31,12.567,55.81,50.55,31.77,-23.501079,6.154198,37.635388,132.378199,West
795,24,18,2024-06-16 09:35:49,2024-06-16 13:10:17,210.9,36.316,59.0,64.74,26.31,-30.551738,107.192505,-80.233132,0.495143,North
796,12,1,2023-04-17 08:55:21,2023-04-17 11:33:37,157.86,26.968,59.84,61.52,13.28,0.246827,163.420442,-79.284378,-118.003516,East
797,13,7,2023-06-19 05:30:25,2023-06-19 06:34:03,50.59,12.023,47.69,42.25,22.41,39.234979,-113.829381,17.286881,44.582778,East
798,44,34,2024-10-19 03:52:59,2024-10-19 06:04:09,161.97,23.271,74.09,79.16,53.16,25.664011,-90.115713,20.757557,91.092387,Central
799,34,5,2023-04-01 12:56:28,2023-04-01 15:18:53,246.56,41.271,103.87,61.17,5,20.103482,-76.140328,-34.256429,-81.984844,West
800,28,9,2024-09-26 14:42:19,2024-09-26 15:56:49,135.37,33.357,109.01,64.0,6.59,-46.633107,-26.100623,-62.923955,-147.540927,Central
801,14,20,2023-01-23 08:06:59,2023-01-23 13:48:15,224.62,47.914,39.49,38.37,5,-73.531486,-88.789539,56.733333,164.029832,East
802,50,15,2023-08-27 18:52:45,2023-08-27 19:55:03,41.98,8.937,40.42,35.11,21.69,-17.00489,-111.195326,-29.332635,-35.018433,North
803,10,5,2023-01-15 14:34:36,2023-01-15 17:09:16,233.53,33.38,90.59,32.76,5,-34.586275,-109.355203,-88.507171,-138.636497,North
804,48,33,2024-04-05 17:36:19,2024-04-05 18:10:27,22.48,3.101,39.51,46.45,43.29,53.271127,51.271756,11.247808,106.754418,East
805,48,1,2024-08-09 01:50:11,2024-08-09 02:40:30,33.47,6.711,39.9,69.12,62.28,-85.914188,135.399297,-24.183066,-34.728913,East
806,15,12,2024-06-04 20:54:07,2024-06-04 23:49:09,108.7,26.416,37.26,84.98,52.04,-41.361319,-120.201094,-39.123427,-144.173663,West
807,42,23,2023-10-01 13:32:41,2023-10-01 14:17:31,52.36,8.326,70.05,77.36,66.27,38.10552,-86.607939,-27.102819,127.214376,Central
808,41,5,2023-03-18 23:27:49,2023-03-19 02:10:25,246.78,53.279,91.06,64.37,5,-80.609977,-54.23551,88.916361,113.575654,East
809,22,11,2024-12-01 08:09:57,2024-12-01 15:39:35,227.44,54.792,30.35,77.15,19.6,-21.663443,-146.602333,-83.492954,151.365053,Central
810,37,31,2023-10-12 15:21:57,2023-10-12 20:04:24,210.95,30.14,44.81,73.78,40.7,59.69294,41.613689,14.792718,-10.102297,North
811,27,25,2023-11-26 09:38:42,2023-11-26 11:03:36,68.21,16.927,48.2,37.33,14.21,-43.876752,51.262398,43.135638,-94.791781,South
812,10,30,2023-03-27 16:26:32,2023-03-27 18:42:52,158.32,26.058,69.67,53.48,14.76,86.569563,-51.176348,-40.172106,118.84857,North
813,3,6,2023-09-12 20:30:52,2023-09-12 22:59:35,150.65,32.893,60.78,59.7,23.15,-58.15355,-124.152418,-46.719873,-109.330884,North
814,49,29,2023-06-25 10:35:09,2023-06-25 13:44:54,168.41,25.708,53.25,85.6,55.6,8.155584,2.720299,48.404598,133.786421,Central
815,6,31,2024-12-30 09:45:26,2024-12-30 14:23:17,205.34,38.809,44.34,94.92,20.14,-79.79114,-116.49044,84.560807,66.039661,Central
816,9,26,2023-12-07 05:59:58,2023-12-07 07:53:30,159.19,28.237,84.12,37.75,5,29.769922,120.953626,1.051988,-41.619458,West
817,50,38,2023-03-21 00:14:18,2023-03-21 02:26:41,223.72,38.848,101.39,40.97,5,-38.927779,92.374237,-85.193363,155.954563,North
818,15,22,2023-06-05 13:10:55,2023-06-05 14:50:03,180.51,41.621,109.25,37.98,5,-81.689271,118.474109,84.831222,131.881026,West
819,36,18,2024-08-17 01:13:20,2024-08-17 04:02:13,215.48,48.427,76.55,47.74,5,14.911962,106.503196,37.398545,-142.387501,West
820,46,26,2023-10-04 14:08:05,2023-10-04 15:59:32,145.37,27.35,78.25,56.29,13.62,49.384211,-27.303757,67.803498,100.103989,South
821,21,10,2024-08-19 12:32:57,2024-08-19 16:02:47,139.12,21.939,39.78,61.81,32.56,71.370859,131.198382,71.001569,172.030687,West
822,11,2,2023-03-19 08:44:30,2023-03-19 11:03:03,222.65,29.659,96.42,62.38,5,15.55623,-26.590983,33.057504,-111.946269,North
823,14,25,2024-04-14 14:15:40,2024-04-14 19:07:31,205.37,29.072,42.22,70.43,9.35,-79.068206,-5.458065,-26.139818,165.826345,East
824,6,34,2024-08-19 04:34:52,2024-08-19 06:48:48,150.2,28.5,67.28,49.08,5,59.793214,130.060048,89.279368,-18.543941,Central
825,37,17,2024-02-26 07:46:45,2024-02-26 08:51:22,106.37,25.987,98.77,65.53,37.0,71.630639,-95.1853,-26.404544,15.910653,North
826,3,28,2024-11-14 14:43:53,2024-11-14 19:15:40,274.91,48.153,60.69,50.45,5,76.446161,-119.589843,-10.67938,140.443721,North
827,34,3,2023-01-26 12:33:03,2023-01-26 13:14:30,57.18,13.504,82.75,80.66,55.42,70.062754,-49.412739,-84.340825,-121.078055,West
828,13,32,2023-12-01 12:28:40,2023-12-01 12:59:22,44.67,6.393,87.26,61.68,51.13,-26.05255,158.04887,9.407628,-151.0912,East
829,49,32,2024-05-27 16:45:24,2024-05-27 19:03:30,168.37,33.248,73.15,60.54,21.74,44.15045,-137.572058,33.148979,123.959427,Central
830,13,33,2023-02-13 07:00:55,2023-02-13 08:44:47,120.46,24.578,69.58,93.11,52.55,-2.960255,177.995433,44.45234,104.965067,East
831,27,19,2023-09-06 22:13:55,2023-09-06 22:31:52,23.12,4.022,77.24,38.33,32.84,9.009587,113.168863,31.385254,145.178791,South
832,42,2,2024-08-17 08:15:01,2024-08-17 12:55:35,267.95,45.931,57.3,36.33,5,-89.685129,89.105304,-24.134243,48.694278,Central
833,27,27,2023-09-30 20:08:01,2023-09-30 20:34:14,21.65,3.625,49.54,45.25,40.3,36.687591,-4.282926,-42.942266,-33.169149,South
834,8,5,2024-11-05 22:12:53,2024-11-05 23:52:48,94.95,16.059,57.01,31.28,5,-49.532351,5.937833,-11.48014,-91.996883,North
835,34,28,2024-03-17 05:12:30,2024-03-17 07:40:15,156.85,29.231,63.69,31.33,5,-2.677517,-108.706151,6.401896,-7.978165,West
836,2,21,2023-10-21 09:32:20,2023-10-21 12:38:39,173.25,32.675,55.79,36.35,5,8.722561,15.754062,84.060144,106.411578,North
837,50,14,2023-09-18 22:53:14,2023-09-19 00:29:01,151.54,22.73,94.92,73.38,39.25,64.947054,-41.912365,-6.543787,89.651401,North
838,24,24,2023-12-05 15:27:49,2023-12-05 16:15:42,64.52,8.971,80.84,93.32,83.83,-63.612834,81.782192,-87.807894,117.804528,North
839,39,14,2023-08-12 04:41:45,2023-08-12 06:14:34,83.22,18.854,53.79,67.28,34.72,-54.252002,125.608257,-15.360421,-71.845236,East
840,44,6,2024-07-11 11:01:30,2024-07-11 17:47:05,254.04,35.076,37.58,51.89,12.7,-61.914702,55.672796,47.409133,-27.867545,Central
841,38,31,2023-11-28 17:49:51,2023-11-28 18:32:41,66.87,11.115,93.65,72.35,54.28,-32.728421,-66.982544,-5.029268,-154.285638,North
842,24,28,2024-05-30 07:43:45,2024-05-30 11:17:58,164.28,33.677,46.01,56.15,20.51,-1.295635,92.648133,1.021308,-175.993729,North
843,34,36,2023-05-21 06:38:37,2023-05-21 09:56:41,264.86,40.361,80.23,63.55,5,-2.672223,-63.507051,53.369718,74.797252,West
844,36,14,2024-05-28 06:19:14,2024-05-28 09:33:06,288.82,70.027,89.38,60.37,5,28.841231,138.87106,-71.572843,-159.717679,West
845,39,40,2024-10-24 08:52:17,2024-10-24 12:27:19,231.89,47.586,64.7,66.8,5,-72.673542,44.65093,-33.216829,-25.259904,East
846,38,13,2023-10-10 22:34:19,2023-10-11 01:26:41,141.43,31.378,49.23,78.52,27.5,-76.553813,0.808365,-87.748858,164.07725,North
847,32,27,2023-09-05 12:07:32,2023-09-05 14:38:25,258.75,59.905,102.89,71.21,5,-80.404379,52.130769,34.450246,-73.66621,East
848,21,19,2024-05-16 19:06:28,2024-05-16 19:43:27,52.37,8.307,84.95,45.35,34.27,81.986051,21.515749,-86.933865,-102.679709,West
849,12,13,2023-01-22 12:26:35,2023-01-22 13:14:53,77.45,15.272,96.18,60.17,32.85,32.247617,6.023199,-77.153723,-85.438428,East
850,32,28,2024-05-17 11:30:03,2024-05-17 17:23:49,272.17,36.334,46.16,47.73,5,-59.473728,44.429385,78.699531,107.499599,East
851,21,36,2023-05-17 16:36:08,2023-05-17 22:26:46,195.07,43.67,33.38,76.96,18.73,87.965739,-123.024312,-54.580784,-19.210451,West
852,4,6,2023-09-01 19:36:32,2023-09-01 21:26:42,182.47,32.633,99.37,88.54,33.14,11.397142,-46.352079,75.995397,-127.845377,West
853,28,6,2023-11-05 06:39:35,2023-11-05 09:52:49,283.23,40.624,87.94,39.14,5,-77.715402,53.802339,-87.108171,-12.509217,Central
854,37,8,2024-02-10 09:59:38,2024-02-10 12:37:22,200.94,38.788,76.43,80.38,37.8,27.929953,-52.318759,57.935431,5.82081,North
855,36,6,2023-07-04 22:04:27,2023-07-05 00:03:17,181.95,41.827,91.86,50.37,5,55.55274,-41.698727,40.656423,-175.800355,West
856,29,16,2024-12-27 14:59:08,2024-12-27 18:06:32,129.75,31.969,41.54,41.39,5,26.719471,67.685993,-16.936691,-173.511453,North
857,33,27,2023-07-17 12:36:21,2023-07-17 20:08:09,259.56,55.534,34.47,64.68,5,-49.496026,-27.72776,-44.709713,-142.220949,Central
858,10,21,2024-02-28 21:25:29,2024-02-28 22:57:40,130.02,30.624,84.62,92.62,47.12,85.813904,127.918074,-49.499826,-71.540023,North
859,12,24,2024-01-05 02:46:33,2024-01-05 05:02:02,216.12,53.169,95.71,31.37,5,8.54721,-81.866819,-41.877454,82.32823,East
860,43,3,2024-10-15 14:11:34,2024-10-15 16:34:07,223.14,53.575,93.92,33.55,5,62.060184,-75.836914,34.886186,-95.15637,West
861,48,16,2023-07-16 11:56:34,2023-07-16 15:00:45,168.05,29.164,54.74,92.3,62.57,-85.725443,-47.383159,-85.880091,3.512758,East
862,49,8,2024-02-20 11:27:28,2024-02-20 14:06:07,260.75,62.365,98.61,55.25,5,-87.661083,-105.643641,-9.644317,-87.788441,Central
863,30,17,2023-08-22 16:57:42,2023-08-22 17:17:29,31.62,4.909,95.82,45.3,34.27,12.014525,-139.988739,-50.902177,18.498064,South
864,13,29,2024-05-05 09:16:02,2024-05-05 10:18:18,98.57,22.15,94.98,71.89,35.34,47.917437,-176.364912,-41.1811,6.492466,East
865,21,6,2024-10-01 09:31:07,2024-10-01 12:54:24,234.94,56.663,69.34,77.9,5,50.853993,-8.621127,-77.165257,106.268366,West
866,26,28,2024-11-12 00:00:49,2024-11-12 07:16:12,275.97,44.518,38.03,40.42,5,-24.206594,-176.743244,86.255852,-153.932648,East
867,6,23,2023-11-23 21:35:43,2023-11-23 23:30:58,182.62,33.674,95.07,77.96,13.08,-45.005308,88.592114,-1.601004,172.819643,Central
868,2,4,2024-05-13 04:03:19,2024-05-13 06:28:16,194.27,28.428,80.41,81.42,34.2,76.259458,85.793782,9.539718,-111.009539,North
869,30,13,2024-05-03 00:17:29,2024-05-03 01:32:32,95.14,15.218,76.06,37.2,5,48.735892,92.140718,-83.683662,155.013056,South
870,46,9,2024-10-19 20:29:12,2024-10-19 23:21:18,180.23,33.195,62.83,91.06,39.27,-28.516859,171.408903,70.627328,-173.137226,South
871,11,17,2023-05-15 17:53:00,2023-05-15 20:02:41,207.8,31.968,96.14,81.97,14.24,-67.190419,-55.815693,86.620287,-176.105408,North
872,31,24,2023-05-22 06:39:41,2023-05-22 08:40:22,121.08,24.028,60.19,84.25,57.4,-68.19664,-73.347962,-59.966251,-123.438298,Central
873,2,2,2024-12-18 00:03:41,2024-12-18 02:12:41,169.77,23.883,78.96,44.87,5.2,40.458978,143.233814,-50.487917,72.475418,North
874,34,13,2023-07-23 07:59:30,2023-07-23 12:51:44,211.87,38.448,43.5,56.07,5,17.663179,32.764114,88.928421,-22.406511,West
875,19,10,2023-03-11 04:13:20,2023-03-11 10:49:02,287.62,37.878,43.61,66.87,25.52,17.781821,41.121868,-4.129587,-111.138131,South
876,38,28,2024-08-23 16:27:45,2024-08-23 20:37:53,276.4,39.863,66.3,73.78,8.96,-49.329848,-108.163221,-83.74945,12.257962,North
877,16,13,2024-10-31 11:39:54,2024-10-31 16:26:24,244.96,43.076,51.3,78.52,6.61,-9.757075,-131.506485,-63.332419,106.567323,East
878,32,14,2024-04-11 02:21:14,2024-04-11 03:04:08,68.59,10.475,95.93,77.24,61.88,20.006943,140.65772,-58.482676,-137.050102,East
879,14,27,2024-09-07 12:35:27,2024-09-07 13:29:37,48.05,9.808,53.22,47.02,26.41,-60.047614,-177.354031,32.501832,-118.293905,East
880,18,24,2024-03-28 18:06:03,2024-03-28 21:12:16,206.86,30.198,66.65,30.67,5,51.597009,-44.658723,88.459804,179.419672,South
881,25,26,2024-06-17 11:51:27,2024-06-17 12:58:17,67.6,13.632,60.68,57.51,42.93,33.476112,143.905511,-5.086599,151.765927,East
882,6,7,2024-03-08 15:13:55,2024-03-08 15:37:34,22.33,5.337,56.63,45.26,34.98,-83.793897,146.360224,82.194948,3.468669,Central
883,43,39,2024-07-05 03:16:05,2024-07-05 09:58:41,225.73,46.13,33.64,46.49,5,77.176298,132.165021,-1.885469,98.398495,West
884,24,26,2024-06-05 09:13:51,2024-06-05 10:17:44,114.42,22.845,107.44,66.37,42.2,-49.332716,-51.47604,65.253949,-26.048522,North
885,19,11,2024-01-27 06:31:10,2024-01-27 09:09:06,150.39,21.169,57.13,60.43,37.32,-15.268792,68.33089,48.701456,-3.980332,South
886,38,28,2023-04-21 03:15:50,2023-04-21 04:44:59,81.82,15.538,55.06,93.6,68.33,75.219096,-32.267771,8.138616,-146.894233,North
887,21,24,2024-12-20 10:18:35,2024-12-20 11:35:59,131.88,30.273,102.22,47.11,6.75,47.592515,-20.634589,-18.18941,148.491027,West
888,19,34,2023-09-01 02:56:06,2023-09-01 06:01:35,133.55,25.235,43.2,77.9,50.35,0.14799,62.132787,87.005829,-48.519207,South
889,12,36,2024-10-24 13:41:59,2024-10-24 17:07:31,277.24,42.326,80.93,58.6,5,65.985236,-46.854385,-26.93243,-164.714615,East
890,4,15,2023-05-23 06:00:06,2023-05-23 06:18:29,15.58,2.841,50.82,75.89,71.07,75.604862,-61.872155,19.980597,179.316007,West
891,36,3,2023-12-09 22:31:24,2023-12-09 23:47:37,110.17,20.84,86.72,61.54,28.57,-69.443538,-166.414798,-75.926882,103.68777,West
892,12,8,2023-09-29 13:05:47,2023-09-29 13:25:27,32.61,4.898,99.45,41.74,32.98,27.540357,136.880975,24.4723,118.078078,East
893,37,18,2024-03-13 11:41:32,2024-03-13 15:10:37,267.81,66.041,76.85,67.93,5,3.36681,105.206393,71.212018,85.926176,North
894,38,37,2023-05-21 06:02:50,2023-05-21 09:35:00,127.84,27.004,36.15,79.94,36.03,16.609513,112.46616,-87.78521,123.037359,North
895,26,2,2023-08-09 19:23:11,2023-08-09 21:49:32,205.99,41.371,84.45,55.62,5,51.060566,-149.832668,47.047165,118.182947,East
896,9,21,2023-04-30 10:34:57,2023-04-30 10:47:05,13.52,2.536,66.82,76.0,72.21,63.4512,159.986771,-12.143052,-108.078112,West
897,45,18,2024-04-06 12:46:12,2024-04-06 16:18:12,199.11,40.755,56.35,32.85,5,32.8999,-160.449629,-19.708244,-109.643068,North
898,33,21,2024-07-22 04:59:28,2024-07-22 07:54:57,299.95,43.648,102.55,81.81,34.31,16.465328,-45.224427,-12.239468,120.839367,Central
899,4,19,2023-09-09 00:20:28,2023-09-09 03:01:39,240.45,48.637,89.5,65.57,5,-81.835484,114.601632,-66.062384,-97.391779,West
900,8,26,2023-07-18 04:35:59,2023-07-18 05:08:10,57.51,8.092,107.2,86.26,71.36,-25.039026,-50.81674,55.217968,-165.348298,North
901,16,11,2023-10-29 18:13:08,2023-10-29 22:40:10,234.95,48.984,52.79,78.92,5,-89.297823,12.958568,-23.630166,84.107976,East
902,10,20,2024-01-17 06:00:56,2024-01-17 08:43:51,241.32,57.542,88.87,89.91,5,40.37027,44.119835,-6.866347,-6.119272,North
903,43,9,2023-10-06 21:04:12,2023-10-06 23:09:18,201.33,38.002,96.56,63.32,15.94,-47.812387,-95.204905,11.306549,119.214402,West
904,29,31,2023-07-28 12:49:07,2023-07-28 15:29:53,171.1,38.894,63.85,79.17,5,-63.478778,-176.752505,-4.667364,-10.032677,North
905,44,12,2023-12-04 04:19:15,2023-12-04 09:25:25,191.05,47.15,37.44,63.37,10.69,-53.495684,7.545383,-48.642258,144.935043,Central
906,49,15,2024-05-18 00:20:12,2024-05-18 05:13:40,207.44,42.639,42.41,62.2,12.45,76.925513,45.430802,-35.630391,-17.113663,Central
907,38,6,2023-08-14 19:05:49,2023-08-14 23:02:10,143.12,23.765,36.33,82.1,43.46,-25.714263,-30.28181,-46.077452,155.63731,North
908,11,20,2024-10-15 15:24:16,2024-10-15 16:37:28,78.35,15.366,64.22,66.95,34.39,-17.386253,-51.404687,-87.554907,13.133923,North
909,3,33,2023-03-25 14:24:32,2023-03-25 16:52:40,155.64,33.686,63.04,60.2,22.77,37.250374,-52.42294,-78.400636,110.895825,North
910,19,23,2023-07-17 22:56:18,2023-07-18 00:52:51,177.74,38.901,91.49,31.06,5,75.97599,126.894919,-62.266944,69.023716,South
911,34,12,2024-09-02 15:24:11,2024-09-02 16:21:33,58.75,13.819,61.44,35.41,9.58,-84.120643,103.439054,62.069379,13.065793,West
912,24,21,2024-04-01 02:21:27,2024-04-01 04:46:14,218.61,49.611,90.59,59.25,6.75,8.56752,-162.169876,-1.144723,29.046576,North
913,26,12,2023-06-13 22:35:58,2023-06-13 23:15:48,59.6,13.982,89.76,69.26,41.79,88.680611,19.150701,3.330655,-86.286592,East
914,9,28,2024-02-20 01:29:26,2024-02-20 01:39:26,10.28,2.145,61.59,30.86,27.65,-46.066623,22.246358,67.875184,9.400126,West
915,34,26,2024-11-05 19:14:33,2024-11-05 21:27:55,199.03,33.106,89.54,77.18,15.3,7.58528,-109.543155,54.899836,-167.449693,West
916,44,24,2024-06-20 10:52:41,2024-06-20 13:16:08,203.77,33.891,85.22,55.67,17.8,83.257565,-65.315566,10.37021,176.570701,Central
917,11,9,2023-01-11 18:39:57,2023-01-11 19:18:32,61.29,9.352,95.28,75.24,55.43,85.877874,79.136471,-56.064034,140.478832,North
918,2,14,2024-01-09 16:40:28,2024-01-09 19:04:09,196.34,40.275,81.98,58.33,5,0.190674,-89.889203,-54.296273,60.61239,North
919,39,13,2023-03-08 20:54:00,2023-03-08 22:17:53,93.77,12.436,67.07,60.81,39.33,-35.50887,154.210398,-21.659687,62.356251,East
920,13,10,2024-07-27 19:52:45,2024-07-27 21:51:39,212.27,49.496,107.11,60.65,5,-29.280581,98.677393,-6.511635,159.012067,East
921,42,16,2023-06-06 09:13:12,2023-06-06 10:10:28,91.98,15.642,96.36,55.46,34.63,0.867904,-173.46215,-3.725653,-13.222116,Central
922,9,28,2023-11-19 20:56:48,2023-11-19 23:48:59,255.34,50.179,88.97,68.73,5,-11.588406,147.178095,-84.841069,-60.320188,West
923,22,3,2024-01-14 15:35:37,2024-01-14 17:19:22,122.91,29.773,71.07,77.1,45.83,-61.532165,97.73086,56.520477,-39.708563,Central
924,36,15,2024-07-08 19:20:12,2024-07-08 20:03:48,22.91,4.499,31.52,67.47,60.35,-14.5997,131.136233,13.908215,-173.210934,West
925,21,27,2024-11-21 14:46:55,2024-11-21 16:51:38,144.63,24.82,69.58,91.03,57.94,63.383537,45.630296,-2.780063,80.982573,West
926,50,28,2023-01-17 03:52:09,2023-01-17 04:27:57,52.59,9.602,88.1,60.5,46.08,33.399041,-46.156699,61.956584,16.243024,North
927,37,15,2024-04-01 10:45:08,2024-04-01 15:32:02,273.18,63.131,57.13,69.14,5,22.453541,-170.911629,-14.688837,-108.326465,North
928,48,30,2023-04-12 20:58:22,2023-04-12 23:59:44,265.54,47.803,87.84,55.37,6.64,6.177694,-31.276509,-49.029367,-142.409789,East
929,49,24,2024-09-10 06:00:21,2024-09-10 07:20:46,144.34,22.353,107.68,40.53,14.45,-76.739497,104.458392,64.406257,-17.893475,Central
930,50,6,2024-06-02 02:50:00,2024-06-02 06:11:42,147.45,27.877,43.86,40.16,5,-70.420412,153.066259,-63.548499,160.467064,North
931,31,32,2023-08-24 20:28:53,2023-08-24 21:28:38,74.24,12.848,74.55,94.95,80.59,61.857337,-60.432827,86.377938,20.729203,Central
932,19,23,2024-06-09 18:50:59,2024-06-09 19:23:16,51.79,6.931,96.24,88.14,80.57,-1.194541,-9.155692,80.241012,-129.899197,South
933,6,22,2023-12-01 11:20:50,2023-12-01 12:08:58,38.62,7.275,48.14,66.53,52.51,-86.842296,65.519429,57.638506,25.758084,Central
934,26,23,2024-08-20 14:10:08,2024-08-20 14:21:22,18.77,2.781,100.22,47.39,41.93,-45.29372,-80.571459,83.355237,127.965243,East
935,50,33,2024-04-14 08:46:20,2024-04-14 11:06:46,202.5,36.964,86.51,90.23,34.73,-19.362376,-78.382216,-23.625529,-179.790895,North
936,34,8,2023-03-24 05:58:02,2023-03-24 08:57:29,235.59,33.507,78.77,85.8,23.17,23.501295,-119.444744,-72.161504,114.205772,West
937,40,3,2024-01-30 00:51:51,2024-01-30 01:18:47,36.1,8.639,80.39,86.61,76.8,83.79068,-134.007084,6.715813,170.873271,East
938,13,19,2024-07-04 01:07:18,2024-07-04 03:02:27,135.25,19.194,70.47,77.62,45.95,17.923009,139.302492,-73.342951,-133.325008,East
939,46,24,2023-09-17 21:32:10,2023-09-18 03:43:37,246.65,60.764,39.84,43.12,5,-39.681863,104.997395,45.029272,-22.535251,South
940,1,16,2024-10-10 10:02:56,2024-10-10 14:18:04,243.7,34.174,57.31,62.83,5,46.387901,-16.824128,-41.06068,36.31139,East
941,28,27,2023-10-08 02:52:49,2023-10-08 06:43:17,190.68,36.908,49.64,78.96,15.44,-51.320969,-160.670934,56.191133,-68.037627,Central
942,17,9,2024-09-14 18:03:05,2024-09-14 19:19:21,131.5,32.115,103.44,88.37,20.76,-59.49409,-97.586032,2.949728,-136.056059,South
943,38,24,2023-01-24 02:49:16,2023-01-24 04:18:03,135.56,26.039,91.61,76.65,34.31,39.882999,-73.579329,30.176958,-135.261114,North
944,6,6,2023-09-20 18:26:12,2023-09-20 19:20:17,97.87,13.445,108.56,40.68,14.77,28.254055,154.242777,-40.619186,108.56511,Central
945,3,10,2024-12-02 00:01:36,2024-12-02 01:38:20,174.49,39.415,108.22,93.7,49.91,-36.522351,88.394512,79.237126,157.720708,North
946,38,19,2023-11-22 16:25:02,2023-11-22 17:52:49,123.59,20.58,84.47,65.98,32.52,15.622991,113.167116,33.18614,134.301028,North
947,25,23,2023-01-07 03:18:29,2023-01-07 05:44:54,248.97,36.754,102.02,69.68,30.37,-34.368735,-1.190587,40.834574,77.672297,East
948,30,29,2024-05-15 02:46:51,2024-05-15 03:40:17,65.51,13.642,73.55,81.24,50.58,85.818199,-51.9546,63.418032,-18.501533,South
949,50,23,2024-11-20 11:27:33,2024-11-20 14:26:39,244.49,57.63,81.9,80.4,5,70.724905,10.674896,42.485588,-120.48425,North
950,8,3,2024-02-22 10:29:11,2024-02-22 11:39:51,103.68,15.046,88.01,78.1,50.39,-59.079873,125.76202,-50.034509,-138.563957,North
951,39,19,2023-06-16 00:18:00,2023-06-16 00:44:12,32.38,7.151,74.14,63.89,51.54,-1.610077,123.776885,-12.911946,-31.667848,East
952,13,2,2023-01-22 15:55:48,2023-01-22 19:35:12,267.64,61.522,73.19,46.81,5,26.492974,-93.440424,-35.597992,-175.450807,East
953,24,28,2024-01-28 11:00:03,2024-01-28 12:04:50,37.58,7.713,34.8,54.24,46.08,-25.03331,-104.288038,-65.685105,-71.799333,North
954,27,8,2023-02-07 01:48:18,2023-02-07 03:58:18,228.19,45.34,105.31,59.17,5,-26.419594,-91.182102,55.55609,47.967549,South
955,1,30,2023-09-21 07:03:02,2023-09-21 10:10:27,294.97,58.366,94.43,94.29,5,-33.868491,-5.148761,-77.778428,6.942422,East
956,45,35,2024-10-17 22:32:31,2024-10-18 01:39:20,180.69,40.506,58.03,48.49,5,81.81112,118.354275,-54.708472,-154.228908,North
957,41,9,2024-07-08 20:28:02,2024-07-08 21:46:30,116.41,22.348,89.0,36.84,5,9.838455,179.986913,-38.294468,-144.566521,East
958,15,24,2023-12-19 20:56:40,2023-12-19 21:20:04,33.91,4.742,86.93,83.85,77.94,69.95864,149.68971,34.015935,-27.480103,West
959,4,28,2024-11-21 03:00:49,2024-11-21 03:55:58,43.37,9.161,47.18,35.07,19.52,-8.20691,17.563275,-36.949415,78.862925,West
960,30,38,2024-03-10 03:55:37,2024-03-10 06:29:39,158.09,30.015,61.58,47.14,5,36.529559,179.38354,18.703562,-140.483089,South
961,32,29,2024-06-19 04:13:25,2024-06-19 08:16:02,279.66,64.002,69.16,93.26,5,-4.898679,51.337787,-43.809304,159.859103,East
962,12,33,2023-04-09 17:45:45,2023-04-09 19:59:03,148.01,28.356,66.62,92.92,42.19,-5.526459,93.052403,10.918868,157.785727,East
963,38,8,2024-06-23 09:52:20,2024-06-23 10:52:12,67.73,16.478,67.87,78.52,51.73,-0.343314,-143.757059,45.513084,60.720795,North
964,28,8,2024-04-12 06:38:26,2024-04-12 13:14:40,256.43,42.247,38.83,54.02,5,-85.862396,-52.654687,16.150555,174.973144,Central
965,38,10,2023-04-02 10:52:26,2023-04-02 11:55:20,114.58,21.577,109.28,49.71,14.63,-12.485831,-177.482254,-17.552155,-163.907927,North
966,12,10,2024-08-31 18:57:04,2024-09-01 00:13:52,178.94,42.353,33.89,88.13,12.36,14.828715,-3.195751,85.172658,-176.471125,East
967,16,12,2024-09-28 05:35:52,2024-09-28 12:59:45,223.2,30.826,30.17,65.59,14.13,82.68765,102.390495,-60.413318,160.832423,East
968,3,27,2024-01-09 17:46:43,2024-01-09 20:05:28,174.05,38.946,75.26,88.52,45.25,61.926636,-94.195887,-20.022393,-152.752424,North
969,35,39,2023-04-14 03:45:01,2023-04-14 07:00:54,229.78,42.278,70.38,59.96,5,-68.381524,-154.861771,21.015424,10.008309,West
970,33,10,2024-11-03 21:51:05,2024-11-04 03:45:56,219.72,45.005,37.15,70.61,21.64,-12.314454,53.18202,84.25954,-127.53256,Central
971,29,15,2024-11-30 05:46:20,2024-11-30 07:25:55,121.64,28.805,73.28,92.28,33.49,59.904953,-129.310904,17.262292,174.177971,North
972,21,6,2024-11-03 14:32:40,2024-11-03 16:13:43,53.86,11.989,31.98,70.96,54.97,14.013717,57.559275,-62.774437,-126.055282,West
973,24,36,2024-05-16 02:38:53,2024-05-16 03:12:12,41.52,8.48,74.75,42.51,33.54,-78.0196,-112.371272,66.521967,-174.876483,North
974,41,4,2024-03-18 22:07:32,2024-03-18 23:53:25,158.92,21.016,90.04,62.67,20.55,59.97302,164.161693,26.532151,156.979166,East
975,48,35,2023-05-20 14:39:35,2023-05-20 20:12:55,288.9,66.321,52.0,43.38,5,17.257921,-78.403518,-59.189253,136.742119,East
976,42,29,2023-03-07 17:57:07,2023-03-07 21:02:45,243.04,32.907,78.55,56.12,12.3,-16.562359,-125.778964,23.7511,-80.580562,Central
977,2,22,2023-12-06 10:35:42,2023-12-06 12:25:11,58.25,10.243,31.92,64.31,47.3,87.537267,145.138673,-33.99693,129.317206,North
978,8,8,2023-03-19 03:42:47,2023-03-19 06:49:58,164.82,36.622,52.83,41.87,5,-13.550021,152.307661,7.970769,-58.606952,North
979,12,20,2023-11-13 08:10:58,2023-11-13 14:05:39,205.19,31.143,34.71,92.47,36.76,-74.33927,-78.013646,50.535053,85.546149,East
980,4,20,2023-10-30 21:00:11,2023-10-30 21:49:38,34.13,5.493,41.4,88.05,78.72,-80.121806,-154.613713,-25.651674,76.460266,West
981,10,4,2023-06-07 07:58:55,2023-06-07 08:57:19,75.69,14.459,77.76,45.37,23.89,68.041194,-44.643491,49.70282,25.075916,North
982,37,25,2023-03-31 09:16:20,2023-03-31 10:47:40,84.44,11.64,55.47,65.95,53.17,-5.699787,-145.921549,-10.806384,164.229231,North
983,2,27,2024-05-07 02:03:56,2024-05-07 02:47:54,73.95,18.163,100.89,47.5,17.33,-76.737347,140.201203,-12.398765,-82.85279,North
984,49,7,2023-07-11 07:39:53,2023-07-11 10:27:59,230.08,45.599,82.12,38.16,5,41.697088,13.624229,25.834862,110.011064,Central
985,33,6,2024-10-19 07:45:45,2024-10-19 11:55:23,192.56,33.659,46.28,92.91,56.28,88.807175,-128.077451,89.215148,33.224814,Central
986,13,16,2024-02-22 12:23:25,2024-02-22 15:03:56,286.02,38.617,106.91,66.08,5,-36.241044,-119.579007,68.618195,103.476037,East
987,34,40,2023-08-13 16:00:02,2023-08-13 20:33:20,197.65,47.558,43.39,33.91,5,-23.661797,95.912979,-86.996028,-71.337917,West
988,21,39,2023-07-14 20:54:32,2023-07-15 01:05:28,252.65,52.012,60.41,52.84,5,-44.347979,160.381849,37.18477,40.786129,West
989,42,33,2023-08-07 12:01:21,2023-08-07 12:13:44,18.42,3.059,89.13,66.6,62.53,-34.846194,92.342741,-75.14935,-30.694705,Central
990,30,8,2024-10-07 01:36:24,2024-10-07 02:13:35,46.2,8.401,74.52,48.16,29.28,-22.232292,89.159074,50.894777,135.939724,South
991,44,33,2024-09-14 23:25:04,2024-09-15 00:35:14,98.9,15.959,84.57,52.27,34.44,39.603695,-101.648832,-55.491721,-83.279633,Central
992,33,18,2023-07-11 00:26:07,2023-07-11 04:01:50,200.37,49.107,55.73,43.69,5,-75.740825,161.842303,-83.196537,25.309748,Central
993,26,2,2024-12-10 22:32:05,2024-12-11 01:05:36,209.09,39.138,81.72,30.13,5,29.445633,103.192581,-51.312176,-72.154197,East
994,1,12,2023-11-17 21:55:01,2023-11-17 23:53:16,168.96,29.929,85.72,61.78,5,89.444866,-162.291489,19.559411,33.999227,East
995,8,5,2024-02-23 09:09:04,2024-02-23 09:17:50,14.13,2.977,96.57,73.65,68.17,-21.413185,-55.837537,-37.575983,111.801362,North
996,27,25,2024-10-04 17:05:59,2024-10-04 20:05:33,182.39,41.48,60.94,84.54,27.87,74.336459,-21.547431,13.895629,142.40086,South
997,1,8,2023-12-26 09:12:50,2023-12-26 11:43:44,114.29,25.05,45.44,30.61,5,6.832614,58.706856,28.389312,176.377827,East
998,21,23,2023-05-29 18:02:11,2023-05-29 18:26:06,31.54,6.817,79.08,49.71,40.62,-8.342061,-87.94643,-68.0468,74.538078,West
999,17,32,2023-10-09 22:47:42,2023-10-09 23:01:23,15.85,3.213,69.43,75.76,69.0,-6.014363,157.541544,88.458428,-30.198426,South
1000,1,13,2024-09-29 18:51:03,2024-09-29 23:49:24,193.34,36.742,38.88,48.03,5,-60.181202,97.853046,19.316114,-6.229812,East
1001,13,36,2023-05-31 12:08:21,2023-05-31 14:47:31,199.65,39.494,75.26,74.35,9.18,-45.653258,-10.079004,-43.343522,131.839132,East
1002,6,38,2023-04-10 14:41:09,2023-04-10 20:17:08,225.06,52.362,40.19,90.68,5,25.249775,-64.154103,37.89012,28.084954,Central
1003,38,18,2023-05-30 00:22:19,2023-05-30 08:22:48,255.06,53.901,31.85,93.04,5.4,35.94119,-133.344875,-1.53983,-68.007404,North
1004,44,17,2024-06-12 16:48:05,2024-06-12 19:22:06,170.23,35.223,66.31,90.96,51.6,-11.450003,134.347571,72.881002,-129.839825,Central
1005,46,4,2024-10-25 05:06:01,2024-10-25 09:27:52,281.93,45.922,64.6,94.68,23.04,82.949114,103.501496,-60.195386,60.505384,South
1006,49,34,2023-12-29 09:48:25,2023-12-29 11:55:30,151.19,32.74,71.38,32.83,5,-41.791725,-91.885547,25.810933,-138.986484,Central
1007,4,18,2024-12-14 08:03:29,2024-12-14 10:00:50,128.92,19.77,65.91,30.34,5,70.757375,137.826576,-69.494119,60.097923,West
1008,8,37,2024-09-19 08:06:51,2024-09-19 08:15:15,12.48,2.257,89.0,93.58,89.42,86.186546,101.891234,-61.448474,175.892042,North
1009,6,16,2023-06-02 22:02:59,2023-06-02 23:01:31,53.52,7.579,54.86,70.69,56.09,-28.706215,-33.759942,39.19153,-95.573365,Central
1010,35,28,2024-09-19 15:18:46,2024-09-19 15:26:30,12.09,2.791,93.78,90.78,85.8,50.559254,117.864624,-31.854371,-1.948475,West
1011,18,7,2024-01-03 20:06:22,2024-01-03 21:25:17,75.32,12.807,57.26,33.54,18.33,-2.627037,143.14839,-13.638991,-75.79148,South
1012,18,5,2024-08-25 13:01:05,2024-08-25 15:48:52,181.99,33.409,65.08,36.22,5,-51.330326,171.93028,9.899755,-145.364934,South
1013,10,6,2023-02-17 03:17:11,2023-02-17 07:51:44,275.43,58.723,60.19,87.86,5,-57.332225,172.423115,44.191465,-60.672674,North
1014,11,4,2024-12-14 21:33:36,2024-12-15 04:35:24,241.7,43.946,34.38,69.7,5,-78.233976,130.169803,-19.288376,124.767389,North
1015,9,4,2024-03-10 09:19:32,2024-03-10 09:32:01,20.4,4.163,97.99,56.11,49.89,-60.881173,-22.476474,-42.172126,-35.442553,West
1016,31,15,2024-11-02 12:59:25,2024-11-02 15:11:14,181.87,32.022,82.78,30.69,5,52.553249,37.181593,-84.559449,-157.505954,Central
1017,32,40,2024-04-25 23:17:39,2024-04-25 23:43:09,34.88,4.643,82.07,73.93,67.12,-28.970786,15.546063,61.092129,-80.331292,East
1018,38,22,2024-04-01 13:38:06,2024-04-01 15:15:05,61.78,8.532,38.22,68.69,54.82,-37.817839,-28.611533,-43.581761,174.759828,North
1019,15,37,2023-04-08 20:28:03,2023-04-09 00:17:22,193.02,41.877,50.5,57.37,5.15,-67.426772,-112.052004,-57.629387,-30.560182,West
1020,33,12,2023-07-08 20:41:26,2023-07-08 22:03:02,45.61,9.129,33.53,38.3,28.37,-80.750707,88.445724,-28.992065,40.635628,Central
1021,37,23,2023-08-30 16:58:09,2023-08-30 19:23:12,177.18,33.016,73.29,39.47,5,74.013953,43.537485,-54.923548,2.831612,North
1022,43,22,2023-08-15 01:49:30,2023-08-15 05:32:16,113.8,24.057,30.65,68.12,38.12,-49.584156,-134.074422,88.404637,-91.941495,West
1023,4,16,2024-01-29 21:10:32,2024-01-30 00:28:29,246.66,42.242,74.76,33.55,5,-15.926963,56.124755,-83.328253,151.865098,West
1024,15,13,2024-09-01 22:22:42,2024-09-01 22:56:09,25.18,5.364,45.15,60.92,54.23,-22.64896,4.110417,25.238611,28.785137,West
1025,34,39,2024-06-21 19:31:46,2024-06-21 20:52:33,102.69,20.942,76.27,92.6,53.46,64.092095,-72.200695,62.960695,-97.092022,West
1026,31,22,2023-05-07 01:07:05,2023-05-07 01:28:37,35.93,6.809,100.09,89.19,81.58,51.740812,-38.618437,-54.279234,-172.509191,Central
1027,1,15,2024-06-22 10:34:04,2024-06-22 11:28:49,72.93,15.91,79.91,45.54,11.47,-41.026939,165.274931,-88.012626,2.222659,East
1028,26,25,2023-06-09 11:22:27,2023-06-09 12:39:18,123.09,16.148,96.09,30.44,5,-42.626902,-106.49219,-10.53364,-100.939348,East
1029,27,2,2024-03-06 20:12:03,2024-03-06 20:55:58,38.98,7.807,53.25,42.64,31.97,8.896076,108.83523,16.455617,-81.235148,South
1030,28,3,2023-01-24 01:22:45,2023-01-24 02:35:16,63.74,10.29,52.73,44.23,26.52,89.609359,-121.525558,5.015537,-147.508703,Central
1031,14,22,2024-10-20 07:10:56,2024-10-20 10:59:21,168.58,38.967,44.28,31.4,5,-20.440348,-9.000211,-7.32545,-176.517524,East
1032,9,2,2024-10-07 19:16:18,2024-10-07 22:40:05,204.85,29.358,60.31,81.18,37.3,76.126797,-40.84021,7.996994,83.625385,West
1033,16,20,2023-12-21 08:15:10,2023-12-21 09:03:11,75.84,18.425,94.76,72.96,42.2,-14.462675,-42.126994,33.853027,-16.545124,East
1034,44,28,2024-11-13 06:20:09,2024-11-13 11:46:29,214.73,31.285,39.48,87.38,52.42,-42.504931,164.956395,-54.49975,-133.615119,Central
1035,15,13,2024-02-18 15:32:21,2024-02-18 17:29:02,116.57,28.821,59.94,68.97,33.03,-89.875316,-124.698285,-19.407974,15.984601,West
1036,18,3,2024-08-15 16:53:11,2024-08-15 21:01:26,186.73,41.968,45.13,64.81,14.97,-88.596999,34.111419,-80.127507,-108.799558,South
1037,25,16,2023-02-11 08:49:09,2023-02-11 12:27:27,190.69,36.42,52.41,38.22,5,84.555245,-33.819346,79.187877,78.923159,East
1038,42,32,2023-06-12 12:28:15,2023-06-12 14:50:14,219.55,44.741,92.77,81.41,21.83,30.349888,25.371993,-6.739982,-119.29243,Central
1039,13,33,2023-10-29 11:00:13,2023-10-29 13:46:50,226.64,43.023,81.61,63.1,5,71.64469,153.659353,-22.127571,-73.946012,East
1040,34,12,2023-09-07 23:13:04,2023-09-08 02:12:17,215.18,52.652,72.04,61.41,5,51.166872,-4.765465,77.955434,-6.703353,West
1041,35,18,2024-03-27 10:06:18,2024-03-27 11:17:38,123.28,16.568,103.69,67.96,38.37,15.868821,164.216596,50.944521,57.900961,West
1042,17,13,2023-12-18 03:22:59,2023-12-18 07:35:34,259.63,61.44,61.67,49.89,5,3.488813,125.809608,-88.692872,-36.676916,South
1043,41,11,2024-12-27 14:57:48,2024-12-27 19:59:50,253.52,55.824,50.36,35.51,5,-87.092765,126.551644,5.854043,-99.973453,East
1044,22,29,2024-02-07 23:31:09,2024-02-08 00:56:10,108.71,22.235,76.72,60.24,36.88,-8.899771,-11.74705,47.276932,172.519268,Central
1045,32,29,2023-12-30 03:46:55,2023-12-30 06:00:50,132.59,21.581,59.4,62.34,30.7,-17.464692,-168.220859,-8.175581,-179.163749,East
1046,2,12,2023-12-10 01:40:13,2023-12-10 02:34:35,73.97,10.348,81.63,53.34,36.15,-54.824242,160.797333,30.454322,-163.416689,North
1047,37,33,2024-02-29 14:19:47,2024-02-29 16:25:41,194.88,27.636,92.87,90.23,59.89,-77.664173,148.956572,22.813973,-135.449396,North
1048,6,24,2023-01-30 17:37:00,2023-01-30 20:32:44,166.08,26.573,56.7,73.88,22.68,-50.484994,-102.89619,78.488495,-163.289942,Central
1049,49,18,2023-05-29 01:49:57,2023-05-29 03:46:23,213.16,46.956,109.84,94.9,40.11,-24.342751,-172.745548,-4.598949,-39.257269,Central
1050,39,17,2023-01-07 15:04:58,2023-01-07 19:30:03,232.17,57.955,52.55,52.53,5,49.464509,-69.858456,3.148509,49.721852,East
1051,30,38,2024-08-11 14:31:44,2024-08-11 17:27:20,198.32,43.896,67.76,63.32,5,-21.622875,-80.47165,-29.722949,-18.813265,South
1052,12,26,2023-06-26 18:22:14,2023-06-26 19:10:13,71.94,13.805,89.93,60.84,36.14,-68.810626,16.846158,-26.01006,-160.049542,East
1053,40,30,2024-07-15 04:34:08,2024-07-15 08:51:09,245.25,56.774,57.25,35.58,5,85.000082,21.099947,-14.448195,-58.459106,East
1054,32,27,2023-06-12 18:56:34,2023-06-12 20:18:39,134.41,19.714,98.24,31.96,5,1.180143,151.692096,-21.265289,-126.752395,East
1055,11,20,2024-07-27 01:40:59,2024-07-27 01:45:57,7.86,1.342,94.83,84.23,81.39,-75.77866,40.221934,52.229672,-144.558634,North
1056,31,28,2024-06-16 15:32:42,2024-06-16 18:02:20,227.02,37.675,91.03,74.88,32.79,-57.090871,3.343672,-85.146817,8.755132,Central
1057,42,2,2024-03-16 20:24:36,2024-03-16 22:41:26,236.68,57.825,103.77,39.99,5,53.182788,7.81438,27.85665,-176.609975,Central
1058,26,37,2024-05-04 05:03:20,2024-05-04 07:23:26,240.75,42.59,103.1,67.3,5,16.145031,-118.928964,-9.515604,-83.13321,East
1059,29,14,2023-10-31 09:59:08,2023-10-31 10:22:34,23.79,4.031,60.91,60.86,52.63,-66.659399,-73.181989,69.355177,-154.041763,North
1060,33,20,2023-03-14 10:08:51,2023-03-14 10:48:32,55.57,12.735,83.99,41.55,27.69,-15.888264,44.550647,24.100897,99.523426,Central
1061,43,32,2023-01-21 20:18:21,2023-01-21 21:59:42,60.07,9.855,35.56,92.59,80.3,60.032494,66.175614,-7.173407,-113.119492,West
1062,17,19,2024-05-27 07:16:26,2024-05-27 09:40:48,159.7,20.973,66.37,53.96,9.81,25.785063,90.662083,41.399377,-102.275368,South
1063,25,27,2023-10-31 18:43:50,2023-10-31 20:03:05,51.33,9.619,38.86,64.87,54.58,37.047629,51.263268,55.247223,160.455549,East
1064,6,25,2024-12-02 20:05:30,2024-12-03 02:32:17,260.38,47.354,40.39,43.37,5,15.556794,64.892314,48.891236,-174.104829,Central
1065,48,31,2023-05-04 07:53:49,2023-05-04 09:38:18,183.09,34.841,105.13,68.19,32.67,-27.629814,127.696826,25.481539,-98.234014,East
1066,49,30,2023-08-02 22:35:31,2023-08-02 23:10:55,64.5,14.767,109.29,58.97,41.74,-30.699945,55.885278,87.595332,-53.356815,Central
1067,43,16,2024-02-13 10:40:32,2024-02-13 12:01:33,102.02,18.927,75.54,61.91,38.31,-15.74521,-171.584298,-20.874735,-118.055118,West
1068,3,6,2023-08-12 15:03:52,2023-08-12 16:57:16,195.66,45.22,103.51,52.54,5,-37.544785,-179.260157,56.714951,157.769797,North
1069,24,26,2024-04-21 03:39:39,2024-04-21 06:11:26,247.91,37.571,97.99,56.98,17.22,-6.676771,-95.113214,57.272496,-128.382071,North
1070,44,28,2023-12-22 14:32:07,2023-12-22 15:58:02,118.48,16.761,82.73,75.4,56.67,-71.947023,-113.244389,-37.101802,-51.382899,Central
1071,50,3,2023-07-06 04:14:36,2023-07-06 10:29:18,266.23,51.789,42.63,87.37,9.61,-36.437763,62.559482,35.086765,21.795618,North
1072,48,5,2024-06-26 04:28:59,2024-06-26 06:37:46,219.33,39.338,102.18,89.07,48.97,59.947144,146.355775,6.745304,121.538606,East
1073,40,8,2023-10-14 09:39:50,2023-10-14 10:22:54,27.58,4.664,38.42,79.83,74.54,-42.469088,-4.31687,80.856744,150.006457,East
1074,33,11,2023-07-16 07:54:40,2023-07-16 09:52:55,66.17,13.675,33.57,31.74,16.86,-76.560232,-156.910658,86.178869,25.512798,Central
1075,49,30,2023-10-24 01:15:17,2023-10-24 02:58:18,106.38,14.312,61.95,42.64,25.94,12.72399,162.58422,-38.790939,-163.034728,Central
1076,19,8,2024-07-04 18:34:28,2024-07-04 23:28:48,275.56,51.852,56.17,78.66,22.05,36.88259,-16.585051,23.892934,-145.985091,South
1077,6,6,2024-03-01 23:26:56,2024-03-02 01:43:54,198.82,37.079,87.09,58.45,5,9.625103,133.237267,78.305396,74.870414,Central
1078,21,11,2023-05-13 12:00:40,2023-05-13 15:13:24,252.36,36.567,78.56,41.52,5,75.666836,-179.44712,-50.121983,11.720064,West
1079,30,11,2023-03-02 06:17:41,2023-03-02 12:51:58,203.06,37.135,30.9,47.76,5,-31.720427,-77.140123,-63.294008,69.030895,South
1080,14,14,2024-07-08 21:36:36,2024-07-08 21:47:25,15.16,3.238,84.0,44.05,37.25,13.790446,27.345918,-78.420862,6.796885,East
1081,45,34,2024-05-12 21:19:59,2024-05-12 23:45:14,200.45,42.664,82.8,36.68,5,-15.783005,-120.747463,-57.505705,124.381616,North
1082,33,4,2024-04-09 15:21:21,2024-04-09 15:25:31,6.38,1.541,91.79,79.86,78.18,38.461693,-81.313172,72.837441,163.041636,Central
1083,28,16,2023-06-05 08:00:12,2023-06-05 08:30:17,31.96,5.448,63.73,94.3,84.92,-49.835899,-25.320011,-27.177034,-98.336462,Central
1084,15,5,2023-06-21 07:40:57,2023-06-21 15:18:40,287.83,60.356,37.73,84.3,9.04,-11.273333,3.211305,-29.576393,115.659881,West
1085,13,3,2023-11-19 20:50:13,2023-11-19 22:28:36,156.19,32.052,95.25,50.97,5,-34.025711,-0.067903,56.394166,-155.604316,East
1086,44,14,2024-12-26 17:07:28,2024-12-26 18:41:32,164.8,25.652,105.11,37.85,9.19,-50.865403,105.697044,44.780649,55.374029,Central
1087,27,21,2023-05-15 20:32:25,2023-05-15 20:39:16,9.42,1.465,82.32,30.78,28.78,26.892113,91.040629,48.084503,63.306638,South
1088,17,5,2024-05-26 01:17:42,2024-05-26 04:17:17,245.45,33.892,82.0,53.98,5,32.803584,53.923761,32.921556,-72.755833,South
1089,16,27,2023-08-23 05:00:20,2023-08-23 08:18:47,231.43,49.874,69.97,94.38,11.12,-70.472947,-14.722081,14.352773,-7.949443,East
1090,41,11,2023-07-15 16:30:17,2023-07-15 20:11:47,287.92,61.488,77.99,93.79,5,30.167334,-88.779244,74.272067,179.088103,East
1091,49,9,2023-09-15 21:47:46,2023-09-15 22:25:11,56.72,14.03,90.94,74.7,58.33,67.422674,-26.814696,-44.134527,-125.386033,Central
1092,48,31,2023-02-22 10:32:33,2023-02-22 11:51:45,103.86,18.267,78.68,68.03,49.41,-39.385779,57.954189,-61.149614,144.316389,East
1093,45,15,2024-01-27 00:25:47,2024-01-27 02:03:52,178.3,36.366,109.07,45.12,5,-15.784508,-9.308511,45.772391,137.936162,North
1094,10,20,2023-07-03 14:44:48,2023-07-03 17:12:18,222.68,30.55,90.58,70.28,24.89,-82.732595,60.609314,35.334305,-54.12851,North
1095,28,32,2023-08-19 09:17:57,2023-08-19 10:22:28,64.59,10.242,60.06,71.73,54.1,57.335321,-82.55412,-64.905229,36.142352,Central
1096,43,29,2024-07-28 04:43:25,2024-07-28 11:11:56,263.81,59.209,40.74,50.64,5,-44.090062,-10.272927,88.604301,-18.900078,West
1097,3,34,2024-09-06 23:50:40,2024-09-07 03:25:45,293.38,38.974,81.84,48.75,5.45,5.322796,-30.595389,-52.230672,-43.017045,North
1098,26,22,2023-07-08 03:50:54,2023-07-08 05:45:45,65.72,16.338,34.33,89.65,57.55,73.100643,33.311225,57.01365,113.040053,East
1099,49,15,2024-04-17 07:07:10,2024-04-17 10:46:43,262.45,53.953,71.72,41.93,5,-10.890553,58.823266,47.597686,-160.62669,Central
1100,6,32,2023-02-24 08:36:48,2023-02-24 16:59:34,286.33,69.462,34.17,94.48,5,-89.334522,-79.591839,-49.780346,-81.732657,Central
1101,11,6,2023-05-15 21:33:07,2023-05-15 23:24:55,179.83,28.477,96.5,90.57,30.24,51.497016,62.440961,-22.356558,-82.398793,North
1102,8,28,2024-07-17 02:46:35,2024-07-17 06:05:13,142.79,25.828,43.13,42.84,5,25.784468,93.344072,-34.007244,166.836878,North
1103,43,16,2023-08-24 10:12:24,2023-08-24 11:33:38,89.18,14.503,65.86,71.31,53.23,51.912155,-30.708939,-88.587921,3.142531,West
1104,35,6,2023-10-07 07:05:35,2023-10-07 09:54:49,122.48,23.349,43.42,58.69,17.0,23.244001,-138.490082,-11.808803,-143.174122,West
1105,32,10,2024-09-28 14:31:20,2024-09-28 18:41:56,286.36,51.914,68.56,79.53,5,49.249873,-145.445288,-77.275985,-176.286745,East
1106,8,20,2024-04-07 07:01:19,2024-04-07 09:13:26,163.47,28.714,74.23,41.42,5,1.523149,72.253284,71.604275,104.719785,North
1107,24,30,2023-08-08 23:42:38,2023-08-09 01:11:03,115.67,16.934,78.48,34.68,16.76,-14.880534,157.846416,-36.988104,117.823782,North
1108,35,13,2023-05-01 04:16:22,2023-05-01 13:20:53,275.26,59.909,30.33,86.01,5,-28.504006,-12.955197,58.481803,-116.532896,West
1109,28,32,2023-11-11 05:27:23,2023-11-11 08:05:57,278.08,48.602,105.22,93.08,9.43,-38.300987,19.628314,-27.871769,145.243734,Central
1110,36,20,2024-05-12 22:00:51,2024-05-13 06:18:52,296.32,73.812,35.7,87.52,5,3.978239,97.475925,1.069057,113.432172,West
1111,10,25,2024-12-25 00:09:15,2024-12-25 03:55:39,171.85,27.604,45.54,58.36,17.34,40.769979,62.5448,-29.639637,107.143827,North
1112,27,33,2024-07-04 19:06:45,2024-07-04 20:51:55,149.14,31.037,85.08,75.27,32.87,16.589867,-169.182418,-18.344704,83.929284,South
1113,32,16,2023-07-08 05:47:05,2023-07-08 07:11:30,145.93,31.344,103.72,53.49,7.53,-76.098352,-159.922383,23.014668,-66.297486,East
1114,2,10,2023-07-22 23:33:26,2023-07-23 01:17:48,183.6,29.319,105.54,39.58,5,-28.817795,-125.293435,5.641433,-95.764519,North
1115,42,11,2023-01-10 13:59:08,2023-01-10 15:02:26,39.44,6.946,37.38,76.25,67.0,-12.673533,-82.319482,15.542663,50.958192,Central
1116,42,6,2024-02-07 18:13:51,2024-02-07 20:57:46,273.43,49.552,100.08,40.78,5,27.101253,-175.502555,85.562076,-46.2138,Central
1117,50,20,2024-01-24 20:43:59,2024-01-25 00:14:46,290.47,48.496,82.68,54.88,5,-66.51576,32.001569,-16.480376,-152.202157,North
1118,31,6,2023-03-26 21:00:58,2023-03-26 23:06:25,192.67,28.347,92.14,52.39,20.72,31.087273,46.833119,62.922083,113.026568,Central
1119,16,26,2024-06-26 22:28:19,2024-06-26 23:21:07,95.89,12.484,108.96,83.07,62.23,-19.020359,93.410923,-73.2532,-144.866353,East
1120,6,27,2024-02-12 18:00:02,2024-02-12 20:24:42,127.97,19.345,53.07,58.01,20.74,-12.527734,29.917008,-83.143621,-34.417678,Central
1121,14,9,2023-06-03 19:22:12,2023-06-03 21:29:06,148.51,29.413,70.21,37.17,5,-14.808661,47.272381,15.348847,98.364675,East
1122,16,12,2023-06-06 01:48:32,2023-06-06 02:18:39,22.4,3.609,44.62,79.35,73.32,-37.482477,-74.501172,-70.33668,165.635304,East
1123,31,29,2024-05-01 21:05:44,2024-05-02 04:10:36,274.33,38.29,38.74,71.37,28.59,37.10091,-126.530109,66.397937,76.603718,Central
1124,8,25,2023-04-07 20:13:59,2023-04-07 21:44:35,86.64,16.232,57.37,68.07,38.18,10.25276,-94.068276,-70.119327,-36.365373,North
1125,49,7,2023-01-08 09:12:55,2023-01-08 09:28:13,23.01,4.6,90.14,30.47,25.1,32.317081,46.312379,88.595006,-12.459688,Central
1126,3,7,2023-06-13 22:35:57,2023-06-14 03:48:05,159.09,39.522,30.58,69.19,25.28,-8.369727,-136.03828,26.974423,-83.711331,North
1127,21,32,2024-01-03 13:40:47,2024-01-03 16:35:36,228.29,48.357,78.35,51.88,5,-30.307009,91.944203,-49.249735,-140.910349,West
1128,26,21,2024-09-26 11:08:07,2024-09-26 12:25:12,75.68,15.386,58.9,55.9,25.67,19.965442,17.632483,14.613516,-166.901012,East
1129,27,22,2024-09-18 05:57:57,2024-09-18 06:29:05,34.55,7.498,66.55,75.39,65.15,59.684503,-117.034197,34.86936,-103.351224,South
1130,11,2,2024-04-12 12:24:01,2024-04-12 12:58:10,41.25,9.082,72.45,91.82,72.58,-23.503937,-163.974013,70.543309,170.428657,North
1131,18,24,2023-12-18 00:21:48,2023-12-18 02:37:45,187.41,33.654,82.71,60.89,20.92,83.867198,-113.810614,-55.609659,-1.046814,South
1132,15,1,2024-05-10 14:32:51,2024-05-10 17:34:23,287.48,49.799,95.01,31.08,5,-78.32177,-18.167366,10.881187,81.669288,West
1133,3,21,2024-06-10 13:31:13,2024-06-10 15:15:09,136.07,27.692,78.54,56.01,25.24,-39.794654,147.08256,-19.103642,174.100212,North
1134,8,23,2023-11-29 08:56:15,2023-11-29 11:36:55,282.03,58.944,105.32,60.95,5,-49.675984,166.720174,-49.922418,-162.532777,North
1135,50,7,2024-07-24 07:55:45,2024-07-24 09:26:15,118.53,27.781,78.57,76.28,34.57,89.8824,-160.549158,42.951594,1.566031,North
1136,41,33,2023-01-25 15:47:01,2023-01-25 16:14:21,42.72,9.004,93.75,49.59,31.55,59.045129,15.888299,-78.176588,-47.199948,East
1137,40,30,2023-05-11 12:43:55,2023-05-11 15:15:51,269.44,52.509,106.4,61.34,5,3.296251,115.037704,66.048771,-1.632993,East
1138,18,14,2023-05-13 09:06:05,2023-05-13 11:50:46,227.21,41.395,82.78,35.81,5,-71.946988,-135.785542,65.083547,124.930286,South
1139,2,11,2024-12-22 13:52:47,2024-12-22 16:36:35,279.05,43.656,102.21,79.81,7.29,-53.274992,-7.081626,77.172603,-82.455209,North
1140,19,31,2024-11-28 02:48:55,2024-11-28 05:15:07,202.83,41.788,83.24,89.98,44.36,15.480463,-27.757995,67.229665,-70.940338,South
1141,36,6,2024-09-09 21:56:56,2024-09-10 00:02:40,209.08,46.407,99.76,90.57,17.14,-2.483769,83.948174,-7.99897,87.813214,West
1142,43,5,2024-05-15 04:46:45,2024-05-15 05:48:45,106.25,23.057,102.81,78.29,49.54,86.482568,128.378432,-53.076245,-45.694183,West
1143,46,36,2024-10-26 23:37:30,2024-10-27 02:22:34,133.9,22.082,48.67,46.84,12.39,25.549598,157.770766,-80.423738,-170.779395,South
1144,10,6,2023-09-22 06:29:35,2023-09-22 08:37:18,223.47,32.165,104.98,78.4,30.61,80.295243,173.496595,55.242341,-41.23821,North
1145,28,9,2024-10-24 19:13:47,2024-10-24 20:50:32,97.44,16.301,60.42,77.9,49.84,17.560159,80.715572,85.100656,-40.596697,Central
1146,42,35,2023-05-28 11:12:12,2023-05-28 13:33:18,254.9,44.302,108.39,50.78,5,80.678199,-173.274838,-25.877835,-175.150188,Central
1147,49,9,2024-02-08 16:52:04,2024-02-08 19:28:00,200.8,26.325,77.26,36.93,6.21,74.776503,-42.387584,-64.228848,-34.496311,Central
1148,34,21,2023-04-23 09:25:05,2023-04-23 13:59:25,245.76,52.002,53.75,44.23,5,-19.984302,-130.80419,-77.346871,114.271681,West
1149,12,39,2023-08-09 02:49:30,2023-08-09 03:24:07,48.03,10.296,83.23,82.08,63.66,39.770179,-48.040518,30.827524,-28.229107,East
1150,43,21,2023-08-28 22:09:12,2023-08-28 23:57:13,153.2,35.5,85.09,47.77,5,-12.042258,115.949884,37.31559,0.783313,West
1151,41,31,2024-05-05 04:07:45,2024-05-05 07:42:48,249.46,43.707,69.6,75.77,5,1.057366,64.433716,10.171229,137.273452,East
1152,26,10,2024-10-05 00:53:21,2024-10-05 03:06:04,216.45,33.985,97.85,90.74,23.97,44.48729,89.260266,-22.836761,-44.689861,East
1153,4,12,2024-10-27 11:30:51,2024-10-27 13:56:24,148.81,31.118,61.34,93.99,41.16,-62.922621,-20.7406,-89.664804,122.903107,West
1154,13,2,2024-03-01 14:23:46,2024-03-01 16:17:18,120.72,20.739,63.79,60.77,26.55,38.58253,66.581181,-22.765036,-18.940469,East
1155,30,26,2023-02-25 18:52:54,2023-02-25 21:56:04,160.71,24.655,52.64,75.26,19.86,-41.386516,103.820936,-82.338514,-75.811859,South
1156,40,26,2023-03-17 14:10:05,2023-03-17 14:39:06,43.62,9.885,90.18,67.72,56.5,-14.385744,-35.566822,80.455353,-43.198987,East
1157,24,30,2024-05-23 11:15:43,2024-05-23 12:33:42,53.29,8.789,41.0,75.24,65.94,-35.042193,155.632259,-52.352213,105.712534,North
1158,12,14,2023-06-19 10:21:30,2023-06-19 15:39:57,242.29,42.029,45.65,72.33,5,24.647417,-13.294513,71.609289,-175.007155,East
1159,41,7,2024-06-10 20:45:37,2024-06-10 23:09:33,236.72,58.689,98.67,54.48,5,38.607318,178.313856,-68.621371,104.034059,East
1160,49,11,2024-12-20 05:37:04,2024-12-20 05:59:15,21.62,5.262,58.45,60.8,54.66,60.23458,80.384578,52.330705,101.053324,Central
1161,10,33,2024-05-19 22:42:05,2024-05-20 00:19:18,104.85,22.722,64.71,39.66,5.9,14.354173,-135.864739,56.6881,120.975111,North
1162,18,3,2023-04-03 06:38:23,2023-04-03 07:44:25,76.05,18.598,69.09,74.72,52.63,55.520869,-171.658411,-25.978099,39.283806,South
1163,46,25,2024-08-25 14:53:19,2024-08-25 17:07:17,209.08,46.693,93.63,72.8,5,1.777823,106.178696,-4.420899,-129.353764,South
1164,46,25,2023-08-02 18:23:55,2023-08-02 21:19:04,191.54,27.581,65.61,30.75,5,47.720617,148.161185,-0.933774,75.825839,South
1165,10,32,2024-05-13 04:44:11,2024-05-13 07:35:39,202.29,40.207,70.78,31.5,5,55.026034,-110.275549,-74.912593,148.111065,North
1166,41,31,2023-08-01 14:36:00,2023-08-01 20:10:54,209.65,36.914,37.56,68.54,5,14.214013,-37.646385,10.096947,-136.252827,East
1167,46,28,2023-08-20 17:53:45,2023-08-20 22:28:05,173.57,41.495,37.96,34.13,5,72.74035,132.182924,-51.580801,144.826679,South
1168,39,12,2023-11-11 19:54:30,2023-11-12 03:39:36,244.8,47.582,31.58,66.14,5,48.796176,-61.664656,50.212512,109.892525,East
1169,38,32,2023-02-19 15:46:21,2023-02-19 17:49:52,158.08,35.538,76.78,76.39,18.6,-0.533841,-147.885417,-74.438993,86.080233,North
1170,10,14,2024-05-26 12:51:55,2024-05-26 18:56:05,269.79,40.898,44.45,68.94,8.17,43.754371,100.788941,-40.380897,30.200236,North
1171,40,29,2024-09-13 18:38:36,2024-09-13 21:35:34,97.72,20.357,33.13,67.38,44.27,-24.475232,68.842699,46.794902,147.531426,East
1172,8,36,2023-07-19 10:21:44,2023-07-19 18:10:21,256.18,48.863,32.8,93.7,5,8.401616,-37.145286,-40.193897,-48.775069,North
1173,28,35,2023-05-14 06:54:55,2023-05-14 08:08:39,129.8,21.556,105.62,30.01,5,-44.893456,-106.085426,0.829295,163.468921,Central
1174,38,19,2024-05-26 23:35:16,2024-05-27 03:32:03,162.56,27.237,41.19,61.88,17.59,-82.58313,13.147206,-80.598709,56.174683,North
1175,27,39,2024-02-23 00:57:07,2024-02-23 02:46:55,155.62,21.066,85.03,73.07,44.29,-46.392371,-73.608225,-38.068866,50.830486,South
1176,3,13,2023-04-21 00:52:13,2023-04-21 01:50:13,93.41,18.893,96.61,92.23,71.24,89.341735,147.628118,-73.495582,-153.880026,North
1177,16,38,2023-10-06 21:27:35,2023-10-06 22:26:33,86.83,17.017,88.33,57.43,29.02,-13.107831,16.04941,65.296728,-120.019649,East
1178,19,25,2024-05-19 16:34:15,2024-05-19 20:57:04,271.58,43.589,62.0,35.41,5,-53.80019,121.097235,75.792069,43.500894,South
1179,32,10,2024-02-21 05:58:50,2024-02-21 06:47:26,65.11,13.411,80.37,47.51,27.85,45.0666,28.94112,-38.049899,82.447585,East
1180,46,13,2024-07-08 22:13:10,2024-07-08 23:36:33,114.78,23.254,82.59,83.33,47.05,49.439675,-41.895789,-89.162849,-43.68464,South
1181,31,10,2023-09-03 17:23:02,2023-09-03 21:59:12,297.77,60.278,64.69,31.68,5,58.625107,-171.696537,63.982202,-103.409116,Central
1182,6,18,2023-04-07 19:06:28,2023-04-07 21:01:02,161.78,27.425,84.72,56.44,5,27.352592,-172.242245,-21.361998,-102.392779,Central
1183,8,24,2024-12-07 05:33:45,2024-12-07 07:33:22,103.39,16.242,51.86,86.48,56.57,32.99915,160.119871,69.033659,170.921068,North
1184,1,7,2023-10-20 22:41:49,2023-10-21 04:50:56,293.95,65.824,47.78,91.87,5,56.380977,64.549545,11.913362,-149.226251,East
1185,10,12,2024-02-13 22:13:04,2024-02-14 02:15:01,219.86,41.5,54.52,83.39,21.73,31.890943,119.587634,63.077476,-6.577586,North
1186,38,23,2024-06-28 01:26:15,2024-06-28 04:44:38,173.79,24.659,52.56,47.62,7.52,57.669967,-64.737596,-32.770082,-167.848092,North
1187,4,11,2023-09-04 23:52:56,2023-09-05 04:31:43,284.22,62.232,61.17,52.44,5,-78.454405,109.09472,87.902016,-75.384959,West
1188,39,36,2024-04-06 20:27:49,2024-04-07 00:43:35,265.2,42.72,62.21,68.5,5,-58.810629,66.280461,57.470647,-140.175786,East
1189,49,33,2024-07-07 23:26:02,2024-07-08 00:42:07,50.87,11.102,40.11,54.62,41.67,65.801324,-169.590141,51.233453,1.926315,Central
1190,4,24,2024-07-03 12:48:03,2024-07-03 15:34:56,234.37,43.343,84.26,57.19,5,72.984781,-170.906734,-6.595108,-34.493626,West
1191,33,23,2024-09-12 04:32:20,2024-09-12 07:14:40,143.26,27.573,52.95,91.92,61.92,17.558431,-158.371368,66.178363,71.403044,Central
1192,17,20,2024-05-08 17:05:59,2024-05-08 19:32:20,258.09,43.237,105.8,56.42,5,-26.324168,45.160411,-9.401205,84.452405,South
1193,8,6,2023-03-01 13:39:54,2023-03-01 15:45:06,220.34,30.162,105.59,40.73,5,-39.285249,86.692151,-44.895891,80.867396,North
1194,22,36,2024-12-23 00:47:42,2024-12-23 02:17:58,150.39,27.202,99.95,92.54,63.97,-76.463651,-163.28748,89.979369,20.043124,Central
1195,37,9,2024-01-08 13:26:05,2024-01-08 15:13:30,151.85,29.442,84.81,73.99,41.67,38.341389,54.251849,3.324126,13.527834,North
1196,10,26,2023-01-11 19:07:10,2023-01-11 20:56:07,186.8,40.293,102.87,78.48,18.61,-66.902426,-72.605894,83.134936,-106.852625,North
1197,50,35,2024-08-05 06:49:24,2024-08-05 07:47:53,106.79,25.678,109.54,72.98,34.42,49.890279,-4.085058,-56.715595,23.145163,North
1198,38,39,2023-02-02 21:34:21,2023-02-02 23:17:27,184.18,43.435,107.17,73.84,5,47.323301,38.610485,-22.645435,81.965512,North
1199,38,15,2023-05-16 18:46:22,2023-05-16 19:03:08,27.16,6.635,97.15,63.39,52.6,64.736149,166.667491,-86.257015,-173.721864,North
1200,32,32,2023-10-22 10:50:19,2023-10-22 11:21:09,55.29,11.693,107.58,51.97,34.82,61.264655,35.807833,-87.397723,-48.564846,East
1201,39,8,2023-08-14 07:11:55,2023-08-14 08:56:32,93.26,20.383,53.48,43.85,8.65,-50.586725,-47.066637,-55.197468,42.039462,East
1202,41,26,2023-06-18 21:48:27,2023-06-19 00:27:55,277.3,53.204,104.33,92.34,5,-14.809733,-24.784771,-66.870686,31.928153,East
1203,3,30,2024-11-24 05:17:32,2024-11-24 08:00:12,187.24,38.171,69.06,53.12,10.71,-2.700493,17.947849,82.877666,-164.150678,North
1204,26,20,2023-10-02 21:02:20,2023-10-02 21:40:13,36.61,6.526,57.98,76.96,64.14,-65.909794,-26.852534,68.561619,176.209973,East
1205,1,7,2023-12-01 14:45:54,2023-12-01 18:50:50,150.15,22.289,36.78,63.43,15.7,45.696413,-133.963792,15.149119,47.574916,East
1206,10,32,2023-01-06 08:49:12,2023-01-06 09:26:12,50.91,9.034,82.53,44.7,31.28,87.934189,42.633508,70.417265,78.575006,North
1207,24,24,2023-11-29 16:51:49,2023-11-29 20:32:31,268.2,66.708,72.91,47.52,5,19.315078,-140.825403,-69.664451,94.779465,North
1208,48,29,2023-05-06 16:48:36,2023-05-06 17:19:31,46.26,10.919,89.77,30.38,19.25,-40.855416,-48.375896,2.906099,115.426336,East
1209,15,8,2023-05-28 05:47:10,2023-05-28 07:58:28,89.05,15.116,40.69,57.37,38.52,-86.341475,-21.131601,-86.999209,-57.837576,West
1210,3,11,2024-06-01 10:57:28,2024-06-01 11:53:23,63.7,10.313,68.34,73.24,61.78,26.140864,-119.262072,20.622609,63.577657,North
1211,31,32,2024-03-03 07:02:54,2024-03-03 08:50:12,151.19,33.282,84.54,38.28,5,-22.666562,-106.461385,26.011568,-68.577145,Central
1212,30,33,2024-07-17 21:31:09,2024-07-18 00:21:58,277.45,39.722,97.45,55.28,5,56.392052,115.788571,-60.295795,15.129725,South
1213,9,2,2023-04-08 23:06:50,2023-04-08 23:50:26,50.88,8.058,70.0,79.88,67.84,56.942509,-68.810994,46.532674,-79.564246,West
1214,49,22,2023-11-30 17:32:13,2023-11-30 20:49:48,293.05,48.276,88.99,58.23,5,-36.693936,120.40318,12.222478,16.540256,Central
1215,36,6,2024-08-14 00:12:07,2024-08-14 01:51:30,131.54,20.05,79.41,77.4,45.68,-63.232882,-62.184008,35.026618,50.110483,West
1216,21,8,2024-11-02 05:14:12,2024-11-02 06:11:52,82.74,15.017,86.08,73.31,53.29,45.415717,54.260661,-66.607927,100.858441,West
1217,35,7,2024-06-28 14:17:21,2024-06-28 17:05:02,220.48,51.28,78.89,42.26,5,-54.748156,120.460515,-18.319195,-78.941741,West
1218,45,10,2023-06-28 04:01:52,2023-06-28 04:41:02,40.54,6.205,62.1,47.8,40.01,-43.83618,50.982746,-85.083481,105.785869,North
1219,12,28,2023-01-14 17:13:52,2023-01-14 22:14:41,186.86,33.425,37.27,33.31,5,43.053369,97.186443,-67.856988,-101.776648,East
1220,24,15,2023-06-22 06:11:24,2023-06-22 07:42:51,104.17,21.591,68.34,63.14,40.29,-17.16377,-137.693484,49.461118,155.246049,North
1221,24,8,2023-07-29 03:06:39,2023-07-29 04:10:31,112.25,17.919,105.44,76.25,57.29,-22.840422,-37.843295,88.767537,-39.740688,North
1222,4,12,2023-02-01 18:13:43,2023-02-01 18:17:27,5.16,0.847,82.83,50.91,49.47,86.913972,-124.375963,-84.812329,18.201479,West
1223,21,39,2023-03-20 06:20:03,2023-03-20 08:58:01,132.12,22.475,50.18,61.93,31.96,-12.12512,146.621226,28.331107,-9.583616,West
1224,10,7,2024-06-03 14:05:09,2024-06-03 14:12:27,9.03,1.533,74.14,86.03,83.75,-67.765192,169.755569,-73.300072,-172.618737,North
1225,28,38,2024-02-15 18:42:12,2024-02-15 22:26:29,183.39,36.7,49.06,47.94,5,28.323916,76.061563,14.80514,-178.98399,Central
1226,8,7,2023-04-12 08:25:27,2023-04-12 10:51:52,190.72,46.955,78.15,32.67,5,-7.79792,75.94612,58.838068,-141.985627,North
1227,46,13,2023-05-30 20:25:45,2023-05-30 22:28:30,212.87,41.635,104.04,34.87,5,59.941121,-83.113574,65.734142,-79.828103,South
1228,26,20,2024-07-17 09:30:58,2024-07-17 11:06:37,144.89,21.508,90.88,64.68,22.42,-0.090154,25.738683,-22.621347,-2.512114,East
1229,11,13,2023-11-21 20:02:49,2023-11-21 23:22:53,167.4,38.906,50.2,87.01,5,85.966464,-168.661804,-83.281802,40.25566,North
1230,40,23,2024-11-26 02:23:16,2024-11-26 03:47:34,112.97,20.598,80.39,37.63,14.25,25.267597,-27.651989,-61.64853,-113.084629,East
1231,35,27,2024-02-11 19:38:43,2024-02-11 23:37:26,279.74,56.479,70.31,31.42,5,-62.360672,9.319201,88.135843,74.040608,West
1232,50,9,2023-08-13 23:35:09,2023-08-13 23:49:49,18.41,3.926,75.29,81.64,75.75,-24.914077,-147.196895,-25.177743,9.482411,North
1233,30,32,2024-06-15 19:37:35,2024-06-15 21:54:23,162.08,29.584,71.08,34.87,5,-89.204997,-26.880965,-76.965422,-178.298454,South
1234,37,25,2024-03-12 21:44:01,2024-03-13 01:31:05,234.91,35.727,62.07,47.65,8.43,5.27597,45.484297,-65.40079,12.210261,North
1235,13,37,2023-06-19 04:13:48,2023-06-19 10:04:49,179.67,34.413,30.71,90.36,33.57,-50.760942,3.730774,-1.551954,-80.847921,East
1236,37,34,2023-07-21 01:01:37,2023-07-21 03:00:40,94.51,18.548,47.63,76.04,55.68,79.754278,104.908653,67.678691,-116.803401,North
1237,13,15,2023-02-05 10:16:40,2023-02-05 13:19:18,162.4,39.471,53.35,71.57,6.44,-80.257552,-10.062592,-55.515011,170.572609,East
1238,21,9,2023-07-30 01:16:15,2023-07-30 08:58:07,262.65,65.333,34.12,93.7,6.59,6.664697,96.766902,-25.816955,-114.191412,West
1239,16,35,2023-04-01 05:50:32,2023-04-01 05:56:08,5.41,0.943,57.8,69.34,67.77,-77.763875,-76.841129,-72.294149,68.251315,East
1240,8,36,2023-07-25 02:01:42,2023-07-25 05:30:25,218.01,36.834,62.67,69.75,5,63.919466,-119.611324,-61.820854,-30.542387,North
1241,4,1,2024-10-01 23:12:06,2024-10-02 00:26:38,109.87,17.658,88.44,48.18,18.2,-30.863358,157.587153,-82.236694,76.300776,West
1242,2,35,2024-05-25 13:17:16,2024-05-25 16:28:18,293.73,41.937,92.25,80.73,11.07,82.526849,-159.776609,44.619349,-46.393435,North
1243,50,25,2024-05-22 20:10:34,2024-05-22 21:11:10,80.92,12.521,80.1,69.28,50.48,-12.582636,-97.107711,-32.652584,164.941223,North
1244,33,15,2023-09-09 20:42:03,2023-09-09 21:48:08,84.29,18.573,76.53,82.5,62.29,5.289684,-80.34319,-63.048819,-49.424658,Central
1245,12,29,2023-06-29 23:37:56,2023-06-30 03:02:11,220.29,41.3,64.71,39.64,5,-0.164925,-50.297671,-50.334147,-122.568143,East
1246,36,12,2023-12-23 19:39:08,2023-12-23 20:15:14,59.58,11.252,98.99,42.28,24.48,-38.464476,-137.701517,-78.162085,-93.875932,West
1247,14,19,2023-01-17 08:21:00,2023-01-17 09:18:25,96.5,20.505,100.82,83.14,40.06,28.430063,145.27117,43.008613,133.376915,East
1248,15,5,2023-04-22 11:27:02,2023-04-22 11:58:46,26.25,6.469,49.62,89.09,81.02,37.468488,13.24303,49.409253,78.731249,West
1249,9,34,2023-04-17 15:17:42,2023-04-17 17:36:47,219.4,38.471,94.64,69.21,11.7,-50.04844,149.147547,-27.929395,84.884089,West
1250,2,8,2024-10-04 00:14:13,2024-10-04 00:19:48,9.0,1.313,96.44,90.75,88.57,72.760085,153.235752,-82.778661,-119.766476,North
1251,8,18,2023-04-21 18:55:13,2023-04-21 22:32:08,281.89,36.964,77.97,81.51,13.44,30.128515,119.478084,-8.708166,132.141188,North
1252,9,35,2024-07-25 18:29:09,2024-07-25 20:59:39,246.39,36.147,98.22,35.52,5,43.592365,-1.601499,-8.165721,92.498571,West
1253,41,29,2024-09-25 09:22:04,2024-09-25 10:18:26,53.13,7.263,56.54,40.04,25.48,43.196951,8.438584,-63.763038,-168.927799,East
1254,50,18,2024-05-02 09:11:02,2024-05-02 14:24:02,165.37,32.306,31.7,32.89,5,59.727678,179.557264,-32.664016,134.394908,North
1255,9,33,2024-11-19 12:45:13,2024-11-19 18:50:31,251.76,33.454,41.35,89.29,39.28,55.68229,162.554581,-71.341703,-122.913067,West
1256,32,25,2023-04-25 11:17:50,2023-04-25 13:21:36,109.23,23.171,52.95,89.91,55.93,-58.939017,41.555535,32.805506,63.637299,East
1257,49,8,2024-01-18 00:12:00,2024-01-18 01:37:03,55.02,13.463,38.81,36.61,20.9,-66.539809,-112.353987,-78.799061,149.51551,Central
1258,27,5,2024-04-23 05:25:10,2024-04-23 07:10:39,103.45,14.501,58.84,90.11,70.3,-12.815411,-15.220496,-25.462688,-66.732154,South
1259,3,39,2023-04-28 08:45:48,2023-04-28 09:33:27,57.53,12.169,72.44,68.97,55.45,69.211648,162.506858,42.992303,9.554683,North
1260,12,20,2024-04-30 06:20:17,2024-04-30 10:35:31,246.18,59.07,57.87,36.75,5,-78.511257,-139.795554,32.418707,131.23917,East
1261,48,24,2024-12-25 14:10:40,2024-12-25 14:59:23,83.29,18.712,102.56,81.91,62.84,69.445323,104.914973,77.697434,98.542387,East
1262,12,10,2023-09-06 18:00:16,2023-09-06 18:44:37,48.6,12.012,65.74,81.8,60.31,47.216017,-71.115904,58.574382,34.500048,East
1263,6,8,2024-03-24 19:46:19,2024-03-24 21:15:33,131.1,22.125,88.14,39.4,5,-8.107354,-172.689462,79.711366,127.903883,Central
1264,11,12,2024-08-19 03:53:49,2024-08-19 06:01:53,118.58,25.283,55.55,57.55,5,13.005047,-84.205578,10.506299,18.979873,North
1265,31,39,2024-09-08 07:56:30,2024-09-08 12:38:14,192.8,46.386,41.06,91.36,39.53,37.766897,132.345509,64.471209,153.134305,Central
1266,29,27,2024-03-02 16:25:33,2024-03-02 18:30:42,151.65,34.662,72.7,64.61,5,-36.453015,-179.973993,-26.486553,-28.711524,North
1267,29,6,2024-03-27 05:57:09,2024-03-27 08:56:40,215.9,49.086,72.16,80.48,5,-84.679464,-15.975601,-21.758726,-26.470276,North
1268,17,6,2023-07-02 16:18:59,2023-07-02 18:43:51,111.7,19.379,46.26,85.29,44.49,24.570957,-78.582145,65.737509,111.708889,South
1269,35,9,2024-12-16 06:53:48,2024-12-16 07:15:39,37.5,8.697,102.91,53.46,37.93,-9.76921,64.170357,-34.950293,-153.598943,West
1270,11,19,2023-12-24 14:15:41,2023-12-24 14:44:42,47.52,11.384,98.26,93.17,69.05,-26.38842,6.502671,-82.489364,97.748083,North
1271,18,14,2024-10-04 23:43:01,2024-10-05 00:30:38,71.25,15.211,89.76,37.62,19.55,44.421613,-72.153324,87.182749,-165.472803,South
1272,12,25,2024-07-23 09:37:48,2024-07-23 09:44:56,12.77,2.735,107.19,54.16,49.27,67.685063,-76.132151,-25.308706,-111.190745,East
1273,48,38,2023-02-27 07:10:40,2023-02-27 09:03:25,145.66,21.503,77.51,40.28,18.36,-45.484483,130.592777,81.845672,175.77782,East
1274,12,6,2023-07-10 07:59:05,2023-07-10 08:21:06,27.73,4.103,75.53,82.89,75.55,-82.589037,46.4958,-7.79674,-105.200809,East
1275,14,31,2024-07-31 12:55:28,2024-07-31 13:33:58,46.33,8.637,72.2,91.67,73.53,-42.133806,-105.290782,-43.310628,-84.071029,East
1276,26,29,2024-08-29 22:17:38,2024-08-30 04:34:46,195.23,26.786,31.06,37.23,5,-42.203682,19.46643,-75.929031,1.11294,East
1277,46,3,2024-04-14 06:36:43,2024-04-14 09:50:12,226.58,52.096,70.26,30.71,5,-58.96134,-15.721119,-12.187475,-166.142576,South
1278,49,30,2024-03-06 10:12:54,2024-03-06 14:27:28,214.86,35.822,50.64,67.18,25.38,-12.571442,65.13954,-33.089422,-153.196689,Central
1279,17,28,2024-12-24 11:29:27,2024-12-24 11:57:58,51.26,12.679,107.85,63.9,37.21,-88.076054,-165.234364,3.167747,-12.632992,South
1280,11,14,2023-11-08 00:02:31,2023-11-08 03:59:27,187.62,41.186,47.51,41.94,5,-31.305248,-137.867638,60.987987,72.81823,North
1281,40,39,2024-10-15 18:40:02,2024-10-15 18:59:33,27.78,5.787,85.39,61.03,54.46,87.315321,-43.240308,-2.877331,5.289923,East
1282,30,25,2023-05-09 00:32:55,2023-05-09 00:54:08,21.13,3.431,59.72,57.57,49.86,-76.842562,12.852188,-76.036696,51.905719,South
1283,9,5,2023-10-09 17:14:54,2023-10-09 19:07:12,182.94,29.977,97.73,31.82,5,31.794148,171.973737,-23.734316,152.102982,West
1284,39,7,2023-02-20 17:38:15,2023-02-20 19:49:25,67.51,10.297,30.88,89.13,71.35,-14.877576,104.414633,-57.73408,-152.643186,East
1285,15,3,2023-07-06 16:10:19,2023-07-06 16:57:08,84.4,16.682,108.13,66.71,45.91,-80.099853,-46.282119,15.716727,-108.703529,West
1286,35,3,2023-02-07 07:41:47,2023-02-07 08:37:24,97.8,16.9,105.48,30.55,5,43.203012,-41.751286,40.71061,78.536812,West
1287,22,26,2024-01-24 12:42:13,2024-01-24 13:23:48,62.49,15.426,90.15,77.17,60.97,36.965136,-135.162861,84.310492,-0.69738,Central
1288,50,7,2023-09-15 08:13:07,2023-09-15 09:37:11,125.15,28.396,89.32,36.57,5,38.56214,52.120437,66.745705,-98.433029,North
1289,12,2,2024-04-01 01:44:41,2024-04-01 05:15:48,239.84,32.256,68.16,86.47,28.77,12.306465,-92.617038,-52.480018,122.782908,East
1290,13,10,2024-06-14 00:22:22,2024-06-14 01:46:38,141.62,30.62,100.82,36.06,5,62.157452,6.33582,-88.602846,149.638522,East
1291,16,10,2024-08-20 03:57:00,2024-08-20 05:55:55,216.97,54.041,109.47,62.61,5,-37.659582,25.523283,25.354277,-24.132652,East
1292,43,34,2024-12-23 12:41:30,2024-12-23 16:12:49,231.75,38.216,65.8,38.53,5,75.194199,169.873053,53.454367,96.882907,West
1293,44,28,2023-02-01 01:53:40,2023-02-01 04:48:25,267.75,41.517,91.93,55.2,8.81,62.648597,174.64603,-5.404813,165.724552,Central
1294,44,39,2023-02-28 06:04:09,2023-02-28 09:53:10,287.61,40.751,75.35,94.64,49.11,80.496112,123.774303,-14.790619,116.38444,Central
1295,1,10,2024-08-18 05:11:24,2024-08-18 08:44:18,261.78,58.579,73.77,92.98,5,-16.942149,140.454413,-78.178971,-134.753114,East
1296,8,32,2023-03-15 02:24:43,2023-03-15 05:36:19,139.17,19.23,43.58,49.21,13.8,49.203525,-78.198866,-17.319789,103.399113,North
1297,41,24,2023-10-02 11:15:57,2023-10-02 11:58:20,31.32,5.041,44.33,80.18,70.08,71.397159,-67.747672,-30.495648,-56.766253,East
1298,35,17,2024-08-15 18:04:45,2024-08-15 21:17:35,263.61,38.191,82.02,39.13,5,-8.11202,35.140042,-76.757808,17.755416,West
1299,41,32,2023-01-31 18:03:37,2023-01-31 20:10:49,112.22,22.934,52.93,56.59,10.63,22.469341,127.146581,-3.440527,160.077894,East
1300,49,9,2023-12-09 09:37:24,2023-12-09 10:46:59,113.19,19.79,97.59,91.88,68.79,-42.719936,-92.883919,-77.080675,112.851248,Central
1301,49,27,2024-01-28 23:27:01,2024-01-29 00:49:31,137.78,18.617,100.19,94.43,72.71,-65.940235,-148.29795,23.373414,152.542091,Central
1302,46,4,2024-07-29 14:02:04,2024-07-29 16:48:18,238.22,35.387,85.98,66.45,11.24,21.513374,-92.792,-66.427239,39.631974,South
1303,9,19,2023-10-19 21:49:26,2023-10-19 22:39:29,51.67,9.124,61.94,34.74,21.1,-20.63882,130.314816,-34.248103,65.674004,West
1304,34,6,2023-09-29 00:40:30,2023-09-29 02:25:29,142.43,26.461,81.4,88.51,39.05,-34.267277,-165.741794,80.081012,-106.392499,West
1305,8,12,2024-07-22 09:19:58,2024-07-22 09:40:44,36.96,6.726,106.76,55.8,43.41,-9.782693,-77.275406,-69.852631,63.081335,North
1306,30,22,2023-02-20 01:50:11,2023-02-20 02:44:06,98.6,21.128,109.72,61.61,14.13,14.869356,77.965487,-22.474603,-69.482407,South
1307,35,8,2023-08-05 05:17:14,2023-08-05 07:10:36,139.1,20.512,73.61,91.65,55.02,-71.222623,-174.053264,44.593221,-21.470323,West
1308,16,21,2024-03-17 08:08:17,2024-03-17 08:19:13,14.24,3.451,78.09,54.72,48.96,76.495824,142.824369,9.109155,158.000046,East
1309,28,28,2024-01-03 16:59:43,2024-01-03 18:26:37,67.96,15.021,46.92,31.49,5.64,-14.714134,-118.505046,32.256476,174.287301,Central
1310,32,18,2023-07-15 18:56:57,2023-07-16 00:11:47,192.53,34.387,36.69,34.5,5,64.66493,-102.545668,45.195779,101.092108,East
1311,24,29,2024-11-07 18:00:23,2024-11-07 20:44:22,128.82,19.592,47.13,88.05,67.32,72.121187,-139.819757,85.236257,58.037602,North
1312,4,6,2024-11-26 03:11:59,2024-11-26 07:55:26,270.98,40.578,57.36,78.96,10.07,36.517432,23.032909,-80.889218,174.59719,West
1313,27,27,2024-01-10 02:08:43,2024-01-10 03:51:07,145.27,31.03,85.11,40.44,5,-8.380437,62.855465,-84.785519,-152.474498,South
1314,27,37,2023-10-30 06:03:26,2023-10-30 09:22:00,247.79,38.117,74.87,88.1,36.03,32.951693,-179.561396,-11.883761,-167.852451,South
1315,48,38,2024-04-23 20:37:25,2024-04-23 21:11:48,47.66,10.396,83.13,83.53,72.93,-22.575794,-176.070133,12.402813,-117.131035,East
1316,25,1,2023-04-27 21:38:25,2023-04-28 00:12:49,269.47,45.263,104.71,62.46,14.05,-54.169216,-135.40391,12.95774,-134.881685,East
1317,49,27,2023-07-24 02:59:50,2023-07-24 08:13:59,158.6,36.462,30.29,59.29,16.74,-43.553258,73.731662,-52.193886,-27.839594,Central
1318,11,29,2024-05-11 06:15:53,2024-05-11 13:57:46,290.99,72.015,37.8,44.21,5,-77.596609,75.356405,14.255293,-52.957206,North
1319,31,35,2024-08-24 11:34:17,2024-08-24 12:28:06,54.0,13.191,60.2,52.63,37.89,5.719894,-106.200799,-1.723321,2.190893,Central
1320,49,37,2023-01-12 03:53:42,2023-01-12 05:49:40,114.23,19.058,59.1,49.63,27.39,43.779996,106.143795,74.138503,-23.181845,Central
1321,10,32,2024-05-19 00:35:25,2024-05-19 05:20:19,299.72,68.75,63.12,52.86,5,65.958037,-101.744745,-26.638885,121.72175,North
1322,32,34,2024-08-17 06:08:46,2024-08-17 07:08:44,104.07,18.189,104.11,59.82,33.15,46.28364,86.539316,-78.146236,-143.574898,East
1323,40,39,2023-05-07 08:08:55,2023-05-07 10:52:35,165.12,35.109,60.53,84.93,45.08,10.207353,-25.942852,-75.43669,-72.727757,East
1324,32,19,2024-06-29 07:57:18,2024-06-29 09:45:45,188.01,46.898,104.01,85.7,16.93,-39.002147,-101.832294,77.665268,117.498134,East
1325,9,6,2024-05-19 13:52:48,2024-05-19 13:58:27,9.85,2.167,104.6,36.74,33.5,-40.126014,155.310025,-44.917172,-11.385187,West
1326,44,35,2023-03-19 10:34:52,2023-03-19 13:18:42,191.89,40.321,70.27,82.38,37.33,-3.180854,-139.738674,-61.848526,67.510327,Central
1327,31,14,2023-06-23 02:46:21,2023-06-23 05:55:53,234.18,54.508,74.13,37.44,5,-4.291526,154.180368,-71.199828,-8.006903,Central
1328,10,23,2024-09-08 12:35:42,2024-09-08 16:57:08,274.64,58.899,63.03,83.33,5,-58.942605,-35.210584,-74.097472,120.58834,North
1329,30,1,2024-12-30 19:43:36,2024-12-30 22:08:16,115.52,27.211,47.91,48.43,5,1.753477,15.408446,-72.577241,4.386422,South
1330,19,20,2024-10-13 06:28:40,2024-10-13 09:07:05,271.29,35.403,102.75,73.76,35.11,37.210931,61.541329,45.299647,-149.068848,South
1331,31,3,2023-01-13 01:30:05,2023-01-13 01:38:16,12.74,2.45,93.24,84.65,81.91,24.669422,-15.555292,62.605795,-11.778599,Central
1332,43,21,2023-09-18 06:31:45,2023-09-18 07:15:30,55.27,10.871,75.77,57.95,44.4,43.75277,130.692661,-12.227107,-29.821503,West
1333,30,13,2024-04-23 16:03:59,2024-04-23 18:05:34,195.11,38.894,96.28,82.09,5,75.795509,79.59895,-44.662439,145.26486,South
1334,11,25,2024-07-19 13:00:16,2024-07-19 13:33:14,56.25,10.265,102.33,63.62,41.87,50.494568,-12.217345,64.439529,118.098787,North
1335,9,9,2024-01-27 16:01:57,2024-01-27 16:33:24,39.92,8.841,76.15,55.48,42.26,-89.57647,-39.147859,-58.393915,107.180437,West
1336,19,36,2023-05-04 12:57:57,2023-05-04 19:07:06,284.87,51.986,46.3,36.06,5,38.93729,-90.426579,-33.391911,-39.025767,South
1337,45,38,2023-04-29 21:01:58,2023-04-29 21:11:07,13.21,1.842,86.61,89.84,87.53,74.182015,-8.390132,-65.105614,132.771287,North
1338,29,2,2024-07-30 14:12:48,2024-07-30 16:15:08,221.58,49.481,108.67,71.24,5,55.419069,18.605084,34.681044,-12.723142,North
1339,14,16,2024-05-21 19:54:18,2024-05-22 00:55:33,269.88,43.027,53.75,64.8,5,-66.919156,-122.239095,-61.823423,-107.879615,East
1340,29,17,2024-05-27 01:27:15,2024-05-27 02:00:26,20.27,2.691,36.64,39.35,33.86,-34.595252,7.362886,-70.733533,-3.469363,North
1341,42,7,2023-03-28 03:54:48,2023-03-28 05:43:17,140.44,23.017,77.67,36.96,6.31,-8.591705,55.550158,2.071394,-162.35157,Central
1342,14,6,2023-03-02 02:29:39,2023-03-02 05:03:14,150.8,26.676,58.91,84.49,28.45,11.984948,-37.221264,-27.305097,-155.145373,East
1343,36,2,2023-11-18 08:46:05,2023-11-18 09:01:05,26.7,5.673,106.74,34.96,25.98,-40.926354,96.888767,-52.119427,-164.135118,West
1344,29,21,2024-05-07 02:15:41,2024-05-07 05:08:39,272.95,35.816,94.68,41.69,5,-79.029707,158.991663,-47.466227,134.429834,North
1345,14,37,2024-05-05 06:40:14,2024-05-05 12:19:38,183.96,45.852,32.52,93.43,5,41.957145,83.156904,72.458491,75.188329,East
1346,35,40,2024-04-11 00:40:39,2024-04-11 04:34:21,166.21,40.088,42.67,78.21,6.62,19.034982,92.140385,74.61967,-37.445148,West
1347,15,39,2023-01-23 22:56:58,2023-01-24 01:13:57,163.11,25.438,71.44,79.46,47.74,67.730592,95.292101,-46.438222,-88.679664,West
1348,28,8,2024-11-28 22:36:11,2024-11-28 23:49:50,69.0,14.996,56.2,44.28,18.47,28.752326,112.664732,75.237084,134.912696,Central
1349,11,18,2023-08-01 13:30:46,2023-08-01 14:53:48,147.06,28.85,106.26,52.66,5,23.033306,42.130646,77.350711,-128.821027,North
1350,22,30,2024-08-01 19:25:53,2024-08-01 23:11:12,243.66,58.645,64.88,91.51,29.91,40.65171,-118.543288,-4.380434,-47.265245,Central
1351,19,12,2023-06-03 16:41:03,2023-06-03 18:44:26,207.68,36.788,100.99,48.27,8.11,-78.55382,-93.526216,41.838977,-87.390536,South
1352,42,38,2023-08-31 00:22:04,2023-08-31 01:31:37,53.87,9.805,46.47,76.93,63.87,-19.585324,157.599277,-15.248459,91.330754,Central
1353,33,28,2024-04-08 04:23:34,2024-04-08 06:45:30,225.39,45.726,95.27,70.49,20.73,-60.741911,-111.184016,-68.956551,-151.693711,Central
1354,32,13,2024-03-16 12:17:37,2024-03-16 13:21:54,109.11,20.068,101.83,83.26,53.83,23.630633,87.168935,-43.998252,110.973705,East
1355,3,33,2023-07-16 13:26:54,2023-07-16 16:46:44,178.13,36.946,53.48,83.73,42.68,54.434912,14.27216,62.713479,15.385127,North
1356,38,23,2023-11-06 08:58:28,2023-11-06 09:17:09,13.83,3.11,44.39,50.97,45.91,57.560817,-102.34369,15.032526,-149.926199,North
1357,27,16,2023-02-26 10:06:50,2023-02-26 11:15:37,68.48,11.486,59.73,39.43,23.74,4.874041,13.80306,-43.953145,-170.196706,South
1358,1,21,2024-06-18 14:42:02,2024-06-18 14:50:47,8.22,1.853,56.31,60.25,56.28,-88.137624,-164.218066,54.696535,104.648408,East
1359,17,36,2023-02-21 10:42:45,2023-02-21 12:13:55,118.75,16.904,78.14,64.27,28.68,61.96324,42.939168,-44.798587,123.213316,South
1360,21,39,2024-11-17 03:01:34,2024-11-17 05:55:52,243.19,50.475,83.71,67.31,5,85.234155,151.906283,-78.116392,69.240099,West
1361,49,28,2023-09-04 19:54:35,2023-09-05 01:15:07,244.95,46.362,45.85,33.23,5,-11.464242,7.065576,-62.233565,63.487931,Central
1362,3,18,2023-11-24 04:25:53,2023-11-24 05:02:17,40.18,8.074,66.22,69.09,60.12,5.965885,-144.739774,-61.543369,-139.656482,North
1363,18,37,2023-01-17 12:28:38,2023-01-17 13:34:13,89.09,22.144,81.49,85.65,59.35,36.907681,37.175818,56.93421,61.260822,South
1364,34,19,2023-04-12 19:05:56,2023-04-12 23:10:10,253.28,60.829,62.22,88.23,5,-13.859673,91.348904,-69.408473,-13.038842,West
1365,3,22,2024-05-15 19:29:22,2024-05-15 19:38:03,9.8,1.762,67.59,83.94,81.98,39.503791,-57.552167,61.330973,40.168114,North
1366,24,18,2023-09-04 08:50:37,2023-09-04 12:30:31,227.34,38.098,62.03,66.17,25.85,-39.22367,-170.0791,-65.553115,58.59526,North
1367,44,4,2023-11-02 12:09:21,2023-11-02 13:00:41,93.04,19.253,108.72,62.07,40.56,-67.367295,71.009356,20.878198,91.634853,Central
1368,10,24,2024-12-29 08:03:53,2024-12-29 13:51:22,187.3,24.583,32.34,33.11,5,32.319131,-0.210412,68.513659,-81.285652,North
1369,9,21,2024-10-31 01:27:01,2024-10-31 04:39:18,207.84,31.787,64.85,41.06,5,-15.719388,-76.012976,-17.187795,115.224062,West
1370,28,35,2023-01-04 20:06:48,2023-01-04 22:56:05,280.56,62.9,99.44,46.88,5,-15.279525,131.520864,-24.188582,-43.050154,Central
1371,10,4,2023-08-25 08:22:42,2023-08-25 08:51:35,27.14,6.174,56.35,69.83,60.66,14.330936,-117.084944,-9.558851,64.15173,North
1372,21,11,2024-12-19 08:36:37,2024-12-19 09:17:34,45.64,10.654,66.86,38.21,24.0,86.162255,48.269783,25.108443,-150.719345,West
1373,42,27,2024-05-09 16:44:40,2024-05-09 20:10:56,136.8,27.271,39.79,64.29,27.98,58.219296,-0.955276,-48.354748,59.691477,Central
1374,48,32,2023-08-06 21:40:28,2023-08-06 22:48:15,99.96,16.159,88.47,44.68,28.21,-87.83426,19.428773,-21.741491,73.605759,East
1375,22,6,2023-10-02 04:34:39,2023-10-02 06:16:40,169.76,37.047,99.83,72.87,33.96,-24.141975,-154.445943,-51.829136,-31.194951,Central
1376,16,5,2023-02-28 08:47:35,2023-02-28 17:10:10,291.67,45.482,34.82,30.85,5,87.019229,42.242817,45.198878,-42.030612,East
1377,29,13,2024-01-14 18:22:20,2024-01-14 19:08:23,35.84,6.928,46.69,68.38,54.24,51.873201,-64.301941,-63.548975,-36.504849,North
1378,25,20,2024-07-04 07:37:39,2024-07-04 10:54:38,138.94,33.303,42.32,62.79,27.17,49.615072,116.548446,-30.820587,-122.649209,East
1379,17,24,2023-10-27 11:39:10,2023-10-27 14:35:45,292.64,65.435,99.43,63.38,5,47.567827,-179.486682,-35.841783,52.046577,South
1380,15,5,2023-08-04 19:17:01,2023-08-04 20:48:45,129.81,25.867,84.9,91.85,59.6,-36.433917,50.823486,43.207263,3.773119,West
1381,9,10,2023-12-25 00:48:27,2023-12-25 03:44:53,263.48,62.522,89.6,45.64,5,32.531146,18.406549,70.199883,114.873903,West
1382,14,18,2023-01-23 04:53:10,2023-01-23 06:53:37,145.49,20.98,72.47,52.88,8.8,63.275401,-24.453707,-73.049013,-24.593596,East
1383,40,6,2023-10-03 06:59:42,2023-10-03 10:08:26,132.28,25.259,42.05,62.64,33.97,12.364789,-29.287557,-34.419605,-143.04748,East
1384,4,29,2023-07-31 17:25:29,2023-07-31 20:47:14,114.09,27.537,33.93,54.86,8.11,0.844646,-167.902478,53.323751,38.383529,West
1385,15,19,2023-05-28 03:35:49,2023-05-28 05:11:37,123.79,23.425,77.52,64.42,35.21,7.792638,128.858492,43.989751,-123.055539,West
1386,32,7,2024-06-13 01:45:09,2024-06-13 02:08:50,19.71,2.835,49.92,37.22,33.06,74.608401,52.671644,-69.917992,-53.97525,East
1387,3,37,2023-07-26 17:55:19,2023-07-26 18:57:41,75.44,17.797,72.57,47.9,28.13,-18.79751,-84.777018,-50.910416,140.451637,North
1388,50,26,2023-11-01 09:41:46,2023-11-01 12:14:11,120.9,25.752,47.59,83.56,44.89,87.606898,-130.165363,54.717973,-148.968693,North
1389,36,14,2023-05-13 20:12:49,2023-05-14 00:18:34,236.79,47.727,57.81,48.72,5,59.874134,29.910461,-59.507185,-155.520544,West
1390,1,7,2023-05-24 18:07:09,2023-05-24 19:54:09,153.46,25.572,86.04,60.99,6.23,-9.535523,28.023353,-64.650125,-27.477425,East
1391,50,16,2023-05-13 05:21:54,2023-05-13 08:07:11,97.96,23.313,35.56,42.18,7.18,30.60246,44.474313,31.693357,-11.691666,North
1392,12,1,2024-06-01 07:43:29,2024-06-01 10:16:52,145.01,23.442,56.72,41.54,5,24.082176,149.361922,-53.551212,-139.386805,East
1393,6,11,2024-06-11 13:15:37,2024-06-11 20:42:33,229.28,42.843,30.78,52.89,5,-69.626525,-128.980724,-21.415855,133.170027,Central
1394,1,32,2024-11-09 05:58:24,2024-11-09 07:59:12,78.02,15.454,38.75,83.23,50.14,-3.800539,144.171908,64.884552,-140.184635,East
1395,22,15,2024-02-12 23:43:38,2024-02-13 01:25:28,153.43,21.787,90.4,80.39,57.5,-28.03137,-175.85281,87.145236,55.917711,Central
1396,26,29,2024-01-17 02:35:59,2024-01-17 04:37:51,221.77,41.777,109.18,46.73,5,54.563797,82.313551,56.447823,164.454004,East
1397,28,30,2023-01-11 12:47:46,2023-01-11 17:24:11,249.19,47.879,54.09,51.69,5,55.38456,53.938501,-54.842808,77.91053,Central
1398,48,39,2024-01-12 05:01:43,2024-01-12 05:28:46,38.26,5.069,84.86,77.33,72.16,-89.453787,-75.168172,-56.222751,-62.025542,East
1399,31,15,2024-05-27 03:29:24,2024-05-27 08:34:53,298.26,59.446,58.58,32.01,5,22.186799,97.833889,34.688237,87.953981,Central
1400,50,28,2023-10-07 04:04:23,2023-10-07 05:50:46,65.86,11.547,37.14,89.84,72.5,-20.501953,122.120608,-18.751302,-134.644939,North
1401,9,18,2024-11-12 07:08:59,2024-11-12 09:43:50,189.93,47.194,73.59,89.31,18.77,51.606659,-8.968602,78.455584,1.401227,West
1402,38,12,2023-07-26 01:43:27,2023-07-26 06:26:52,273.55,54.901,57.91,51.53,5,-15.756842,93.604172,63.397791,-115.151573,North
1403,21,20,2023-05-29 00:31:55,2023-05-29 00:46:15,17.12,3.484,71.61,52.31,47.66,-65.898928,83.199781,-7.506372,-61.770943,West
1404,32,30,2024-03-16 03:21:11,2024-03-16 06:27:53,290.61,71.588,93.39,48.75,5,20.851182,17.019108,-36.827379,-90.741798,East
1405,36,10,2023-12-29 04:47:15,2023-12-29 07:39:09,205.87,40.552,71.85,48.84,5,67.044607,132.802809,1.948299,153.44528,West
1406,13,20,2024-01-14 03:04:19,2024-01-14 04:01:48,90.04,12.148,93.98,31.01,10.96,37.591918,37.045454,-59.621063,148.153792,East
1407,22,38,2023-04-06 21:00:34,2023-04-06 21:23:21,20.69,4.329,54.47,57.97,53.42,35.877392,-129.985857,-7.390701,-116.257903,Central
1408,1,4,2023-07-15 07:03:34,2023-07-15 07:30:51,45.63,8.681,100.3,81.04,62.45,-40.330534,-130.052492,-32.650114,109.332971,East
1409,40,10,2023-03-08 19:13:14,2023-03-09 00:25:19,215.39,39.168,41.41,77.65,33.19,62.00672,-41.339508,5.486478,153.413181,East
1410,8,19,2023-06-19 23:48:16,2023-06-19 23:56:34,14.48,3.061,104.63,46.17,40.53,8.511217,-10.305297,61.423761,-32.770712,North
1411,29,28,2023-11-07 00:01:00,2023-11-07 07:41:05,290.24,48.25,37.85,46.98,5,4.146522,-135.789581,82.376181,164.966473,North
1412,24,12,2024-03-13 23:59:59,2024-03-14 01:20:04,133.57,19.595,100.07,82.28,61.54,-89.627974,47.418908,-4.04306,73.593576,North
1413,15,17,2023-04-16 09:27:32,2023-04-16 12:14:23,127.81,21.176,45.96,49.82,23.42,24.45998,-138.122735,-58.769247,-149.644621,West
1414,45,30,2024-02-28 23:01:16,2024-02-28 23:39:33,59.09,8.363,92.59,84.2,73.71,-21.760531,-120.736787,89.13889,-29.109102,North
1415,38,29,2024-06-23 03:35:03,2024-06-23 04:30:49,97.41,18.138,104.79,76.32,46.83,34.349699,-125.720615,64.305151,67.276937,North
1416,32,30,2023-11-23 14:47:37,2023-11-23 19:06:28,288.63,38.437,66.9,89.32,32.96,-22.848786,32.292178,50.088012,164.670943,East
1417,31,6,2024-08-10 02:11:08,2024-08-10 02:38:19,46.47,9.277,102.55,81.13,70.76,-83.018145,-131.238384,-77.891874,73.288783,Central
1418,28,9,2024-04-27 06:13:25,2024-04-27 08:25:11,165.26,36.463,75.25,49.07,5,-60.014617,-2.029619,-71.487541,-101.338046,Central
1419,30,9,2023-11-09 23:23:08,2023-11-10 02:24:34,202.67,38.945,67.02,79.59,5,-76.549773,-162.482793,64.973878,-76.566112,South
1420,4,6,2023-02-12 11:32:48,2023-02-12 12:19:28,84.7,17.052,108.89,36.96,8.01,17.243086,170.925765,10.744483,124.31823,West
1421,22,37,2024-01-09 23:12:43,2024-01-10 01:19:01,208.72,41.776,99.15,37.89,5,65.876315,157.914597,-40.043817,78.656121,Central
1422,37,4,2024-06-28 22:15:44,2024-06-28 23:50:20,65.49,12.406,41.53,78.13,64.51,-30.44112,44.144322,-32.604863,-110.627847,North
1423,17,10,2023-08-22 17:02:14,2023-08-22 19:12:42,190.33,43.143,87.53,90.87,5,-74.435158,119.785717,-65.620043,21.769303,South
1424,44,13,2023-03-31 02:19:41,2023-03-31 02:54:55,24.81,4.773,42.24,87.19,81.86,48.100699,10.92347,68.989659,-174.580643,Central
1425,18,14,2023-03-22 11:22:29,2023-03-22 12:52:22,144.75,19.784,96.62,58.85,35.35,41.94294,75.807381,68.07194,-43.673399,South
1426,10,20,2023-11-11 05:29:43,2023-11-11 08:47:52,147.7,34.226,44.72,45.27,5,-18.235942,173.032766,10.726337,-132.530197,North
1427,19,40,2024-06-13 04:44:01,2024-06-13 06:21:41,134.54,19.851,82.65,38.01,16.34,-82.23205,-95.892867,-82.963654,138.900615,South
1428,2,12,2023-04-21 01:13:18,2023-04-21 04:12:20,246.47,53.977,82.6,41.1,5,-48.455045,31.564863,-57.551901,29.970965,North
1429,39,13,2024-01-05 20:14:09,2024-01-05 22:59:46,146.74,29.444,53.16,36.5,5,13.305834,-64.146689,-30.27394,-125.328665,East
1430,28,18,2023-10-31 20:17:44,2023-10-31 21:33:35,118.82,27.046,93.99,60.16,13.61,41.652647,-100.292678,-24.523778,-147.934854,Central
1431,12,2,2023-08-09 03:22:23,2023-08-09 05:14:02,139.84,23.26,75.14,30.72,5,32.815677,124.620913,87.111892,31.592782,East
1432,46,40,2023-12-12 05:41:46,2023-12-12 05:52:03,17.58,3.272,102.56,92.58,87.48,88.565787,-139.806264,-45.690565,-126.311817,South
1433,34,18,2023-01-08 02:00:36,2023-01-08 07:02:09,294.62,56.091,58.62,85.63,5,-81.321613,76.161486,9.305928,-130.490142,West
1434,27,34,2023-10-31 09:45:54,2023-10-31 13:19:17,156.35,32.632,43.96,39.84,5,82.205709,169.061613,60.258291,86.785724,South
1435,41,22,2023-12-23 21:21:37,2023-12-23 23:41:02,215.98,47.842,92.94,48.09,5,0.21846,-175.884997,41.803461,-146.96149,East
1436,24,26,2023-02-22 23:31:42,2023-02-23 02:54:04,275.27,51.368,81.61,54.47,5,-63.293763,-27.401374,-28.451689,179.224858,North
1437,48,12,2024-03-23 10:08:39,2024-03-23 13:10:37,214.01,34.479,70.56,72.83,37.68,67.028161,-133.27102,-60.018761,6.653969,East
1438,50,21,2024-04-02 08:59:55,2024-04-02 13:57:21,286.78,51.177,57.85,70.14,5,-72.024186,14.661905,36.097498,38.29863,North
1439,3,2,2024-10-23 19:00:44,2024-10-23 23:34:09,221.2,42.013,48.54,73.24,26.56,70.277622,-127.973613,-57.363191,-79.242186,North
1440,49,31,2023-09-09 09:26:53,2023-09-09 11:33:36,229.17,49.94,108.51,82.56,24.29,66.324463,55.830967,25.917379,-163.672689,Central
1441,18,7,2024-11-29 21:22:53,2024-11-30 00:22:55,264.82,65.357,88.25,54.97,5,-16.392785,142.513485,68.510321,-147.722017,South
1442,6,4,2024-04-20 06:42:37,2024-04-20 09:06:05,78.89,14.436,32.99,78.75,50.93,75.81926,-103.393781,80.906279,11.089054,Central
1443,28,39,2024-05-05 08:10:26,2024-05-05 10:36:33,253.0,54.103,103.88,50.88,5,-36.868354,78.299525,35.331089,41.587055,Central
1444,29,9,2024-05-10 01:55:06,2024-05-10 05:42:30,174.27,31.805,45.98,46.41,5,2.854979,86.96323,-82.258022,-110.947293,North
1445,22,15,2023-06-06 06:30:16,2023-06-06 09:57:50,223.94,50.342,64.73,64.35,11.47,-36.157972,56.037649,38.094792,123.774949,Central
1446,8,38,2023-01-19 19:55:23,2023-01-19 22:12:21,190.59,43.302,83.49,43.23,5,66.087984,-99.016238,3.502228,52.531791,North
1447,1,24,2024-08-24 11:35:42,2024-08-24 13:17:43,125.37,19.086,73.73,34.68,5,-20.24805,98.352735,-63.416427,-136.773486,East
1448,46,34,2024-01-21 09:22:52,2024-01-21 10:41:31,61.09,11.613,46.6,83.79,65.67,-5.959407,148.394264,16.654794,-31.576509,South
1449,27,40,2024-11-29 20:39:46,2024-11-30 00:48:06,169.82,30.789,41.03,34.37,5,4.938833,103.878435,29.495635,17.349351,South
1450,29,5,2024-03-18 01:46:12,2024-03-18 02:04:22,28.05,4.043,92.59,49.38,41.13,-20.844402,-30.453743,82.996053,106.797661,North
1451,17,4,2024-04-12 04:34:42,2024-04-12 09:45:00,164.46,27.101,31.8,83.39,26.34,84.30086,-4.711509,-37.992481,-16.932423,South
1452,19,25,2024-06-30 05:57:53,2024-06-30 07:04:21,110.58,18.198,99.8,40.26,20.39,35.362241,62.775521,-64.010464,-159.776985,South
1453,39,37,2023-07-07 11:59:32,2023-07-07 14:26:51,256.69,45.667,104.54,62.5,5,-68.35249,38.94469,-68.428489,164.37331,East
1454,4,35,2024-06-25 18:40:34,2024-06-25 22:10:29,268.08,66.535,76.62,90.9,5,-71.693372,46.871903,84.497193,-118.64829,West
1455,46,2,2023-01-26 01:38:40,2023-01-26 03:42:10,104.72,23.224,50.87,51.75,15.52,25.433626,106.1291,-33.494977,-74.060991,South
1456,11,14,2024-02-29 22:26:50,2024-03-01 02:48:36,245.94,58.897,56.37,79.23,5,-36.525804,30.049673,14.701194,73.362003,North
1457,4,16,2024-01-19 08:32:03,2024-01-19 08:47:04,26.51,5.683,105.84,88.78,79.13,-15.65313,-57.791248,41.12758,-7.685766,West
1458,3,23,2023-02-24 23:07:10,2023-02-25 02:46:59,285.22,39.837,77.85,69.81,25.55,5.307682,75.187452,61.613582,15.896878,North
1459,40,31,2023-04-11 13:23:40,2023-04-11 15:56:16,84.8,16.189,33.34,32.31,13.93,58.772394,-72.439424,-71.863319,132.952146,East
1460,46,23,2023-12-02 04:01:59,2023-12-02 05:36:35,145.89,22.953,92.52,86.97,51.16,-51.631043,19.811268,68.335879,103.591272,South
1461,4,2,2024-08-23 21:11:45,2024-08-24 02:21:11,235.64,41.361,45.69,69.53,5,-58.082993,-69.605384,-35.358165,-1.767568,West
1462,49,2,2024-03-05 03:16:16,2024-03-05 05:41:09,147.24,21.354,60.97,54.52,29.6,-42.156864,-123.219,-79.385393,-35.750787,Central
1463,50,28,2024-03-02 20:15:35,2024-03-02 20:57:41,45.64,11.314,65.04,88.31,71.32,-57.929502,-17.132708,42.116031,160.995172,North
1464,28,23,2023-05-31 09:48:58,2023-05-31 10:50:34,106.22,14.981,103.45,45.48,19.7,72.620302,102.908673,-71.064937,-72.813344,Central
1465,1,15,2023-11-17 20:05:55,2023-11-17 22:19:47,225.51,44.688,101.07,81.56,5,63.943919,172.94059,-68.880345,-48.34099,East
1466,1,16,2024-09-23 04:22:12,2024-09-23 05:00:02,21.78,3.57,34.53,58.51,50.87,4.896638,16.727271,-36.211506,-17.566542,East
1467,25,23,2024-04-12 21:50:54,2024-04-13 01:51:03,198.29,40.2,49.54,49.01,6.02,59.408423,120.808007,-64.218174,-33.224891,East
1468,35,8,2024-05-24 23:43:48,2024-05-25 00:16:58,27.66,5.239,50.02,65.34,55.98,81.943906,10.484186,26.738329,127.262671,West
1469,27,15,2023-12-11 12:13:08,2023-12-11 14:15:50,215.37,35.562,105.31,80.71,32.13,-54.831361,-148.392769,64.830281,-81.360794,South
1470,46,16,2024-02-14 05:05:14,2024-02-14 09:55:22,268.43,38.258,55.51,65.19,5.51,50.224221,26.149858,24.269619,-61.169679,South
1471,27,27,2024-07-01 23:30:15,2024-07-02 03:38:48,285.42,68.343,68.9,35.1,5,-86.340478,154.933456,-48.750003,-8.602079,South
1472,38,15,2023-08-25 20:28:43,2023-08-26 01:15:20,223.86,51.032,46.86,54.21,5,-79.90249,74.594664,89.32582,14.079069,North
1473,12,3,2023-07-02 14:40:45,2023-07-02 17:15:09,211.01,30.324,81.99,59.49,5.24,44.592783,-16.699635,-0.974409,82.827268,East
1474,36,3,2023-07-29 22:43:50,2023-07-30 00:09:47,87.0,12.192,60.73,83.77,64.48,6.596096,-13.277198,-22.301814,-170.955946,West
1475,21,40,2023-10-26 05:05:26,2023-10-26 06:37:00,151.13,20.452,99.02,55.0,27.73,-37.169583,116.661861,-28.641496,-13.97512,West
1476,16,25,2023-05-24 05:57:52,2023-05-24 08:42:53,199.68,26.709,72.6,72.93,28.34,58.257568,-46.831621,23.240464,-100.877766,East
1477,27,2,2024-12-07 20:38:10,2024-12-07 22:27:19,184.58,44.095,101.45,89.98,29.74,86.598111,-91.727803,76.292602,-148.343023,South
1478,42,14,2024-08-11 04:12:16,2024-08-11 04:21:10,13.07,3.057,88.06,70.4,66.33,21.318654,-48.808778,44.323813,70.324741,Central
1479,4,7,2024-03-05 18:09:02,2024-03-05 19:30:46,119.49,27.844,87.7,74.07,26.8,-10.006097,138.479628,-75.770723,163.800936,West
1480,39,30,2023-11-26 04:51:26,2023-11-26 07:09:43,173.92,26.002,75.46,63.73,18.82,-65.449393,24.246131,-25.257452,-45.448738,East
1481,29,30,2024-08-02 03:37:21,2024-08-02 09:41:34,297.82,48.748,49.06,89.0,5,12.454216,-42.146034,-8.993288,142.669465,North
1482,49,18,2023-03-08 10:31:21,2023-03-08 13:47:23,299.65,59.489,91.71,49.23,5,42.432834,-128.54327,37.032477,165.574919,Central
1483,3,40,2023-08-02 00:45:40,2023-08-02 02:06:40,111.7,25.382,82.74,80.86,52.66,-45.922235,-178.638369,-80.696489,-64.979535,North
1484,43,1,2023-04-07 13:14:22,2023-04-07 14:23:32,95.53,22.135,82.86,84.34,56.74,70.787532,-110.420164,-69.693821,-44.78224,West
1485,33,30,2023-01-14 09:52:27,2023-01-14 11:52:33,134.77,25.286,67.32,92.78,65.27,62.264243,70.646258,-17.280995,149.722718,Central
1486,40,14,2023-11-14 09:03:32,2023-11-14 09:16:15,22.28,4.528,105.11,47.97,42.83,-62.344262,-22.250393,59.240828,179.583428,East
1487,25,5,2023-12-09 02:23:15,2023-12-09 03:01:24,58.04,13.598,91.28,47.95,33.41,20.618872,-107.13601,65.148099,-29.553155,East
1488,11,15,2024-05-04 14:21:19,2024-05-04 14:55:18,56.48,8.919,99.7,72.64,53.74,-18.339949,-123.412141,-45.394767,-133.882028,North
1489,46,3,2023-05-24 02:46:16,2023-05-24 04:51:51,206.91,27.94,98.85,67.69,24.1,-43.596334,-64.781824,21.817357,-2.982466,South
1490,17,4,2024-07-09 00:10:09,2024-07-09 02:55:28,297.63,68.869,108.02,31.05,5,-25.981105,113.941041,-46.821754,14.567005,South
1491,27,35,2024-07-11 22:26:32,2024-07-11 22:48:55,18.2,3.473,48.78,37.1,32.36,72.282733,-15.326813,-51.032429,171.445926,South
1492,10,33,2023-03-02 03:46:36,2023-03-02 05:06:46,74.91,17.134,56.06,54.14,28.68,-74.095714,138.694937,-40.801642,122.792959,North
1493,31,5,2024-05-13 13:38:29,2024-05-13 16:07:33,130.81,26.533,52.65,31.61,5,4.1503,-115.083778,-74.087204,148.127324,Central
1494,28,22,2023-11-14 00:14:07,2023-11-14 04:43:56,269.73,44.583,59.98,91.26,14.53,-62.575637,39.092498,-22.397198,77.011012,Central
1495,2,11,2023-10-14 01:38:43,2023-10-14 01:49:09,18.16,2.416,104.42,89.27,85.26,29.216331,81.663766,48.551391,-150.374981,North
1496,43,14,2024-09-19 14:50:58,2024-09-19 15:57:55,97.37,21.812,87.26,78.23,51.03,65.417659,-127.09545,64.403386,27.404583,West
1497,27,14,2023-10-22 06:05:01,2023-10-22 13:45:06,250.06,43.943,32.61,77.21,17.18,-71.930691,-124.030177,-37.284383,-73.247732,South
1498,46,6,2023-03-02 01:11:22,2023-03-02 03:49:13,287.79,71.872,109.39,66.75,5,68.034157,118.754111,-28.972188,59.953637,South
1499,45,36,2024-07-24 01:50:34,2024-07-24 03:17:25,128.33,24.81,88.64,85.09,53.96,-27.184949,75.504709,-45.721463,-114.500733,North
1500,4,39,2024-01-02 20:51:13,2024-01-02 23:38:17,199.46,30.598,71.63,50.6,5,86.615405,64.962605,26.539661,110.861934,West
1501,41,19,2024-12-08 15:34:00,2024-12-08 17:07:24,76.99,13.353,49.45,79.9,53.14,-70.302784,-53.061417,87.423157,-90.839444,East
1502,34,21,2024-08-04 03:14:25,2024-08-04 06:39:21,291.86,71.48,85.45,58.93,5,-29.134574,-63.337947,-22.475957,57.974628,West
1503,31,24,2023-03-03 21:31:50,2023-03-03 23:04:31,108.84,22.682,70.45,89.45,64.11,26.819852,36.916122,-62.004376,147.999099,Central
1504,43,15,2023-12-15 17:22:13,2023-12-15 22:16:05,236.96,58.863,48.38,83.81,10.41,39.949689,22.486113,-59.200759,-56.182031,West
1505,39,16,2024-08-26 02:02:41,2024-08-26 05:18:00,273.23,55.374,83.93,73.28,5,43.931813,-136.97111,-37.074469,20.514397,East
1506,22,22,2023-09-01 18:28:57,2023-09-01 19:07:02,39.8,5.883,62.68,62.83,56.65,10.774892,-143.481738,40.343828,-24.978672,Central
1507,36,13,2024-11-29 22:50:19,2024-11-29 23:42:51,58.08,10.468,66.33,40.84,24.28,63.324411,-26.43516,-4.174171,8.691952,West
1508,40,31,2024-07-30 23:48:07,2024-07-31 00:09:04,34.79,4.623,99.56,84.2,78.95,-60.667137,119.927464,20.152895,38.213545,East
1509,13,5,2023-04-13 19:42:00,2023-04-13 21:52:07,156.89,28.347,72.34,55.23,8.45,84.335631,70.089475,31.903046,-25.943476,East
1510,11,26,2024-06-25 07:41:33,2024-06-25 09:38:21,169.3,40.241,86.96,37.74,5,-40.772888,-23.206834,82.702991,168.192898,North
1511,26,38,2024-04-17 20:03:40,2024-04-17 21:46:03,186.91,40.868,109.53,32.94,5,17.260758,148.885796,-74.893366,-78.421533,East
1512,27,29,2024-12-08 08:11:52,2024-12-08 10:06:06,125.62,20.691,65.98,84.26,55.99,-74.853084,-49.252586,21.381801,128.70385,South
1513,35,9,2024-07-23 16:22:15,2024-07-23 17:01:06,59.12,14.33,91.28,89.56,63.97,-49.206261,153.582117,-77.469599,109.937064,West
1514,8,10,2024-11-26 15:10:43,2024-11-26 15:16:22,7.3,1.346,77.44,73.8,71.32,32.31709,76.439952,9.559123,-98.484399,North
1515,25,29,2023-05-18 06:20:30,2023-05-18 08:21:14,155.06,21.961,77.05,91.41,67.92,76.415734,142.946024,40.466884,144.990602,East
1516,24,32,2023-09-22 22:53:08,2023-09-22 23:09:17,19.24,3.675,71.41,64.14,60.25,-29.3558,29.463488,-81.26509,-39.895018,North
1517,32,19,2023-09-08 17:25:46,2023-09-08 18:44:07,118.3,15.974,90.58,91.98,68.56,74.974368,49.652318,2.437429,23.83963,East
1518,16,28,2024-02-08 05:22:38,2024-02-08 06:14:41,87.09,14.952,100.37,50.43,25.47,-28.889503,45.975038,28.814598,-140.692724,East
1519,13,8,2023-08-12 13:47:07,2023-08-12 15:06:10,85.79,14.123,65.11,87.55,64.24,-53.425945,-54.462592,-70.256741,3.36781,East
1520,19,39,2024-08-08 05:40:35,2024-08-08 06:25:28,36.31,5.138,48.53,48.11,42.5,-67.104833,-116.965439,-24.991784,-41.217891,South
1521,40,33,2024-08-09 07:41:55,2024-08-09 08:24:08,54.81,12.983,77.87,32.58,17.84,-70.745585,-57.583594,-37.25073,100.358915,East
1522,39,13,2023-01-06 04:14:47,2023-01-06 05:48:09,149.07,24.421,95.79,54.02,11.84,62.739141,-82.191425,82.148014,47.931076,East
1523,41,28,2024-07-22 15:08:09,2024-07-22 18:32:01,136.22,32.715,40.09,59.5,5,8.048907,137.307959,-24.941268,120.869868,East
1524,10,29,2024-11-21 09:55:10,2024-11-21 12:30:57,132.52,33.02,51.04,86.19,37.13,83.81972,154.224637,-89.775672,121.12611,North
1525,48,8,2023-10-02 17:50:25,2023-10-02 20:32:37,242.07,33.629,89.54,44.46,10.18,-72.026966,156.470127,-45.678366,-66.547461,East
1526,13,33,2023-09-18 11:08:16,2023-09-18 12:12:44,86.45,19.3,80.45,63.33,31.48,-63.409753,7.097265,-54.532536,147.035827,East
1527,50,21,2024-11-24 01:09:54,2024-11-24 05:27:38,277.8,62.589,64.67,90.6,5,69.139241,-97.41359,23.627901,-85.851848,North
1528,25,13,2024-10-15 13:24:41,2024-10-15 15:09:37,169.66,41.38,97.01,70.7,26.44,29.178308,-156.270986,-66.767212,164.026483,East
1529,45,1,2023-07-11 00:09:51,2023-07-11 00:55:09,45.38,9.566,60.1,91.31,79.31,-6.818462,-112.970961,-7.647822,-47.471657,North
1530,19,31,2023-04-28 14:55:03,2023-04-28 18:12:25,147.93,21.57,44.97,62.29,38.74,22.925332,64.424136,-53.902571,-42.092822,South
1531,45,6,2024-02-06 00:38:44,2024-02-06 03:30:42,257.86,35.603,89.96,30.21,5,41.877815,50.418848,23.589696,-23.479316,North
1532,40,40,2023-06-11 23:35:50,2023-06-12 06:04:26,214.45,43.663,33.11,74.72,25.16,30.472655,-37.034122,-9.772497,-64.325901,East
1533,45,38,2023-07-02 07:25:09,2023-07-02 10:13:43,193.13,29.28,68.74,72.7,35.96,-73.486667,49.381494,-17.30861,160.559913,North
1534,24,15,2024-11-10 15:54:38,2024-11-10 17:14:08,91.17,16.143,68.8,81.79,64.71,-56.240907,-89.815145,-28.871603,98.847069,North
1535,27,35,2024-01-09 13:43:35,2024-01-09 15:39:57,92.15,21.897,47.51,92.59,62.68,-26.528305,47.682301,42.76567,36.687117,South
1536,22,27,2023-12-14 07:54:26,2023-12-14 09:07:26,100.99,18.761,82.99,37.53,17.82,-82.994393,-86.555978,9.428116,74.291498,Central
1537,25,8,2023-09-27 23:20:03,2023-09-28 01:46:19,210.61,39.605,86.39,80.29,37.93,-45.273764,-57.32035,-41.799125,-146.987861,East
1538,36,39,2023-11-17 00:17:27,2023-11-17 06:43:05,207.73,32.367,32.32,47.42,5,-58.410227,-111.201943,12.469337,-125.121973,West
1539,31,4,2024-03-12 17:14:09,2024-03-12 21:48:16,232.68,41.176,50.93,50.65,5,-52.903933,0.542589,-61.498469,32.909262,Central
1540,33,28,2023-11-06 15:55:29,2023-11-06 18:18:28,81.91,12.8,34.37,61.56,47.63,-26.131159,97.878486,7.32486,-154.45503,Central
1541,45,3,2023-08-28 15:03:19,2023-08-28 17:55:42,137.05,26.632,47.7,86.92,53.5,70.193119,-150.142382,76.521669,-111.750478,North
1542,45,8,2024-04-21 08:48:52,2024-04-21 13:24:16,185.17,45.188,40.34,65.08,8.38,-10.438508,153.913024,-27.302843,88.418656,North
1543,2,25,2023-03-12 02:25:56,2023-03-12 06:35:01,235.23,52.203,56.66,52.93,5,-68.407726,-54.772682,54.479999,144.87836,North
1544,6,4,2024-02-07 20:19:05,2024-02-07 21:14:20,67.09,15.469,72.84,94.04,64.23,9.210456,45.717863,50.90689,-44.933591,Central
1545,30,15,2023-08-14 09:29:12,2023-08-14 11:50:00,241.38,37.625,102.85,51.55,5,0.527297,-21.78069,-47.913902,-178.041708,South
1546,18,1,2023-01-29 00:29:10,2023-01-29 03:18:00,254.42,48.386,90.41,64.23,6.76,35.484319,156.879028,73.455013,-52.32635,South
1547,36,3,2023-05-02 21:40:34,2023-05-03 00:26:50,88.51,18.814,31.94,71.05,41.28,-69.511052,16.438583,54.496283,-135.848074,West
1548,3,18,2024-08-05 11:26:10,2024-08-05 11:53:00,41.47,6.044,92.72,72.59,65.87,72.105271,77.961094,83.359684,-103.209102,North
1549,21,6,2023-03-01 10:34:05,2023-03-01 10:52:24,26.8,4.82,87.77,79.56,73.13,-31.157627,78.708161,3.175209,161.703865,West
1550,1,35,2024-04-14 19:37:43,2024-04-15 02:57:50,276.1,48.852,37.64,68.23,5,76.725397,-110.499922,25.946269,22.953473,East
1551,43,20,2024-09-01 13:12:21,2024-09-01 14:37:17,100.5,16.37,70.99,31.52,11.11,-85.313671,103.832174,48.755505,3.922211,West
1552,15,7,2023-07-25 06:20:56,2023-07-25 10:10:18,290.93,52.817,76.1,54.48,5,-23.907155,-68.936073,-14.608761,2.355734,West
1553,17,27,2024-03-11 17:43:41,2024-03-11 19:22:50,87.17,16.631,52.75,75.69,40.68,40.659318,-140.018088,22.701583,49.783522,South
1554,29,2,2024-01-22 01:24:06,2024-01-22 03:28:16,219.63,47.385,106.12,79.58,5,-12.321692,-118.082196,-41.498677,171.762323,North
1555,33,15,2024-03-24 20:27:15,2024-03-25 01:11:27,292.68,51.037,61.79,45.09,5,45.822309,-160.364651,-34.794008,132.125298,Central
1556,41,7,2024-05-14 07:00:23,2024-05-14 09:20:05,96.63,13.532,41.5,70.94,43.82,-13.444933,115.421193,-9.425638,-148.153235,East
1557,40,11,2023-06-11 07:28:10,2023-06-11 11:13:46,260.12,38.227,69.18,46.25,5,23.171981,170.105602,-31.263465,9.030525,East
1558,44,31,2024-02-11 12:59:19,2024-02-11 15:53:11,218.29,48.48,75.33,45.11,5,28.634532,-0.413703,-13.388082,-77.989004,Central
1559,19,27,2023-08-30 21:56:28,2023-08-31 00:15:02,223.45,47.523,96.75,32.37,5,77.52343,-126.936831,-51.338316,-118.829175,South
1560,43,27,2024-11-07 20:35:37,2024-11-07 20:40:17,6.64,1.496,85.23,79.08,77.21,72.256347,-12.392696,-14.385888,-106.641557,West
1561,39,32,2023-09-01 03:02:39,2023-09-01 08:56:22,288.05,54.142,48.86,59.99,5,-6.514896,36.80151,-33.091716,93.305996,East
1562,40,6,2024-12-16 12:58:45,2024-12-16 13:23:52,35.99,7.948,85.94,54.42,45.4,7.996736,-94.027631,12.883852,44.584887,East
1563,13,34,2024-08-04 02:30:13,2024-08-04 03:23:43,40.84,5.866,45.79,86.53,76.85,-53.52576,159.863766,84.586236,5.999818,East
1564,32,32,2023-05-13 14:29:25,2023-05-13 17:07:34,189.72,44.566,71.97,39.09,5,-80.55925,-156.02233,-0.811631,146.068719,East
1565,31,26,2023-01-08 04:35:29,2023-01-08 06:01:06,92.54,22.268,64.84,49.12,24.24,60.300258,-141.724087,4.137825,123.837558,Central
1566,49,18,2024-02-10 19:44:06,2024-02-10 20:43:28,100.1,15.006,101.16,66.65,49.14,86.324899,-29.489717,10.788728,163.400421,Central
1567,22,34,2024-06-16 01:46:14,2024-06-16 02:35:46,65.32,12.563,79.12,76.44,63.24,49.448294,164.547168,-72.566467,-55.204152,Central
1568,19,31,2023-12-26 12:42:42,2023-12-26 13:54:06,67.13,16.752,56.41,78.54,60.25,-84.606736,127.034191,-58.826025,-101.62799,South
1569,11,11,2024-02-12 07:07:22,2024-02-12 10:18:09,215.95,32.718,67.91,50.65,5,-45.469086,-77.078222,-81.626265,-116.242322,North
1570,35,5,2023-01-05 08:26:12,2023-01-05 10:35:29,96.99,18.867,45.01,75.11,41.42,-72.383782,142.996841,-81.676237,73.277518,West
1571,26,7,2023-02-17 11:07:54,2023-02-17 13:34:23,189.37,39.079,77.56,34.34,5,0.682744,169.161693,-50.638401,-74.383865,East
1572,17,23,2024-05-03 10:05:13,2024-05-03 10:17:19,9.17,2.195,45.41,48.47,43.85,-87.961594,53.572659,-27.377425,128.217395,South
1573,32,38,2024-07-20 11:34:05,2024-07-20 12:45:31,95.2,15.286,79.96,56.21,33.8,-51.959654,6.911266,-16.887412,-168.585314,East
1574,39,13,2023-03-02 04:15:34,2023-03-02 08:57:43,179.83,27.226,38.24,44.07,5,-24.692967,64.881735,13.269109,-17.996445,East
1575,41,7,2023-04-09 09:56:07,2023-04-09 13:03:12,240.08,40.722,76.99,79.79,5,-59.275711,92.97563,80.825124,-87.530981,East
1576,42,39,2023-08-04 08:04:53,2023-08-04 11:20:32,290.16,69.379,88.98,70.03,5,47.767028,64.302291,84.207072,39.505663,Central
1577,16,11,2023-01-03 01:47:13,2023-01-03 03:57:01,236.09,53.451,109.13,35.94,5,-88.036875,-36.587974,77.307038,-153.311788,East
1578,12,10,2023-05-09 00:26:14,2023-05-09 05:16:33,145.26,35.789,30.02,35.06,5,74.825912,-50.174621,29.974533,111.172527,East
1579,11,33,2024-09-18 23:56:22,2024-09-19 01:33:31,134.71,25.601,83.19,51.26,5,58.584981,77.381396,84.620159,74.265205,North
1580,10,16,2024-03-11 01:51:43,2024-03-11 03:10:42,121.01,20.886,91.91,75.91,44.88,-26.469558,94.501401,41.182153,-62.640655,North
1581,38,21,2024-02-17 04:41:41,2024-02-17 05:03:09,28.07,4.209,78.43,43.9,37.06,22.036787,106.783708,45.903682,27.511943,North
1582,45,18,2024-07-06 12:28:54,2024-07-06 13:12:26,47.15,10.062,64.98,58.71,46.09,13.789713,4.236946,5.829599,77.427949,North
1583,19,8,2024-03-09 08:06:16,2024-03-09 11:23:43,270.43,63.263,82.17,41.57,5,38.806288,0.35486,-8.319866,-141.49225,South
1584,34,23,2024-07-19 20:03:57,2024-07-19 21:42:18,130.1,31.286,79.36,86.96,28.48,-31.144089,21.359709,-64.201512,-105.153293,West
1585,15,25,2023-10-18 15:42:10,2023-10-18 16:20:47,57.81,10.582,89.81,30.69,17.5,-38.14474,-80.14665,58.207026,9.620898,West
1586,38,13,2023-01-05 08:39:45,2023-01-05 11:49:26,177.93,42.685,56.28,89.22,19.81,-4.6508,38.582394,58.358787,-63.50084,North
1587,37,1,2024-04-16 07:05:41,2024-04-16 08:08:26,85.54,15.209,81.78,71.71,55.02,41.985546,-170.726721,-13.237445,74.426743,North
1588,50,17,2023-08-01 22:58:14,2023-08-02 00:43:47,189.45,44.252,107.69,83.52,17.08,21.979163,-140.946349,63.616022,34.743741,North
1589,35,39,2024-05-06 01:48:33,2024-05-06 04:58:37,139.07,28.886,43.9,78.75,27.17,-46.835302,152.284597,64.049161,79.728904,West
1590,39,7,2023-01-30 15:58:48,2023-01-30 17:25:21,114.01,24.475,79.03,76.37,34.1,-58.532295,38.642918,86.726622,-155.417132,East
1591,14,9,2023-03-06 07:57:46,2023-03-06 09:16:52,128.77,26.591,97.66,33.64,5,-87.306892,89.447161,33.229047,154.217303,East
1592,4,21,2023-03-17 17:04:27,2023-03-17 22:01:05,258.08,53.839,52.2,85.42,5,88.340867,140.622118,-14.202153,-77.554756,West
1593,2,22,2024-10-12 07:54:35,2024-10-12 09:54:10,203.24,30.548,101.97,88.35,37.61,83.48947,38.456116,56.886149,151.471522,North
1594,42,24,2024-02-06 01:17:01,2024-02-06 01:23:38,9.18,1.929,83.16,57.06,54.49,34.014136,-50.808369,-68.481696,164.129772,Central
1595,4,5,2023-05-30 20:39:39,2023-05-31 00:12:11,248.39,34.794,70.12,77.38,18.31,60.095993,136.642673,24.287968,-137.692886,West
1596,33,3,2023-08-03 00:10:00,2023-08-03 02:20:05,184.52,38.055,85.1,56.6,15.19,0.222932,-54.120666,82.742423,-88.200977,Central
1597,1,20,2023-08-01 15:18:53,2023-08-01 19:38:11,170.37,39.242,39.42,60.31,5,62.221726,164.845411,82.069351,99.904616,East
1598,8,37,2024-12-23 13:32:34,2024-12-23 17:08:44,141.59,30.802,39.3,35.89,5,-68.978535,-109.991175,47.130621,121.342468,North
1599,14,21,2024-04-04 03:48:26,2024-04-04 09:48:47,189.85,24.918,31.61,41.01,5,-87.750157,87.314611,-35.122959,77.202886,East
1600,45,24,2023-12-24 13:31:45,2023-12-24 13:51:31,28.98,6.679,87.94,46.04,37.66,3.060315,-98.186943,-82.345372,122.157691,North
1601,46,13,2024-08-03 12:42:10,2024-08-03 18:18:54,227.97,48.947,40.62,33.47,5,-73.651419,121.710141,81.271013,-108.704555,South
1602,14,18,2023-04-20 01:43:54,2023-04-20 04:27:06,171.69,27.94,63.12,84.29,25.59,-21.080602,-31.211728,53.532303,-15.606997,East
1603,15,12,2023-08-18 01:56:14,2023-08-18 03:11:16,81.51,14.07,65.17,36.01,18.47,-4.390436,-170.098214,-73.723794,-11.36703,West
1604,28,23,2024-08-22 22:01:49,2024-08-23 00:58:34,194.34,44.661,65.97,71.02,5,20.411209,-97.063057,-88.127194,-133.735167,Central
1605,3,38,2023-10-27 13:36:33,2023-10-27 14:17:01,50.93,9.272,75.5,94.59,84.29,-76.024203,-82.625358,-63.761649,37.359099,North
1606,46,19,2023-06-11 03:05:29,2023-06-11 04:04:37,105.94,23.219,107.48,65.85,29.63,-42.545516,-87.048898,11.528901,-167.795252,South
1607,21,6,2024-02-03 16:05:31,2024-02-03 20:41:39,233.16,31.191,50.66,60.4,18.81,-6.217877,86.997654,-39.889626,-140.12445,West
1608,10,34,2024-05-26 08:12:04,2024-05-26 11:00:42,191.18,32.263,68.02,60.37,12.43,-68.880639,28.417021,30.352411,47.53232,North
1609,41,25,2024-05-26 07:41:27,2024-05-26 13:09:01,178.58,36.705,32.71,75.58,5,-77.478644,111.694984,-2.133597,-84.372718,East
1610,1,11,2023-11-24 07:36:36,2023-11-24 10:09:42,145.27,22.147,56.93,88.69,41.27,-67.800902,86.307068,24.13028,-124.923994,East
1611,27,20,2023-05-07 09:47:55,2023-05-07 12:58:40,142.72,32.413,44.89,31.41,5,33.285019,134.432013,-9.819038,28.889926,South
1612,34,38,2024-03-23 08:46:10,2024-03-23 11:08:29,209.88,33.419,88.48,60.78,5,-57.308087,-122.26347,14.371962,147.679455,West
1613,28,39,2023-09-20 10:30:26,2023-09-20 12:52:49,147.35,35.582,62.09,32.61,5,-59.277921,-46.569085,47.978996,3.525167,Central
1614,17,33,2023-03-25 18:34:07,2023-03-25 19:58:26,129.19,23.007,91.93,92.01,43.57,33.462429,-103.827877,52.198129,-156.166407,South
1615,2,11,2024-02-02 20:10:52,2024-02-02 21:10:53,54.08,11.558,54.05,68.8,49.6,9.189004,86.049522,64.43234,-122.320847,North
1616,38,13,2024-03-17 04:04:07,2024-03-17 09:41:01,226.8,55.609,40.39,51.65,5,50.955152,52.355071,-52.503442,-145.368379,North
1617,8,20,2024-09-07 20:02:44,2024-09-07 22:29:56,230.92,34.601,94.12,59.82,5,86.840279,-69.336825,9.140417,147.628151,North
1618,1,10,2023-06-05 15:50:54,2023-06-05 20:45:19,265.47,42.035,54.1,35.22,5,42.90317,118.251333,30.806058,-55.26212,East
1619,16,28,2023-03-12 00:49:57,2023-03-12 05:59:49,218.62,48.768,42.33,66.1,5,-74.161107,-73.41771,11.476935,8.829907,East
1620,1,31,2023-05-04 18:07:22,2023-05-04 19:41:58,106.69,22.816,67.66,74.64,25.78,4.918696,-13.443604,-34.853198,123.854123,East
1621,35,25,2024-10-07 17:25:52,2024-10-07 20:17:56,141.73,25.017,49.42,89.6,44.93,71.273077,-128.942792,67.364255,0.177512,West
1622,25,9,2023-11-07 14:22:11,2023-11-07 16:39:31,233.11,50.735,101.84,83.29,29.03,-4.529383,-28.093152,-87.322458,59.749605,East
1623,32,39,2023-11-02 21:54:10,2023-11-03 00:43:03,162.56,40.059,57.75,73.54,14.8,-62.662129,45.658723,74.479019,71.727333,East
1624,2,15,2024-11-18 20:33:33,2024-11-18 22:34:37,184.51,31.511,91.43,53.99,5,-22.797249,-179.252301,-34.174625,-145.75341,North
1625,1,40,2024-04-10 09:20:30,2024-04-10 11:32:22,226.75,33.235,103.17,71.96,5,46.659243,100.366762,5.531396,-26.149849,East
1626,15,3,2023-06-14 01:39:22,2023-06-14 04:10:09,94.07,14.26,37.43,54.96,37.18,6.678793,-123.225416,84.771242,-74.496965,West
1627,12,19,2023-08-30 15:10:35,2023-08-30 16:25:15,119.11,29.185,95.7,32.26,5,51.427805,-77.348297,-67.077037,170.573879,East
1628,31,12,2023-05-08 00:39:36,2023-05-08 02:22:31,122.47,27.77,71.39,36.92,5.89,55.945022,116.431262,-76.238268,122.317763,Central
1629,27,7,2024-05-24 10:16:36,2024-05-24 13:01:42,259.43,43.658,94.28,30.79,5,-69.681292,61.934775,-4.73151,-59.45173,South
1630,41,33,2023-10-26 06:05:51,2023-10-26 12:48:17,207.46,43.654,30.93,72.5,5,62.473596,-99.862992,0.605031,-133.834668,East
1631,32,4,2023-08-24 07:28:53,2023-08-24 08:56:24,130.37,29.575,89.37,37.54,5,-33.043995,159.054214,20.968836,-77.432876,East
1632,33,33,2023-10-17 13:58:03,2023-10-17 16:40:28,235.4,58.053,86.96,84.87,21.7,69.154886,-124.88795,-11.165064,156.904362,Central
1633,10,12,2023-11-26 09:08:48,2023-11-26 11:48:50,161.85,23.961,60.68,73.86,38.26,-79.549738,18.678222,-87.526954,-107.656614,North
1634,26,38,2023-07-20 06:25:18,2023-07-20 07:05:15,63.3,11.685,95.03,77.3,54.34,36.223808,-60.910851,-88.515723,16.591204,East
1635,4,30,2023-08-07 19:31:43,2023-08-07 19:41:49,16.75,2.278,99.43,59.92,56.05,79.586633,67.51031,2.714832,-124.504927,West
1636,43,24,2023-07-15 23:42:45,2023-07-16 01:16:01,130.58,17.344,84.0,79.84,58.21,86.011205,-130.249529,-53.371331,32.67318,West
1637,21,12,2023-08-16 18:23:02,2023-08-16 21:53:45,110.28,22.753,31.4,51.1,20.76,-58.37789,-5.391776,-65.73833,112.186686,West
1638,43,8,2023-10-05 11:31:11,2023-10-05 14:34:00,220.91,33.364,72.5,55.75,14.15,-2.280197,-124.519239,10.562917,117.008419,West
1639,39,7,2023-04-08 21:49:42,2023-04-09 00:32:57,219.4,35.754,80.63,58.02,5,-66.313081,-47.463393,41.38616,119.553908,East
1640,34,40,2023-07-09 14:22:00,2023-07-09 17:03:54,276.04,63.064,102.29,90.6,5,-32.333808,171.965585,-50.382567,-97.021257,West
1641,41,30,2023-02-01 13:36:10,2023-02-01 14:03:49,27.58,6.818,59.82,39.54,25.88,51.983361,-43.729677,59.906081,125.948079,East
1642,45,7,2023-10-24 15:22:27,2023-10-24 17:08:56,156.23,32.247,88.03,51.96,11.5,-35.033789,178.569768,79.72127,13.770463,North
1643,24,28,2023-11-08 06:19:38,2023-11-08 06:26:11,11.6,2.417,106.03,46.7,44.14,46.296802,-53.116671,-51.7091,33.525905,North
1644,8,28,2023-04-01 10:19:38,2023-04-01 13:29:14,239.13,48.751,75.67,94.67,5,72.949338,-67.784771,7.230678,11.233145,North
1645,39,16,2024-06-23 05:53:27,2024-06-23 09:54:22,240.69,53.261,59.94,60.74,5,-49.909579,-55.084316,-26.824373,176.063426,East
1646,32,18,2024-08-03 02:39:43,2024-08-03 07:18:11,208.21,28.21,44.86,62.6,21.24,-18.838049,104.797803,34.707161,69.388288,East
1647,30,12,2024-06-10 18:43:05,2024-06-10 21:38:50,89.05,19.933,30.4,43.46,5,-85.963568,-57.898497,-36.928691,-152.708651,South
1648,48,9,2023-08-02 10:03:32,2023-08-02 11:08:02,83.78,14.09,77.93,93.43,79.07,24.273423,-139.485778,-60.962818,-174.624455,East
1649,17,15,2023-01-15 00:54:13,2023-01-15 05:23:42,214.16,46.554,47.68,69.74,5,19.225911,-131.36889,-64.9707,55.840897,South
1650,43,30,2024-04-01 15:30:51,2024-04-01 17:10:40,129.13,24.157,77.62,65.19,35.07,-60.131896,120.127244,-29.477691,31.927023,West
1651,40,1,2023-09-24 09:03:53,2023-09-24 10:53:32,105.48,19.56,57.71,58.88,36.68,8.43997,78.857685,-71.079382,174.997385,East
1652,36,14,2024-02-18 09:40:46,2024-02-18 12:11:38,210.83,28.224,83.84,46.62,5,-62.057918,-145.040556,74.836603,92.709651,West
1653,41,6,2024-05-05 09:51:07,2024-05-05 11:13:01,148.53,32.641,108.8,35.4,5,67.429771,76.873142,9.618384,144.306746,East
1654,38,24,2023-08-25 03:34:51,2023-08-25 05:13:48,91.09,12.165,55.23,73.84,54.06,-89.797823,176.221506,-11.202457,118.202519,North
1655,44,38,2023-05-10 12:09:09,2023-05-10 14:40:05,189.16,41.954,75.19,57.0,10.12,3.326741,-31.437077,-36.690374,-160.249117,Central
1656,22,36,2024-07-31 22:08:05,2024-08-01 01:12:18,149.77,21.837,48.78,89.88,66.94,-13.079541,-104.955618,-50.112625,-171.544959,Central
1657,43,8,2023-03-17 07:50:05,2023-03-17 10:25:50,121.75,20.055,46.9,37.19,12.18,23.17498,-74.291484,-33.465162,-65.302653,West
1658,13,26,2024-03-03 06:03:16,2024-03-03 07:26:50,125.51,25.342,90.1,57.18,15.36,72.828141,-178.061274,22.486549,61.615582,East
1659,25,24,2024-05-04 13:11:23,2024-05-04 13:32:54,36.16,8.006,100.78,92.42,83.86,87.903453,-42.30449,-84.910733,57.088992,East
1660,25,33,2024-02-21 00:48:42,2024-02-21 04:11:16,162.09,35.793,48.01,56.26,17.98,32.447282,-176.450793,66.581031,-25.671342,East
1661,22,29,2023-05-02 22:05:30,2023-05-03 04:22:10,277.55,53.822,44.21,48.75,5,-85.346092,99.402491,4.166592,-81.861475,Central
1662,26,30,2024-05-24 16:16:46,2024-05-24 16:49:24,55.82,11.631,102.58,54.92,32.07,-10.549323,10.430029,14.323298,179.924379,East
1663,31,27,2023-05-27 16:53:03,2023-05-27 19:18:29,192.74,39.394,79.51,39.01,5,-26.550823,171.17704,-79.372325,-33.081025,Central
1664,8,39,2024-03-19 04:28:11,2024-03-19 06:33:41,220.98,35.355,105.64,51.13,5,1.384574,60.907595,9.248252,-34.174652,North
1665,41,31,2024-06-15 13:27:07,2024-06-15 13:59:09,31.84,7.515,59.62,78.29,63.23,-79.183674,138.598122,1.988627,120.331458,East
1666,46,25,2024-03-04 19:05:42,2024-03-04 22:31:28,155.84,28.82,45.44,89.36,44.4,-26.502608,146.803453,-40.524594,129.677111,South
1667,18,12,2024-01-02 17:51:57,2024-01-02 20:34:47,281.46,46.485,103.71,50.98,5,-70.281785,54.554282,-73.146102,44.993324,South
1668,2,14,2024-03-24 15:17:10,2024-03-24 18:07:47,141.05,35.088,49.6,69.21,10.92,50.497804,-153.988509,31.401667,-35.579484,North
1669,14,30,2024-01-24 12:40:56,2024-01-24 14:44:30,194.21,45.571,94.29,84.46,5,53.552783,4.355969,46.531604,-126.843274,East
1670,13,16,2023-12-26 00:15:37,2023-12-26 06:23:08,218.0,46.182,35.59,78.66,5,-24.867289,29.247646,-57.694316,-132.352726,East
1671,31,34,2024-01-01 05:20:06,2024-01-01 12:36:49,259.34,41.807,35.63,57.11,10.4,12.400457,-120.580501,49.272894,-17.167949,Central
1672,39,8,2024-07-09 23:22:59,2024-07-10 02:14:45,234.1,31.099,81.77,64.72,11.01,-7.418108,39.939468,41.23879,138.951453,East
1673,35,4,2023-08-16 13:13:38,2023-08-16 15:45:59,244.44,32.948,96.26,77.13,18.29,1.097685,82.117596,-17.635482,101.363379,West
1674,30,33,2024-05-03 18:24:33,2024-05-03 21:28:04,196.64,29.008,64.29,38.06,5,-57.659934,52.305615,22.902177,112.559996,South
1675,19,38,2024-08-08 07:42:33,2024-08-08 10:25:37,238.53,49.801,87.76,53.82,5,-80.183251,21.632304,-4.483579,-13.106717,South
1676,12,16,2024-09-09 22:11:04,2024-09-10 01:03:53,147.36,31.424,51.16,51.45,5,36.323501,9.339422,-39.714984,-56.957433,East
1677,34,32,2024-08-07 11:39:46,2024-08-07 13:10:56,77.19,14.154,50.8,49.19,22.73,-2.609815,137.210772,-58.322733,88.799544,West
1678,33,17,2024-03-17 08:35:49,2024-03-17 11:13:13,86.21,16.605,32.86,39.1,21.03,18.117438,160.574426,-7.511069,42.077116,Central
1679,2,15,2024-11-14 15:34:08,2024-11-14 17:30:25,114.4,27.842,59.02,48.93,5,-73.512488,-133.070891,50.32911,119.373697,North
1680,13,37,2024-05-07 08:39:05,2024-05-07 09:44:29,94.9,14.096,87.05,73.76,50.5,30.356108,82.594244,37.243276,-77.385326,East
1681,50,9,2023-04-24 19:26:42,2023-04-24 21:18:38,184.2,28.984,98.73,46.72,5,-73.618035,115.226658,-51.259479,128.571524,North
1682,16,38,2023-08-24 07:31:11,2023-08-24 09:05:40,48.77,9.317,30.97,53.67,38.12,68.016814,-8.906385,-56.443048,164.882795,East
1683,38,26,2024-01-06 11:26:45,2024-01-06 15:44:31,187.45,27.875,43.63,52.37,7.04,20.444595,-105.692172,36.986033,11.583105,North
1684,37,21,2024-02-11 11:42:59,2024-02-11 12:52:47,115.44,17.35,99.23,61.54,42.49,25.331003,170.657754,-86.451695,30.909509,North
1685,38,31,2023-05-17 05:27:26,2023-05-17 07:54:15,147.78,20.36,60.39,73.47,40.36,-73.003598,-170.996539,-44.360571,22.82069,North
1686,17,20,2023-06-10 08:07:13,2023-06-10 09:28:54,71.17,15.993,52.27,80.57,46.9,44.023125,78.072874,-23.339644,116.734579,South
1687,46,13,2023-10-04 21:40:08,2023-10-04 23:40:57,152.14,20.001,75.55,71.51,40.31,-3.071332,-1.975048,0.442342,-0.920947,South
1688,38,15,2024-07-29 20:17:06,2024-07-29 21:03:49,64.75,9.185,83.14,55.9,40.97,-61.302233,-151.675128,87.846236,-111.204517,North
1689,26,33,2023-02-22 04:39:23,2023-02-22 05:27:07,85.08,16.55,106.93,85.03,52.52,-23.09256,-132.484771,-89.885133,-100.511347,East
1690,8,4,2023-12-13 21:50:23,2023-12-14 01:17:39,172.18,37.661,49.84,46.64,5,-67.034023,-95.85544,74.186668,-51.86027,North
1691,50,16,2023-06-27 08:33:53,2023-06-27 11:41:58,208.44,42.333,66.49,32.62,5,68.766181,90.697759,64.57184,27.748941,North
1692,40,18,2023-03-12 23:03:31,2023-03-13 01:35:14,224.22,53.53,88.67,89.64,28.88,-18.287033,49.084942,87.916672,165.887906,East
1693,11,34,2023-08-24 03:52:17,2023-08-24 04:20:51,22.96,4.586,48.21,68.07,58.35,21.633816,-30.694317,89.238821,-7.041697,North
1694,34,7,2024-02-22 01:10:06,2024-02-22 08:56:39,265.08,36.784,34.09,81.35,12.59,-0.1779,-104.308991,-30.394803,168.169141,West
1695,35,8,2023-12-10 05:34:37,2023-12-10 06:13:24,29.6,4.612,45.79,65.25,57.01,-62.750332,79.211232,-82.327035,-170.874599,West
1696,36,20,2024-03-18 05:04:00,2024-03-18 05:11:17,7.83,1.694,64.38,88.82,86.14,25.915555,-33.304093,20.477148,-77.287236,West
1697,33,13,2024-04-02 10:35:29,2024-04-02 13:39:27,242.7,31.565,79.15,59.66,25.31,-0.528999,-60.950578,47.67438,-76.915872,Central
1698,31,39,2023-07-30 07:01:08,2023-07-30 10:25:33,150.32,28.817,44.12,62.97,30.77,16.994383,-170.62991,60.467472,-164.329667,Central
1699,46,20,2023-07-25 05:02:35,2023-07-25 10:16:05,260.84,51.477,49.92,47.89,5,86.611081,-71.903326,-41.501936,147.074485,South
1700,24,29,2023-03-28 13:57:08,2023-03-28 16:43:40,293.28,49.36,105.66,61.69,9.46,36.505358,-164.317076,-74.685582,-150.031689,North
1701,37,31,2024-01-21 02:09:24,2024-01-21 03:39:50,53.12,8.848,35.24,58.08,48.37,20.589308,-74.020982,42.287465,123.389686,North
1702,33,22,2024-05-10 11:00:01,2024-05-10 13:10:04,207.65,29.703,95.8,42.58,10.26,57.006787,88.540653,-34.604354,-42.162632,Central
1703,17,14,2023-08-27 14:37:45,2023-08-27 17:22:53,153.03,21.784,55.6,64.48,18.62,42.44372,16.556992,-65.988867,148.701961,South
1704,24,40,2023-06-13 08:07:32,2023-06-13 12:13:09,173.45,38.5,42.37,40.17,5,23.964255,-152.340707,25.790133,27.463959,North
1705,13,11,2024-04-18 21:31:16,2024-04-19 01:05:51,200.46,37.457,56.05,63.57,5,-70.509409,-74.76483,-30.466311,-90.704718,East
1706,43,27,2024-08-28 15:41:06,2024-08-28 20:13:32,219.31,53.099,48.3,47.09,5,60.716851,139.774064,-48.527932,-135.662949,West
1707,24,24,2023-04-23 14:44:41,2023-04-23 15:49:35,95.34,16.002,88.14,83.9,66.97,72.500979,-104.888199,23.557933,-107.768457,North
1708,24,28,2024-03-13 12:25:10,2024-03-13 14:19:49,121.09,21.613,63.37,79.54,56.67,-74.52596,166.086476,-66.479612,42.836777,North
1709,31,23,2024-05-16 14:26:55,2024-05-16 16:41:41,242.58,32.102,108.0,79.86,43.99,-4.126731,-27.078229,-6.862429,138.644705,Central
1710,15,14,2024-05-29 05:35:33,2024-05-29 09:37:54,216.42,36.493,53.58,54.28,8.78,-7.044959,151.831426,49.631526,159.720654,West
1711,29,21,2024-03-09 11:08:40,2024-03-09 14:50:50,170.19,32.396,45.96,43.97,5,7.113588,-171.990495,-69.665888,-64.966738,North
1712,21,7,2023-02-27 19:25:05,2023-02-27 20:47:14,76.73,16.616,56.04,61.18,39.03,-55.87912,-98.669833,-27.116523,-49.632249,West
1713,35,3,2024-08-29 19:08:39,2024-08-29 21:29:27,199.53,37.6,85.02,89.08,21.94,27.742282,-165.681611,69.162619,-175.320847,West
1714,21,39,2024-03-31 05:57:49,2024-03-31 08:59:48,115.63,18.862,38.12,71.58,46.43,0.841678,-18.939282,-67.867186,-56.072383,West
1715,28,29,2024-12-18 09:15:55,2024-12-18 10:34:36,88.85,12.339,67.75,87.26,66.02,63.800403,125.618735,-54.880063,155.509447,Central
1716,31,10,2024-11-09 19:37:13,2024-11-09 20:32:09,49.37,6.939,53.91,43.0,35.25,47.900497,-131.011288,-16.614539,173.041341,Central
1717,18,21,2024-03-20 20:31:12,2024-03-20 22:31:34,166.24,37.916,82.86,66.18,21.15,-70.690042,142.952725,28.541976,-128.285724,South
1718,50,2,2023-04-20 02:30:18,2023-04-20 09:04:22,232.77,50.131,35.44,81.08,5.81,-51.578291,38.037749,41.166804,-161.008221,North
1719,25,24,2024-12-04 00:21:07,2024-12-04 02:56:47,232.95,39.264,89.78,43.96,5,-83.99936,47.12803,-76.497995,39.405497,East
1720,17,30,2023-10-09 07:58:05,2023-10-09 09:11:38,103.24,16.585,84.21,75.76,40.84,-30.764993,138.561619,85.518114,-10.616672,South
1721,2,9,2023-04-03 13:52:14,2023-04-03 16:53:59,194.46,43.904,64.19,82.39,9.46,-15.334188,-74.088463,-28.399998,-36.492004,North
1722,38,4,2024-12-10 03:13:18,2024-12-10 08:10:50,296.94,74.08,59.88,66.77,5,-27.358878,7.67868,-21.925503,-141.437509,North
1723,37,21,2024-09-05 17:13:50,2024-09-05 20:20:48,163.95,22.634,52.61,51.69,26.84,-49.207764,-16.364406,-71.887244,-43.741027,North
1724,6,37,2023-03-13 13:40:46,2023-03-13 16:50:32,292.4,66.033,92.45,64.56,5,-32.285038,81.707343,-79.274557,109.39922,Central
1725,8,37,2024-12-17 12:35:17,2024-12-17 14:20:02,143.19,19.87,82.01,42.41,5.82,-65.954084,110.678614,53.204999,48.285905,North
1726,49,28,2024-09-27 04:04:20,2024-09-27 05:23:00,86.68,18.955,66.1,87.24,65.12,-67.038297,-58.843994,67.342511,88.185349,Central
1727,46,22,2023-02-26 17:17:57,2023-02-26 18:04:11,58.59,13.109,76.02,59.51,39.06,14.155245,57.762729,7.743221,31.59406,South
1728,32,2,2023-11-08 19:52:11,2023-11-09 01:35:26,174.55,23.087,30.51,83.83,49.98,-11.529832,2.097506,25.108981,-10.26364,East
1729,17,21,2023-11-28 18:38:47,2023-11-28 19:08:53,49.4,10.973,98.45,67.98,44.88,77.799164,107.021947,-33.278691,105.741109,South
1730,39,30,2024-05-22 16:13:25,2024-05-22 18:25:16,201.29,34.734,91.59,67.34,7.35,13.669957,123.696836,12.117957,-10.573889,East
1731,41,10,2023-05-27 16:22:12,2023-05-27 21:22:56,233.03,31.027,46.49,41.8,5,-49.412887,-177.494572,-84.233945,-52.900447,East
1732,43,3,2024-08-28 10:14:51,2024-08-28 10:58:58,42.56,9.979,57.88,34.5,22.06,44.282708,-89.914081,46.641575,-164.0296,West
1733,17,14,2023-06-06 15:59:13,2023-06-06 17:27:45,94.36,22.869,63.94,47.62,5,22.197699,-88.946812,-1.587916,-58.211348,South
1734,16,23,2023-01-22 04:50:33,2023-01-22 05:17:20,45.51,10.472,101.91,58.58,41.1,88.118374,17.57886,-37.463057,-61.782506,East
1735,29,2,2023-12-11 19:52:25,2023-12-11 22:31:36,260.92,35.461,98.34,43.56,5,45.385666,-77.341621,-38.993454,-166.4818,North
1736,33,26,2023-06-04 06:52:32,2023-06-04 07:57:42,65.66,9.267,60.44,82.94,72.86,65.9438,44.309468,11.345368,-139.036289,Central
1737,14,33,2024-12-10 08:49:58,2024-12-10 11:17:41,175.6,27.245,71.32,40.59,5,-64.01592,153.176454,45.418638,122.410712,East
1738,36,39,2023-10-06 08:52:49,2023-10-06 12:57:58,226.16,56.137,55.35,42.41,5,-10.076894,139.021115,-49.666322,-125.656591,West
1739,37,24,2024-01-07 06:10:24,2024-01-07 08:14:04,80.31,10.51,38.96,59.7,48.16,-69.04226,-115.370302,32.793208,129.488288,North
1740,31,26,2024-10-28 00:49:46,2024-10-28 01:24:58,34.52,4.758,58.83,50.15,44.83,-53.161097,-21.270218,-80.77734,-11.936212,Central
1741,46,20,2023-06-28 03:33:30,2023-06-28 11:43:00,299.91,53.013,36.76,71.83,5,56.246078,17.800639,71.688984,136.150394,South
1742,35,2,2023-08-02 09:04:47,2023-08-02 11:14:36,220.24,51.027,101.79,32.95,5,17.682313,-36.409399,-57.898198,156.055651,West
1743,14,37,2023-01-08 04:52:44,2023-01-08 05:53:07,42.74,9.466,42.46,75.18,55.29,15.644491,158.527806,-71.226816,-25.927912,East
1744,4,39,2024-09-15 05:27:08,2024-09-15 06:12:08,66.9,13.655,89.19,49.05,25.87,-34.737037,-121.547156,4.590181,42.551665,West
1745,13,27,2023-05-14 22:08:29,2023-05-14 22:55:55,56.52,12.837,71.49,39.84,18.66,42.788962,-125.627099,76.157807,-18.343985,East
1746,48,12,2023-10-11 13:21:39,2023-10-11 20:10:56,264.33,50.145,38.75,40.55,5,-54.408276,-115.808245,-59.726599,-22.266948,East
1747,24,26,2024-04-30 16:40:10,2024-04-30 17:51:07,115.09,15.355,97.31,70.42,54.17,81.633687,81.204314,29.388882,-156.700858,North
1748,2,22,2023-01-23 03:13:13,2023-01-23 11:22:53,267.2,64.029,32.74,86.68,5,-35.591507,-17.977569,-68.978825,-179.094638,North
1749,3,35,2023-10-20 20:28:29,2023-10-20 23:05:37,229.94,32.655,87.8,41.03,5,13.352136,-63.208244,-35.586019,-132.17389,North
1750,27,15,2023-03-13 13:18:50,2023-03-13 16:57:48,128.87,23.935,35.31,92.97,60.27,-18.226066,-136.570353,-3.136332,-63.292793,South
1751,31,35,2023-12-09 01:56:46,2023-12-09 02:30:59,44.65,7.473,78.26,71.4,63.05,82.689977,7.27067,-33.284492,60.462388,Central
1752,35,17,2023-04-10 13:47:43,2023-04-10 15:09:53,100.25,21.074,73.2,92.2,54.57,48.085882,173.017697,-49.557685,-30.218621,West
1753,9,31,2024-01-18 18:29:22,2024-01-18 20:47:25,225.87,35.307,98.16,42.76,5,85.79817,38.366282,65.275196,107.933407,West
1754,11,10,2023-06-25 04:35:27,2023-06-25 06:49:14,199.47,32.688,89.45,76.62,7.37,62.389186,-71.531631,-22.57186,99.151933,North
1755,44,7,2023-07-14 00:12:51,2023-07-14 01:48:59,71.74,12.155,44.77,72.86,59.28,-67.661678,156.981554,24.063378,-95.07398,Central
1756,34,38,2024-02-08 19:57:14,2024-02-08 21:23:55,157.49,37.474,109.01,47.34,5,53.028965,93.879467,-51.334967,-128.109638,West
1757,25,28,2023-10-19 02:13:55,2023-10-19 04:51:07,200.05,26.828,76.35,90.75,62.06,4.707223,42.636143,14.552821,100.043118,East
1758,29,4,2024-09-08 20:51:54,2024-09-08 22:17:13,63.38,8.499,44.57,39.29,21.95,-49.701724,-86.645394,50.677174,110.688846,North
1759,18,11,2023-11-05 04:12:34,2023-11-05 05:31:52,100.15,17.153,75.77,61.45,41.08,-70.037908,-158.824516,47.848812,-7.298889,South
1760,45,37,2023-11-12 01:59:30,2023-11-12 04:55:25,138.37,27.052,47.19,70.39,36.45,32.090482,69.500337,-32.926809,-5.70644,North
1761,10,18,2024-05-24 02:40:09,2024-05-24 04:53:56,231.71,54.939,103.91,51.92,5,80.486755,-86.368857,-1.615889,-125.387441,North
1762,19,22,2024-09-18 19:21:21,2024-09-18 22:12:49,262.23,37.127,91.76,59.66,19.13,-66.669416,159.621316,15.574914,-178.8898,South
1763,26,34,2023-07-24 04:07:40,2023-07-24 04:31:35,23.62,5.805,59.23,71.75,60.35,-11.4241,-13.196915,3.988558,6.878596,East
1764,11,7,2023-06-26 09:55:04,2023-06-26 12:57:11,292.65,63.073,96.41,37.82,5,47.848439,23.723483,80.139746,64.219603,North
1765,11,23,2023-08-27 11:27:41,2023-08-27 13:19:35,138.51,34.067,74.26,91.07,18.89,-12.389518,-20.548901,-39.460837,98.673579,North
1766,37,12,2023-11-05 19:01:12,2023-11-05 21:28:05,246.91,36.297,100.85,63.21,23.37,1.063295,-45.557117,-52.848174,-116.298635,North
1767,49,15,2024-08-25 16:02:10,2024-08-25 16:08:53,9.93,2.007,88.67,53.01,50.67,19.124688,140.355048,80.066977,-21.321717,Central
1768,12,37,2024-10-29 22:11:10,2024-10-30 02:58:13,161.52,31.454,33.76,64.66,8.39,-44.704787,131.386923,24.700767,25.177789,East
1769,50,34,2023-05-10 12:30:35,2023-05-10 15:32:51,115.47,23.8,38.01,40.77,5.03,-50.573315,179.409521,26.277763,30.669661,North
1770,44,15,2024-10-16 23:06:37,2024-10-17 02:18:45,279.54,68.38,87.29,65.15,5,-4.512744,35.773093,-28.883745,-157.702299,Central
1771,32,13,2023-08-05 06:09:02,2023-08-05 06:19:52,19.43,3.435,107.53,56.06,51.02,-50.431126,155.065933,7.945771,-172.798214,East
1772,38,27,2024-11-25 04:36:17,2024-11-25 07:12:57,145.58,24.166,55.75,76.9,37.61,48.064606,-91.297045,-65.471897,-138.518338,North
1773,6,17,2024-07-04 04:26:03,2024-07-04 07:30:35,168.95,34.394,54.93,90.0,23.73,63.397014,44.535911,-63.6473,-155.841521,Central
1774,6,4,2024-08-09 13:22:51,2024-08-09 16:25:06,126.06,27.954,41.5,83.46,29.6,-23.642015,-150.442236,24.429935,-99.501241,Central
1775,18,26,2024-09-02 17:56:02,2024-09-02 18:45:11,52.04,8.317,63.52,68.44,58.56,48.305062,-10.730747,-22.19136,163.914197,South
1776,27,5,2023-06-25 18:37:55,2023-06-26 00:10:57,289.19,41.88,52.1,88.02,30.81,29.836293,-51.333745,0.98465,-40.754737,South
1777,42,10,2023-06-09 20:58:10,2023-06-09 22:35:25,135.8,17.829,83.78,79.44,55.7,-66.540982,119.270256,-19.274945,21.581805,Central
1778,10,34,2023-08-30 16:27:13,2023-08-30 18:11:38,159.65,25.203,91.73,68.9,31.45,-64.698075,75.222255,80.134634,-175.008163,North
1779,33,20,2024-09-30 15:40:17,2024-09-30 16:08:21,41.84,5.793,89.43,59.53,53.23,53.513129,148.995347,-80.225332,-84.962345,Central
1780,26,18,2023-02-01 19:45:59,2023-02-01 20:55:36,117.54,21.86,101.29,37.33,5,-20.919039,1.528933,53.944355,70.760127,East
1781,42,11,2024-11-11 14:20:26,2024-11-11 16:30:02,214.38,35.358,99.24,61.67,14.59,64.782758,22.323414,14.782775,-3.138991,Central
1782,38,7,2023-03-10 19:07:10,2023-03-10 22:56:35,299.29,51.929,78.27,68.94,5,0.136278,-27.79081,-49.112119,119.999031,North
1783,48,32,2024-10-11 21:23:18,2024-10-12 00:40:10,211.97,30.232,64.6,33.68,5,28.673646,80.055516,66.251406,45.264845,East
1784,21,18,2024-12-03 17:24:53,2024-12-03 18:32:11,79.24,18.253,70.63,57.28,32.94,77.260321,136.898813,-8.239493,-171.197518,West
1785,27,6,2023-01-11 00:57:36,2023-01-11 01:19:43,34.83,6.597,94.48,45.78,36.77,-31.129593,-93.291099,-68.49704,-88.789563,South
1786,42,28,2024-06-01 00:12:51,2024-06-01 00:58:25,83.4,15.725,109.78,83.71,62.77,35.666824,107.857855,65.970926,-8.052727,Central
1787,43,37,2023-10-19 21:50:10,2023-10-19 23:40:57,183.96,24.844,99.63,73.39,42.41,47.581577,-52.758257,33.580202,55.444686,West
1788,9,38,2024-10-13 01:17:08,2024-10-13 03:32:03,239.11,34.455,106.33,67.42,15.92,-86.244937,-115.564075,-70.06316,134.149908,West
1789,18,24,2024-03-26 14:15:32,2024-03-26 16:14:50,203.42,36.056,102.3,57.42,14.6,-42.385033,145.329914,55.603524,-1.0119,South
1790,3,23,2024-05-17 14:36:12,2024-05-17 17:01:20,237.5,45.774,98.18,67.27,16.41,-22.665691,37.916588,-3.126089,8.798423,North
1791,30,28,2024-06-03 16:20:17,2024-06-03 22:06:34,272.88,56.121,47.28,41.75,5,-16.236238,82.53231,-5.167053,-156.100637,South
1792,26,7,2023-08-16 00:26:06,2023-08-16 03:22:22,276.6,64.152,94.15,77.39,5,-24.439885,-5.98813,-35.925233,-10.316338,East
1793,19,23,2024-09-27 15:29:35,2024-09-27 19:02:29,206.49,33.698,58.19,92.76,55.97,-20.283717,18.457829,53.735859,-178.608403,South
1794,4,21,2023-12-22 21:33:08,2023-12-23 00:10:02,211.24,31.532,80.78,79.96,26.43,4.931244,69.13116,-83.210435,76.475528,West
1795,40,36,2024-05-18 12:56:38,2024-05-18 14:33:11,99.95,22.774,62.11,52.66,26.81,82.54375,20.939806,34.58351,52.609416,East
1796,36,6,2023-09-17 05:47:53,2023-09-17 07:17:13,108.78,26.75,73.06,82.34,40.01,57.211866,-179.584116,-44.57179,168.543359,West
1797,25,20,2023-03-20 16:20:04,2023-03-20 23:42:44,274.68,56.204,37.23,56.39,5,-85.291569,27.849446,87.625511,-32.123065,East
1798,45,12,2024-08-10 15:23:02,2024-08-10 17:41:16,117.9,20.287,51.17,75.98,50.53,-60.039461,-50.811484,-6.509111,-98.434545,North
1799,33,24,2024-08-09 05:56:54,2024-08-09 07:08:36,51.97,7.94,43.48,31.04,22.4,-35.888073,95.735978,-80.161491,121.919176,Central
1800,24,33,2024-06-27 21:12:05,2024-06-28 00:49:22,194.48,29.434,53.7,66.39,35.24,75.498383,-176.464713,51.176741,-143.358325,North
1801,44,5,2023-06-04 06:32:16,2023-06-04 06:54:43,32.54,6.82,86.93,89.46,81.84,-86.411034,156.390295,44.672367,-94.023281,Central
1802,19,10,2024-07-10 01:07:17,2024-07-10 02:55:42,105.35,18.566,58.3,38.65,18.38,-8.240945,91.056386,75.598326,82.504719,South
1803,22,40,2024-03-18 19:33:38,2024-03-19 00:46:19,291.37,66.763,55.91,44.61,5,-52.615408,161.991768,-70.060121,-17.387708,Central
1804,18,36,2023-05-01 09:37:46,2023-05-01 13:31:12,201.92,46.44,51.9,62.14,6.99,15.086183,100.553574,12.277342,-4.557784,South
1805,17,16,2024-11-10 17:42:59,2024-11-10 18:35:29,71.62,9.417,81.83,44.04,24.21,-84.777809,154.387845,-75.91689,52.378413,South
1806,18,2,2024-10-28 01:32:34,2024-10-28 03:27:20,185.61,36.407,97.03,56.94,13.7,1.890191,136.139697,32.917771,138.83879,South
1807,41,13,2023-11-17 06:16:06,2023-11-17 07:06:21,59.89,11.921,71.49,55.98,32.09,-27.637357,-150.688829,65.089558,175.434548,East
1808,29,17,2024-07-02 22:41:56,2024-07-03 02:45:33,240.06,43.633,59.12,82.11,5,-5.11309,71.868548,60.044632,-160.023236,North
1809,28,16,2023-09-06 16:06:59,2023-09-06 20:39:47,164.41,27.719,36.16,75.06,27.35,27.98921,75.029397,-44.603651,51.311465,Central
1810,50,16,2024-09-09 22:15:31,2024-09-10 02:19:22,163.79,36.706,40.3,93.77,38.66,-37.947009,-144.797608,38.983874,-94.951815,North
1811,37,31,2024-02-20 19:49:55,2024-02-20 20:51:45,97.48,21.096,94.58,69.27,46.11,58.071584,-109.219231,-9.993994,129.567752,North
1812,50,36,2024-09-29 17:59:40,2024-09-29 22:23:31,295.6,40.315,67.22,67.33,6.8,-1.014144,-45.600005,67.233527,142.87889,North
1813,44,29,2024-01-22 03:13:47,2024-01-22 08:19:46,179.36,23.793,35.17,94.73,68.15,-42.540049,-70.072618,76.267131,-140.838069,Central
1814,33,36,2024-05-20 02:03:09,2024-05-20 02:25:57,21.98,3.247,57.81,86.39,82.86,-48.590866,-111.285717,-51.806239,29.730999,Central
1815,49,23,2023-02-20 19:22:55,2023-02-21 00:53:05,286.65,68.103,52.09,46.38,5,9.865054,-70.967217,-20.787888,-159.856157,Central
1816,2,39,2024-01-17 05:21:29,2024-01-17 06:48:25,132.09,23.453,91.15,38.67,5,13.959986,-132.128458,-53.916683,124.828981,North
1817,48,29,2023-08-29 15:33:42,2023-08-29 17:30:45,163.83,32.501,83.97,51.48,18.35,44.674737,-156.905042,-68.068617,-91.276211,East
1818,37,27,2023-04-23 00:41:57,2023-04-23 02:49:49,231.06,53.959,108.41,68.15,8.92,-75.561251,68.279501,-52.268949,12.889762,North
1819,44,4,2024-07-07 02:45:42,2024-07-07 05:43:01,227.57,31.523,77.0,80.35,45.13,-44.229461,177.363622,-89.418431,-129.473648,Central
1820,6,34,2023-11-18 08:08:24,2023-11-18 10:37:41,220.46,44.573,88.6,46.17,5,82.731961,-46.458765,-83.1408,-59.096255,Central
1821,14,12,2023-01-23 21:41:16,2023-01-24 00:30:43,196.58,27.657,69.6,37.77,5,-83.580437,87.15783,85.895366,114.883235,East
1822,30,37,2024-06-28 10:15:22,2024-06-28 14:55:39,284.96,60.859,61.0,56.49,5,89.084337,-107.374866,-22.160034,90.860541,South
1823,11,22,2023-05-23 03:10:24,2023-05-23 03:44:35,33.28,7.837,58.41,75.97,59.37,-57.877991,82.037655,78.776741,-69.786239,North
1824,36,6,2023-05-24 08:34:00,2023-05-24 10:20:38,81.85,16.998,46.05,52.83,25.93,-10.396102,-121.55484,50.191051,-120.686225,West
1825,8,22,2023-12-17 20:48:38,2023-12-17 23:57:51,226.79,45.979,71.91,31.33,5,32.053107,60.21411,51.470509,159.916367,North
1826,40,4,2024-06-14 06:38:18,2024-06-14 09:17:06,115.08,22.267,43.48,92.63,67.36,37.225532,5.822721,-88.695352,55.693233,East
1827,1,21,2023-10-26 20:19:31,2023-10-26 21:20:22,95.35,16.684,94.0,66.93,31.2,62.571402,-169.557567,87.27123,32.373028,East
1828,6,12,2023-05-27 09:33:39,2023-05-27 12:19:12,192.76,47.63,69.86,64.79,5,-13.148193,98.470153,44.750782,-72.212926,Central
1829,9,10,2024-04-10 19:33:34,2024-04-10 22:10:22,115.38,26.712,44.15,58.65,18.72,57.024369,67.402489,0.669409,76.418221,West
1830,14,33,2023-04-26 14:45:37,2023-04-26 18:29:53,245.24,59.406,65.61,70.44,5,33.99433,121.406517,-9.882838,147.954014,East
1831,10,20,2024-12-27 06:16:09,2024-12-27 07:50:23,90.97,17.486,57.92,41.73,15.75,-79.794654,-47.784924,-57.657106,92.028565,North
1832,9,32,2023-05-31 00:45:27,2023-05-31 02:25:28,183.03,44.392,109.79,89.8,23.44,-36.871036,118.820973,-43.142966,-98.334119,West
1833,48,36,2024-10-08 01:19:08,2024-10-08 03:08:14,119.71,23.527,65.83,37.56,13.58,-67.904516,108.083732,6.322548,-4.270748,East
1834,26,16,2023-10-12 01:01:16,2023-10-12 01:27:30,46.71,10.523,106.83,61.9,41.23,25.520882,23.826637,78.359652,-75.715039,East
1835,3,23,2023-02-15 12:50:02,2023-02-15 15:29:23,275.4,65.865,103.69,82.71,9.53,-27.896726,24.660686,75.185007,114.753731,North
1836,42,7,2024-10-20 11:39:20,2024-10-20 13:33:41,158.35,30.606,83.08,50.84,10.09,-5.451159,-13.748887,-42.010424,-106.023788,Central
1837,41,35,2024-02-10 04:41:10,2024-02-10 06:19:53,121.28,20.428,73.71,43.06,5,-68.262438,-123.445181,-66.676889,55.150147,East
1838,33,13,2023-08-16 13:09:15,2023-08-16 17:34:37,283.55,39.665,64.11,58.28,15.12,-11.911758,124.895665,82.431574,-75.145343,Central
1839,2,32,2023-03-23 00:38:16,2023-03-23 02:05:26,99.85,18.943,68.73,55.27,23.8,60.095732,-140.744574,-88.357855,-12.3222,North
1840,22,4,2024-02-14 18:14:49,2024-02-14 23:48:04,250.22,59.315,45.05,35.8,5,89.090008,2.564194,73.359332,60.424564,Central
1841,41,35,2023-05-15 15:38:29,2023-05-15 17:49:07,194.08,26.33,89.14,64.73,11.96,5.572472,-85.253928,-31.45787,-89.577568,East
1842,24,25,2023-05-27 05:01:46,2023-05-27 06:31:08,108.77,23.07,73.02,83.54,59.13,63.835022,-76.518007,-28.23163,47.772753,North
1843,32,33,2024-02-11 23:46:40,2024-02-12 03:23:30,255.52,34.589,70.7,74.27,23.55,72.903682,10.486181,-69.883211,67.196253,East
1844,16,7,2023-12-22 03:27:17,2023-12-22 06:16:04,285.24,39.579,101.39,76.31,10.23,-68.031421,98.704802,-44.401686,122.087956,East
1845,16,32,2023-06-10 13:51:21,2023-06-10 16:03:02,173.49,30.496,79.04,32.94,5,-47.958424,40.022861,21.128301,-99.469889,East
1846,50,8,2024-12-18 22:25:44,2024-12-18 23:18:53,90.68,21.748,102.35,72.87,40.22,89.181698,15.660114,-13.631122,-82.716645,North
1847,26,12,2023-10-30 20:33:24,2023-10-31 00:43:19,248.84,33.686,59.74,84.46,18.28,-42.117092,-120.595984,20.443843,-96.023964,East
1848,12,39,2023-07-11 05:00:01,2023-07-11 08:43:13,188.42,39.879,50.65,89.94,18.6,-87.796106,1.760762,-6.273663,138.74882,East
1849,45,20,2023-06-09 03:10:14,2023-06-09 06:36:10,282.38,50.576,82.27,89.39,25.93,-10.001509,-32.145092,-53.584661,-102.607828,North
1850,1,27,2024-10-01 16:10:35,2024-10-01 18:36:26,127.02,28.961,52.25,88.57,26.56,53.376181,70.496584,-63.064161,128.22475,East
1851,36,17,2024-04-11 03:13:37,2024-04-11 03:19:17,8.08,1.794,85.4,32.72,29.88,-78.933753,22.075288,-81.864645,148.379122,West
1852,11,15,2023-02-24 18:40:09,2023-02-24 23:35:32,193.09,36.421,39.22,88.64,11.48,-42.827087,30.572939,-35.983328,169.604501,North
1853,14,35,2023-09-12 06:46:43,2023-09-12 07:23:17,54.37,11.733,89.21,92.1,67.45,7.341972,143.609508,-27.107748,-41.583355,East
1854,50,26,2023-08-10 05:10:59,2023-08-10 08:16:30,163.2,23.341,52.78,67.06,32.01,52.673062,102.463006,-15.797552,77.700047,North
1855,10,26,2024-10-01 03:32:52,2024-10-01 09:18:52,266.25,61.657,46.17,35.62,5,-53.500135,76.273845,56.021408,0.955283,North
1856,15,9,2024-02-07 12:25:28,2024-02-07 16:50:53,298.69,47.025,67.52,37.11,5,-18.643902,-79.607892,74.001835,-167.531921,West
1857,29,12,2023-03-06 22:33:59,2023-03-07 00:59:58,229.95,46.873,94.51,45.71,5,-2.678719,11.236085,38.595807,9.844265,North
1858,33,10,2023-12-10 07:55:16,2023-12-10 13:21:48,181.12,40.211,33.28,90.69,46.93,68.563144,147.879116,-43.292693,-165.51144,Central
1859,15,14,2024-07-17 01:18:17,2024-07-17 02:36:47,98.79,16.889,75.5,91.66,70.6,-9.554396,139.890626,71.129733,82.519582,West
1860,19,12,2023-09-29 22:39:28,2023-09-30 00:02:28,141.3,24.813,102.13,33.67,6.58,21.513421,38.144039,-50.334812,-99.996327,South
1861,22,33,2023-02-19 10:30:37,2023-02-19 11:24:04,71.44,15.47,80.18,51.83,35.58,-83.948945,61.026771,-2.323977,57.106987,Central
1862,2,29,2023-02-23 21:23:26,2023-02-24 00:38:20,253.81,37.902,78.13,48.71,5,-57.38439,-63.339199,43.610579,-137.835872,North
1863,40,21,2023-02-14 01:12:33,2023-02-14 02:17:02,37.85,5.0,35.21,63.67,57.99,-4.088017,80.060505,-50.630003,-0.890989,East
1864,13,21,2023-10-15 16:14:14,2023-10-15 16:23:50,16.34,2.136,102.12,74.48,70.96,38.584474,141.095114,15.030925,136.300522,East
1865,1,37,2023-02-15 08:58:54,2023-02-15 11:39:34,245.04,38.457,91.5,37.78,5,-72.296132,58.901016,38.614989,-120.349184,East
1866,45,3,2024-03-13 18:59:16,2024-03-14 00:14:33,165.95,31.061,31.58,83.56,44.59,-3.8246,-40.553844,28.064484,-100.579616,North
1867,41,25,2023-08-08 09:35:36,2023-08-08 12:59:39,207.25,32.853,60.94,89.17,23.33,-81.570942,-63.700566,-42.888531,80.930766,East
1868,36,40,2023-07-14 05:07:35,2023-07-14 06:06:21,106.82,25.672,109.04,59.57,18.95,30.039929,42.103203,-82.368009,-61.382334,West
1869,12,30,2024-02-21 16:14:23,2024-02-21 21:45:33,264.44,57.573,47.91,48.65,5,-28.505253,88.917359,2.406715,9.68014,East
1870,29,17,2024-11-16 00:30:23,2024-11-16 01:05:33,52.29,8.679,89.2,58.06,40.35,-13.597929,-82.138668,-73.799467,131.018494,North
1871,3,30,2023-11-15 17:52:41,2023-11-15 20:48:20,214.65,38.265,73.32,44.75,5,-8.394343,75.069882,-6.766366,173.563357,North
1872,45,23,2023-06-11 15:16:56,2023-06-11 19:43:23,282.85,61.665,63.69,57.15,5,64.145647,169.185914,11.097933,-176.278809,North
1873,33,25,2023-12-27 00:35:09,2023-12-27 02:35:14,112.25,24.335,56.08,55.93,29.45,17.567007,170.108392,-85.660482,-131.970249,Central
1874,16,16,2023-06-18 12:24:52,2023-06-18 15:15:57,215.21,46.812,75.47,91.62,13.47,-2.194306,63.949859,88.196234,-54.627429,East
1875,44,24,2024-11-30 07:49:16,2024-11-30 09:15:08,141.7,24.794,99.0,81.49,53.79,-43.82912,151.373788,-17.259476,-147.280041,Central
1876,24,14,2023-11-02 02:52:25,2023-11-02 04:04:49,46.69,7.752,38.69,72.4,64.2,82.753788,-91.595101,30.540109,70.242315,North
1877,44,27,2023-02-09 12:34:42,2023-02-09 13:41:52,63.83,13.351,57.01,87.85,72.93,-11.748235,131.084424,-41.249725,175.198541,Central
1878,38,28,2023-05-21 01:19:10,2023-05-21 10:11:44,283.24,56.106,31.91,43.42,5,45.41776,154.872859,52.892029,-162.910673,North
1879,14,18,2024-08-02 09:55:13,2024-08-02 12:10:06,205.79,40.954,91.54,71.68,5,57.257976,-173.075439,51.93173,-13.465641,East
1880,15,10,2023-11-16 10:59:46,2023-11-16 12:58:36,98.36,21.788,49.66,78.0,50.83,-89.784315,130.08195,80.29744,44.280261,West
1881,36,21,2024-04-19 01:53:54,2024-04-19 05:26:46,280.24,65.887,78.99,77.8,5,-88.282344,91.190952,-47.245732,-108.512227,West
1882,49,7,2024-09-03 06:02:23,2024-09-03 06:48:18,24.28,5.69,31.72,89.81,83.17,14.970142,118.12928,-75.851152,133.762433,Central
1883,26,6,2023-09-01 08:13:16,2023-09-01 13:00:03,279.81,68.541,58.54,78.33,5,-73.940468,19.653281,-60.584533,58.995185,East
1884,24,5,2023-10-09 21:41:35,2023-10-10 01:06:42,188.85,34.672,55.24,88.79,52.1,23.547244,72.166013,44.803863,-25.974876,North
1885,26,12,2023-08-14 01:09:52,2023-08-14 02:10:02,94.46,22.261,94.19,40.39,5,40.178621,-93.792777,-16.501054,-37.916104,East
1886,13,27,2023-04-02 23:53:25,2023-04-03 01:55:45,162.03,31.803,79.46,40.29,5,-2.932933,85.758493,54.294627,-40.018388,East
1887,35,18,2024-06-19 21:51:20,2024-06-20 02:57:49,255.16,62.118,49.95,37.37,5,-17.821978,-35.754452,61.265397,-160.564337,West
1888,33,7,2024-08-09 22:46:31,2024-08-09 22:56:26,16.62,3.112,100.42,60.73,57.34,-77.822395,-100.000617,39.998131,-2.197421,Central
1889,2,38,2024-06-18 11:30:51,2024-06-18 16:32:18,296.39,58.872,58.99,58.66,5,-65.035757,58.819953,81.643153,149.584064,North
1890,33,2,2024-01-17 23:12:06,2024-01-18 02:58:28,284.25,70.647,75.34,87.56,10.69,70.399777,111.562224,32.282542,90.77765,Central
1891,28,5,2023-05-18 15:54:31,2023-05-18 16:44:17,44.81,6.629,54.01,55.59,44.18,6.172199,99.771357,-74.316951,54.512674,Central
1892,48,13,2024-05-07 14:46:09,2024-05-07 15:54:55,99.61,13.942,86.91,91.67,77.46,-13.594111,-11.114304,-0.76271,163.319085,East
1893,43,32,2023-01-13 09:25:57,2023-01-13 11:52:21,188.45,32.757,77.23,94.46,53.62,-86.794047,167.41578,-77.50327,-134.007558,West
1894,19,13,2024-02-03 18:53:40,2024-02-03 20:07:06,87.67,16.548,71.63,89.54,71.47,-68.427819,114.927164,-42.276941,-42.439265,South
1895,13,4,2024-05-19 09:47:19,2024-05-19 11:10:20,75.45,13.728,54.53,59.18,36.53,-50.284748,-26.971169,7.115208,-24.780744,East
1896,3,18,2024-08-05 12:58:08,2024-08-05 16:35:09,298.55,50.739,82.54,72.86,16.48,-87.259216,34.233027,-53.981538,-51.508053,North
1897,3,9,2024-11-08 08:00:15,2024-11-08 11:40:37,293.58,38.842,79.93,77.75,34.59,-7.996944,43.47329,78.194355,167.144641,North
1898,29,13,2024-12-03 13:45:04,2024-12-03 16:06:14,143.69,23.34,61.07,75.19,27.56,1.03325,-154.818756,21.080042,127.776657,North
1899,29,22,2023-10-12 21:32:01,2023-10-12 23:59:42,241.93,43.272,98.29,80.97,5,81.163353,-9.091883,-79.762373,-103.779516,North
1900,26,9,2023-09-26 22:21:52,2023-09-27 01:17:28,217.14,35.177,74.19,61.77,5,55.738174,-66.296839,20.961814,105.001876,East
1901,33,6,2024-09-17 15:08:43,2024-09-17 18:46:38,201.54,28.946,55.49,63.07,31.57,75.876409,6.860685,-45.365111,-94.82657,Central
1902,11,7,2023-07-08 17:07:18,2023-07-08 17:34:18,26.95,6.095,59.87,40.01,27.1,36.116023,94.072846,16.868336,33.05499,North
1903,8,5,2023-01-08 11:48:01,2023-01-08 14:15:19,218.32,52.194,88.92,52.17,5,65.212366,-35.351702,-86.477712,-66.274751,North
1904,6,10,2024-03-28 15:20:20,2024-03-28 17:14:29,189.71,44.545,99.71,59.95,5,45.994921,-50.706772,59.426493,-42.092591,Central
1905,48,7,2024-04-20 19:02:33,2024-04-20 19:31:01,40.98,8.996,86.33,42.97,33.8,-20.329913,-110.370922,55.887448,133.790996,East
1906,8,12,2023-03-13 05:29:03,2023-03-13 11:17:39,216.89,46.04,37.33,58.14,5,-38.586585,32.57737,25.071081,139.545892,North
1907,16,4,2024-07-10 21:27:38,2024-07-10 21:58:17,28.43,5.32,55.63,64.41,55.53,11.997866,-11.987741,18.647145,-28.885156,East
1908,15,32,2024-04-15 06:33:06,2024-04-15 09:42:37,213.35,42.887,67.54,77.55,24.07,-55.192641,134.644236,50.151918,102.115468,West
1909,4,29,2023-05-24 15:18:17,2023-05-24 19:33:37,154.74,25.005,36.36,93.32,50.87,-72.12585,151.20418,72.179997,137.353214,West
1910,39,37,2023-05-28 01:39:27,2023-05-28 04:06:36,211.49,32.241,86.23,34.93,5,61.550264,144.613793,-81.425505,-132.8045,East
1911,25,15,2023-05-07 03:47:41,2023-05-07 05:02:53,121.43,21.794,96.88,49.29,25.98,0.601337,74.936871,37.761418,114.044397,East
1912,45,19,2023-06-19 12:37:41,2023-06-19 13:59:28,130.82,25.335,95.96,77.8,46.01,-15.838812,143.086045,84.134365,-118.076172,North
1913,46,17,2023-08-07 14:35:31,2023-08-07 21:03:39,227.52,38.976,35.17,34.08,5,54.245568,153.559056,88.2846,175.949717,South
1914,4,40,2024-08-09 22:20:21,2024-08-10 05:06:12,246.22,53.167,36.4,79.69,5,0.624395,-83.065664,-22.808156,-66.575519,West
1915,1,6,2023-09-05 07:22:11,2023-09-05 09:05:51,178.5,37.794,103.31,53.5,5,-73.7356,-46.18108,46.36432,33.765742,East
1916,49,5,2024-03-18 02:40:41,2024-03-18 03:31:34,82.42,18.055,97.18,59.3,38.23,-47.416615,-148.714602,35.779883,113.685205,Central
1917,35,24,2024-01-24 02:59:19,2024-01-24 04:20:31,93.57,20.529,69.13,65.48,28.82,-57.831801,10.654357,39.948056,171.045125,West
1918,17,38,2023-05-13 11:20:14,2023-05-13 11:38:22,17.6,3.263,58.23,60.22,53.35,-20.402856,-138.099308,28.916293,148.72774,South
1919,30,30,2024-11-05 17:24:44,2024-11-05 21:29:45,270.23,59.469,66.17,39.24,5,10.32181,-179.527351,-75.658942,-46.923246,South
1920,31,2,2024-11-09 08:38:35,2024-11-09 09:28:35,46.13,9.496,55.34,94.33,83.72,11.637265,-77.685079,-40.501728,63.134715,Central
1921,30,24,2023-01-11 20:02:59,2023-01-11 21:26:43,133.14,19.721,95.39,88.85,44.53,-17.662092,-91.150408,-17.942671,48.880115,South
1922,14,14,2023-03-15 16:03:41,2023-03-15 16:12:23,9.83,1.511,67.78,47.61,44.44,50.935436,18.228206,-79.314153,-87.470929,East
1923,36,26,2023-05-03 23:13:49,2023-05-04 00:07:07,94.54,14.874,106.42,65.71,42.18,50.251987,-59.856676,23.058083,-163.99264,West
1924,36,39,2024-07-16 03:17:24,2024-07-16 05:38:21,152.25,28.696,64.81,85.35,39.94,-33.18994,20.316655,83.027816,26.212909,West
1925,48,4,2023-10-02 11:16:59,2023-10-02 19:26:51,288.62,54.031,35.35,51.01,5,-25.421011,109.516498,-57.160534,-152.164395,East
1926,22,10,2023-07-02 15:33:31,2023-07-02 17:49:52,158.03,29.846,69.54,44.07,12.72,38.683621,-159.63562,-0.295144,-21.675704,Central
1927,24,11,2023-09-20 23:35:53,2023-09-21 01:51:08,190.99,27.621,84.72,57.88,28.65,22.617572,29.990326,27.779952,127.864294,North
1928,11,34,2023-08-07 22:56:35,2023-08-08 00:42:25,105.62,15.355,59.87,74.75,42.22,14.985138,-119.85212,76.837347,151.962347,North
1929,41,31,2023-02-19 00:44:06,2023-02-19 00:54:23,10.22,2.487,59.6,46.0,41.02,-1.073907,-35.207037,79.47246,42.217299,East
1930,50,15,2024-12-07 22:21:12,2024-12-08 03:07:14,262.2,64.686,55.0,89.52,5,51.911521,-168.471507,56.61567,29.331464,North
1931,21,36,2023-09-22 16:10:37,2023-09-22 19:16:49,175.28,25.46,56.48,42.63,8.68,-53.995916,162.43037,44.839348,9.183386,West
1932,25,37,2024-12-08 21:22:14,2024-12-08 22:18:26,72.53,16.563,77.43,45.41,27.7,86.936605,32.329115,-45.44285,139.443147,East
1933,36,37,2023-12-31 20:49:19,2024-01-01 01:40:56,267.71,47.143,55.08,87.25,12.66,36.235617,123.005167,-45.606834,-5.16193,West
1934,12,40,2023-09-07 20:04:57,2023-09-07 20:30:03,28.99,6.868,69.28,69.17,56.88,-78.534522,-40.342341,-47.558112,168.973072,East
1935,21,5,2023-12-16 03:00:22,2023-12-16 05:38:41,119.93,25.836,45.45,80.05,45.6,45.26176,-170.331765,69.633646,52.183883,West
1936,28,4,2024-01-03 23:16:58,2024-01-04 00:14:48,77.74,17.801,80.65,51.27,20.63,78.885119,-38.689112,4.827273,71.458402,Central
1937,35,36,2023-04-24 11:52:40,2023-04-24 14:05:41,236.19,39.609,106.53,61.51,5,21.140287,-51.308956,-81.809424,-99.045739,West
1938,39,13,2024-10-02 03:01:00,2024-10-02 08:26:06,244.16,49.469,45.06,90.04,5,21.354716,-51.282898,42.380932,-17.519146,East
1939,22,4,2024-07-25 06:37:05,2024-07-25 10:19:07,266.01,42.505,71.88,62.77,18.12,-41.696827,85.390839,63.262525,155.333434,Central
1940,29,28,2024-06-28 04:59:23,2024-06-28 12:58:27,246.48,36.303,30.87,46.96,5,-76.908685,77.476096,-14.357006,-141.100114,North
1941,2,2,2024-05-21 03:21:22,2024-05-21 06:24:59,194.98,43.499,63.71,53.96,5,-6.435693,137.035854,78.976015,-57.337847,North
1942,12,29,2024-05-01 03:25:58,2024-05-01 06:11:53,117.7,19.737,42.56,58.87,23.56,-16.120733,-96.091311,63.768285,21.329926,East
1943,21,30,2023-08-03 08:04:14,2023-08-03 08:52:38,63.35,12.694,78.52,48.51,31.58,80.907432,-81.588457,-54.074168,-116.18056,West
1944,25,2,2023-04-07 05:56:31,2023-04-07 06:18:23,20.46,3.008,56.12,61.01,57.79,-38.589445,151.349624,5.15552,165.270574,East
1945,29,36,2023-01-20 18:42:24,2023-01-20 21:02:17,190.52,32.235,81.71,55.71,5,-29.226744,70.746118,57.815648,-11.401407,North
1946,3,19,2023-09-09 16:03:42,2023-09-09 18:20:18,171.86,23.494,75.48,87.41,61.31,78.091395,-176.571028,-54.064172,16.570535,North
1947,11,32,2023-02-19 14:46:13,2023-02-19 21:31:49,278.45,41.658,41.19,36.65,5,-75.048359,-44.841905,-72.450372,26.485761,North
1948,18,6,2024-08-09 03:52:26,2024-08-09 05:46:26,111.29,19.056,58.57,35.28,12.65,82.08955,-22.996791,39.627829,-106.573965,South
1949,6,32,2023-11-08 02:58:38,2023-11-08 05:16:51,165.81,29.434,71.97,71.72,15.01,-16.321148,-169.933596,21.615394,152.786471,Central
1950,12,36,2024-10-01 02:57:37,2024-10-01 03:38:03,31.39,6.954,46.58,40.34,27.9,32.793596,-166.478611,9.798173,-125.717578,East
1951,19,15,2023-07-05 20:13:47,2023-07-05 20:29:08,21.67,4.489,84.68,31.57,26.67,-35.230753,-99.790021,85.962462,-54.720241,South
1952,50,15,2024-01-07 19:29:19,2024-01-07 19:51:25,17.51,2.597,47.52,45.12,41.22,-8.376442,109.912869,84.793437,-144.611003,North
1953,11,33,2023-09-06 03:08:51,2023-09-06 04:15:20,100.27,13.267,90.48,73.57,45.46,-23.688382,57.625192,41.764395,-148.97519,North
1954,22,32,2023-01-19 06:18:59,2023-01-19 08:40:40,202.54,27.306,85.77,65.75,37.07,52.39585,-142.263237,-62.528209,-6.894927,Central
1955,42,3,2023-06-12 04:59:47,2023-06-12 06:02:42,72.7,10.154,69.32,52.71,39.19,43.949619,90.953423,32.816237,167.576825,Central
1956,28,33,2024-11-28 22:43:33,2024-11-29 02:45:58,249.57,32.664,61.77,39.9,5,89.977538,-36.531748,-42.985059,-152.210829,Central
1957,45,40,2023-08-07 13:59:45,2023-08-07 15:23:12,83.37,19.19,59.94,55.25,31.17,83.42303,140.934317,79.54973,-10.146877,North
1958,43,17,2023-09-17 19:15:58,2023-09-17 19:52:56,62.75,13.055,101.83,55.52,39.24,8.422908,-47.218217,44.415438,149.438167,West
1959,33,2,2023-12-13 01:31:54,2023-12-13 03:45:36,182.99,32.697,82.11,63.27,27.69,-76.312917,-121.698797,-58.096106,-129.980738,Central
1960,14,8,2023-02-02 08:36:01,2023-02-02 11:41:44,119.3,18.452,38.54,90.65,51.89,4.355195,136.112446,37.48347,-85.298876,East
1961,41,20,2024-10-08 22:56:05,2024-10-09 03:21:22,208.48,34.692,47.15,68.56,5,7.006574,-63.03162,-79.520501,162.710562,East
1962,34,4,2024-05-18 04:25:41,2024-05-18 06:56:44,189.7,30.405,75.35,87.48,30.65,-42.097406,-166.839573,-30.039895,-30.691244,West
1963,37,2,2023-08-29 16:59:02,2023-08-29 17:04:25,8.65,1.339,96.37,85.92,84.45,33.145368,-164.538833,24.931879,179.758492,North
1964,29,21,2023-12-22 15:34:57,2023-12-22 19:21:42,295.35,55.822,78.15,40.74,5,63.24508,-93.239571,46.248537,-159.25195,North
1965,40,39,2023-08-10 15:10:09,2023-08-10 18:02:33,239.53,33.372,83.36,90.96,53.08,-50.031909,164.820885,28.380704,-98.664249,East
1966,9,1,2024-10-24 07:08:00,2024-10-24 07:33:03,14.2,2.313,34.0,30.73,27.27,79.913772,176.666299,9.694477,-130.668581,West
1967,1,20,2023-12-12 16:31:52,2023-12-12 18:05:19,117.52,16.033,75.45,40.37,6.04,67.289647,-47.421434,82.971536,134.333446,East
1968,16,13,2023-11-25 16:22:46,2023-11-25 20:07:14,223.84,46.656,59.83,48.2,5,-28.116823,122.043923,-14.34415,-57.174777,East
1969,24,3,2024-11-28 21:39:30,2024-11-28 22:38:09,40.42,9.776,41.35,59.7,49.36,-22.47164,142.306596,3.943837,175.211866,North
1970,16,8,2024-12-15 02:58:36,2024-12-15 04:47:33,192.83,45.437,106.19,81.53,5.68,68.61078,127.452967,-68.03468,-160.158222,East
1971,35,12,2023-01-12 03:23:32,2023-01-12 03:49:35,38.21,9.032,87.98,59.59,43.46,65.392038,96.824869,-50.83527,110.756138,West
1972,50,36,2023-08-01 03:35:49,2023-08-01 04:34:43,84.67,18.439,86.23,61.18,33.49,48.529044,7.272232,-87.923208,-56.849069,North
1973,12,14,2023-02-20 14:37:43,2023-02-20 16:39:36,122.27,22.241,60.19,32.42,5,32.048552,32.794409,-68.715872,-121.817863,East
1974,34,27,2023-05-16 22:39:47,2023-05-17 02:29:53,292.01,40.169,76.14,32.86,5,-87.976716,-63.043757,63.118527,98.79844,West
1975,21,19,2024-07-12 08:43:25,2024-07-12 10:16:40,146.36,23.803,94.16,31.59,5,55.275196,33.797246,75.019677,-165.866659,West
1976,15,16,2024-06-19 16:28:39,2024-06-19 21:01:30,137.16,32.208,30.16,72.26,32.1,65.190914,-49.7902,70.580144,73.799911,West
1977,32,36,2024-06-29 23:52:50,2024-06-30 02:57:14,149.12,20.232,48.52,85.15,55.48,29.336511,17.871424,-38.73635,130.248271,East
1978,28,6,2024-04-09 12:26:34,2024-04-09 13:37:39,113.35,19.813,95.66,65.4,31.3,-20.459793,-31.758429,81.506467,160.605624,Central
1979,28,36,2024-02-25 00:37:40,2024-02-25 01:10:04,47.98,7.239,88.82,52.54,40.08,-7.431285,177.031619,28.037386,19.037063,Central
1980,30,24,2023-12-30 02:32:11,2023-12-30 05:45:57,295.14,62.192,91.39,39.6,5,13.918002,-23.621717,-57.718215,70.647741,South
1981,36,35,2023-11-13 18:25:24,2023-11-13 20:08:52,111.3,26.286,64.54,69.14,27.55,20.91224,-168.94339,52.08846,-153.142022,West
1982,26,23,2024-05-16 08:19:25,2024-05-16 09:54:11,142.63,21.354,90.3,86.02,44.07,-29.220158,19.584498,-59.554648,101.982644,East
1983,3,22,2024-01-29 07:06:06,2024-01-29 09:38:30,275.9,47.178,108.62,39.43,5,-1.902537,-87.9635,73.675331,90.680574,North
1984,45,11,2024-10-23 01:36:50,2024-10-23 07:27:36,240.63,37.225,41.16,83.06,36.35,-20.45812,-166.762074,-40.422653,82.246336,North
1985,50,26,2023-03-05 11:48:26,2023-03-05 14:16:30,247.92,48.414,100.46,94.38,21.69,9.226675,-31.719089,15.059601,-120.311459,North
1986,38,7,2024-03-22 23:26:15,2024-03-22 23:29:47,6.19,0.927,104.76,73.2,71.69,88.841305,38.709757,70.747237,70.66813,North
1987,17,22,2024-01-15 22:58:33,2024-01-15 23:25:18,39.49,7.733,88.55,81.8,65.52,-59.083413,-178.692076,50.552315,-104.46641,South
1988,30,34,2024-05-25 05:21:08,2024-05-25 10:32:34,246.71,44.151,47.53,52.82,5,59.424872,-115.98941,49.426317,-145.458954,South
1989,9,15,2024-05-12 11:12:50,2024-05-12 15:48:18,194.95,42.967,42.46,75.11,10.88,-26.125622,24.611719,3.607048,-170.478305,West
1990,1,33,2024-09-13 07:52:23,2024-09-13 08:45:31,36.8,8.98,41.55,34.69,15.46,-43.291911,65.187537,-31.114396,77.829153,East
1991,18,26,2023-08-24 05:40:29,2023-08-24 09:03:40,248.44,56.58,73.36,36.28,5,34.865583,-9.955284,33.599044,-48.145912,South
1992,2,2,2023-01-25 03:41:54,2023-01-25 05:40:45,92.26,19.528,46.57,83.8,51.36,71.269736,41.54638,53.921446,-45.704068,North
1993,6,17,2023-12-18 13:03:48,2023-12-18 17:32:33,285.55,50.931,63.75,53.24,5,28.194683,43.626781,80.005518,84.098428,Central
1994,50,39,2023-08-22 04:25:19,2023-08-22 06:11:34,106.24,21.706,59.99,49.75,17.16,-48.9289,124.663444,55.509584,95.026564,North
1995,35,40,2024-04-05 20:35:17,2024-04-05 20:50:18,17.35,2.921,69.31,32.05,26.83,79.414327,-89.461986,-68.961396,11.174022,West
1996,2,17,2024-06-28 04:43:04,2024-06-28 06:15:36,144.71,32.18,93.83,78.94,25.48,-6.139951,118.28919,78.48924,47.188707,North
1997,32,38,2024-04-26 17:57:26,2024-04-26 20:27:24,264.79,66.027,105.93,74.52,5,-37.390569,11.687643,-11.595536,-77.167112,East
1998,29,3,2024-01-14 14:41:48,2024-01-14 20:53:31,228.92,32.288,36.95,46.39,5,25.20487,-76.616042,-36.968316,-156.718104,North
1999,18,7,2023-12-20 03:57:54,2023-12-20 06:01:08,117.06,21.81,56.99,69.23,43.33,38.984529,-164.993473,4.833991,170.07333,South
2000,25,20,2024-03-05 05:41:27,2024-03-05 08:04:20,234.26,41.996,98.37,44.08,5,-54.557977,150.069189,38.238312,-66.426458,East
2001,1,9,2024-04-05 22:19:10,2024-04-06 01:07:32,259.5,47.575,92.47,90.81,5,83.171582,110.346259,-74.92732,-72.096356,East
2002,37,12,2023-12-26 18:18:02,2023-12-26 19:26:41,86.05,16.718,75.2,82.08,63.73,-84.287391,-39.806828,6.575057,36.953813,North
2003,4,17,2024-03-30 21:30:48,2024-03-30 22:04:11,39.71,7.315,71.34,41.3,28.88,27.403272,-164.335164,31.864832,25.373292,West
2004,13,3,2023-08-14 11:20:07,2023-08-14 14:10:40,182.33,44.895,64.14,74.64,5,10.487434,169.755517,0.06402,20.836238,East
2005,6,13,2024-01-10 11:51:23,2024-01-10 16:43:46,148.44,33.669,30.46,80.42,15.55,39.089058,28.292091,79.062721,12.478725,Central
2006,14,25,2023-02-04 01:52:59,2023-02-04 03:51:00,94.17,18.837,47.87,86.26,46.69,-78.795529,-150.803138,-58.566627,-124.026101,East
2007,36,15,2024-07-08 10:43:02,2024-07-08 12:17:58,136.18,19.363,86.06,89.26,58.62,-48.269861,71.309795,-62.118406,116.571567,West
2008,11,9,2024-07-29 01:14:36,2024-07-29 04:59:21,293.75,55.677,78.42,31.54,5,-81.987139,-28.482442,13.734872,-118.576705,North
2009,50,28,2023-01-16 22:50:55,2023-01-17 00:57:00,213.98,41.773,101.82,53.94,5,-77.183752,143.658167,-18.237762,-153.163794,North
2010,31,31,2023-01-27 01:10:20,2023-01-27 02:20:33,87.28,12.029,74.58,57.45,44.01,3.220432,-173.943291,-57.917349,-2.791176,Central
2011,19,23,2024-01-04 15:39:39,2024-01-04 16:51:09,123.39,29.005,103.54,88.93,57.27,21.569971,-43.298702,79.606331,115.753663,South
2012,10,2,2023-05-06 19:48:42,2023-05-06 20:29:23,30.48,6.376,44.94,42.77,33.3,70.783507,-74.685656,34.137709,-122.907518,North
2013,39,24,2024-03-08 22:06:05,2024-03-09 00:26:15,82.59,12.575,35.35,81.35,59.63,-76.732553,3.766388,-46.014758,-49.370967,East
2014,31,8,2024-03-10 16:56:28,2024-03-10 17:18:11,16.73,3.674,46.2,49.52,45.41,-45.986877,7.286328,-65.376367,-82.664961,Central
2015,30,1,2023-10-16 19:56:45,2023-10-16 20:11:23,22.7,4.765,93.05,37.33,26.62,50.107653,-126.603178,89.440305,-123.36082,South
2016,42,34,2023-01-07 21:06:56,2023-01-07 22:06:39,94.49,15.047,94.92,50.77,30.73,-49.709883,-34.273301,-79.908837,21.400959,Central
2017,35,14,2023-05-27 13:00:28,2023-05-27 15:57:02,200.89,30.272,68.26,43.92,5,-80.985072,111.387976,-27.022345,-54.033882,West
2018,40,35,2024-10-28 23:11:38,2024-10-29 05:00:07,242.14,46.293,41.69,38.25,5,-68.614819,-99.362381,-13.634854,-30.243158,East
2019,6,31,2024-02-03 18:10:56,2024-02-04 02:28:34,297.01,60.956,35.81,40.71,5,-47.474027,-37.847969,67.613386,-30.242125,Central
2020,31,24,2024-12-29 06:17:24,2024-12-29 07:41:29,71.48,12.997,51.0,33.88,19.36,-59.032448,-103.820329,-40.679201,-28.148006,Central
2021,25,26,2023-01-22 11:43:02,2023-01-22 12:25:07,61.82,11.374,88.12,54.29,42.13,-62.329096,165.325184,-10.846801,-15.295133,East
2022,17,9,2024-01-08 08:01:34,2024-01-08 10:01:30,186.39,38.681,93.24,87.77,6.34,-60.338677,74.00765,-72.449991,-44.165507,South
2023,45,11,2023-07-07 10:54:53,2023-07-07 14:20:32,181.7,33.056,53.01,80.25,38.77,-67.561207,-132.401764,-40.943337,-119.388183,North
2024,2,27,2023-02-21 12:33:17,2023-02-21 14:31:52,170.7,38.023,86.36,80.51,17.35,-12.486883,176.547405,-14.620584,-33.622188,North
2025,3,24,2023-08-04 10:54:49,2023-08-04 12:42:55,121.01,29.049,67.16,82.44,50.16,-15.087647,-77.81406,16.804613,41.910412,North
2026,24,35,2024-04-15 03:31:58,2024-04-15 05:23:23,101.49,19.422,54.65,91.65,71.1,18.873962,27.577838,6.133798,-2.409373,North
2027,29,38,2024-06-24 00:23:28,2024-06-24 02:24:15,170.26,38.189,84.57,68.96,5,87.656199,49.146111,-60.47442,-166.452378,North
2028,11,31,2023-09-19 19:32:17,2023-09-19 19:59:54,31.84,6.115,69.17,52.26,39.3,-28.269436,-145.188128,-37.573212,12.460102,North
2029,45,5,2023-07-15 10:01:56,2023-07-15 11:51:07,190.59,38.372,104.73,86.86,38.71,60.976015,-39.901856,-70.536126,79.91271,North
2030,17,21,2024-12-20 21:10:26,2024-12-20 23:49:39,272.21,46.772,102.58,66.79,5,64.056068,-27.403718,-26.153475,104.168157,South
2031,24,13,2024-10-03 08:49:12,2024-10-03 10:03:16,103.82,20.944,84.09,48.1,25.94,11.798493,7.773009,-57.800446,-179.523064,North
2032,48,13,2024-08-19 18:24:43,2024-08-19 20:24:41,185.85,39.512,92.95,82.15,41.87,-7.708646,-53.692511,-20.154044,-62.069342,East
2033,15,24,2024-07-07 12:13:08,2024-07-07 15:11:01,165.12,32.993,55.69,81.87,40.73,-12.619893,-0.088758,20.33354,-13.195801,West
2034,14,8,2024-07-16 19:23:12,2024-07-16 23:28:44,218.21,44.029,53.32,46.06,5,45.385532,-110.883853,50.299059,132.068537,East
2035,45,22,2023-05-23 04:49:05,2023-05-23 07:37:57,266.75,47.214,94.77,54.37,5,18.823667,137.254354,-66.840009,106.193454,North
2036,21,37,2023-12-23 13:51:25,2023-12-23 17:46:40,163.54,26.216,41.71,69.39,34.44,58.778055,13.642676,-83.417293,-172.662975,West
2037,29,36,2023-11-02 07:33:37,2023-11-02 07:41:32,5.96,1.438,45.11,90.72,87.79,-6.736168,17.624364,51.6715,153.317992,North
2038,34,36,2024-03-29 06:47:12,2024-03-29 10:16:27,247.24,40.024,70.89,57.33,5,-25.769049,-34.688727,-67.756185,-27.14785,West
2039,32,32,2024-04-07 08:40:12,2024-04-07 09:14:15,36.88,5.413,64.97,50.35,42.41,78.404198,61.46543,-7.048297,95.317125,East
2040,10,24,2024-08-13 09:44:46,2024-08-13 16:46:16,241.38,39.413,34.36,85.07,26.51,-78.534885,166.650103,-75.213959,-43.292525,North
2041,40,35,2023-07-28 11:36:18,2023-07-28 12:44:08,42.59,7.7,37.67,78.3,69.56,28.966492,-126.365055,-13.94701,95.336507,East
2042,3,37,2023-02-16 12:14:31,2023-02-16 12:22:50,7.91,1.291,57.01,70.58,69.15,-2.56786,126.424064,-2.235951,-163.046073,North
2043,32,16,2023-06-29 00:36:50,2023-06-29 01:30:30,70.03,16.901,78.29,78.86,54.08,-52.088012,-104.943597,-68.531543,34.935371,East
2044,27,16,2023-04-28 19:56:49,2023-04-28 20:06:01,11.77,1.773,76.73,79.55,77.13,-36.328763,114.846879,6.517051,-85.088315,South
2045,29,14,2024-02-25 18:13:48,2024-02-25 19:59:11,186.81,40.884,106.36,35.93,5,21.141379,139.830705,79.406109,-16.309973,North
2046,21,32,2023-04-07 18:01:40,2023-04-07 18:22:05,33.23,6.152,97.63,44.36,36.16,-46.122211,160.740157,-23.123228,168.503299,West
2047,13,12,2024-12-13 17:46:47,2024-12-13 19:35:37,70.0,11.691,38.59,45.52,26.23,33.418165,29.412176,3.161608,62.213883,East
2048,42,39,2024-10-21 21:29:49,2024-10-22 00:01:36,119.08,16.652,47.07,36.52,14.35,-37.825247,155.131745,84.026931,169.2008,Central
2049,33,29,2023-04-27 19:23:22,2023-04-27 23:03:37,223.05,39.172,60.76,69.98,27.36,-32.173836,-141.378429,-42.309132,179.831684,Central
2050,39,18,2023-06-09 07:52:38,2023-06-09 11:42:07,265.13,51.136,69.32,81.32,5,55.990711,133.225107,11.313636,-124.188541,East
2051,25,2,2024-01-23 14:38:00,2024-01-23 17:10:07,154.73,23.93,61.03,58.74,33.15,-84.923895,145.337486,-9.829319,144.476775,East
2052,12,5,2024-04-11 18:35:09,2024-04-11 21:33:40,251.9,44.959,84.66,40.94,5,-74.975691,-172.088743,46.446882,34.436727,East
2053,16,21,2023-10-02 09:20:45,2023-10-02 11:50:27,124.51,19.636,49.9,48.89,16.11,-15.296805,-127.118283,-80.961786,144.52672,East
2054,43,31,2023-01-19 20:32:13,2023-01-19 23:18:05,207.52,28.589,75.06,71.96,36.31,68.610885,-155.10772,-15.193661,-165.994065,West
2055,2,25,2024-03-20 00:26:59,2024-03-20 02:12:57,106.83,23.172,60.48,61.91,23.42,-22.977867,128.862911,50.419891,172.112375,North
2056,32,6,2023-12-06 17:01:30,2023-12-06 18:41:10,80.2,20.022,48.28,53.83,24.47,-43.578195,-148.120361,39.94589,-145.614487,East
2057,35,11,2023-05-11 21:50:39,2023-05-11 22:45:02,69.65,13.492,76.84,63.62,39.53,-89.998991,71.692734,-3.866408,-54.82301,West
2058,15,3,2023-10-24 06:37:59,2023-10-24 07:52:18,112.55,27.001,90.86,35.85,5,19.094379,3.237439,-1.149584,-101.490413,West
2059,8,40,2024-06-24 01:34:11,2024-06-24 04:55:45,168.08,26.997,50.03,64.14,14.42,-11.966071,130.833394,1.407728,6.997736,North
2060,12,19,2023-04-21 00:14:59,2023-04-21 05:11:22,258.26,40.674,52.28,89.54,16.78,72.167174,6.059193,-79.115651,-130.346905,East
2061,24,11,2024-02-09 06:58:18,2024-02-09 07:13:09,24.7,4.908,99.74,70.36,65.17,43.132323,-72.396366,-26.122135,62.793542,North
2062,14,19,2024-03-01 14:18:53,2024-03-01 16:33:54,143.72,18.98,63.86,40.92,5,-85.147102,-53.24981,30.313264,-98.491477,East
2063,15,39,2024-07-07 10:30:16,2024-07-07 10:48:23,27.73,6.211,91.83,47.49,39.75,-66.527542,-131.544613,51.304609,-24.963853,West
2064,39,8,2024-08-28 02:43:05,2024-08-28 04:16:28,141.45,20.981,90.87,77.01,40.77,-32.510274,103.804106,-55.806025,31.164693,East
2065,14,16,2024-09-03 05:02:06,2024-09-03 05:06:43,7.58,1.452,98.43,79.81,76.76,-64.968413,104.758162,-45.401669,-67.775546,East
2066,2,33,2024-01-27 20:44:35,2024-01-28 01:07:00,268.98,50.108,61.5,40.86,5,-76.979649,-26.945817,-54.296895,-38.771171,North
2067,11,16,2024-10-31 07:02:02,2024-10-31 10:08:36,184.65,34.25,59.38,80.91,8.35,77.444276,-61.203023,-75.083654,144.090622,North
2068,34,12,2024-07-05 15:15:31,2024-07-05 16:00:32,37.41,8.25,49.86,71.61,56.19,65.617094,55.644311,-14.63842,64.796099,West
2069,6,25,2023-04-16 13:26:20,2023-04-16 13:30:58,5.17,1.092,66.86,81.92,79.82,-1.664752,84.783596,-42.93757,134.969365,Central
2070,30,36,2024-02-25 13:42:46,2024-02-25 15:52:52,219.24,45.532,101.1,60.33,5,-53.81187,-33.234186,-26.924461,-89.816415,South
2071,38,23,2024-09-02 19:16:25,2024-09-02 21:22:22,183.63,40.435,87.47,78.71,12.96,-77.424177,-90.702914,62.022497,-138.827112,North
2072,38,27,2023-05-10 15:09:29,2023-05-10 17:21:01,153.43,23.755,69.98,82.31,43.68,0.192939,-34.599191,69.708217,157.364154,North
2073,43,24,2024-10-15 23:00:40,2024-10-16 00:11:54,93.04,16.293,78.35,56.81,36.49,-58.771286,92.413248,64.953914,125.254339,West
2074,28,2,2023-09-02 07:32:49,2023-09-02 09:11:56,148.73,33.168,90.02,44.01,5,20.161905,110.878141,-39.94681,18.322625,Central
2075,12,29,2024-11-03 00:26:39,2024-11-03 02:25:10,179.18,40.361,90.7,39.09,5,-84.620751,-30.271398,80.674516,145.408867,East
2076,30,16,2023-04-21 12:57:00,2023-04-21 13:09:14,9.83,1.852,48.17,58.54,54.38,48.393743,72.913193,-5.45609,38.645545,South
2077,34,30,2023-10-16 14:30:47,2023-10-16 18:28:09,265.3,36.124,67.06,57.03,5,-81.142434,45.706395,58.949134,132.919017,West
2078,12,7,2023-08-18 10:59:32,2023-08-18 12:58:46,115.34,27.272,58.04,89.11,40.32,59.297392,-82.713184,-3.487751,-49.561127,East
2079,32,5,2024-04-09 15:56:09,2024-04-09 16:53:39,91.72,12.37,95.69,65.85,47.71,-5.725118,-42.715157,74.446399,-18.044117,East
2080,35,5,2023-10-01 18:44:55,2023-10-01 20:37:23,102.78,13.498,54.83,62.94,38.84,22.497092,-159.553436,69.010784,-87.408221,West
2081,9,10,2024-08-01 03:27:38,2024-08-01 07:37:31,214.78,33.558,51.57,31.6,5,70.568048,80.517376,33.669712,-76.9007,West
2082,38,24,2023-01-19 17:59:57,2023-01-19 20:25:09,137.27,23.56,56.72,69.84,31.53,-7.76919,-59.653456,12.19593,-67.84884,North
2083,25,19,2023-10-13 19:24:43,2023-10-13 19:41:32,20.02,3.656,71.36,38.01,34.1,79.517212,102.406871,-71.982829,5.566626,East
2084,36,28,2024-08-16 03:16:29,2024-08-16 05:09:16,156.62,34.436,83.31,65.62,11.13,47.999732,-118.182867,64.475921,-122.741713,West
2085,37,5,2023-04-30 02:16:42,2023-04-30 06:55:50,280.22,51.22,60.23,72.94,16.72,79.918038,-157.566647,-31.285405,-87.452533,North
2086,45,18,2023-04-22 19:27:00,2023-04-22 19:54:17,46.95,8.266,103.2,36.06,25.69,-79.688405,158.231644,79.719355,58.131073,North
2087,30,15,2023-02-02 12:55:01,2023-02-02 13:29:51,17.98,3.24,30.97,38.64,31.36,82.659635,69.941396,75.592436,-95.056506,South
2088,15,27,2024-09-12 23:13:55,2024-09-13 05:08:02,248.65,39.938,42.13,65.56,15.76,20.626671,93.39898,7.789758,131.358421,West
2089,16,1,2023-02-21 10:35:03,2023-02-21 12:11:46,53.2,11.94,33.0,77.27,57.34,-21.519155,58.679393,-85.257493,-137.714136,East
2090,17,30,2024-12-11 19:20:04,2024-12-11 22:09:57,294.45,41.104,103.99,62.08,5,-9.175417,161.863116,-13.538519,172.454967,South
2091,34,22,2024-04-24 01:57:16,2024-04-24 05:37:51,219.74,53.789,59.77,60.48,5,28.247578,-63.107912,49.322943,-58.08376,West
2092,41,36,2024-03-01 14:04:08,2024-03-01 16:52:41,267.31,56.08,95.15,51.49,5,-20.668689,-140.621769,-25.096778,146.735443,East
2093,38,10,2024-06-02 15:47:48,2024-06-02 18:09:27,206.18,33.705,87.33,63.8,9.0,-8.590279,123.597474,44.642222,118.717773,North
2094,43,16,2023-06-25 16:39:10,2023-06-25 20:26:42,245.4,59.581,64.71,47.69,5,-50.57242,94.975617,3.181588,8.597992,West
2095,24,32,2024-07-16 13:29:52,2024-07-16 22:13:13,297.44,67.281,34.1,68.46,5,56.330889,158.484989,42.673035,-8.13977,North
2096,19,7,2024-10-02 01:45:34,2024-10-02 02:46:31,48.65,11.466,47.89,80.93,68.41,61.969164,-157.693542,-3.139457,-66.200273,South
2097,18,30,2024-12-04 01:40:43,2024-12-04 03:00:13,50.21,8.714,37.89,65.24,54.89,-82.545338,169.262288,-38.507893,-92.76068,South
2098,30,27,2024-03-16 01:41:01,2024-03-16 04:29:54,102.71,19.283,36.49,40.56,5,-70.408026,-27.643024,78.921321,-7.128694,South
2099,48,5,2024-08-24 22:24:50,2024-08-24 23:22:44,97.62,22.239,101.14,58.32,35.65,67.146957,79.303372,-36.735194,-25.752918,East
2100,12,27,2024-01-03 12:36:18,2024-01-03 17:47:00,293.62,49.023,56.7,54.07,5,83.681981,-95.175099,8.304276,-148.06206,East
2101,36,32,2024-12-21 16:06:27,2024-12-21 19:50:25,287.69,66.725,77.07,56.35,5,29.398063,-63.648993,-60.868069,-36.94314,West
2102,22,16,2024-04-19 05:54:01,2024-04-19 10:09:36,242.34,48.762,56.89,68.87,17.65,23.503322,162.147806,14.999942,121.814169,Central
2103,8,7,2023-03-05 18:21:33,2023-03-05 18:41:17,29.28,5.312,88.99,39.75,29.97,-16.312342,-48.883462,70.904596,-27.281153,North
2104,8,10,2023-02-09 21:22:43,2023-02-09 21:30:20,5.62,1.394,44.21,38.68,36.11,8.974422,60.634603,50.327954,119.389795,North
2105,28,23,2024-06-01 08:13:31,2024-06-01 13:27:13,173.74,29.469,33.23,88.04,37.32,-83.152593,127.985958,35.596309,173.410302,Central
2106,3,38,2023-03-05 23:02:12,2023-03-06 02:46:58,296.51,45.387,79.15,83.39,32.96,28.461538,-1.606579,73.159785,140.313721,North
2107,13,26,2024-10-02 04:01:56,2024-10-02 11:45:16,298.08,60.764,38.6,68.57,5,-13.618014,-88.502047,61.11753,113.046267,East
2108,38,5,2024-10-08 01:55:01,2024-10-08 06:26:15,185.76,43.15,41.09,60.05,5,58.337202,11.827433,-8.106397,26.074056,North
2109,13,33,2023-03-16 15:48:36,2023-03-16 18:58:17,151.44,26.836,47.9,48.44,5,-77.629513,-80.436287,63.219042,-24.557708,East
2110,26,11,2024-06-23 18:02:18,2024-06-23 20:13:12,144.43,24.086,66.2,91.86,44.54,-78.269733,-169.192115,-20.79571,-163.658095,East
2111,46,26,2023-11-21 15:31:04,2023-11-21 20:29:50,243.05,40.618,48.81,94.0,30.63,-40.96505,-145.062666,58.696228,37.126181,South
2112,25,14,2023-07-06 22:37:27,2023-07-07 00:15:34,141.08,19.335,86.26,32.39,11.71,-84.738178,39.831473,26.780832,81.74932,East
2113,10,10,2023-03-25 15:11:52,2023-03-25 22:40:04,299.48,49.084,40.09,76.98,5,-8.397657,-177.904122,60.53105,48.6605,North
2114,26,21,2024-03-25 22:22:52,2024-03-25 23:29:02,75.58,18.259,68.53,56.64,20.77,83.838251,-117.35934,86.535011,108.40994,East
2115,48,36,2024-07-20 12:38:13,2024-07-20 14:20:08,178.36,33.315,104.99,43.64,9.68,21.172941,-121.525439,84.701532,160.299883,East
2116,3,24,2023-05-02 13:56:54,2023-05-02 16:02:10,120.28,27.777,57.61,33.18,5,-34.511316,162.772707,-2.445477,111.051397,North
2117,19,25,2023-05-25 21:46:36,2023-05-26 01:25:27,244.69,54.822,67.08,92.83,32.98,-88.764095,-104.059516,-32.056027,84.364641,South
2118,25,29,2023-04-14 05:29:46,2023-04-14 08:14:14,245.66,51.345,89.62,75.98,21.07,19.715286,93.060492,29.870269,-125.779404,East
2119,41,12,2023-01-06 18:40:02,2023-01-07 00:43:41,261.41,36.907,43.13,46.29,5,43.198073,53.321592,-6.286587,47.65941,East
2120,26,10,2023-02-02 15:24:41,2023-02-02 20:48:52,265.84,65.09,49.2,69.25,5,-64.953971,-121.732103,13.672477,-43.68711,East
2121,15,12,2023-11-21 13:39:54,2023-11-21 14:11:47,16.34,2.797,30.74,53.45,49.96,-23.533669,65.51932,-65.720935,82.037659,West
2122,44,24,2023-09-19 21:29:14,2023-09-19 21:34:18,5.81,1.105,68.62,83.58,82.35,-6.889316,131.555186,89.347004,-27.646291,Central
2123,16,10,2023-09-16 06:34:59,2023-09-16 08:40:07,205.7,33.491,98.62,78.36,22.45,79.154687,0.985735,42.774234,-28.758614,East
2124,30,34,2024-04-03 15:29:25,2024-04-03 17:50:28,185.68,45.302,78.98,58.27,5,49.447751,-0.30989,-9.478946,29.642074,South
2125,3,30,2024-07-12 13:07:47,2024-07-12 16:29:58,179.34,33.137,53.22,94.79,57.97,59.995833,-10.546473,-8.927993,166.75925,North
2126,22,22,2023-01-14 21:57:28,2023-01-14 23:31:08,125.16,23.398,80.16,81.47,56.89,-72.199753,161.605175,-52.190272,-140.582922,Central
2127,31,30,2024-12-11 00:09:21,2024-12-11 03:39:57,265.89,61.202,75.75,90.0,21.62,43.808027,26.998864,-24.723064,148.555741,Central
2128,17,29,2023-07-25 14:22:30,2023-07-25 15:30:50,93.58,14.742,82.16,32.52,5,82.047071,-11.423546,-61.529426,-62.808457,South
2129,42,17,2023-11-03 15:50:23,2023-11-03 16:59:20,83.28,20.34,72.46,32.64,5.56,-72.334349,-98.796282,34.483262,89.386832,Central
2130,33,16,2023-11-05 08:14:49,2023-11-05 08:24:51,5.66,1.281,33.82,34.95,33.56,71.752353,90.22858,-73.376627,-126.943763,Central
2131,39,35,2023-11-20 16:52:38,2023-11-20 16:58:33,9.82,2.18,99.48,77.63,73.86,82.557462,-80.697513,-25.311116,171.892009,East
2132,24,39,2024-05-30 05:04:22,2024-05-30 05:15:25,20.1,4.208,109.11,43.87,39.42,29.143075,-152.083943,85.048445,-164.436587,North
2133,22,8,2024-10-26 06:42:54,2024-10-26 07:23:44,74.28,12.585,109.14,66.45,53.23,55.92864,-84.754343,86.574575,56.148299,Central
2134,39,13,2023-01-12 00:55:07,2023-01-12 06:36:46,207.1,50.447,36.37,72.04,5,-12.465989,138.983869,26.992114,115.017168,East
2135,2,7,2023-04-11 21:05:29,2023-04-12 00:15:07,279.67,46.167,88.48,40.99,5,16.200306,109.564822,8.374359,-9.288441,North
2136,19,27,2023-05-06 17:18:59,2023-05-06 23:11:34,272.26,38.583,46.33,40.65,5,-71.727069,167.06058,-54.41225,-115.013252,South
2137,22,20,2024-02-26 05:34:08,2024-02-26 08:08:43,209.01,31.073,81.12,34.95,5,54.310856,-154.839174,32.987238,-98.68232,Central
2138,10,1,2023-07-06 01:33:43,2023-07-06 01:49:43,24.46,3.972,91.63,79.3,73.4,43.947372,-57.70651,-26.292835,-59.45454,North
2139,14,8,2024-08-17 02:46:29,2024-08-17 06:15:08,138.13,30.878,39.72,79.79,14.92,-76.716688,-75.913127,-37.615834,105.646749,East
2140,34,33,2023-04-05 20:03:45,2023-04-05 21:55:09,146.97,25.389,79.15,81.06,33.6,-23.279487,27.409838,47.115158,93.961128,West
2141,8,23,2023-05-18 00:18:25,2023-05-18 02:57:08,119.42,25.919,45.14,91.42,43.69,45.688837,-36.90857,-5.315091,-86.558782,North
2142,44,6,2023-02-19 06:28:35,2023-02-19 07:23:53,52.88,11.25,57.37,63.94,51.37,61.224018,143.312848,0.779958,165.547983,Central
2143,15,31,2024-12-19 05:54:58,2024-12-19 09:50:48,228.41,40.363,58.11,52.11,5,-49.757781,-3.680557,84.405472,-169.966079,West
2144,32,7,2024-09-19 00:41:50,2024-09-19 02:20:31,156.16,23.864,94.94,43.8,8.81,-29.768401,-143.224734,42.946384,21.057073,East
2145,45,31,2024-08-23 18:24:08,2024-08-23 20:28:36,177.97,39.039,85.79,93.45,44.47,-87.988129,168.040097,-20.874511,5.448547,North
2146,48,32,2024-03-08 23:45:57,2024-03-09 03:34:36,232.4,35.765,60.98,71.76,35.3,49.814386,-126.939127,-15.645293,-120.64721,East
2147,3,3,2023-12-18 18:50:36,2023-12-18 19:38:32,60.48,12.686,75.68,31.11,17.01,82.81066,-83.269677,19.746034,-6.920482,North
2148,28,22,2023-11-19 18:06:33,2023-11-20 01:30:01,226.17,41.981,30.6,50.49,5,-36.705149,129.041182,7.657815,97.880569,Central
2149,11,7,2024-04-06 21:03:04,2024-04-06 22:47:16,158.55,29.619,91.29,68.54,5.79,-68.732572,-88.612345,-66.713352,-57.056768,North
2150,40,36,2024-07-17 19:49:31,2024-07-18 01:37:40,229.67,51.524,39.58,82.7,24.22,42.193024,8.600549,42.954386,-35.905254,East
2151,45,21,2023-07-11 02:28:22,2023-07-11 03:29:10,97.06,22.619,95.77,49.07,20.69,42.658564,162.946236,20.329576,-31.817124,North
2152,4,20,2024-05-31 09:12:40,2024-05-31 16:16:41,289.4,50.804,40.95,46.79,5,-28.194128,-45.648856,72.21835,-127.129366,West
2153,12,18,2023-09-22 00:57:47,2023-09-22 03:19:10,255.67,44.398,108.5,93.38,13.96,-54.436465,6.835474,-3.645383,-153.244123,East
2154,36,20,2024-07-27 17:01:52,2024-07-27 19:58:04,93.45,15.824,31.82,93.78,68.74,79.890899,40.822763,76.567275,111.930435,West
2155,8,9,2024-12-24 10:44:48,2024-12-24 12:47:49,159.86,22.957,77.96,36.51,5,50.748201,73.234316,71.791941,-84.346065,North
2156,19,22,2023-09-05 05:45:38,2023-09-05 11:44:51,267.08,60.372,44.61,43.8,5,-55.617596,16.759562,-13.993721,95.935851,South
2157,17,4,2023-08-03 18:36:40,2023-08-03 19:40:39,96.89,23.211,90.85,79.06,30.19,60.049157,-131.887337,46.157874,-14.290823,South
2158,8,36,2024-12-27 09:33:54,2024-12-27 11:37:18,175.32,34.413,85.24,49.32,5,-66.581915,-84.791469,12.088772,-128.347996,North
2159,24,7,2024-11-26 10:04:58,2024-11-26 11:16:14,124.08,29.203,104.46,50.27,19.37,18.58071,-20.315894,-33.016563,16.14989,North
2160,8,22,2023-07-28 23:25:18,2023-07-29 04:52:56,223.62,54.421,40.95,36.13,5,-62.089401,122.765921,-83.859483,-99.234916,North
2161,1,7,2024-11-23 08:56:40,2024-11-23 11:06:06,145.71,28.419,67.54,53.47,5,-87.841433,-65.134946,87.881039,58.530305,East
2162,19,11,2024-04-03 22:18:50,2024-04-04 01:05:29,282.2,47.999,101.6,46.09,5,15.601703,109.93757,71.946067,-156.29635,South
2163,14,37,2024-06-28 05:56:50,2024-06-28 09:11:11,260.67,40.719,80.47,31.09,5,-3.455186,-15.617553,30.748165,-154.413083,East
2164,11,11,2024-07-27 02:44:18,2024-07-27 05:38:17,287.4,71.493,99.11,63.13,5,-28.511519,9.853812,-57.840068,83.422593,North
2165,1,34,2024-11-10 16:32:17,2024-11-10 17:27:11,85.63,13.059,93.57,80.46,52.5,27.345898,65.833084,59.519831,-39.351172,East
2166,40,16,2023-02-16 02:46:04,2023-02-16 04:26:04,131.77,30.176,79.06,55.25,21.0,-7.379653,12.096483,-3.695544,104.694756,East
2167,22,23,2023-04-16 19:08:52,2023-04-16 20:45:25,124.33,20.455,77.26,89.2,67.71,-20.461844,-40.144089,-60.908593,-117.347282,Central
2168,18,40,2024-10-26 23:36:21,2024-10-27 02:41:44,267.42,54.188,86.55,46.57,5,-16.754584,-98.124986,-18.702456,-68.227901,South
2169,1,8,2023-11-11 23:54:21,2023-11-12 01:54:12,179.27,35.709,89.74,74.93,5,-59.757277,19.161195,-48.637328,165.984098,East
2170,46,38,2023-04-04 04:32:15,2023-04-04 10:21:19,290.32,45.784,49.9,76.22,5,-77.164821,-27.680183,10.41861,12.495494,South
2171,18,3,2024-07-21 23:32:03,2024-07-21 23:57:40,26.3,4.292,61.58,92.74,87.64,-46.354242,-79.174501,-43.248463,58.088063,South
2172,10,37,2023-01-03 04:31:30,2023-01-03 06:46:58,197.3,25.975,87.38,83.95,45.35,-7.710807,47.210401,-60.310782,139.87327,North
2173,9,22,2023-06-10 06:20:03,2023-06-10 09:36:43,136.89,19.82,41.76,72.12,42.49,81.365991,84.989259,-80.764043,149.12192,West
2174,28,21,2023-11-16 07:57:35,2023-11-16 09:35:30,116.72,24.462,71.51,47.88,5.78,-73.386813,84.538456,32.563472,120.604302,Central
2175,45,10,2023-06-10 14:41:09,2023-06-10 17:20:46,119.82,29.19,45.04,73.28,36.66,47.081517,-175.114256,-76.625011,36.105789,North
2176,18,32,2024-01-15 18:00:30,2024-01-15 22:23:34,285.0,51.869,65.0,46.39,5,88.287088,37.881292,-74.046838,-164.646385,South
2177,13,4,2024-08-29 22:13:22,2024-08-30 05:54:31,267.24,44.011,34.77,59.82,5,-52.448551,-36.43468,45.566036,69.355367,East
2178,31,8,2024-11-15 12:44:44,2024-11-15 14:26:55,89.73,19.946,52.68,41.51,19.22,71.899092,77.426948,-50.260342,94.856186,Central
2179,35,34,2023-02-20 17:11:15,2023-02-20 20:15:56,178.01,32.74,57.83,71.88,13.42,-70.696352,61.924405,86.734126,-158.137101,West
2180,50,18,2024-10-14 00:49:01,2024-10-14 03:11:42,145.67,22.793,61.25,40.43,6.21,73.986568,179.07397,-62.312429,-47.87375,North
2181,11,2,2024-08-29 15:02:27,2024-08-29 16:07:02,74.15,18.079,68.87,44.23,5.93,-3.277372,-52.927188,-73.227744,47.117918,North
2182,37,10,2023-03-27 07:16:30,2023-03-27 08:40:55,83.96,11.911,59.67,46.56,33.49,16.860436,44.958063,-81.369896,-110.061405,North
2183,48,34,2024-09-12 23:02:22,2024-09-13 00:35:18,96.51,23.631,62.3,34.09,10.0,-71.095125,12.078987,32.670971,-106.499365,East
2184,9,16,2024-11-29 02:23:34,2024-11-29 03:19:32,88.43,18.589,94.78,79.25,51.46,84.177143,-59.855895,71.44972,95.738831,West
2185,40,40,2024-03-22 03:50:48,2024-03-22 07:10:18,240.7,45.647,72.39,41.89,5,10.913731,126.315199,-64.57232,-147.031241,East
2186,38,1,2023-04-26 19:21:23,2023-04-27 00:28:41,287.79,56.541,56.19,74.83,5,27.901297,9.552593,-60.94944,-66.688228,North
2187,41,22,2023-01-02 03:13:33,2023-01-02 06:29:27,146.9,31.805,44.99,77.62,13.88,-32.703989,12.833942,88.280102,74.103572,East
2188,32,17,2024-06-24 14:52:56,2024-06-24 18:02:01,242.35,50.986,76.9,70.88,5,20.677457,-7.635255,-58.789174,-45.314226,East
2189,43,37,2024-03-14 02:07:56,2024-03-14 03:57:30,110.28,26.118,60.39,70.6,38.03,62.66124,117.786094,-64.949203,-25.025306,West
2190,25,3,2024-10-28 06:29:04,2024-10-28 08:01:21,104.16,17.708,67.71,45.68,26.74,84.564903,-116.210974,-26.379446,-70.149395,East
2191,17,28,2024-03-12 20:33:12,2024-03-12 20:49:34,9.85,1.442,36.1,66.74,63.7,-8.671933,29.018723,-68.514971,160.284686,South
2192,31,3,2023-06-09 04:43:09,2023-06-09 06:40:50,142.79,20.321,72.8,78.01,55.3,84.29572,143.028983,34.295336,101.178284,Central
2193,40,29,2024-07-12 00:31:26,2024-07-12 01:01:47,45.04,6.379,89.04,44.2,36.96,-42.78013,-22.052558,-63.62802,170.929594,East
2194,19,1,2024-12-14 04:33:10,2024-12-14 09:03:11,178.31,35.775,39.62,48.23,9.17,-81.683031,-138.81476,-22.472784,49.259317,South
2195,33,14,2023-03-14 14:38:55,2023-03-14 16:48:18,105.54,23.921,48.94,37.72,11.69,-25.201146,-140.123503,-62.681097,-71.249494,Central
2196,43,35,2024-08-02 18:14:06,2024-08-02 20:19:56,190.59,40.535,90.87,32.87,5,89.567138,-176.462615,-74.418289,-73.916197,West
2197,39,11,2024-05-25 12:54:16,2024-05-25 15:29:29,228.41,43.111,88.29,90.2,15.74,-56.826853,-50.817149,37.465033,15.993178,East
2198,16,27,2024-11-20 07:36:27,2024-11-20 10:22:19,102.57,24.717,37.1,67.89,26.63,-29.868105,-42.828121,46.732093,-75.884284,East
2199,21,1,2023-11-28 17:49:39,2023-11-28 19:50:09,210.43,41.403,104.77,78.97,23.77,-86.89351,35.730403,7.626337,-141.442672,West
2200,13,2,2024-07-27 22:06:26,2024-07-27 22:31:42,33.77,5.506,80.18,31.39,22.3,25.323957,-67.032661,56.091715,89.036039,East
2201,14,11,2023-07-01 22:10:08,2023-07-02 00:40:51,222.56,34.516,88.6,42.73,5,79.192622,32.680849,27.461232,51.521517,East
2202,11,19,2023-12-24 22:57:43,2023-12-24 23:18:42,23.08,3.088,65.96,70.21,63.67,-81.78577,-56.756066,-12.249793,112.261095,North
2203,16,24,2024-05-02 02:33:39,2024-05-02 05:04:17,228.19,41.489,90.89,84.26,15.0,-45.399704,-135.047221,-17.732694,-58.609443,East
2204,50,5,2024-10-09 11:47:48,2024-10-09 15:47:07,270.84,47.382,67.9,30.5,5,-16.979789,140.09343,-68.967974,-70.526738,North
2205,39,12,2024-06-15 14:52:46,2024-06-15 18:51:57,253.66,37.771,63.63,35.51,5,40.851412,-163.092467,11.82708,-118.165273,East
2206,6,10,2023-11-19 09:08:44,2023-11-19 09:54:38,36.99,5.99,48.34,82.82,71.28,-70.640338,12.163202,-26.215436,9.198191,Central
2207,38,36,2024-11-17 11:45:35,2024-11-17 13:41:29,204.76,48.708,106.0,90.58,11.38,47.307247,-166.425132,9.514389,110.542541,North
2208,42,22,2024-11-19 11:28:25,2024-11-19 12:54:48,138.65,29.014,96.3,68.63,30.0,-20.181702,149.503132,52.222705,-82.82876,Central
2209,16,29,2023-11-27 00:27:18,2023-11-27 01:01:49,55.78,9.365,96.94,58.93,43.3,45.501488,-62.380739,66.984087,-52.146096,East
2210,43,14,2024-12-20 09:51:49,2024-12-20 12:16:35,221.36,39.557,91.74,31.3,5,-11.161053,-118.316454,1.558361,-24.303854,West
2211,29,35,2023-12-28 01:46:29,2023-12-28 04:33:38,278.54,59.424,99.98,37.5,5,-71.541928,107.476629,-75.786514,139.829147,North
2212,4,15,2024-07-26 10:44:32,2024-07-26 12:44:19,211.58,39.675,105.97,37.36,5,10.386288,82.717828,-76.92444,63.777047,West
2213,46,38,2024-07-07 09:00:41,2024-07-07 14:27:52,222.6,43.336,40.82,63.67,5,46.060271,145.775771,-47.82972,160.152526,South
2214,17,9,2023-07-06 18:55:34,2023-07-06 22:47:13,272.86,64.431,70.67,69.45,5,-63.700238,105.80295,25.84028,22.608263,South
2215,18,35,2024-03-04 23:11:42,2024-03-04 23:36:24,29.65,4.784,72.01,36.08,30.4,3.815045,-159.036791,-64.454626,18.558394,South
2216,40,9,2024-10-05 05:05:28,2024-10-05 05:59:16,57.6,8.907,64.22,85.27,75.16,36.96665,70.135521,30.048887,12.046773,East
2217,17,6,2024-02-07 07:22:56,2024-02-07 08:07:32,48.61,10.017,65.39,57.44,36.35,-20.282697,131.152504,62.350069,16.915991,South
2218,8,21,2023-12-24 23:47:02,2023-12-25 00:48:43,53.57,7.157,52.1,85.07,71.89,-86.19649,-130.777946,66.778741,146.575531,North
2219,1,2,2024-08-25 04:43:07,2024-08-25 11:00:57,201.14,26.881,31.94,82.62,25.06,-16.449135,-81.662303,-52.396853,139.775372,East
2220,25,11,2024-08-11 09:54:51,2024-08-11 12:40:49,223.95,47.602,80.96,35.27,5,-3.824041,127.246778,-6.566217,-5.360489,East
2221,35,7,2023-12-07 23:09:45,2023-12-08 02:23:33,236.18,53.021,73.12,54.15,5,49.619689,146.395474,-51.783315,-150.118983,West
2222,43,2,2024-07-12 15:20:00,2024-07-12 16:10:38,49.18,7.073,58.27,54.64,45.82,20.172345,-163.90014,63.594852,143.710093,West
2223,37,19,2024-08-07 12:09:48,2024-08-07 14:17:48,91.18,13.472,42.74,65.48,50.69,-55.613374,11.454647,-80.790336,-56.268639,North
2224,48,37,2024-02-24 10:34:42,2024-02-24 12:40:49,145.65,20.273,69.29,89.17,68.5,18.020685,-143.462943,-50.800634,110.068187,East
2225,14,19,2024-01-25 11:03:39,2024-01-25 16:42:04,188.39,25.404,33.4,54.66,5,-12.359818,36.565138,56.519362,-56.809622,East
2226,32,30,2023-01-21 09:21:38,2023-01-21 09:53:31,18.02,4.258,33.91,73.03,66.79,9.897967,101.139362,-17.693212,-162.492334,East
2227,29,23,2024-05-09 12:21:00,2024-05-09 14:08:40,105.74,20.472,58.92,63.53,21.75,-6.992891,-36.300717,29.22088,36.309854,North
2228,30,25,2024-03-13 07:06:31,2024-03-13 07:45:47,41.27,7.899,63.04,81.85,64.1,-6.968038,106.651687,30.175636,24.337305,South
2229,25,24,2024-05-28 15:58:16,2024-05-28 16:19:33,19.45,3.875,54.81,41.07,36.93,23.667925,20.755364,13.011978,-91.577638,East
2230,3,36,2024-07-08 19:17:43,2024-07-08 19:32:28,16.62,2.64,67.58,56.44,53.51,-10.271522,125.542158,51.554713,-102.157788,North
2231,43,40,2024-03-09 14:45:53,2024-03-09 17:10:25,140.71,31.334,58.41,94.92,55.85,81.977322,-41.524758,-42.327796,-102.511097,West
2232,45,34,2023-05-24 12:17:45,2023-05-24 13:30:12,42.1,10.162,34.86,82.13,69.38,-47.815674,-94.973744,-25.903733,-143.050538,North
2233,30,17,2024-10-10 11:37:50,2024-10-10 13:13:13,160.93,35.183,101.22,89.49,10.43,-76.051268,50.3594,-59.673853,-32.694242,South
2234,19,17,2024-10-27 14:37:36,2024-10-27 17:16:03,194.91,45.931,73.8,60.79,10.65,-77.100217,-85.895012,89.965689,-108.80331,South
2235,18,34,2023-05-31 13:44:29,2023-05-31 15:01:13,116.54,16.048,91.11,64.34,45.28,37.923265,74.559405,50.243459,-151.838502,South
2236,21,16,2023-05-01 06:49:01,2023-05-01 11:44:33,203.53,43.016,41.32,56.01,5,56.381096,-128.548115,-26.774491,-152.710936,West
2237,13,34,2024-03-19 20:02:55,2024-03-19 22:23:30,195.33,32.368,83.36,49.99,5,71.188575,-168.330045,-16.589324,133.670059,East
2238,2,16,2024-11-14 02:03:49,2024-11-14 03:32:18,128.84,27.962,87.36,53.94,7.49,-58.50244,150.143146,-67.650479,-35.45809,North
2239,38,28,2023-06-16 02:54:22,2023-06-16 03:14:25,35.71,6.622,106.86,46.37,35.6,54.877947,-151.47842,-31.598249,105.104386,North
2240,3,25,2023-08-15 12:17:23,2023-08-15 15:48:54,283.91,69.143,80.53,40.18,5,19.891133,-80.54975,39.015377,-43.255591,North
2241,28,19,2024-11-03 20:30:27,2024-11-04 02:21:13,262.67,56.877,44.93,81.26,5,5.562749,137.531018,23.315528,179.828477,Central
2242,28,22,2024-02-27 03:00:01,2024-02-27 06:51:36,206.54,49.44,53.51,92.35,7.26,26.1903,-46.526286,25.871323,144.253896,Central
2243,2,6,2023-12-31 22:18:15,2024-01-01 00:09:10,116.29,19.173,62.9,48.19,16.34,-72.129735,-61.923193,67.689686,65.996087,North
2244,41,34,2024-01-28 09:54:54,2024-01-28 18:34:20,275.3,39.389,31.8,44.68,5,63.435842,-86.577028,-87.773537,-101.192917,East
2245,18,36,2024-06-25 16:35:35,2024-06-25 20:02:36,152.79,25.942,44.28,93.85,63.04,29.479268,53.299317,-67.188727,-161.514958,South
2246,11,30,2024-04-18 20:59:58,2024-04-19 04:10:09,250.37,33.676,34.92,74.74,5,42.586467,-63.584141,-62.669344,-51.885799,North
2247,49,4,2024-10-24 12:25:38,2024-10-24 14:23:19,90.96,22.41,46.37,44.05,17.9,18.163198,-145.877611,2.487436,45.74738,Central
2248,27,13,2024-10-05 12:50:10,2024-10-05 14:55:04,160.23,23.179,76.97,87.43,55.76,74.910517,100.312402,-40.917381,-150.053991,South
2249,17,10,2024-09-17 23:57:34,2024-09-18 00:53:41,35.14,6.787,37.57,68.99,54.7,64.880794,-84.588793,42.278665,-152.412333,South
2250,10,35,2023-02-07 12:56:33,2023-02-07 16:56:59,183.9,37.829,45.89,68.57,12.36,-61.679289,-131.089233,25.933988,147.586967,North
2251,15,32,2023-06-18 09:06:51,2023-06-18 09:39:46,44.74,6.027,81.52,94.96,87.45,-31.731116,-154.258258,12.498573,114.36545,West
2252,31,3,2024-07-15 20:25:22,2024-07-15 21:10:35,27.67,6.125,36.71,78.75,71.91,-40.232666,-4.007149,22.672269,115.456389,Central
2253,36,21,2023-10-30 09:50:10,2023-10-30 10:08:45,33.12,7.401,106.86,85.79,74.08,-1.386686,117.913843,69.380237,-31.264213,West
2254,38,1,2023-01-09 06:56:21,2023-01-09 12:48:15,273.9,62.253,46.7,31.73,5,-76.171875,142.93072,29.004717,94.682138,North
2255,42,7,2023-09-17 21:10:52,2023-09-18 03:12:18,234.7,47.33,38.96,38.31,5,-67.678624,-7.64906,20.207967,106.046983,Central
2256,1,16,2024-06-18 16:38:40,2024-06-18 18:21:37,116.3,18.802,67.78,75.68,35.42,2.284088,-159.502286,-11.42064,46.939663,East
2257,22,39,2023-04-03 23:23:14,2023-04-04 02:11:47,288.31,68.005,102.63,89.58,18.15,-67.47637,-91.356932,44.84595,-25.959389,Central
2258,49,14,2023-11-01 06:57:43,2023-11-01 08:10:40,113.53,15.548,93.37,38.71,20.57,-4.833106,-41.113918,-85.335863,-30.480835,Central
2259,24,39,2023-02-25 01:54:29,2023-02-25 04:21:04,243.51,48.459,99.67,71.55,20.27,61.467923,92.262975,54.826862,-158.575241,North
2260,9,35,2023-08-15 23:48:48,2023-08-16 00:58:22,71.62,16.513,61.76,61.03,36.35,-44.807166,-65.090202,-80.8489,71.426188,West
2261,42,9,2024-08-10 14:34:37,2024-08-10 21:08:20,299.1,44.542,45.58,82.97,23.66,79.952326,94.028735,-26.618212,3.076617,Central
2262,16,39,2024-04-12 13:25:59,2024-04-12 17:43:53,154.23,26.253,35.88,59.33,15.5,-13.951492,-20.462056,3.648029,52.158357,East
2263,31,5,2023-03-13 15:11:37,2023-03-13 17:37:55,80.27,17.474,32.92,78.49,58.97,41.429901,84.438343,25.144701,-160.60177,Central
2264,11,34,2024-02-21 09:43:19,2024-02-21 11:06:57,125.14,25.736,89.77,83.92,29.39,-19.824297,145.278781,-80.514301,-147.65095,North
2265,26,16,2024-01-18 10:32:42,2024-01-18 14:54:56,281.0,61.609,64.29,92.81,5,9.36269,-136.025107,10.641054,-3.280277,East
2266,38,7,2023-04-01 11:57:11,2023-04-01 15:27:53,225.17,54.64,64.12,85.02,5,46.336295,-145.554055,-16.601021,-34.577931,North
2267,15,4,2024-02-09 02:17:06,2024-02-09 06:48:04,266.06,53.981,58.91,55.86,5,52.146392,-25.194174,49.379175,-1.230983,West
2268,2,25,2023-04-30 14:36:55,2023-04-30 20:23:49,207.05,32.205,35.81,91.12,37.62,80.118643,25.437724,47.423867,1.529079,North
2269,14,14,2023-07-17 07:24:17,2023-07-17 12:01:08,269.76,51.548,58.46,83.13,5,29.89653,119.014259,-40.119616,118.185938,East
2270,14,28,2024-03-20 07:37:35,2024-03-20 08:05:21,37.09,8.218,80.11,61.54,44.28,75.375139,51.942594,-79.894428,136.155927,East
2271,46,10,2024-04-27 11:36:34,2024-04-27 12:32:35,67.2,14.781,71.96,47.15,24.09,-0.684114,60.106668,-24.182375,-127.147923,South
2272,3,8,2023-07-08 01:04:23,2023-07-08 02:20:46,94.68,23.501,74.36,81.6,55.49,6.491538,133.132011,88.398613,-1.358391,North
2273,15,22,2023-08-20 19:19:46,2023-08-20 20:05:13,75.04,16.389,99.03,89.33,68.89,46.747504,-145.808112,88.914019,-55.877796,West
2274,38,9,2023-11-13 11:33:13,2023-11-13 11:56:08,18.61,4.036,48.7,54.33,47.77,-66.815189,-16.671648,-82.142895,149.379358,North
2275,4,7,2024-06-02 02:15:40,2024-06-02 03:36:05,114.32,26.142,85.29,31.17,5,36.633088,-7.356027,-2.311265,-120.606556,West
2276,37,24,2024-03-14 10:19:48,2024-03-14 15:20:28,176.35,35.074,35.19,48.81,10.31,9.65726,38.347048,-76.634246,128.722547,North
2277,2,29,2023-07-18 06:05:35,2023-07-18 10:11:04,176.96,38.0,43.25,79.15,16.03,48.596959,-112.826265,43.169427,-137.174777,North
2278,44,27,2024-08-18 10:59:27,2024-08-18 12:59:23,189.22,39.512,94.65,86.52,42.37,30.486776,-113.362085,37.484074,41.13955,Central
2279,40,39,2024-08-12 22:00:22,2024-08-13 00:03:59,182.09,45.112,88.38,74.09,22.88,32.324944,117.936923,-20.146286,-16.957606,East
2280,34,6,2024-11-21 14:58:59,2024-11-21 18:48:19,159.05,31.733,41.61,80.93,21.62,-37.200231,-146.725012,-13.457261,-105.400327,West
2281,45,37,2023-07-12 18:47:54,2023-07-12 19:26:27,48.34,10.764,75.23,49.14,35.63,9.636242,-117.955523,18.893925,51.177274,North
2282,24,37,2024-04-25 14:57:45,2024-04-25 17:23:05,238.73,56.547,98.55,91.96,32.12,69.988354,102.139261,54.571795,52.598129,North
2283,9,12,2024-10-13 19:34:04,2024-10-13 22:01:45,235.2,34.564,95.55,49.14,5,-63.652516,2.125264,73.692838,30.350034,West
2284,32,26,2024-03-14 00:08:24,2024-03-14 01:45:38,170.16,36.408,105.0,56.51,5,-71.603043,131.430819,46.471874,-85.034909,East
2285,40,31,2023-05-01 09:25:28,2023-05-01 12:31:46,122.41,30.196,39.42,79.65,45.38,82.786756,34.432669,54.096434,-2.857275,East
2286,2,29,2023-05-16 02:00:12,2023-05-16 06:07:52,226.04,49.034,54.76,91.3,9.85,57.903924,168.586458,17.735229,65.832345,North
2287,38,39,2023-06-21 04:30:15,2023-06-21 05:43:20,101.1,21.031,83.0,89.01,54.81,-33.277459,-133.52033,-49.075189,21.28963,North
2288,38,9,2024-05-25 12:11:56,2024-05-25 15:10:34,269.63,66.791,90.56,84.34,5,42.554567,59.401769,-37.122392,127.484109,North
2289,1,23,2023-11-13 11:49:54,2023-11-13 18:35:54,266.75,56.929,39.42,39.26,5,-44.498217,-108.392006,58.665804,136.547892,East
2290,44,28,2023-09-23 03:02:01,2023-09-23 03:10:48,13.83,2.472,94.37,80.96,78.2,88.727345,58.527665,37.710892,166.85436,Central
2291,27,35,2024-06-09 11:53:03,2024-06-09 12:27:59,48.25,9.461,82.87,36.08,23.16,-65.951003,106.714487,-64.729174,66.447873,South
2292,41,25,2023-09-25 17:59:54,2023-09-25 21:29:20,125.04,16.479,35.82,83.9,50.88,47.594962,-16.946825,84.211649,30.669217,East
2293,35,28,2023-03-18 07:33:52,2023-03-18 09:57:35,203.24,31.062,84.85,39.47,5,75.884018,-142.611904,-25.530389,170.424641,West
2294,38,21,2024-03-19 21:39:46,2024-03-19 22:40:01,104.37,24.13,103.91,37.81,5,6.58671,99.179323,-66.536271,-98.22672,North
2295,21,26,2024-02-25 13:41:48,2024-02-25 14:19:55,48.94,11.353,77.01,80.25,65.11,68.032461,-118.203658,-12.168216,24.758079,West
2296,21,3,2024-10-25 19:35:13,2024-10-25 19:42:54,13.69,2.147,106.74,61.1,58.24,10.399052,-121.015598,1.072459,100.688192,West
2297,1,33,2023-12-04 06:58:19,2023-12-04 08:44:49,182.12,45.496,102.59,55.3,5,24.003339,-38.155419,-51.760191,-139.758723,East
2298,10,25,2024-01-27 09:21:51,2024-01-27 11:08:03,64.61,13.143,36.5,42.57,23.04,-3.630374,54.164303,24.218363,-96.765705,North
2299,2,4,2023-02-21 10:28:32,2023-02-21 13:49:49,115.68,16.15,34.48,72.14,45.31,-6.009855,148.33241,-35.325584,-143.958211,North
2300,45,39,2023-02-26 19:51:12,2023-02-27 00:29:07,258.06,57.506,55.71,59.45,5,65.978088,-88.339147,22.439965,137.118763,North
2301,45,34,2023-06-02 03:49:53,2023-06-02 06:18:21,262.19,53.811,105.95,71.73,5,-56.478845,-45.489022,-3.980938,-165.517319,North
2302,4,24,2023-06-21 06:37:07,2023-06-21 10:21:33,193.06,35.306,51.61,88.22,28.28,15.838121,-79.325103,-9.112955,-108.030819,West
2303,43,19,2023-10-31 11:53:01,2023-10-31 12:29:25,52.88,7.761,87.15,59.19,49.51,51.005153,31.614683,2.738373,-112.484302,West
2304,30,27,2024-06-05 11:40:50,2024-06-05 12:44:19,43.36,9.792,40.98,31.27,9.27,-36.0169,71.182674,-14.395487,165.628028,South
2305,36,31,2024-12-17 18:46:39,2024-12-17 22:16:44,118.42,25.332,33.82,40.46,5,34.181473,-98.973284,-47.463758,102.503554,West
2306,43,5,2024-08-20 09:18:28,2024-08-20 16:40:30,234.43,49.454,31.82,90.88,29.22,33.801474,-39.648028,-35.305571,-118.524257,West
2307,19,5,2023-06-01 16:04:09,2023-06-01 17:01:38,63.54,9.272,66.31,35.8,25.68,82.147269,43.057887,-44.786399,172.029248,South
2308,25,23,2024-07-09 07:03:15,2024-07-09 13:06:11,279.53,49.8,46.21,89.53,36.27,84.747247,-58.209388,63.193231,55.005833,East
2309,34,35,2024-12-21 03:38:31,2024-12-21 04:33:39,28.35,6.744,30.85,85.22,72.61,12.665432,68.454859,43.713531,-45.344283,West
2310,13,7,2023-03-03 01:06:33,2023-03-03 07:11:46,182.86,40.237,30.04,37.32,5,-46.893032,-86.971148,33.203874,-96.715751,East
2311,18,33,2024-06-04 02:51:41,2024-06-04 04:19:33,98.74,24.406,67.42,65.5,36.51,73.878874,159.54436,52.631895,-101.651189,South
2312,29,8,2023-05-28 21:04:28,2023-05-28 23:00:15,69.38,11.49,35.95,73.41,49.96,55.876401,106.850077,2.921128,-178.528777,North
2313,19,38,2023-02-08 04:51:36,2023-02-08 09:53:54,219.17,29.749,43.5,67.62,35.14,6.119648,163.088102,-60.169216,-179.56279,South
2314,30,19,2024-02-01 08:05:47,2024-02-01 08:16:54,17.69,2.904,95.4,58.03,51.5,-58.764715,-170.960728,-11.524066,-160.174295,South
2315,4,16,2023-12-17 21:01:07,2023-12-17 22:19:37,65.44,12.201,50.01,36.61,15.9,-46.838009,100.128601,46.113794,-1.313256,West
2316,9,10,2024-12-03 23:13:13,2024-12-04 00:44:20,141.65,21.31,93.27,73.37,41.52,71.058832,155.835573,2.430842,62.848136,West
2317,14,5,2023-01-11 21:13:51,2023-01-12 00:19:30,251.02,59.57,81.12,87.08,5,-55.477325,-146.337256,-53.085215,10.400656,East
2318,42,35,2024-10-04 14:24:52,2024-10-04 15:08:49,58.81,14.213,80.26,46.97,28.04,76.813934,158.984476,59.79965,28.353395,Central
2319,31,11,2024-03-20 16:32:32,2024-03-20 18:24:49,166.11,36.17,88.76,61.93,21.52,59.734009,6.499305,1.195774,164.344877,Central
2320,43,29,2023-07-01 15:33:01,2023-07-01 17:51:05,228.57,52.275,99.33,45.06,5,76.092354,-59.590183,67.867946,-60.473746,West
2321,18,8,2024-10-20 17:17:01,2024-10-20 19:25:13,157.01,28.107,73.48,94.73,61.35,-9.064823,71.087597,-55.883398,-88.321554,South
2322,26,15,2024-03-20 14:46:55,2024-03-20 16:54:05,226.33,50.76,106.78,31.49,5,-30.785368,-121.492331,18.395209,-149.417744,East
2323,42,35,2024-07-12 14:32:29,2024-07-12 17:38:24,192.81,27.819,62.22,90.26,53.22,-22.847327,-85.498298,-68.977985,-38.538465,Central
2324,35,4,2023-11-09 18:06:50,2023-11-09 21:49:41,258.97,49.772,69.72,88.52,5,23.122007,-96.539878,29.751831,-113.758413,West
2325,12,1,2023-10-11 13:42:07,2023-10-11 17:32:18,230.54,48.199,60.09,39.34,5,49.344889,-61.069678,68.898621,-157.567219,East
2326,13,12,2023-06-23 21:57:05,2023-06-24 01:20:28,190.61,47.473,56.23,40.35,5,87.473963,119.205161,9.205919,-146.076063,East
2327,49,24,2023-01-12 12:29:28,2023-01-12 15:41:41,234.3,33.408,73.13,59.07,20.09,81.167006,-46.634878,89.449892,75.912112,Central
2328,19,26,2024-03-18 06:58:41,2024-03-18 08:21:19,49.35,11.965,35.83,72.33,59.27,44.796586,-119.642807,53.42427,-126.158463,South
2329,6,37,2023-04-18 18:22:38,2023-04-18 20:01:12,101.58,20.448,61.83,59.69,20.29,71.77748,97.969852,17.839982,-69.534056,Central
2330,3,36,2024-04-03 18:11:30,2024-04-03 20:06:53,162.61,33.305,84.55,45.29,8.28,-31.994637,152.809352,27.06336,63.299862,North
2331,39,19,2024-08-31 10:41:23,2024-08-31 16:00:13,166.28,39.419,31.29,40.29,5,-88.877824,139.837853,-74.441171,139.84563,East
2332,3,22,2024-09-12 02:58:37,2024-09-12 03:10:05,15.0,3.142,78.41,77.43,73.94,81.371956,146.690005,40.115426,-84.314785,North
2333,39,28,2024-07-12 14:39:12,2024-07-12 16:46:50,181.48,29.949,85.31,62.98,11.25,55.00434,-16.298041,-2.513932,78.656147,East
2334,11,20,2024-11-16 10:49:39,2024-11-16 12:42:26,183.65,36.073,97.69,69.63,5,-7.078649,99.455763,70.828823,98.595315,North
2335,6,6,2023-08-09 06:03:07,2023-08-09 07:23:30,107.3,26.341,80.09,62.99,12.24,62.834612,143.245229,2.490737,89.249565,Central
2336,3,29,2023-03-13 04:46:21,2023-03-13 07:15:40,110.3,19.655,44.32,88.19,66.35,24.453042,-66.173854,55.675529,-145.903733,North
2337,29,31,2023-06-02 05:29:42,2023-06-02 07:01:03,164.08,39.719,107.77,42.14,5,71.624797,-148.494858,-19.420826,134.723973,North
2338,33,18,2023-10-23 12:04:12,2023-10-23 14:15:58,235.17,48.289,107.08,34.13,5,-87.763447,123.551142,-50.988303,-69.131454,Central
2339,34,32,2024-04-19 03:16:33,2024-04-19 05:56:31,162.0,33.184,60.76,39.74,5,-14.304196,-8.370947,-10.159332,-137.416541,West
2340,32,33,2024-01-22 04:57:57,2024-01-22 10:05:38,216.97,36.541,42.31,84.22,30.64,-50.4571,-26.899041,80.219924,160.351682,East
2341,41,13,2024-01-19 15:05:48,2024-01-20 00:07:19,298.29,50.17,33.05,71.81,5,-17.098988,-27.259016,-87.327071,-110.502709,East
2342,38,1,2023-11-06 14:19:27,2023-11-06 16:37:39,194.85,33.951,84.59,81.51,26.31,54.105819,-38.011135,-38.167239,-25.249024,North
2343,50,18,2024-11-16 20:41:40,2024-11-16 20:49:49,13.82,3.446,101.58,53.42,48.25,48.528574,-50.036738,48.766278,-153.107292,North
2344,29,40,2023-09-15 18:38:03,2023-09-15 21:22:40,207.26,30.048,75.54,31.99,5,24.548037,-142.717776,-51.90966,109.860208,North
2345,21,35,2023-05-17 15:08:52,2023-05-17 19:14:04,234.62,37.573,57.41,54.34,5,5.00453,128.102928,-32.122735,-11.147091,West
2346,38,26,2023-12-24 19:48:21,2023-12-24 23:44:52,180.11,41.034,45.69,52.95,5,24.550877,-106.107424,26.615194,162.260651,North
2347,22,12,2024-05-10 18:47:49,2024-05-10 19:31:46,77.75,17.006,106.13,74.43,56.57,-54.002939,-4.914119,19.953819,77.129359,Central
2348,21,26,2024-10-06 22:04:11,2024-10-07 00:41:38,260.58,63.909,99.3,42.65,5,40.453792,17.514699,-76.495627,154.401946,West
2349,41,7,2023-09-22 05:31:40,2023-09-22 07:58:28,124.45,29.858,50.86,74.49,14.65,-42.915532,-100.032512,-16.222614,-114.185441,East
2350,14,35,2024-08-14 11:21:19,2024-08-14 12:18:51,104.68,25.089,109.15,61.41,8.7,80.64662,-148.321353,-1.911599,-111.670544,East
2351,26,25,2023-05-11 05:46:09,2023-05-11 12:24:53,290.75,45.531,43.75,91.49,5,-37.401717,-104.391975,-23.143837,-103.876061,East
2352,50,15,2023-09-24 16:02:33,2023-09-24 17:47:07,161.27,25.291,92.53,54.05,16.08,-38.372779,132.087399,-77.259361,-95.851562,North
2353,37,7,2024-03-10 21:55:02,2024-03-11 01:31:19,214.63,44.535,59.54,31.67,5,-66.542782,55.243093,-3.573961,76.132185,North
2354,38,17,2023-10-28 00:45:50,2023-10-28 04:34:53,285.13,48.031,74.69,31.02,5,-84.167068,113.769627,34.827691,124.804969,North
2355,36,19,2024-10-02 16:32:31,2024-10-02 19:13:38,82.2,16.833,30.61,49.93,23.3,-16.237323,48.044884,38.743464,-82.20486,West
2356,49,33,2024-10-02 06:35:54,2024-10-02 08:16:52,175.2,32.893,104.11,37.36,5,-34.197109,179.954749,22.310975,-78.699744,Central
2357,35,11,2023-02-06 10:05:23,2023-02-06 10:44:57,63.75,10.093,96.64,51.68,33.66,49.079372,105.709989,16.923489,82.552089,West
2358,3,6,2024-10-13 07:56:38,2024-10-13 09:46:14,112.45,18.581,61.56,35.73,15.08,-40.117073,-79.980029,-13.852289,-62.864264,North
2359,9,21,2024-10-04 19:34:11,2024-10-04 22:12:19,101.69,17.687,38.58,77.38,50.94,-86.46974,-40.291214,-84.085397,93.143169,West
2360,16,27,2024-01-05 14:35:30,2024-01-05 16:39:48,219.71,49.623,106.05,36.33,5,27.603799,174.719173,32.062961,119.699184,East
2361,33,21,2023-02-05 13:37:40,2023-02-05 13:45:00,9.74,1.441,79.66,91.93,90.36,43.039915,51.293528,-16.811733,80.439198,Central
2362,46,7,2023-08-09 04:25:40,2023-08-09 07:28:58,285.36,49.214,93.4,32.29,5,-70.317347,152.361494,64.2393,-178.052958,South
2363,34,25,2024-04-23 05:49:46,2024-04-23 07:17:48,161.12,31.071,109.81,75.25,17.17,-68.949007,142.829829,26.282661,65.28674,West
2364,40,4,2024-04-14 23:21:18,2024-04-15 04:48:35,221.09,35.95,40.53,61.07,20.26,-30.723084,-140.499359,2.56886,-172.798479,East
2365,11,16,2024-10-18 02:23:24,2024-10-18 04:29:24,156.71,27.936,74.62,79.85,20.66,-51.30015,-55.198073,-53.984538,-55.858327,North
2366,11,22,2024-03-08 22:48:42,2024-03-09 01:23:00,243.68,33.385,94.75,57.83,5,85.543472,30.589722,21.655682,169.582953,North
2367,25,38,2024-01-29 08:42:55,2024-01-29 10:07:38,127.58,20.865,90.34,65.03,42.71,-86.800237,-22.616521,-23.330144,-55.846192,East
2368,13,9,2024-01-18 16:48:53,2024-01-18 19:49:35,213.3,50.591,70.82,93.91,10.43,-76.745064,45.293124,72.441386,33.791676,East
2369,21,35,2024-05-06 00:32:51,2024-05-06 01:54:43,105.16,23.723,77.07,92.69,61.06,45.056798,151.833768,74.398931,150.112235,West
2370,25,40,2023-08-12 17:19:02,2023-08-12 18:44:31,57.44,13.743,40.31,92.27,77.57,41.272101,72.824265,-79.648204,124.808845,East
2371,8,28,2023-09-16 02:25:25,2023-09-16 02:32:34,12.49,1.683,104.61,30.41,27.31,-25.569288,-144.635079,-6.744522,-126.531126,North
2372,12,20,2023-10-17 07:58:13,2023-10-17 10:29:12,193.55,26.851,76.91,87.1,39.07,-60.026531,-11.0161,59.913002,23.222005,East
2373,18,9,2024-05-14 03:52:24,2024-05-14 06:29:40,263.82,59.602,100.65,83.76,12.97,60.76388,-153.332452,-72.697083,-98.103296,South
2374,25,5,2023-06-11 19:48:44,2023-06-11 19:55:41,6.64,1.026,57.19,32.2,31.1,-71.493906,92.035268,-17.607995,107.710774,East
2375,45,28,2024-03-07 12:07:44,2024-03-07 14:45:47,222.76,36.56,84.56,48.45,5,22.258731,52.338966,25.06737,86.57082,North
2376,38,34,2024-04-24 04:00:33,2024-04-24 05:32:36,118.0,22.287,76.91,94.68,58.44,78.424224,-159.199454,-46.014438,92.713875,North
2377,36,15,2023-11-25 14:38:23,2023-11-25 16:20:13,137.46,33.531,80.99,58.67,5.61,-70.610403,29.703921,-88.703386,-32.980001,West
2378,46,27,2023-04-27 06:41:51,2023-04-27 12:16:40,225.34,55.924,40.38,84.99,5,45.524817,-144.964131,51.036604,-16.225026,South
2379,13,24,2023-08-12 15:05:32,2023-08-12 15:43:02,66.7,15.117,106.7,64.18,39.23,-40.015663,-148.328889,1.895567,14.189164,East
2380,14,35,2024-09-19 09:09:45,2024-09-19 11:55:33,245.83,33.814,88.96,42.38,5,-88.792421,115.685149,44.422948,3.385993,East
2381,15,39,2023-04-22 05:40:35,2023-04-22 08:54:49,264.21,54.133,81.61,70.75,5,27.947299,-131.645442,86.375288,-42.885165,West
2382,4,25,2024-07-27 10:50:36,2024-07-27 11:02:31,7.39,1.193,37.19,45.91,43.88,-23.661289,103.4561,-54.791558,5.925593,West
2383,13,14,2024-07-11 08:00:01,2024-07-11 10:55:04,168.06,37.315,57.6,64.61,5,-24.292544,-75.819931,-52.604014,-159.616478,East
2384,30,34,2024-07-02 11:54:04,2024-07-02 12:21:45,30.69,7.304,66.48,81.15,64.74,17.569506,63.693244,-61.148015,-64.267729,South
2385,35,30,2023-09-07 05:03:22,2023-09-07 05:48:52,81.8,13.241,107.86,66.53,42.89,-59.477797,-134.215957,-72.618595,90.462093,West
2386,11,25,2023-05-01 04:50:27,2023-05-01 07:18:13,259.51,53.001,105.37,51.15,5,43.502043,57.315106,86.469753,161.321541,North
2387,37,30,2023-10-25 00:41:27,2023-10-25 04:19:48,270.4,47.888,74.3,77.42,24.85,-64.104571,-108.006222,-39.325432,-75.891977,North
2388,40,12,2024-07-11 21:52:44,2024-07-12 01:16:24,134.66,18.529,39.67,60.47,39.44,50.511148,-127.795959,41.21428,-114.699917,East
2389,49,14,2023-06-04 00:58:29,2023-06-04 02:31:38,135.66,26.825,87.38,44.12,12.82,55.422337,84.261253,82.92314,-92.643589,Central
2390,42,12,2024-10-12 18:51:40,2024-10-12 23:49:21,278.2,55.417,56.07,41.22,5,-40.327805,-78.02205,-60.28871,-36.246662,Central
2391,41,40,2023-06-16 07:05:06,2023-06-16 09:18:33,223.59,48.728,100.52,92.1,5,-28.792493,172.124967,-46.639772,170.901527,East
2392,25,38,2023-02-28 12:51:56,2023-02-28 16:49:51,193.91,30.71,48.9,65.79,32.95,-83.333104,177.381164,50.235069,-155.170098,East
2393,13,21,2024-05-22 10:45:40,2024-05-22 11:48:33,112.29,26.128,107.13,81.31,38.19,-35.571646,69.52382,-12.455353,139.96417,East
2394,39,14,2023-09-06 17:01:46,2023-09-06 20:07:20,169.0,31.889,54.64,57.16,5,-22.448799,-128.065535,-25.936028,4.488199,East
2395,46,30,2024-07-26 12:49:05,2024-07-26 16:02:55,224.38,39.753,69.45,40.5,5,65.19071,-170.912067,-87.599977,81.273913,South
2396,18,2,2024-03-19 13:01:35,2024-03-19 14:03:56,103.12,25.199,99.23,67.54,37.61,62.799358,-0.102665,-56.162057,82.411463,South
2397,36,40,2024-07-09 17:43:00,2024-07-09 22:38:31,218.88,50.12,44.44,59.04,5,43.965406,-162.917672,62.855686,-142.033751,West
2398,42,29,2023-01-03 02:06:34,2023-01-03 03:28:36,60.1,8.213,43.95,34.54,23.6,57.411323,-120.468996,15.530045,-168.134826,Central
2399,18,39,2023-12-30 21:40:41,2023-12-30 23:54:20,229.12,35.676,102.85,76.72,34.35,-48.783488,36.442431,-2.334277,-60.848371,South
2400,25,9,2024-03-26 04:07:38,2024-03-26 06:49:49,285.61,41.608,105.66,63.73,19.23,72.474819,114.456884,-18.966072,10.358884,East
2401,2,7,2023-04-15 15:17:37,2023-04-15 19:09:46,239.0,55.82,61.77,81.39,5,-30.355525,78.604442,79.697795,133.371132,North
2402,40,13,2023-05-15 13:55:06,2023-05-15 14:23:54,16.11,3.04,33.56,79.46,76.01,-34.136959,3.161763,-19.50264,-68.544609,East
2403,49,30,2024-02-07 19:51:07,2024-02-07 21:24:04,153.52,32.551,99.09,58.49,20.51,-24.592567,-44.377706,46.126275,123.639963,Central
2404,50,24,2024-06-02 08:15:59,2024-06-02 11:46:01,156.73,27.792,44.77,71.43,29.7,23.190206,-47.589418,-67.282337,-151.632425,North
2405,4,3,2023-06-06 21:27:48,2023-06-06 21:33:24,10.11,1.785,108.24,45.36,42.33,34.105402,-167.935074,20.931739,-95.186514,West
2406,8,37,2024-10-26 05:48:55,2024-10-26 10:06:52,239.3,41.07,55.66,59.91,5,42.11699,177.657399,-41.698915,-145.038162,North
2407,13,14,2024-11-08 07:22:53,2024-11-08 09:32:18,219.75,29.17,101.88,86.39,38.25,1.11476,23.368946,-75.634325,-37.262276,East
2408,12,37,2023-05-11 02:03:17,2023-05-11 04:42:44,234.87,40.348,88.38,68.15,5,-76.035389,-170.830872,-13.996742,-54.496832,East
2409,2,6,2023-08-24 04:25:37,2023-08-24 05:38:49,63.66,12.182,52.17,86.41,66.17,-71.825576,-0.364828,18.319964,-48.734481,North
2410,4,40,2024-10-01 10:28:36,2024-10-01 12:32:49,62.92,11.729,30.39,57.01,37.1,81.241143,-137.199622,-63.085474,-94.69559,West
2411,16,38,2024-01-24 06:09:48,2024-01-24 06:27:54,32.41,4.402,107.39,39.44,32.09,-73.399686,20.757615,-13.534757,-35.064014,East
2412,12,10,2023-03-31 18:11:13,2023-03-31 19:51:48,66.14,14.157,39.45,74.64,49.31,24.721535,-121.172008,-43.983308,42.479956,East
2413,34,27,2023-12-29 09:10:29,2023-12-29 14:41:21,227.03,50.529,41.17,37.49,5,-54.871389,154.294053,-52.044975,127.446526,West
2414,49,6,2023-04-01 01:09:52,2023-04-01 01:46:45,38.25,5.802,62.22,38.42,31.65,57.025734,55.270284,-37.960107,103.991109,Central
2415,10,40,2024-07-14 12:55:00,2024-07-14 13:16:09,14.42,3.16,40.88,52.29,47.59,33.549071,164.875241,70.869917,84.775981,North
2416,38,29,2024-12-25 05:14:26,2024-12-25 05:59:37,78.36,12.2,104.04,78.54,58.7,-15.397123,30.967802,88.544179,89.493343,North
2417,22,37,2023-05-30 11:25:36,2023-05-30 13:44:51,132.28,27.678,56.99,64.85,35.78,-88.989105,72.881221,-11.147201,116.742993,Central
2418,34,20,2024-08-26 05:46:55,2024-08-26 09:33:46,158.69,23.984,41.97,81.03,36.2,-45.972161,178.051354,12.919173,29.893235,West
2419,8,19,2023-01-18 15:20:04,2023-01-18 18:08:46,238.0,34.956,84.64,70.65,6.27,22.732515,-139.249173,33.185622,58.992564,North
2420,26,1,2024-03-23 17:25:32,2024-03-23 19:16:42,201.15,33.07,108.56,39.76,5,-60.958522,-111.957637,-7.788959,86.082625,East
2421,11,2,2024-10-14 10:34:27,2024-10-14 16:01:22,247.86,61.803,45.49,85.05,5,-13.549345,-6.791354,-36.191784,-65.179868,North
2422,27,25,2024-10-14 04:08:13,2024-10-14 06:39:00,238.34,31.02,94.84,77.84,35.46,-9.22149,-55.969656,-61.328831,-22.157263,South
2423,16,37,2024-04-08 02:01:29,2024-04-08 03:10:54,106.85,24.449,92.34,67.92,27.1,-69.791064,3.794485,64.133413,-49.376633,East
2424,9,15,2023-12-19 10:13:15,2023-12-19 10:59:22,40.0,6.923,52.04,57.55,47.2,46.776378,-132.772241,20.453222,23.643986,West
2425,25,35,2023-10-12 19:36:30,2023-10-12 20:55:07,119.27,27.618,91.01,38.47,8.93,58.002325,-81.500387,41.575637,-42.560373,East
2426,19,5,2024-11-20 19:25:36,2024-11-21 00:42:01,224.08,42.087,42.49,39.15,5,65.841048,-122.779289,-83.843502,89.663099,South
2427,4,28,2023-04-06 14:59:23,2023-04-06 17:35:26,111.74,21.162,42.96,45.0,9.07,67.505749,77.751988,49.300637,175.856255,West
2428,4,11,2024-04-10 07:24:52,2024-04-10 10:16:57,187.73,26.328,65.45,76.9,32.2,23.032652,102.994575,-53.316153,30.904738,West
2429,32,38,2023-01-18 09:12:02,2023-01-18 12:20:06,126.64,24.533,40.4,85.9,49.93,28.875996,-38.134272,53.518181,-59.697174,East
2430,9,22,2023-09-06 02:42:11,2023-09-06 03:31:49,82.01,17.397,99.12,83.8,57.8,28.636399,83.396437,67.411562,-138.033861,West
2431,46,1,2023-06-22 07:20:22,2023-06-22 09:28:20,211.85,29.031,99.32,32.1,5,-87.103125,131.199358,-16.158969,153.106688,South
2432,2,40,2023-10-10 02:17:31,2023-10-10 06:39:42,272.85,65.403,62.44,62.27,5,-51.475152,5.148502,30.422476,-99.158341,North
2433,45,29,2023-10-14 06:34:12,2023-10-14 07:58:00,129.84,22.658,92.95,70.49,42.06,-79.687211,-172.735366,-37.605156,-30.596923,North
2434,42,23,2023-10-16 22:01:10,2023-10-16 22:56:00,89.09,14.268,97.48,91.48,72.48,43.56347,-135.512892,-8.502828,-100.57515,Central
2435,9,9,2024-10-11 22:31:37,2024-10-12 02:10:18,243.98,33.009,66.94,30.18,5,78.076341,83.996829,78.74664,-147.062273,West
2436,4,8,2024-09-11 05:59:09,2024-09-11 11:55:04,236.16,53.545,39.81,43.47,5,58.636507,121.288948,-56.572816,-37.758913,West
2437,31,36,2023-06-28 12:43:55,2023-06-28 13:17:28,34.61,4.873,61.89,79.62,74.18,21.515152,-43.055725,-21.386599,-99.134891,Central
2438,13,28,2024-02-06 00:09:18,2024-02-06 00:43:15,17.57,3.816,31.05,36.33,30.03,65.553629,94.988101,4.660145,-171.59977,East
2439,28,29,2023-03-25 10:07:16,2023-03-25 11:37:20,48.7,12.024,32.44,76.79,56.09,67.538207,-65.023924,9.163017,17.494541,Central
2440,4,30,2023-03-07 13:58:56,2023-03-07 15:51:30,62.67,10.001,33.4,59.44,42.46,48.76953,-93.118028,52.33093,-156.125342,West
2441,34,15,2023-09-15 23:31:30,2023-09-16 00:22:04,28.51,4.942,33.82,86.56,77.32,-31.932177,-120.53995,38.662899,140.191325,West
2442,38,18,2024-01-18 04:09:44,2024-01-18 05:09:24,93.57,20.07,94.08,41.37,8.74,-18.472687,143.449514,-24.634696,2.232188,North
2443,2,2,2024-03-14 22:48:33,2024-03-15 01:06:42,133.35,28.159,57.91,85.86,39.08,39.447317,-100.587376,-23.354345,172.684153,North
2444,33,28,2024-06-30 08:28:15,2024-06-30 11:05:20,131.7,19.025,50.3,31.93,11.23,47.228293,-166.832552,56.078452,-153.58006,Central
2445,1,22,2023-06-04 12:58:21,2023-06-04 16:09:12,299.93,60.836,94.29,80.51,5,-66.680254,-43.903698,-26.894876,44.43032,East
2446,13,29,2024-12-17 02:45:09,2024-12-17 03:58:59,80.0,18.303,65.0,55.59,25.39,-40.709683,109.566671,-14.569582,114.962947,East
2447,8,23,2024-03-30 11:56:03,2024-03-30 12:25:10,23.9,5.556,49.24,38.98,28.75,76.669561,115.649184,-44.739096,-44.872796,North
2448,2,3,2023-02-14 17:23:07,2023-02-14 22:06:35,294.05,49.186,62.24,57.66,5,71.61804,103.016628,-44.793585,-130.288522,North
2449,26,38,2023-01-20 08:47:30,2023-01-20 11:13:28,227.75,45.692,93.61,33.29,5,-0.374794,-36.750949,-37.376567,107.634807,East
2450,48,30,2023-04-07 13:33:23,2023-04-07 21:52:49,274.61,44.356,32.99,78.69,33.47,-10.726636,-176.565446,-24.505893,-143.384566,East
2451,18,35,2024-08-19 17:38:27,2024-08-20 01:37:07,282.74,62.45,35.44,76.47,5,-31.35939,-49.087441,-22.811322,-164.817219,South
2452,45,18,2024-03-21 23:16:59,2024-03-21 23:24:03,5.89,0.812,49.94,94.84,93.82,-17.804281,46.664269,44.856235,-76.830531,North
2453,14,3,2023-07-18 11:16:10,2023-07-18 13:54:29,185.11,30.676,70.15,82.51,18.06,22.885639,-143.120325,21.467316,171.562,East
2454,43,32,2024-12-22 18:40:51,2024-12-22 21:38:23,274.21,51.864,92.67,64.4,5,-82.477867,44.646904,24.312273,-5.032738,West
2455,17,5,2023-06-04 07:21:40,2023-06-04 09:32:11,141.66,25.463,65.12,37.82,5,22.159139,97.937565,-63.33495,-167.214194,South
2456,43,36,2024-08-05 11:16:30,2024-08-05 12:43:39,91.32,12.963,62.87,54.83,38.67,-7.010104,-158.425603,-77.546635,-19.490956,West
2457,16,32,2023-08-11 15:38:13,2023-08-11 19:47:38,286.0,45.7,68.8,67.12,5,9.326272,-72.120619,-17.299191,-104.950725,East
2458,14,21,2023-12-06 08:17:20,2023-12-06 08:57:07,58.99,12.41,88.96,92.86,66.79,32.622359,-170.477895,87.456594,38.334572,East
2459,43,19,2024-03-28 17:22:16,2024-03-28 21:47:08,172.7,39.176,39.12,69.69,20.84,-72.711314,-49.460001,-74.38807,-139.708204,West
2460,6,17,2023-05-09 06:29:00,2023-05-09 09:11:52,265.61,38.978,97.85,92.12,17.02,-80.454864,19.382385,-64.973104,-166.107113,Central
2461,16,30,2023-02-09 14:21:03,2023-02-09 15:59:39,157.09,23.655,95.59,65.14,25.65,-23.122514,-86.127959,28.145162,-154.017789,East
2462,8,27,2023-02-12 15:49:44,2023-02-12 18:53:00,253.1,52.062,82.86,72.85,5,9.323547,-82.805264,-11.21705,-79.625504,North
2463,48,17,2023-03-15 20:22:59,2023-03-15 22:53:08,255.64,63.089,102.15,65.47,5,-78.719054,157.656677,33.638538,46.4677,East
2464,8,16,2023-10-14 21:41:09,2023-10-14 23:58:57,206.88,41.677,90.07,67.15,5,40.215789,-160.007503,11.684407,-8.372973,North
2465,42,29,2024-11-30 16:44:03,2024-11-30 17:58:21,48.25,11.845,38.96,93.44,77.67,51.481232,119.693463,-81.99378,105.378684,Central
2466,39,33,2024-05-01 04:45:09,2024-05-01 08:06:23,178.36,23.84,53.18,73.0,31.83,-11.602415,-34.217389,40.789982,90.199272,East
2467,6,35,2024-12-21 20:35:08,2024-12-21 23:00:03,122.71,18.319,50.8,64.78,29.48,89.498915,-144.273684,-18.052971,-171.069938,Central
2468,10,29,2024-11-14 15:41:40,2024-11-14 19:23:45,265.62,41.962,71.76,77.93,15.58,-51.02075,175.007928,-64.106853,3.46473,North
2469,33,33,2023-10-18 08:07:25,2023-10-18 12:27:39,134.11,30.5,30.92,41.22,8.03,-5.868642,81.890892,47.720774,-138.311675,Central
2470,19,35,2023-02-06 08:49:53,2023-02-06 11:08:32,128.54,29.494,55.62,73.33,41.13,44.499584,145.25237,41.805509,-142.804473,South
2471,14,13,2023-10-23 08:22:19,2023-10-23 11:32:41,171.21,37.966,53.96,56.21,5,-34.201448,-24.92896,14.537802,-4.217241,East
2472,48,6,2024-12-26 13:47:36,2024-12-26 14:18:08,51.56,10.356,101.28,73.83,63.27,3.62372,-77.001335,-61.929341,53.824896,East
2473,13,39,2024-06-04 17:23:30,2024-06-04 18:39:41,129.92,28.211,102.3,39.78,5,-46.902895,137.18453,-39.888499,-154.502103,East
2474,30,38,2024-06-04 14:51:11,2024-06-04 18:57:06,279.41,45.28,68.17,71.3,5,75.054472,-9.231311,0.883906,88.111927,South
2475,42,23,2023-06-28 03:09:23,2023-06-28 07:24:24,215.45,48.436,50.69,81.38,16.88,41.843924,-13.243389,-49.840154,35.95552,Central
2476,32,8,2023-10-03 10:24:37,2023-10-03 12:17:38,131.01,20.932,69.55,65.87,35.18,-56.409305,167.078656,-69.680572,79.683135,East
2477,36,19,2024-06-07 15:51:29,2024-06-07 19:00:31,268.66,45.671,85.27,66.28,5,67.343901,56.299837,25.62727,-164.599946,West
2478,29,23,2023-03-25 02:47:24,2023-03-25 06:18:14,234.81,53.203,66.82,81.86,5,-72.954337,-93.070008,60.545606,146.319674,North
2479,48,26,2023-05-22 03:36:15,2023-05-22 06:19:23,91.39,16.505,33.61,69.31,52.49,-57.12002,-115.218169,-35.874016,-146.406945,East
2480,45,19,2024-10-10 15:08:33,2024-10-10 18:11:19,184.9,29.913,60.7,46.16,8.63,-75.14401,-148.152076,87.79583,78.172724,North
2481,44,28,2023-01-20 21:36:38,2023-01-20 22:47:08,83.37,15.28,70.94,39.86,22.79,71.318345,48.513509,-59.850325,-93.714094,Central
2482,12,36,2023-09-20 13:06:38,2023-09-20 13:57:35,35.15,6.069,41.39,93.78,82.92,-14.24693,-106.722126,-14.714567,-22.629692,East
2483,18,27,2023-08-02 18:25:15,2023-08-02 22:32:51,165.07,32.827,40.0,62.66,23.67,29.757909,-158.663916,-4.999023,157.83958,South
2484,17,18,2024-02-20 06:04:40,2024-02-20 07:30:46,123.04,16.602,85.74,44.82,9.87,-44.452368,28.222684,49.200096,54.561669,South
2485,32,9,2023-07-20 19:22:40,2023-07-20 22:15:53,121.58,23.497,42.11,94.19,59.74,-71.201263,156.766411,-85.873992,-31.054792,East
2486,43,37,2023-02-22 22:24:19,2023-02-23 00:02:15,130.35,21.637,79.86,34.12,7.14,-25.399331,136.268496,20.539292,-90.087277,West
2487,16,8,2024-03-31 13:06:50,2024-03-31 15:34:21,269.34,56.384,109.54,46.14,5,19.685844,120.0606,85.373789,130.944915,East
2488,43,11,2024-09-29 11:51:36,2024-09-29 14:52:18,262.57,40.856,87.18,37.02,5,80.313742,57.084771,-23.187015,-22.230955,West
2489,31,1,2023-09-23 10:17:26,2023-09-23 11:29:38,60.04,10.12,49.89,89.69,78.38,-60.689827,-42.953391,72.608193,-80.361986,Central
2490,37,7,2023-11-08 03:52:47,2023-11-08 04:56:56,103.07,15.447,96.4,31.43,14.47,-85.720977,-112.483031,-77.638137,-112.009666,North
2491,21,20,2024-01-20 22:30:13,2024-01-20 23:41:46,47.67,8.016,39.97,36.33,25.64,-60.964094,158.529034,48.502517,156.971924,West
2492,3,13,2024-06-25 09:17:34,2024-06-25 12:05:30,90.3,16.096,32.26,66.87,48.99,-43.651668,176.378083,-31.795592,147.676084,North
2493,6,31,2024-08-09 21:30:26,2024-08-09 23:42:11,223.4,30.793,101.73,90.54,31.21,-88.156513,-111.333655,-76.467099,-61.811201,Central
2494,38,9,2024-06-27 20:34:24,2024-06-27 21:41:10,81.31,16.722,73.06,78.95,51.76,-67.434521,-34.528717,4.001195,156.095794,North
2495,39,35,2024-12-05 22:00:58,2024-12-06 00:14:01,220.2,43.19,99.3,60.01,5,36.309669,155.120943,59.785894,-63.184034,East
2496,9,18,2023-03-03 20:12:51,2023-03-03 22:21:49,135.64,19.336,63.1,85.11,56.21,-82.658886,-37.775883,86.398399,-100.434928,West
2497,17,21,2024-04-28 13:07:36,2024-04-28 14:05:34,59.49,9.626,61.56,54.47,34.2,86.67302,41.610349,76.486949,23.785357,South
2498,32,40,2024-05-30 02:20:47,2024-05-30 04:04:56,163.83,40.471,94.38,46.18,5,43.019146,133.362219,-30.611877,-101.336605,East
2499,30,40,2024-03-02 20:23:38,2024-03-02 21:41:08,134.9,22.593,104.42,54.78,5,37.037812,-99.999694,-1.570226,-38.097381,South
2500,8,21,2023-09-22 07:22:19,2023-09-22 09:01:13,178.56,24.269,108.31,82.23,37.54,44.13027,37.513744,-45.596666,153.062011,North
2501,10,40,2023-04-15 16:15:06,2023-04-15 18:50:13,218.1,46.345,84.36,33.81,5,77.545545,31.019277,6.107565,-174.081397,North
2502,35,24,2023-07-11 09:09:49,2023-07-11 12:38:37,210.61,36.257,60.52,75.16,10.42,65.165963,-119.023967,72.477677,83.971842,West
2503,6,31,2023-03-03 01:19:41,2023-03-03 02:47:48,129.63,26.123,88.26,44.76,5,-68.036841,135.072237,48.425979,179.100526,Central
2504,40,26,2023-06-10 21:23:53,2023-06-10 23:59:22,129.27,26.851,49.88,93.43,62.95,-43.437869,139.37567,31.4202,-22.560414,East
2505,9,33,2024-03-25 22:21:14,2024-03-25 23:43:11,81.67,15.375,59.79,33.63,10.65,-63.530318,-5.811853,-7.857759,27.695315,West
2506,4,2,2024-04-06 11:09:03,2024-04-06 13:46:13,198.54,32.927,75.79,82.45,26.55,-66.43758,-144.799919,82.088498,-51.797019,West
2507,42,17,2023-05-19 23:27:04,2023-05-19 23:37:58,18.85,3.994,103.64,94.91,89.59,13.908806,151.324463,-30.776133,143.202094,Central
2508,21,36,2024-04-21 10:25:37,2024-04-21 12:20:12,133.3,29.953,69.8,33.25,5,53.83053,120.876305,33.604507,-91.603238,West
2509,19,11,2023-01-12 03:35:52,2023-01-12 05:57:38,246.96,57.745,104.51,50.46,5,36.641692,-116.446137,-38.24772,-129.479666,South
2510,36,29,2023-09-22 00:30:26,2023-09-22 05:33:59,163.57,39.97,32.33,59.29,5,58.9838,123.701129,-31.404205,-171.625197,West
2511,25,15,2023-05-30 08:29:56,2023-05-30 10:59:33,235.47,34.309,94.42,31.88,5,52.364444,152.423713,-78.958448,66.613075,East
2512,28,17,2024-09-12 13:08:02,2024-09-12 15:11:18,124.31,25.611,60.5,38.5,5,-56.94332,-78.549703,-52.584221,-31.701808,Central
2513,31,22,2024-06-28 04:06:04,2024-06-28 06:26:11,90.31,18.282,38.67,71.12,50.69,66.432885,-18.809303,-52.491588,-175.568652,Central
2514,27,15,2024-12-19 17:49:01,2024-12-19 18:03:37,20.84,3.11,85.58,73.89,69.64,-66.441122,1.272899,12.28358,85.561785,South
2515,14,8,2023-05-16 20:31:11,2023-05-16 21:38:28,49.89,9.191,44.48,79.53,60.22,38.621127,80.576951,36.839507,-121.449873,East
2516,35,31,2023-08-30 06:18:24,2023-08-30 07:39:38,123.36,21.812,91.1,69.86,30.91,-42.129227,-39.784368,-20.77262,-128.800691,West
2517,9,6,2023-05-18 09:14:09,2023-05-18 10:02:39,87.87,21.026,108.68,36.0,5,22.517626,162.622313,37.345186,73.681917,West
2518,37,17,2024-02-19 07:27:45,2024-02-19 10:25:15,240.08,31.387,81.15,94.57,60.12,-9.276708,15.267542,-68.981557,72.670868,North
2519,39,1,2023-03-26 03:45:01,2023-03-26 05:47:02,145.0,31.221,71.3,55.75,5,65.902213,107.849047,-15.192936,-11.582452,East
2520,40,9,2023-06-02 03:32:19,2023-06-02 09:32:21,263.01,63.915,43.83,68.71,5,39.443728,-139.234216,70.637372,-70.016677,East
2521,33,1,2024-12-24 02:49:30,2024-12-24 06:30:08,241.56,43.245,65.69,94.62,47.56,-25.614615,-35.72326,29.022277,-49.212568,Central
2522,19,11,2024-05-11 00:15:21,2024-05-11 07:01:54,244.54,58.773,36.09,77.48,13.32,19.798061,55.754849,10.057396,66.828631,South
2523,4,14,2024-02-15 16:50:09,2024-02-15 17:43:35,79.11,13.532,88.83,87.49,64.52,67.240866,-145.900261,-58.0425,64.822779,West
2524,32,23,2024-06-24 22:28:34,2024-06-25 01:24:41,178.68,24.26,60.87,78.92,43.35,-55.186883,-75.198672,72.917933,-123.553182,East
2525,40,23,2024-09-28 03:17:05,2024-09-28 06:31:15,192.49,36.898,59.48,47.21,5.33,3.476505,-125.383789,55.260239,-49.355604,East
2526,24,9,2023-04-06 20:27:09,2023-04-06 22:49:35,203.17,34.319,85.58,45.12,8.8,-85.570977,-98.004496,-24.317065,-173.434664,North
2527,19,24,2024-09-10 23:35:21,2024-09-11 01:43:49,226.96,47.911,106.0,33.06,5,-41.789404,121.086982,28.835915,-6.360087,South
2528,32,17,2023-08-26 06:59:24,2023-08-26 10:43:50,197.58,43.225,52.82,60.37,5,7.343335,93.284069,-60.720973,-78.815109,East
2529,15,5,2023-03-28 12:42:53,2023-03-28 13:43:56,46.28,11.485,45.48,90.75,76.43,-23.205907,120.102256,6.110881,118.368748,West
2530,22,35,2024-04-22 12:16:00,2024-04-22 14:52:29,230.78,56.036,88.48,61.93,5,-47.173373,134.312244,79.073761,-81.939133,Central
2531,8,29,2023-12-07 12:09:04,2023-12-07 16:31:48,270.85,56.808,61.85,43.41,5,-62.451305,0.217338,-40.747313,1.414003,North
2532,46,11,2024-01-16 00:56:14,2024-01-16 02:09:07,55.07,10.72,45.33,84.12,67.4,-31.346526,68.531398,8.032356,113.730016,South
2533,49,11,2024-09-28 15:20:29,2024-09-28 15:43:50,26.47,5.522,67.98,76.42,69.98,-56.029386,-134.585072,-28.341279,-78.076506,Central
2534,4,5,2024-04-16 06:27:47,2024-04-16 08:40:17,236.29,37.946,106.99,83.74,19.32,-86.2069,25.756637,-1.42477,-108.173068,West
2535,45,13,2023-01-26 18:53:43,2023-01-26 19:58:55,119.05,20.119,109.55,93.63,68.39,66.291732,7.341023,-61.33288,-94.986856,North
2536,39,33,2024-10-06 11:32:24,2024-10-06 12:08:13,47.72,11.058,79.93,44.91,25.81,26.233601,151.907987,-80.338043,-41.99647,East
2537,24,1,2023-01-28 18:41:15,2023-01-28 21:17:33,258.06,56.473,99.06,81.21,21.45,89.505447,-60.30486,72.090528,-20.309832,North
2538,37,5,2024-07-09 11:27:45,2024-07-09 15:29:05,262.41,50.305,65.24,62.84,7.62,-25.872772,62.37629,87.949298,-26.526885,North
2539,6,28,2023-09-26 05:36:40,2023-09-26 11:17:01,296.73,62.433,52.31,46.54,5,-15.612008,-13.367691,89.696974,-145.607752,Central
2540,28,17,2023-07-23 09:56:17,2023-07-23 11:18:10,131.11,25.463,96.07,43.67,5,61.987113,151.204626,-37.674456,-174.30863,Central
2541,28,5,2024-01-05 00:43:08,2024-01-05 04:34:33,182.82,35.887,47.4,75.8,14.03,-71.222086,-127.478826,-50.586889,87.954151,Central
2542,1,21,2023-07-07 03:08:26,2023-07-07 08:01:42,194.88,47.793,39.87,64.88,5,53.385626,108.738274,-9.253977,-58.601993,East
2543,37,17,2024-11-09 23:01:43,2024-11-10 01:43:18,163.97,32.714,60.88,70.44,34.53,68.596532,160.365921,1.110132,-40.316768,North
2544,42,34,2024-02-04 14:50:04,2024-02-04 17:09:24,234.04,47.244,100.78,79.68,16.77,77.847274,148.079908,-70.264754,139.13374,Central
2545,24,21,2024-01-09 18:58:47,2024-01-09 23:18:18,175.74,28.63,40.63,61.16,30.86,-67.624618,70.290647,-14.097656,164.102999,North
2546,33,9,2023-07-17 03:02:47,2023-07-17 06:34:34,116.17,25.263,32.91,35.82,8.33,-59.616221,-171.050403,21.202461,103.957405,Central
2547,43,35,2024-08-03 18:07:09,2024-08-03 21:26:59,289.23,42.188,86.84,41.38,5,38.429543,123.669783,51.301867,-128.791962,West
2548,16,36,2024-05-18 20:35:51,2024-05-18 21:41:08,71.78,11.384,65.96,63.9,44.89,0.241937,-101.782745,9.986291,51.599872,East
2549,9,10,2023-03-29 13:25:56,2023-03-29 17:00:17,295.67,52.342,82.76,62.5,5,-21.443569,21.355699,-27.325517,90.629365,West
2550,13,37,2023-06-13 04:21:58,2023-06-13 08:30:03,295.1,40.112,71.37,63.45,5,58.162278,66.420763,45.525343,-110.041395,East
2551,41,36,2024-12-18 18:54:07,2024-12-18 20:31:25,67.57,9.733,41.66,32.91,13.4,-16.312574,90.353642,74.584343,-129.597532,East
2552,14,15,2023-05-17 11:49:43,2023-05-17 20:21:59,267.24,47.118,31.3,74.96,5,-75.006899,-6.485143,85.477149,73.386902,East
2553,32,25,2023-03-31 00:33:57,2023-03-31 01:07:59,18.37,3.704,32.38,84.68,79.25,-26.846481,-53.710654,53.214767,-91.416004,East
2554,40,31,2024-07-09 06:04:02,2024-07-09 09:54:59,118.94,19.679,30.9,35.43,13.09,5.478568,178.619387,32.175339,-175.746416,East
2555,28,25,2024-09-10 22:32:21,2024-09-10 23:28:01,32.42,7.707,34.94,77.09,63.82,32.170586,-17.011647,61.237294,116.293159,Central
2556,22,21,2024-05-19 18:33:36,2024-05-19 19:17:23,76.97,16.981,105.47,68.33,50.49,28.73498,2.683967,-20.386805,-104.529519,Central
2557,35,18,2023-11-24 02:37:17,2023-11-24 05:12:21,236.0,34.595,91.31,65.77,5,-33.467765,-61.969467,1.552195,117.410964,West
2558,25,20,2023-11-14 10:07:27,2023-11-14 13:30:13,260.57,58.579,77.1,84.08,21.43,55.319135,-99.357871,67.922034,125.887636,East
2559,3,1,2023-06-04 05:20:50,2023-06-04 07:22:01,221.33,48.735,109.57,59.71,5.56,11.295625,21.456644,-54.00297,121.515156,North
2560,14,1,2023-10-15 10:23:10,2023-10-15 15:05:24,246.12,53.916,52.32,51.41,5,-70.956139,-134.732881,-64.0418,51.765711,East
2561,29,29,2024-10-09 20:35:09,2024-10-09 21:26:27,26.99,4.921,31.56,74.79,64.75,-1.227327,-167.702374,-8.212956,118.192896,North
2562,48,25,2023-11-24 20:10:30,2023-11-24 22:31:17,84.26,14.927,35.91,88.82,73.6,-13.834982,-58.68081,-82.797088,-134.783638,East
2563,28,20,2024-11-04 19:26:30,2024-11-04 20:15:42,30.53,7.607,37.22,84.65,71.56,60.095698,-123.702392,-33.994177,-138.842221,Central
2564,17,19,2023-01-02 05:33:30,2023-01-02 08:52:33,243.29,49.557,73.33,36.54,5,-86.646023,124.52845,-45.832302,91.452874,South
2565,42,18,2024-08-22 23:03:46,2024-08-23 04:40:58,187.49,32.637,33.36,69.99,26.53,72.905472,-46.402295,-8.120087,-41.380333,Central
2566,40,13,2023-11-30 21:51:06,2023-12-01 00:38:27,128.81,22.587,46.18,66.01,40.37,54.743679,71.822442,-52.931199,-134.826706,East
2567,41,37,2024-04-27 23:45:10,2024-04-28 01:47:32,124.55,16.422,61.07,59.84,26.93,-7.023555,-0.058906,30.929889,11.608421,East
2568,17,35,2023-12-03 16:04:32,2023-12-03 18:26:40,169.62,24.459,71.6,71.29,19.8,-77.262457,29.348471,74.748568,-168.480823,South
2569,38,32,2024-08-30 01:52:48,2024-08-30 05:01:46,186.24,37.427,59.13,54.11,5,40.430087,158.982112,30.051598,-82.324107,North
2570,14,24,2023-12-19 06:29:31,2023-12-19 09:51:11,253.95,33.726,75.55,88.29,17.44,26.634681,-176.501303,-2.394493,-31.52784,East
2571,43,16,2023-04-09 06:12:33,2023-04-09 06:31:19,11.57,2.478,36.96,58.05,54.96,22.225034,-37.426025,-51.111399,-96.667945,West
2572,27,30,2024-10-21 15:32:33,2024-10-21 19:34:21,289.2,67.882,71.76,66.34,5,-2.570369,-78.493801,52.893001,148.961193,South
2573,29,1,2023-08-24 03:12:55,2023-08-24 07:10:00,293.44,71.374,74.26,30.38,5,-70.157551,-61.673745,73.003134,-79.471622,North
2574,41,24,2024-12-26 20:47:46,2024-12-26 22:04:53,46.06,7.843,35.83,59.96,44.24,-35.704073,75.148796,-22.036321,69.022393,East
2575,25,8,2023-12-24 17:39:32,2023-12-24 20:26:53,148.56,32.647,53.26,35.86,5,-83.833997,-138.423783,57.971543,171.388473,East
2576,36,19,2023-10-27 02:43:13,2023-10-27 04:41:23,182.63,38.491,92.72,36.28,5,-29.808782,-46.157698,75.576618,-31.375595,West
2577,46,36,2023-04-23 08:32:07,2023-04-23 09:38:59,87.7,21.293,78.68,68.49,35.27,24.537793,175.137426,-68.023603,-45.253083,South
2578,32,18,2023-05-18 12:00:24,2023-05-18 12:41:02,53.0,10.148,78.25,61.04,46.16,-75.606945,37.21291,-77.219314,-15.651943,East
2579,6,29,2023-02-11 11:20:48,2023-02-11 13:46:36,244.29,39.507,100.53,89.37,13.25,-75.751313,-153.384466,-24.413643,169.307959,Central
2580,28,18,2024-12-12 16:05:51,2024-12-12 16:33:20,43.91,7.256,95.86,52.53,40.04,-0.599756,-98.568455,-53.679899,37.081608,Central
2581,36,3,2023-09-05 17:51:13,2023-09-05 19:44:46,133.36,26.586,70.46,30.19,5,-1.412646,-5.725718,-55.009807,-9.593201,West
2582,11,24,2024-01-21 23:43:31,2024-01-22 02:36:17,250.0,54.53,86.82,31.17,5,61.629841,178.523143,-65.500201,-161.787247,North
2583,6,26,2023-06-20 12:50:40,2023-06-20 15:34:22,277.98,67.848,101.88,56.65,5,-39.156444,146.784559,59.693895,78.18794,Central
2584,34,11,2023-06-14 02:23:51,2023-06-14 07:09:40,249.05,62.02,52.28,86.19,5,-17.842694,-167.575584,-7.472443,-45.563653,West
2585,37,11,2024-12-15 05:30:44,2024-12-15 08:32:16,170.2,38.211,56.25,76.87,34.93,-9.960918,42.053602,3.394074,175.060703,North
2586,1,4,2023-03-11 02:19:24,2023-03-11 04:07:38,148.22,28.459,82.16,89.31,28.37,-49.653074,-161.66955,11.814609,41.459615,East
2587,13,17,2024-07-10 23:16:46,2024-07-11 03:00:07,138.52,19.213,37.21,94.59,62.89,68.796237,24.49593,-33.060961,43.072579,East
2588,39,24,2023-01-05 20:27:08,2023-01-06 00:41:17,147.03,29.038,34.71,52.84,5,-84.187696,15.492882,46.600461,129.644556,East
2589,50,4,2023-03-13 01:03:54,2023-03-13 01:43:20,39.27,5.944,59.74,30.07,21.15,28.187936,152.736056,27.743916,173.399664,North
2590,34,7,2024-09-26 00:35:31,2024-09-26 04:11:36,198.8,43.677,55.2,57.78,5,34.337462,32.918356,57.658929,85.831943,West
2591,3,24,2023-06-26 15:16:52,2023-06-26 18:09:14,284.37,64.978,98.98,58.64,5,-32.429095,-113.434245,42.685249,-66.983548,North
2592,11,13,2023-02-04 01:25:33,2023-02-04 01:50:14,14.68,2.461,35.67,57.96,52.75,-68.388521,134.817854,-4.145698,-61.277101,North
2593,1,1,2024-01-11 19:55:58,2024-01-11 20:52:12,80.65,11.323,86.05,94.22,69.97,27.187744,-133.911023,-77.782027,132.150917,East
2594,37,37,2024-09-01 21:19:49,2024-09-01 22:26:51,97.12,15.271,86.91,75.44,58.68,72.019349,156.600235,-2.29896,169.017273,North
2595,46,10,2024-09-11 09:31:20,2024-09-11 12:04:39,172.41,34.27,67.47,68.55,15.09,23.885301,-23.939228,74.952871,144.44994,South
2596,31,23,2023-04-13 03:25:55,2023-04-13 06:53:00,180.58,25.98,52.32,60.69,31.66,21.687466,-124.992688,-66.25457,-124.290555,Central
2597,8,40,2024-09-07 23:10:45,2024-09-08 01:16:15,217.68,33.58,104.06,93.53,31.69,-44.135701,71.955454,-76.842179,140.166541,North
2598,24,35,2023-03-06 04:34:01,2023-03-06 05:18:28,67.9,9.116,91.64,80.27,70.62,21.975427,71.559573,-71.374206,73.309711,North
2599,26,3,2023-04-30 09:43:03,2023-04-30 11:10:10,108.78,17.036,74.92,69.7,36.23,-4.909397,23.56058,-71.873069,74.16957,East
2600,14,5,2023-12-30 17:13:26,2023-12-30 22:55:23,268.26,60.326,47.07,87.31,5,27.474898,-24.330929,83.758697,62.742429,East
2601,28,29,2023-07-18 20:48:42,2023-07-18 22:23:58,159.59,37.434,100.5,45.73,5,-1.362098,149.648526,29.21135,-94.160024,Central
2602,12,27,2024-02-16 14:47:30,2024-02-16 15:01:20,22.84,4.163,98.96,93.64,86.19,5.824906,56.504064,28.878564,-116.403434,East
2603,32,29,2023-05-31 11:52:34,2023-05-31 15:37:59,178.54,28.596,47.52,76.65,34.72,-67.702126,130.767813,45.201912,-36.378311,East
2604,24,35,2024-01-26 23:40:48,2024-01-27 00:49:58,62.59,14.147,54.29,41.5,26.53,61.431491,-142.962106,9.138908,167.083635,North
2605,29,20,2023-11-12 06:22:43,2023-11-12 10:08:00,274.93,37.492,73.22,51.51,5,-70.010442,-141.547416,-85.317845,-61.524227,North
2606,33,18,2024-07-01 08:20:06,2024-07-01 08:40:17,19.79,3.41,58.81,70.29,66.58,82.330281,171.701339,52.009911,-11.79742,Central
2607,28,26,2023-05-04 20:28:15,2023-05-04 21:56:41,65.77,13.239,44.62,83.6,60.81,-83.326566,52.553449,-63.737968,-162.599874,Central
2608,39,22,2024-12-01 20:20:23,2024-12-02 02:19:31,230.87,49.402,38.57,62.07,5,85.587953,-127.112188,-55.883673,-5.031314,East
2609,2,39,2023-03-21 00:08:11,2023-03-21 07:10:36,267.4,37.975,37.98,35.42,5,-52.02705,-172.687087,-66.374633,55.060792,North
2610,37,25,2023-03-15 14:21:21,2023-03-15 16:30:08,182.3,41.319,84.93,39.25,5,-26.002498,-179.496103,81.915161,177.117146,North
2611,33,25,2023-02-11 22:19:25,2023-02-12 03:01:24,207.59,37.104,44.17,71.2,30.83,10.26936,23.504641,-52.381684,-165.547064,Central
2612,44,24,2024-12-15 02:26:03,2024-12-15 03:12:34,73.97,15.817,95.41,90.59,72.92,-20.311181,-59.186977,45.923599,-16.066277,Central
2613,8,12,2023-01-01 12:07:02,2023-01-01 15:20:15,268.43,63.922,83.35,41.85,5,13.567873,-35.349142,45.696447,-57.209503,North
2614,41,23,2024-11-08 05:49:17,2024-11-08 15:10:55,288.78,63.862,30.85,85.9,5,1.159048,-129.728147,0.958161,46.484021,East
2615,50,4,2023-03-03 07:32:47,2023-03-03 09:17:17,99.25,23.985,56.98,86.08,50.07,19.080288,150.636795,87.196105,99.820017,North
2616,27,38,2023-07-21 15:50:52,2023-07-21 17:10:46,134.85,24.619,101.25,52.09,18.46,-74.975152,36.444811,-49.825186,-157.558255,South
2617,3,32,2023-03-19 14:08:29,2023-03-19 16:48:48,230.67,42.822,86.33,84.89,37.31,-58.105517,118.982457,75.217722,-160.576367,North
2618,40,4,2024-12-23 22:26:37,2024-12-23 23:39:59,109.39,22.673,89.45,73.81,48.07,-63.018313,-125.89165,35.546479,151.307417,East
2619,17,5,2023-02-07 09:28:42,2023-02-07 09:36:23,7.87,1.611,61.41,92.23,88.84,-21.017567,2.273771,-73.331937,-86.105012,South
2620,24,1,2023-06-07 21:06:18,2023-06-07 23:50:15,208.56,35.828,76.32,30.2,5,78.150475,158.862766,-77.335302,-146.987774,North
2621,3,14,2023-11-29 18:06:30,2023-11-29 18:20:31,18.45,3.028,78.93,93.2,89.84,19.362194,81.268192,24.464303,72.135269,North
2622,6,35,2023-08-21 22:23:24,2023-08-22 00:14:15,189.92,47.263,102.79,92.1,5,19.410453,132.472987,21.719192,84.663892,Central
2623,26,40,2024-04-23 22:14:49,2024-04-24 00:45:27,268.11,59.305,106.79,53.35,5,-10.049003,-83.945357,4.374586,-33.748748,East
2624,18,24,2024-06-16 20:25:37,2024-06-17 00:33:23,172.29,23.859,41.72,53.49,25.15,46.324671,-60.334389,76.253749,148.747345,South
2625,4,27,2024-01-14 04:20:20,2024-01-14 06:36:30,172.97,30.743,76.21,71.87,19.67,7.242677,-76.232845,85.740591,146.685571,West
2626,32,36,2023-02-15 15:55:17,2023-02-15 16:21:36,26.74,4.319,60.95,58.55,52.22,63.091096,59.913023,8.550036,-155.412001,East
2627,50,16,2024-01-08 00:52:16,2024-01-08 02:39:25,152.78,36.174,85.55,38.14,5,44.06966,-120.518381,-54.157427,-171.710663,North
2628,16,13,2024-03-18 22:42:54,2024-03-19 03:23:41,255.24,63.398,54.54,75.43,5,-51.543028,-102.236814,-72.77488,79.967424,East
2629,17,2,2023-01-03 03:48:21,2023-01-03 05:37:04,120.83,27.982,66.68,79.32,20.41,10.017717,-164.529898,-6.16965,107.336339,South
2630,26,21,2023-01-07 06:03:42,2023-01-07 06:55:16,69.3,9.615,80.63,83.85,64.96,-2.206377,-166.195671,52.159867,113.95123,East
2631,16,25,2023-09-01 04:40:27,2023-09-01 05:27:42,80.26,11.452,101.91,41.94,22.82,-77.176971,-34.39204,81.689048,48.512302,East
2632,39,17,2023-05-23 17:43:32,2023-05-23 19:55:42,176.72,35.118,80.22,73.0,12.35,6.783772,150.293698,87.00528,-156.776147,East
2633,12,15,2024-09-05 01:11:11,2024-09-05 02:25:51,70.29,9.266,56.48,36.19,19.61,84.549816,150.192852,-36.428555,-88.734666,East
2634,3,37,2023-01-31 22:33:22,2023-02-01 00:28:36,194.73,26.399,101.39,84.53,55.2,-39.970016,-117.383281,78.811762,-168.483285,North
2635,18,1,2024-05-09 22:23:39,2024-05-10 01:32:21,230.47,44.078,73.28,89.38,37.03,60.670687,57.905396,1.131731,-110.572065,South
2636,18,1,2023-04-28 15:32:45,2023-04-28 22:19:17,266.49,48.845,39.33,54.96,5,36.691755,103.295935,-24.427577,-108.689703,South
2637,11,40,2024-12-21 10:11:45,2024-12-21 10:15:49,6.92,1.709,101.71,51.74,48.12,40.979213,-160.793459,76.004897,-56.163844,North
2638,34,22,2024-08-08 19:59:54,2024-08-08 23:30:42,263.55,51.435,75.01,81.35,5,-45.85648,-31.529432,-14.307655,147.54188,West
2639,25,37,2024-10-30 12:40:51,2024-10-30 14:03:06,59.89,13.327,43.68,77.9,63.65,47.899943,63.631215,-53.637559,-157.670712,East
2640,24,11,2023-11-03 23:49:57,2023-11-04 00:00:30,18.7,3.937,106.26,45.62,41.45,66.075719,58.508327,38.32465,-79.431344,North
2641,14,1,2024-11-18 04:49:44,2024-11-18 07:58:42,209.79,31.969,66.61,52.99,5,21.760063,-17.17124,5.512295,21.493902,East
2642,19,30,2023-12-26 21:47:32,2023-12-27 00:55:04,267.53,63.907,85.59,38.2,5,70.151055,-54.893159,5.845833,136.127353,South
2643,10,6,2024-09-14 06:34:34,2024-09-14 09:03:20,106.55,20.893,42.97,76.39,45.35,-47.273826,-152.301474,-15.627685,-133.158259,North
2644,14,13,2023-12-02 02:47:37,2023-12-02 07:39:47,211.63,42.952,43.46,72.06,5,86.165475,48.02618,-29.70949,-55.561209,East
2645,48,11,2023-02-22 10:45:37,2023-02-22 11:49:13,109.01,21.003,102.83,81.07,59.66,16.027567,69.835817,56.53982,120.613612,East
2646,36,1,2024-06-17 03:20:19,2024-06-17 06:20:47,112.98,16.207,37.56,36.92,11.28,-15.630959,-86.367718,-83.353314,-60.927469,West
2647,32,14,2024-02-20 23:00:46,2024-02-21 00:33:38,114.57,22.986,74.02,35.3,5,64.70387,-21.039467,38.601376,169.589233,East
2648,25,37,2024-08-05 06:00:59,2024-08-05 07:19:53,141.81,30.19,107.82,40.89,8.6,22.545831,-63.117865,51.158143,53.998672,East
2649,29,36,2024-02-06 09:10:47,2024-02-06 09:42:42,18.11,3.092,34.03,94.51,88.2,-34.265226,158.496565,1.544005,-48.56113,North
2650,18,31,2024-02-20 12:42:45,2024-02-20 15:23:54,230.85,31.871,85.95,85.78,47.93,82.526233,99.180279,27.274749,103.016754,South
2651,29,39,2023-05-01 01:27:12,2023-05-01 03:28:41,155.01,35.101,76.55,88.45,16.82,14.881942,-172.930214,-76.629695,176.034116,North
2652,21,22,2024-11-16 02:56:14,2024-11-16 05:45:36,96.74,18.542,34.27,36.24,11.52,68.719645,36.919163,-0.478231,-17.607569,West
2653,13,31,2023-05-07 05:28:21,2023-05-07 05:35:37,5.36,0.886,44.21,43.89,42.43,-30.17063,-165.780573,65.337692,-158.709067,East
2654,11,15,2023-04-16 01:37:14,2023-04-16 06:20:35,200.43,32.728,42.44,46.38,5,2.531928,63.449604,-47.128702,71.715185,North
2655,36,18,2024-05-23 14:59:04,2024-05-23 16:38:48,67.37,13.002,40.53,78.7,58.13,7.869067,-4.862479,15.446873,-112.609478,West
2656,10,5,2023-11-24 08:35:13,2023-11-24 11:19:52,292.31,62.924,106.52,67.52,5,-68.947218,134.108726,-72.500469,115.300901,North
2657,50,1,2024-06-06 19:58:58,2024-06-06 20:30:38,42.33,5.686,80.18,30.85,22.31,4.179343,-82.402561,-89.262775,115.038184,North
2658,16,4,2023-08-04 03:37:15,2023-08-04 06:54:22,281.45,41.02,85.67,44.24,5,-70.454119,-72.434671,36.618183,-170.520539,East
2659,33,32,2023-10-06 23:30:43,2023-10-07 05:52:49,255.89,40.749,40.18,86.93,42.59,-62.83833,10.823173,-89.072925,130.510654,Central
2660,15,3,2024-11-28 21:27:42,2024-11-29 03:15:02,234.17,39.869,40.45,36.08,5,-85.297071,-78.992819,-67.772053,107.567939,West
2661,4,27,2023-07-16 20:56:32,2023-07-17 00:58:14,121.78,16.671,30.23,93.98,65.68,-78.194232,68.379551,43.281098,-168.219322,West
2662,43,15,2024-12-27 03:50:59,2024-12-27 07:35:45,249.31,59.428,66.55,53.13,5,78.546168,-60.662625,23.262112,-24.190677,West
2663,9,40,2024-02-22 07:25:17,2024-02-22 08:11:58,71.15,14.814,91.43,74.45,52.31,-65.542396,-121.3827,49.263098,-66.529271,West
2664,43,6,2023-11-19 21:24:24,2023-11-19 23:34:41,206.38,28.663,95.04,93.59,57.85,83.917152,57.390579,34.038885,-121.009182,West
2665,24,25,2024-11-03 00:17:39,2024-11-03 02:09:34,184.39,40.545,98.85,40.34,5,-4.033489,108.139511,29.438206,-13.281713,North
2666,38,14,2023-04-03 16:30:10,2023-04-04 01:16:19,283.51,69.699,32.33,46.12,5,2.589016,151.51156,21.021631,-24.162601,North
2667,39,18,2023-02-21 22:44:56,2023-02-22 01:48:43,187.93,26.261,61.35,39.8,5,-24.269147,103.448043,-38.65285,-123.537276,East
2668,15,8,2023-11-23 01:37:51,2023-11-23 03:45:04,148.62,29.258,70.09,53.85,17.37,59.230575,-144.718877,-24.278746,80.91512,West
2669,28,27,2024-10-15 13:28:40,2024-10-15 18:12:49,291.07,68.472,61.46,92.01,5,53.598962,-68.618896,75.885592,139.983164,Central
2670,3,25,2023-07-01 15:36:47,2023-07-01 17:38:25,211.63,40.518,104.39,35.47,5,-21.97529,-76.46071,82.00118,-60.007654,North
2671,30,24,2023-10-08 22:01:36,2023-10-08 22:19:30,22.83,5.114,76.5,80.62,69.13,-41.662704,140.589552,-13.623921,-87.579074,South
2672,24,3,2023-12-09 12:22:29,2023-12-09 17:06:00,289.77,48.316,61.32,42.76,5,-9.089278,-146.782768,25.584602,-24.34813,North
2673,15,15,2024-03-16 19:57:09,2024-03-17 00:07:25,127.97,22.424,30.68,72.07,44.11,-61.339407,-171.605157,73.880139,135.255253,West
2674,34,13,2023-04-11 13:36:11,2023-04-11 17:47:25,254.72,58.607,60.83,58.2,5,-56.865063,120.346209,-2.447429,106.276999,West
2675,8,19,2023-04-25 01:37:57,2023-04-25 02:29:55,80.44,19.334,92.87,73.26,37.65,-89.298231,141.491242,17.274922,-89.329864,North
2676,26,36,2024-06-24 03:41:11,2024-06-24 04:52:24,99.57,19.094,83.88,36.59,5,49.553769,-6.376091,-4.113505,42.56554,East
2677,37,3,2024-02-19 14:46:14,2024-02-19 16:51:52,221.81,47.128,105.93,68.62,16.89,-40.358978,139.665505,-81.91208,-8.141088,North
2678,9,40,2024-12-23 14:08:42,2024-12-23 15:41:16,125.23,29.917,81.16,77.08,32.36,-64.120329,155.175384,83.208664,100.699199,West
2679,8,39,2024-03-19 10:13:42,2024-03-19 14:16:05,206.4,35.224,51.09,43.07,5,57.831135,-23.269153,-54.260509,-176.030058,North
2680,18,9,2024-07-13 08:51:23,2024-07-13 11:30:43,289.88,71.569,109.15,91.57,6.57,-14.982128,-7.867837,37.198419,139.057785,South
2681,14,24,2024-06-01 20:23:00,2024-06-01 20:41:11,21.99,3.547,72.53,44.62,37.17,43.517241,142.113659,31.456498,-51.013962,East
2682,15,3,2024-09-20 07:18:08,2024-09-20 13:03:33,208.41,36.243,36.2,75.92,30.73,71.38034,-161.296419,39.433934,20.495808,West
2683,48,34,2024-01-23 23:30:31,2024-01-24 01:35:22,124.67,21.739,59.91,76.72,54.56,21.284151,85.018246,-8.841572,142.738769,East
2684,34,25,2024-12-12 14:02:33,2024-12-12 16:31:27,208.5,47.023,84.01,62.46,5,87.669911,-120.436622,87.083829,141.822707,West
2685,30,38,2024-07-07 02:37:27,2024-07-07 05:29:31,269.0,59.893,93.8,47.44,5,38.687052,-167.732095,-79.742452,-106.23455,South
2686,45,22,2023-06-04 20:29:42,2023-06-04 22:45:31,111.35,20.785,49.19,54.1,28.02,-39.931693,60.490064,62.250655,-106.720433,North
2687,21,26,2023-10-28 07:51:01,2023-10-28 11:27:21,279.7,68.659,77.57,62.68,5,-63.175567,1.411908,56.257047,137.356225,West
2688,6,28,2023-06-12 00:59:27,2023-06-12 07:46:36,272.25,44.721,40.12,41.51,5,-7.188212,129.580117,-84.874837,78.307158,Central
2689,2,35,2024-06-25 22:50:29,2024-06-26 02:26:30,272.94,66.167,75.81,90.14,5,58.55296,-35.479142,34.746057,-101.427067,North
2690,24,33,2023-03-09 23:49:59,2023-03-10 05:18:22,245.36,36.095,44.83,55.94,17.74,-25.817567,-58.552641,88.668703,-111.942122,North
2691,28,37,2023-10-24 03:42:07,2023-10-24 04:57:14,122.14,28.387,97.54,41.81,5,69.347787,176.181879,-35.123086,84.225828,Central
2692,18,1,2023-12-19 00:15:59,2023-12-19 05:17:24,261.68,58.415,52.09,45.57,5,51.820249,82.721267,54.4603,176.234983,South
2693,42,8,2023-07-26 08:54:55,2023-07-26 10:23:12,58.57,7.984,39.8,82.89,72.26,33.749244,152.473092,12.649658,113.339482,Central
2694,48,17,2024-05-20 09:16:39,2024-05-20 12:54:25,165.62,24.659,45.63,81.52,56.38,-58.123341,-0.136025,-42.133107,57.007937,East
2695,31,8,2023-08-22 18:59:55,2023-08-22 21:19:09,234.14,53.185,100.89,43.88,5,15.244376,-169.354249,-19.022137,122.532975,Central
2696,33,37,2023-11-17 12:20:22,2023-11-17 13:06:08,69.9,17.148,91.63,44.69,26.03,88.492897,-17.085133,19.72416,-132.381755,Central
2697,49,2,2023-01-24 07:00:38,2023-01-24 08:55:31,162.58,39.477,84.9,37.93,5,23.451145,102.758412,-73.688895,-92.961895,Central
2698,27,11,2023-04-21 08:43:34,2023-04-21 16:25:36,279.92,51.392,36.35,77.44,7.23,48.185936,-47.230576,-19.825232,-62.260338,South
2699,40,18,2023-09-05 06:12:23,2023-09-05 07:04:22,51.14,8.363,59.02,93.01,83.52,-2.87368,48.316684,-21.611208,165.934373,East
2700,14,28,2024-11-21 15:31:09,2024-11-21 18:25:16,272.22,62.964,93.8,46.88,5,-75.360705,9.551169,89.547662,126.414907,East
2701,46,32,2023-02-07 18:08:43,2023-02-07 18:59:01,38.17,8.946,45.52,92.72,78.76,-67.441304,176.488778,-84.956325,-135.03315,South
2702,49,2,2024-06-21 02:30:45,2024-06-21 04:13:51,161.07,36.795,93.73,86.9,43.97,55.792839,94.056385,-14.232575,136.043178,Central
2703,17,29,2023-12-26 11:12:01,2023-12-26 13:01:12,138.63,23.41,76.18,56.02,6.74,46.853628,-9.138282,-2.653786,110.614359,South
2704,15,13,2023-12-30 12:43:20,2023-12-30 12:50:13,6.0,1.376,52.29,34.03,32.31,16.946511,-52.288431,42.821112,-147.701024,West
2705,45,23,2024-09-25 06:07:39,2024-09-25 06:53:41,49.99,6.646,65.15,64.91,56.57,-40.124965,145.524885,55.713552,90.82847,North
2706,28,21,2024-05-19 03:40:30,2024-05-19 05:07:46,158.15,38.034,108.73,32.36,5,-56.139466,-112.884973,48.440011,160.227711,Central
2707,35,12,2024-07-20 14:38:46,2024-07-20 15:25:38,42.77,8.961,54.74,50.79,34.79,-53.18817,-169.113144,74.975252,57.581413,West
2708,15,8,2023-11-27 10:27:09,2023-11-27 10:41:21,12.81,2.73,54.09,92.9,89.5,-56.046028,16.539626,-29.840545,60.638992,West
2709,10,14,2024-08-15 16:32:26,2024-08-15 17:50:09,122.41,23.175,94.49,75.12,40.68,-89.026698,123.98601,-80.932272,73.767048,North
2710,13,3,2023-06-04 03:33:10,2023-06-04 04:13:52,40.88,8.793,60.25,52.48,37.97,-67.659002,-45.769961,22.455241,-63.08363,East
2711,38,26,2023-05-17 17:04:08,2023-05-18 01:32:40,272.41,54.23,32.14,71.92,5,9.143479,-31.024726,-40.376837,169.619169,North
2712,45,32,2024-09-01 00:33:12,2024-09-01 02:28:56,77.61,15.82,40.23,54.28,34.43,-55.877535,130.096733,-58.270821,-90.351627,North
2713,48,14,2024-12-07 11:08:24,2024-12-07 12:50:43,74.22,16.514,43.52,71.6,54.77,-71.245073,-153.833799,57.853093,127.075049,East
2714,33,15,2024-06-27 04:05:34,2024-06-27 05:55:56,186.7,28.176,101.49,69.22,38.56,-29.414403,60.153406,20.072246,-99.236732,Central
2715,22,24,2024-10-24 10:32:20,2024-10-24 12:13:55,144.74,33.26,85.48,88.14,53.2,27.933259,-55.007365,-47.138329,-167.202202,Central
2716,27,15,2023-04-11 08:30:43,2023-04-11 09:37:55,71.86,17.723,64.15,62.97,38.76,-64.506444,-154.483735,34.03354,102.651424,South
2717,35,26,2023-03-13 04:15:24,2023-03-13 07:56:11,272.68,52.184,74.1,59.84,5,29.186197,10.057283,-81.329839,177.703558,West
2718,29,39,2024-01-22 16:18:07,2024-01-22 22:17:18,237.43,35.379,39.66,62.87,5,8.000098,22.588385,37.040123,116.52945,North
2719,15,25,2023-01-30 23:04:43,2023-01-30 23:34:14,34.11,4.843,69.31,40.14,34.1,-2.229796,-55.580764,32.119396,-63.0428,West
2720,46,36,2023-06-22 15:15:08,2023-06-22 18:50:50,268.42,65.878,74.66,66.41,5,17.209297,-73.449723,-65.614948,-122.659498,South
2721,8,32,2024-06-01 11:15:10,2024-06-01 14:13:35,239.16,52.961,80.42,90.0,5,20.595885,10.013132,-89.164295,-62.315936,North
2722,39,17,2024-08-28 08:09:00,2024-08-28 10:50:20,123.75,19.988,46.02,58.77,24.25,-39.958438,-93.716989,7.958118,36.013844,East
2723,12,14,2023-06-18 07:24:42,2023-06-18 10:07:32,294.73,44.023,108.6,39.21,5,12.604827,-127.567823,-63.724134,48.906592,East
2724,37,2,2024-05-08 00:25:09,2024-05-08 00:52:52,36.31,5.391,78.59,46.49,40.57,-10.784268,-163.510093,22.621945,-39.420054,North
2725,40,37,2023-04-30 20:02:36,2023-04-30 22:38:48,216.62,50.522,83.2,74.55,17.2,-56.835726,148.648237,81.017699,-169.062414,East
2726,14,23,2023-11-11 14:15:27,2023-11-11 14:44:49,21.86,5.446,44.64,87.75,76.31,-16.931466,-158.215402,44.158553,-41.122129,East
2727,26,14,2023-10-16 14:57:04,2023-10-16 16:53:50,198.55,47.186,102.02,45.75,5,48.421059,-39.10933,24.82516,-143.471553,East
2728,35,16,2023-02-21 18:48:07,2023-02-22 01:22:04,257.25,45.692,39.18,33.6,5,87.626301,-74.582657,69.375659,106.440816,West
2729,36,18,2023-03-23 04:47:33,2023-03-23 12:57:32,249.16,39.241,30.51,73.49,11.4,75.62268,126.401958,44.814949,141.891148,West
2730,40,20,2024-08-22 18:17:45,2024-08-22 18:50:34,41.0,9.701,74.93,39.65,28.64,-72.36232,95.309901,67.838145,-107.992227,East
2731,6,15,2024-08-24 18:43:44,2024-08-24 20:38:24,118.68,26.602,62.1,33.73,5,-32.655362,72.740439,79.045372,125.248131,Central
2732,48,26,2023-06-28 01:19:02,2023-06-28 03:17:48,173.42,30.58,87.61,72.7,41.53,-46.818985,63.720189,43.940061,135.863469,East
2733,25,18,2024-09-06 04:43:33,2024-09-06 07:11:40,145.46,20.179,58.92,46.34,24.76,11.579009,103.265431,-15.851878,111.817004,East
2734,14,5,2023-10-14 01:22:31,2023-10-14 01:39:26,30.51,4.25,108.19,47.4,38.47,-0.860476,5.802291,-50.055834,85.225576,East
2735,49,22,2023-09-14 06:40:56,2023-09-14 10:52:18,131.34,18.514,31.35,90.67,69.07,-89.396334,-105.430547,51.743592,60.978728,Central
2736,29,38,2023-06-14 07:01:04,2023-06-14 09:43:55,179.33,40.633,66.07,62.28,5,36.769334,93.147858,-45.976316,-166.092321,North
2737,4,31,2024-09-16 00:59:08,2024-09-16 01:06:41,5.16,0.94,40.97,46.49,44.89,55.995395,-118.665183,-26.807485,140.056121,West
2738,13,1,2023-02-25 05:47:05,2023-02-25 08:04:53,188.71,41.04,82.16,36.25,5,45.617278,158.129626,-22.369808,165.365882,East
2739,8,10,2023-08-27 19:51:40,2023-08-27 20:26:16,26.62,5.749,46.14,45.84,35.25,84.932411,156.554612,-45.899026,-113.009396,North
2740,44,26,2023-12-26 10:25:24,2023-12-26 12:24:12,161.93,32.057,81.78,56.39,20.57,68.691277,-83.790035,-11.254654,81.565553,Central
2741,38,31,2023-06-17 11:26:15,2023-06-17 11:51:24,26.89,4.242,64.11,88.06,81.16,50.498096,153.973719,-43.67018,-65.657649,North
2742,43,12,2023-04-13 09:53:31,2023-04-13 12:05:09,134.17,24.854,61.15,79.7,48.71,-69.417202,166.671263,1.243154,-155.321558,West
2743,26,37,2024-02-16 23:42:21,2024-02-17 02:05:56,162.76,28.042,68.01,65.41,10.32,27.387789,95.116058,-12.933685,2.047921,East
2744,45,14,2024-05-05 02:02:37,2024-05-05 04:04:24,207.06,34.59,102.01,75.39,31.99,-17.38374,-88.508084,-21.585841,-52.858569,North
2745,10,39,2023-03-13 05:19:41,2023-03-13 08:28:41,190.84,25.516,60.58,50.07,12.16,-42.315031,-23.856625,-7.05008,-98.730701,North
2746,37,38,2024-05-09 17:18:50,2024-05-09 19:26:50,103.79,15.467,48.65,39.41,22.43,-87.095944,119.533414,-57.147021,127.485115,North
2747,42,5,2023-10-01 09:14:57,2023-10-01 12:00:17,253.44,44.447,91.97,61.61,5,-9.039429,-63.299657,-71.039953,19.950252,Central
2748,22,37,2024-05-12 04:01:41,2024-05-12 05:22:24,139.55,30.047,103.73,61.2,29.64,61.678193,167.736185,33.482135,-28.586321,Central
2749,1,9,2023-11-23 21:29:24,2023-11-24 01:49:06,290.61,56.777,67.14,49.9,5,25.273626,112.850665,-21.158835,101.823499,East
2750,32,32,2023-11-08 09:34:22,2023-11-08 10:58:58,92.83,15.516,65.83,59.26,36.51,41.773154,-154.572084,-34.922757,24.100043,East
2751,8,27,2024-09-25 23:21:51,2024-09-26 00:00:00,64.39,16.025,101.24,57.73,28.22,70.699824,-31.716683,-26.717055,13.963154,North
2752,19,22,2023-01-26 15:39:14,2023-01-26 15:53:31,11.8,1.846,49.54,50.46,48.44,71.320127,5.697643,8.285099,147.170333,South
2753,15,3,2024-04-02 09:12:27,2024-04-02 11:16:21,223.04,45.495,108.0,66.73,10.0,54.195005,-77.445176,-17.309362,-1.834892,West
2754,34,29,2023-03-03 10:07:27,2023-03-03 10:35:14,37.42,5.481,80.8,72.25,62.01,-10.188021,47.158231,64.167271,98.30784,West
2755,50,25,2023-06-23 00:10:39,2023-06-23 03:06:50,99.72,18.539,33.96,54.11,26.27,-17.632605,84.39517,42.474784,-75.684588,North
2756,1,12,2023-10-13 20:08:41,2023-10-13 22:39:54,108.18,19.432,42.92,40.47,5,56.404225,-138.873198,-73.516739,-30.174749,East
2757,16,28,2023-08-21 18:59:35,2023-08-21 21:02:25,74.26,12.238,36.27,50.41,29.98,22.936799,-32.548209,-15.529877,65.272943,East
2758,38,40,2024-10-22 04:00:35,2024-10-22 06:15:35,170.08,30.141,75.59,51.8,5,-67.887314,11.859164,-63.665076,-74.332788,North
2759,22,27,2024-05-25 15:55:33,2024-05-25 18:23:53,133.21,21.501,53.88,51.48,28.89,-83.115947,8.811309,-16.641344,148.12094,Central
2760,22,15,2023-08-27 18:11:37,2023-08-27 20:30:00,214.17,35.69,92.85,81.46,43.97,-52.327489,-44.51611,-43.096682,108.893201,Central
2761,10,26,2024-03-18 06:06:52,2024-03-18 09:43:42,278.76,44.349,77.13,78.94,13.04,11.300596,119.781391,-42.02155,-30.707359,North
2762,19,18,2024-03-25 04:39:12,2024-03-25 07:31:19,138.01,32.467,48.11,87.26,51.82,54.333796,125.468419,57.612081,-150.050654,South
2763,19,2,2024-02-13 10:04:47,2024-02-13 12:26:28,228.93,34.468,96.94,75.47,37.84,-21.823148,52.449999,-69.979111,-159.396468,South
2764,17,4,2024-04-05 20:18:16,2024-04-05 21:54:18,101.82,19.065,63.61,69.35,29.21,53.519653,-113.017246,15.071183,-97.6531,South
2765,16,37,2024-06-03 15:12:37,2024-06-03 18:14:04,246.18,49.215,81.4,87.35,5.19,-64.246229,-156.246185,2.754138,112.577348,East
2766,21,7,2023-07-13 13:00:00,2023-07-13 13:28:47,51.52,11.398,107.39,94.85,79.65,51.525163,153.872567,71.929964,8.718785,West
2767,33,9,2023-02-17 12:55:26,2023-02-17 18:15:08,208.93,28.248,39.21,61.12,30.38,-71.209148,-92.21162,-7.487005,165.486005,Central
2768,25,20,2024-11-29 11:00:25,2024-11-29 15:26:18,256.23,55.133,57.82,48.66,5,52.057622,-77.745878,3.491673,-40.900332,East
2769,31,24,2023-09-19 12:08:06,2023-09-19 14:00:51,144.42,20.952,76.85,85.84,62.43,-15.928007,-54.532178,-9.856486,-54.320144,Central
2770,18,1,2023-02-03 07:54:50,2023-02-03 09:09:43,94.02,16.527,75.33,85.14,65.51,87.781186,178.417512,6.895587,-54.780076,South
2771,6,10,2024-07-15 23:39:38,2024-07-16 02:07:10,185.23,27.224,75.33,83.49,31.04,80.276422,38.598996,42.487928,166.342453,Central
2772,27,7,2023-04-16 21:56:32,2023-04-17 03:00:36,234.74,39.905,46.32,86.15,31.63,-1.166369,59.198766,53.627617,-115.886582,South
2773,30,23,2024-02-15 16:53:39,2024-02-15 20:22:34,213.56,36.409,61.33,51.5,5,82.61688,25.027827,64.280085,-169.020931,South
2774,49,31,2023-01-02 19:11:19,2023-01-02 21:48:34,168.84,40.644,64.42,82.4,34.97,42.699092,67.377752,-33.383292,-178.297564,Central
2775,44,14,2023-02-23 10:13:58,2023-02-23 11:37:36,82.02,13.215,58.84,49.39,34.62,18.084578,57.276235,-33.928412,143.376915,Central
2776,25,26,2023-10-29 06:43:28,2023-10-29 08:41:15,70.28,13.781,35.8,90.75,76.01,-77.206896,-49.944137,80.935055,-130.484203,East
2777,4,14,2023-08-19 09:27:39,2023-08-19 15:22:35,267.62,64.747,45.24,56.48,5,59.495761,-9.783609,-69.470421,110.023418,West
2778,11,3,2024-10-28 09:49:05,2024-10-28 11:14:52,78.36,12.68,54.8,49.03,22.17,-86.791986,-68.074501,-18.936131,-88.994625,North
2779,16,7,2023-01-15 12:54:07,2023-01-15 14:01:55,93.87,16.886,83.06,76.42,48.23,14.458996,33.764315,-76.920546,-170.716234,East
2780,50,26,2024-08-29 22:55:43,2024-08-30 01:29:30,247.36,55.65,96.5,32.12,5,-59.332619,42.543369,68.644835,139.506961,North
2781,46,21,2024-07-06 01:26:42,2024-07-06 06:37:32,213.81,37.582,41.27,85.92,27.29,52.612802,152.216167,76.216532,154.130738,South
2782,42,4,2023-04-29 19:57:07,2023-04-29 23:11:18,266.41,65.716,82.31,72.03,5,50.998126,0.380591,22.459104,163.827931,Central
2783,33,19,2023-02-20 00:42:48,2023-02-20 03:52:23,142.42,22.067,45.07,32.44,8.43,-80.066487,-123.361973,64.111567,116.355756,Central
2784,25,4,2023-05-01 12:29:57,2023-05-01 13:16:22,72.37,17.634,93.52,84.26,65.4,13.215825,-72.071923,50.255257,-0.950697,East
2785,13,11,2024-09-25 01:56:42,2024-09-25 03:33:17,169.93,28.99,105.55,57.44,9.6,43.032339,-152.256522,39.402676,-126.036493,East
2786,33,22,2024-07-20 21:04:04,2024-07-20 23:35:42,262.28,40.424,103.78,40.37,5,-10.394993,-70.550081,24.302384,-133.663053,Central
2787,38,10,2024-04-29 08:54:16,2024-04-29 16:40:36,239.0,40.54,30.75,31.06,5,67.389402,7.340975,50.84697,-103.291294,North
2788,41,7,2023-06-17 09:42:01,2023-06-17 11:49:13,65.3,10.035,30.8,31.43,11.32,-13.770437,-176.59989,18.078807,-95.809966,East
2789,31,30,2023-12-09 12:20:11,2023-12-09 12:37:44,24.98,4.53,85.38,73.57,68.51,15.255505,8.063852,32.840483,125.643905,Central
2790,34,24,2024-12-25 12:55:33,2024-12-25 16:42:18,245.66,54.809,65.0,57.75,5,67.228414,-139.654383,0.907238,119.834403,West
2791,44,40,2023-09-27 19:30:38,2023-09-27 23:36:45,226.52,30.988,55.22,88.41,53.79,55.187075,166.713085,35.345734,-55.44655,Central
2792,21,24,2023-06-13 14:02:36,2023-06-13 14:14:51,21.53,3.395,105.32,41.25,36.72,17.204014,-59.76398,52.723108,-80.942109,West
2793,42,36,2024-08-20 18:03:25,2024-08-20 19:14:00,81.2,12.668,69.01,45.27,28.4,-19.747138,-77.984046,-80.2988,-59.598298,Central
2794,11,3,2023-04-09 16:29:30,2023-04-09 18:57:23,164.35,37.134,66.68,91.53,12.86,81.414074,173.601437,27.382254,113.753497,North
2795,2,6,2023-12-19 19:15:13,2023-12-19 21:17:11,216.72,31.617,106.61,73.02,20.5,1.630514,-42.504238,-20.695742,-10.312829,North
2796,4,24,2023-02-15 10:19:36,2023-02-15 11:40:07,134.61,30.928,100.29,56.88,5,-60.478886,176.060115,-13.411186,25.1221,West
2797,48,35,2023-12-26 06:55:43,2023-12-26 08:59:35,220.25,41.221,106.68,84.06,42.04,-65.288499,-126.459839,58.597334,114.727694,East
2798,45,32,2023-09-07 10:00:57,2023-09-07 13:57:02,248.33,57.088,63.11,70.45,5,-50.065483,-93.864449,19.244882,125.143433,North
2799,14,17,2023-02-08 20:55:59,2023-02-08 22:23:53,118.96,27.918,81.19,44.78,5,53.790523,-7.17799,-15.584997,-6.141958,East
2800,33,10,2024-09-04 12:56:18,2024-09-04 15:29:22,204.9,48.083,80.31,52.07,5,-35.498934,-123.508473,-35.496392,100.452401,Central
2801,6,12,2023-05-01 19:41:47,2023-05-01 22:39:34,98.41,22.027,33.21,92.13,49.69,67.580067,-11.330401,56.524129,34.820579,Central
2802,26,25,2023-11-03 04:28:30,2023-11-03 08:49:38,228.68,43.645,52.54,46.56,5,-71.405055,-17.253542,-22.295607,59.426961,East
2803,12,16,2024-01-13 01:46:31,2024-01-13 03:31:08,78.49,19.062,45.01,67.27,33.17,49.464515,161.223754,13.615081,-91.259606,East
2804,14,7,2023-04-11 23:12:10,2023-04-11 23:28:44,29.94,5.537,108.35,37.75,26.12,-55.602508,-20.611728,-10.39957,-129.803967,East
2805,37,3,2023-07-03 01:52:54,2023-07-03 03:49:14,210.58,47.777,108.6,65.93,13.49,-68.991117,-73.630275,80.072726,128.42426,North
2806,44,4,2024-06-04 02:25:41,2024-06-04 04:58:31,275.32,64.041,108.08,34.81,5,-19.688016,-69.202019,61.525788,166.848463,Central
2807,36,19,2024-06-22 17:22:45,2024-06-22 17:34:25,15.64,2.317,80.34,44.66,40.99,56.565356,-49.082494,-43.6399,140.761283,West
2808,9,38,2024-04-26 02:56:39,2024-04-26 05:07:50,187.09,31.469,85.56,41.58,5,-86.829953,119.069853,-71.052944,-75.162999,West
2809,10,32,2023-03-21 05:51:32,2023-03-21 07:12:39,55.94,9.875,41.37,61.99,47.32,-56.958299,138.166213,-5.596542,-66.886422,North
2810,19,16,2023-06-21 02:54:50,2023-06-21 06:43:08,169.48,39.465,44.54,31.4,5,-74.292959,-89.668166,-71.268167,95.983732,South
2811,12,10,2023-03-29 18:13:40,2023-03-29 20:09:12,115.83,26.329,60.15,50.83,5,26.484148,48.803927,47.489581,-124.908482,East
2812,42,25,2024-10-22 05:05:58,2024-10-22 07:54:00,287.64,37.445,102.7,78.1,28.24,-67.790552,-51.643178,-58.683245,-154.29758,Central
2813,39,13,2023-06-07 04:12:06,2023-06-07 09:40:21,292.97,69.897,53.55,58.78,5,45.675404,-56.616599,35.32934,-139.740286,East
2814,2,20,2024-01-26 01:44:56,2024-01-26 05:21:59,252.98,60.891,69.93,68.95,5,-8.983408,86.305703,-5.060597,-22.500527,North
2815,1,18,2023-12-27 21:14:11,2023-12-27 21:29:37,11.14,2.269,43.3,85.91,81.05,-14.600602,-36.40524,-26.773882,159.075795,East
2816,29,33,2024-06-15 13:17:47,2024-06-15 14:39:53,108.06,16.505,78.97,86.87,53.19,82.721334,81.159676,-74.793375,35.364572,North
2817,49,29,2024-01-21 21:40:45,2024-01-21 22:37:06,80.93,14.669,86.16,41.81,24.69,17.407735,-156.123315,-0.514641,-165.164728,Central
2818,48,14,2023-05-05 05:50:21,2023-05-05 09:29:44,284.55,44.953,77.82,50.57,5,66.100707,25.251,71.920992,-178.86987,East
2819,14,29,2024-12-16 13:56:21,2024-12-16 16:40:32,151.91,36.374,55.51,41.08,5,-62.008331,-15.88523,7.350367,-31.870369,East
2820,41,10,2023-01-14 14:54:39,2023-01-14 16:11:02,128.42,17.985,100.87,52.7,16.66,8.323054,-35.209357,-50.454536,86.620431,East
2821,43,9,2023-01-22 13:48:00,2023-01-22 16:24:39,197.97,29.321,75.82,90.28,53.72,-64.986761,-6.084231,-43.34238,139.530791,West
2822,22,8,2023-02-25 09:47:49,2023-02-25 10:48:24,100.16,17.955,99.17,90.38,71.52,50.109396,-63.35051,-59.140068,152.207367,Central
2823,3,10,2024-04-04 08:43:33,2024-04-04 09:48:56,98.74,17.602,90.6,75.57,56.01,-56.536094,-96.065904,-88.909828,-28.059861,North
2824,32,16,2023-12-26 20:01:21,2023-12-26 22:09:02,202.17,30.464,94.99,71.97,27.3,-33.50275,146.523551,52.83677,18.650446,East
2825,44,19,2024-05-30 19:21:14,2024-05-31 00:32:36,230.36,32.048,44.39,58.05,22.24,29.066178,18.226615,19.338659,34.682068,Central
2826,48,17,2024-04-29 06:55:36,2024-04-29 08:50:42,156.74,22.202,81.7,65.83,43.2,37.819955,-39.555467,-62.384267,101.707528,East
2827,16,7,2023-06-23 05:40:45,2023-06-23 07:51:39,198.14,32.24,90.82,32.63,5,-76.399906,-99.401729,26.889125,-135.072926,East
2828,39,15,2024-07-01 02:27:16,2024-07-01 09:46:43,257.38,38.919,35.14,71.75,5,-20.588123,-110.804209,-32.559529,-20.793569,East
2829,12,7,2024-10-05 18:37:01,2024-10-05 20:10:05,56.0,10.716,36.1,78.7,59.53,18.99617,75.150561,-2.774615,-22.89537,East
2830,10,24,2024-02-23 03:07:53,2024-02-23 03:54:27,50.33,9.56,64.84,57.12,42.91,-2.183634,-49.280911,0.382461,-58.95367,North
2831,30,20,2024-11-25 02:27:40,2024-11-25 02:32:36,7.49,1.267,91.09,37.13,34.28,-87.159904,-81.823521,-52.852804,-47.531412,South
2832,40,35,2023-02-15 10:17:19,2023-02-15 11:23:14,119.89,27.63,109.11,78.75,47.39,31.658301,-103.188053,88.590012,157.274044,East
2833,49,1,2023-02-03 01:45:11,2023-02-03 07:10:06,239.41,57.427,44.21,90.32,23.31,-39.609274,114.890856,-33.937931,166.876793,Central
2834,36,29,2024-05-10 18:25:09,2024-05-10 21:38:29,159.7,27.033,49.56,50.39,7.62,84.825337,-25.591829,50.017212,-177.71613,West
2835,29,26,2023-08-07 20:33:15,2023-08-08 01:08:20,283.99,62.32,61.94,50.2,5,66.964258,13.730337,-24.434084,37.715834,North
2836,43,28,2024-07-16 12:26:53,2024-07-16 13:15:05,43.14,8.769,53.7,41.72,30.79,-88.454558,12.791753,-47.055296,37.868452,West
2837,32,10,2023-05-20 01:39:12,2023-05-20 02:15:42,27.16,3.739,44.64,49.87,44.39,-77.718456,173.824673,-32.316327,172.236009,East
2838,22,11,2024-04-20 03:33:09,2024-04-20 05:14:01,79.62,13.039,47.36,93.22,79.52,53.17991,-96.688216,26.329101,-150.274922,Central
2839,36,33,2024-12-13 06:48:02,2024-12-13 09:40:58,264.59,37.95,91.8,75.5,15.45,51.773744,-94.140469,21.901943,-118.439809,West
2840,35,40,2023-12-13 19:36:54,2023-12-13 20:10:06,50.26,10.117,90.83,68.23,50.16,53.330244,-91.117315,-53.654981,-96.911325,West
2841,44,18,2024-03-22 21:37:26,2024-03-23 03:09:28,208.74,44.628,37.72,40.46,5,-38.46326,-57.895628,-32.536822,102.255007,Central
2842,10,36,2023-01-16 11:00:27,2023-01-16 11:13:32,21.82,2.891,100.01,57.45,53.15,71.669758,55.523591,0.487486,4.956578,North
2843,50,11,2024-07-02 13:05:18,2024-07-02 13:16:24,5.63,1.237,30.43,90.86,89.0,58.945603,127.640905,-22.775548,144.36174,North
2844,39,22,2023-05-31 05:05:03,2023-05-31 08:45:17,165.47,27.9,45.08,36.26,5,-40.112081,-151.917066,74.149678,-134.677251,East
2845,3,21,2024-09-20 20:16:56,2024-09-20 21:27:06,57.94,9.166,49.54,64.41,54.23,11.150896,-108.02451,-11.110795,158.860857,North
2846,1,23,2024-03-05 15:28:36,2024-03-05 17:28:46,208.29,42.473,103.99,84.76,5,17.775228,-16.46162,-41.981848,90.60921,East
2847,48,37,2024-08-18 23:37:38,2024-08-19 04:57:31,185.38,39.616,34.77,55.88,15.5,-5.465237,-80.327288,83.048011,153.331046,East
2848,13,30,2024-08-10 10:12:08,2024-08-10 12:54:02,133.66,30.91,49.53,44.76,5,50.663883,-27.844495,-14.504646,-129.227392,East
2849,16,33,2024-04-18 08:17:46,2024-04-18 11:29:50,268.42,41.461,83.85,87.38,18.16,48.685544,-128.417183,-2.255241,-167.891561,East
2850,35,27,2024-11-30 03:36:27,2024-11-30 06:48:22,225.36,53.183,70.45,71.27,5,-26.044415,-125.294453,31.959558,-149.911084,West
2851,39,26,2023-05-18 12:08:12,2023-05-18 15:19:24,122.31,20.372,38.38,58.21,23.03,-80.999803,-126.640306,-39.515726,124.43596,East
2852,9,1,2023-02-27 18:38:52,2023-02-27 19:22:54,61.01,9.404,83.11,81.42,67.36,-41.80328,-144.752062,19.833852,71.880527,West
2853,17,39,2023-04-29 08:05:41,2023-04-29 08:33:44,34.25,8.443,73.25,63.03,45.26,-17.159683,89.073826,50.019936,-59.903677,South
2854,27,12,2023-12-25 03:16:38,2023-12-25 05:47:51,222.47,41.652,88.27,34.11,5,25.704791,93.480756,-30.361345,-92.611257,South
2855,50,2,2023-11-12 09:31:06,2023-11-12 13:41:21,286.04,59.518,68.58,55.07,5,-64.84821,114.449652,-75.863058,-12.149533,North
2856,32,24,2024-10-03 04:50:28,2024-10-03 10:38:03,176.69,34.382,30.5,88.43,38.02,-23.76806,-156.365993,-9.342778,-145.558104,East
2857,9,18,2023-07-12 03:10:01,2023-07-12 06:04:52,232.25,42.583,79.69,60.36,5,36.381735,42.252893,-15.611494,-45.270265,West
2858,31,8,2023-12-24 19:01:56,2023-12-24 22:15:21,275.88,55.51,85.58,52.9,5,-73.558048,-3.356459,-83.299105,59.837705,Central
2859,42,35,2024-05-14 15:04:37,2024-05-14 15:59:17,77.85,14.768,85.42,52.75,33.09,8.003792,136.98439,78.217161,-44.492246,Central
2860,49,2,2024-07-10 06:45:29,2024-07-10 12:38:34,247.46,43.117,42.05,55.4,5.09,-49.86354,-36.963036,58.460954,-101.197778,Central
2861,30,35,2023-10-26 15:04:53,2023-10-26 17:59:56,230.3,52.861,78.93,53.0,5,-74.597567,109.83626,-54.964791,-93.482076,South
2862,11,21,2023-12-15 03:22:38,2023-12-15 04:11:57,65.22,15.453,79.34,68.56,35.82,-14.21456,-170.913439,38.571782,-139.585246,North
2863,13,22,2023-09-11 07:52:55,2023-09-11 09:15:02,70.94,14.64,51.83,58.29,34.13,21.513959,111.966332,-88.536976,151.882704,East
2864,33,20,2024-11-19 15:19:05,2024-11-19 15:46:32,45.27,7.342,98.93,31.46,23.47,24.225265,133.315472,9.244433,-166.026775,Central
2865,35,10,2024-08-17 01:30:18,2024-08-17 04:26:09,187.12,31.163,63.84,94.25,38.6,-27.371363,-140.921074,72.871145,85.108052,West
2866,33,37,2024-04-25 14:04:22,2024-04-25 17:54:55,121.93,27.291,31.73,30.25,5,12.739361,71.288524,1.816316,45.363526,Central
2867,34,20,2024-06-16 19:59:51,2024-06-17 00:04:33,205.52,41.954,50.39,52.88,5,58.16603,-106.28254,32.950674,178.312879,West
2868,41,19,2023-11-12 01:27:21,2023-11-12 02:16:05,86.36,17.53,106.29,42.58,7.45,74.11699,12.323098,22.485494,56.295473,East
2869,37,20,2023-03-29 09:58:57,2023-03-29 12:32:15,126.23,24.271,49.4,84.53,57.89,-59.75574,3.155476,-40.19174,-5.098398,North
2870,45,22,2023-06-10 04:55:32,2023-06-10 06:31:40,122.61,17.511,76.52,82.55,60.58,20.805905,-97.108142,5.160258,-136.51974,North
2871,29,19,2024-08-26 01:15:06,2024-08-26 06:45:10,177.36,23.267,32.24,48.85,5,89.126447,156.805453,-15.727989,15.704013,North
2872,43,11,2024-05-29 21:00:13,2024-05-29 23:03:15,193.8,32.791,94.5,86.93,46.04,78.047136,101.664266,-23.581542,36.270949,West
2873,13,8,2024-10-11 02:28:12,2024-10-11 10:40:41,266.85,65.469,32.51,55.9,5,9.12385,117.477347,-11.893043,140.671334,East
2874,3,26,2023-11-07 20:32:38,2023-11-07 21:42:07,90.51,20.888,78.15,33.98,10.77,-11.807094,146.748472,18.44992,-156.997788,North
2875,14,18,2024-02-20 06:26:09,2024-02-20 10:42:39,250.9,39.284,58.69,36.78,5,-21.511715,-164.41226,-84.268031,122.495013,East
2876,40,35,2024-03-21 03:59:58,2024-03-21 05:41:18,168.89,28.641,99.99,82.29,49.78,-73.414905,-131.243994,84.058181,70.873081,East
2877,24,35,2024-03-04 00:36:01,2024-03-04 01:33:55,74.9,17.228,77.6,60.79,42.56,11.14901,141.228566,14.627479,71.871329,North
2878,9,36,2023-09-28 00:20:54,2023-09-28 01:38:07,127.72,30.787,99.24,30.95,5,77.515295,118.479196,-39.181663,-157.619412,West
2879,33,24,2024-12-11 20:32:16,2024-12-11 20:49:44,8.75,1.5,30.05,32.99,31.36,-88.779291,-125.202465,-65.959467,-59.673943,Central
2880,29,26,2023-03-21 02:06:33,2023-03-21 03:54:50,179.69,37.269,99.56,68.77,5,17.335331,-69.621987,30.397233,-126.603137,North
2881,2,23,2023-10-28 21:42:26,2023-10-28 22:55:52,91.37,13.979,74.64,79.87,56.65,59.04394,-135.302729,-11.291405,176.929903,North
2882,33,35,2024-05-31 11:52:22,2024-05-31 14:11:58,254.18,50.414,109.24,58.08,5,-53.582637,148.69546,-40.821086,77.97238,Central
2883,37,31,2024-12-10 21:50:00,2024-12-11 04:43:52,217.7,40.634,31.56,37.69,5,49.342473,-7.346574,-68.904553,-56.52839,North
2884,31,3,2023-01-25 06:10:10,2023-01-25 06:35:43,38.33,9.07,90.01,57.8,47.67,85.441266,-155.131686,80.93322,66.888401,Central
2885,10,4,2023-06-29 08:46:34,2023-06-29 10:21:41,85.06,13.631,53.65,91.73,71.48,5.438655,117.712979,-37.833033,-168.560373,North
2886,43,39,2024-12-29 16:14:36,2024-12-29 16:30:06,17.76,4.343,68.72,73.24,67.82,-50.743411,178.585867,-29.324897,89.08801,West
2887,40,26,2024-09-27 17:56:58,2024-09-28 00:19:31,275.38,48.285,43.19,91.1,36.29,17.889017,-43.023349,-84.581513,-83.741608,East
2888,11,8,2023-09-09 08:28:36,2023-09-09 11:56:35,273.5,51.233,78.9,58.35,5,-41.818368,163.413638,-37.559078,-177.37569,North
2889,25,28,2024-08-19 14:45:53,2024-08-19 15:18:45,57.59,11.695,105.12,41.75,29.24,-55.336172,67.542595,38.742756,-178.735763,East
2890,26,16,2023-06-17 08:22:10,2023-06-17 11:47:28,279.9,63.027,81.8,49.17,5,14.45461,-14.881237,83.815388,-151.317436,East
2891,19,32,2023-08-27 16:32:47,2023-08-27 18:56:51,146.72,31.129,61.1,65.18,31.2,39.132234,-45.176779,-72.726104,45.929694,South
2892,25,24,2024-04-08 22:15:00,2024-04-08 23:20:19,70.74,16.396,64.97,41.1,23.56,1.801915,96.761552,42.154712,-178.744748,East
2893,17,35,2023-06-24 22:28:58,2023-06-24 23:53:19,97.2,14.236,69.13,35.32,5.35,48.560741,-97.756009,-25.323036,98.862863,South
2894,26,23,2023-06-19 10:49:21,2023-06-19 11:13:43,34.98,7.049,86.12,86.02,72.17,59.646276,86.858981,-68.07173,-46.514434,East
2895,1,16,2023-11-03 07:53:46,2023-11-03 08:50:56,42.68,9.999,44.79,35.94,14.53,69.524057,48.477893,23.608661,-166.380376,East
2896,35,16,2024-12-18 00:29:48,2024-12-18 06:09:36,234.75,44.452,41.45,93.04,13.66,-32.669399,-19.229693,57.738036,161.626686,West
2897,32,18,2024-02-21 09:06:03,2024-02-21 11:17:55,194.55,38.265,88.52,70.14,14.03,-85.40079,116.104625,-81.07199,32.143032,East
2898,49,21,2024-03-06 09:59:24,2024-03-06 12:15:21,100.79,15.163,44.48,73.46,55.77,85.569663,49.441585,27.203824,-13.671377,Central
2899,27,9,2024-07-07 15:36:16,2024-07-07 22:23:11,258.47,49.182,38.11,37.52,5,-46.770327,6.760828,-44.139868,65.683393,South
2900,36,24,2024-04-22 15:27:27,2024-04-22 16:18:03,29.79,4.059,35.32,51.84,45.42,-36.9141,-152.581127,62.682045,-125.027106,West
2901,45,4,2023-10-10 03:53:45,2023-10-10 06:27:41,96.01,16.021,37.42,59.14,39.04,49.892302,-79.257445,2.419635,-127.694961,North
2902,35,15,2024-08-16 22:46:33,2024-08-17 01:10:14,113.01,18.727,47.19,80.2,46.76,-39.064203,-112.951413,-83.030296,134.066416,West
2903,38,19,2023-03-29 02:20:51,2023-03-29 04:55:08,250.81,50.079,97.53,37.74,5,-66.092679,-165.298822,76.216206,-46.288215,North
2904,50,37,2023-12-23 20:59:55,2023-12-23 22:11:58,63.83,9.854,53.15,88.58,73.78,-18.061407,156.190945,31.730524,9.086862,North
2905,26,15,2024-01-15 07:08:17,2024-01-15 11:56:16,155.61,30.123,32.42,42.69,5,15.342495,179.782328,43.027905,-92.269861,East
2906,31,6,2024-11-09 17:41:14,2024-11-09 20:28:36,237.32,49.201,85.07,45.58,5,49.616228,165.456804,74.057494,143.027597,Central
2907,43,12,2023-11-28 18:10:07,2023-11-28 22:07:38,281.22,66.58,71.04,62.89,5,40.550086,-83.878508,-37.814131,11.476685,West
2908,40,5,2023-10-01 21:25:55,2023-10-02 00:55:54,239.35,31.392,68.39,60.89,25.26,17.57228,156.626131,-36.056237,-93.015136,East
2909,40,28,2023-05-23 21:09:36,2023-05-23 23:57:54,98.21,18.014,35.01,41.8,21.35,-52.034241,93.470466,60.810918,-68.746232,East
2910,24,27,2023-09-11 18:24:14,2023-09-11 23:43:42,250.36,39.349,47.02,51.28,9.64,-30.755405,-109.513277,11.345219,5.111894,North
2911,37,4,2023-03-20 20:36:12,2023-03-20 22:10:40,156.01,33.116,99.08,53.16,16.81,-36.276845,-60.771183,-18.571151,12.62589,North
2912,15,19,2023-08-05 20:58:10,2023-08-06 00:43:08,261.46,47.879,69.73,77.79,18.09,79.977545,23.64039,-7.100002,163.870011,West
2913,29,11,2024-04-05 04:48:41,2024-04-05 07:58:17,243.68,40.755,77.11,34.24,5,-24.554071,-178.977693,-27.295329,-101.281489,North
2914,16,26,2023-04-17 01:30:30,2023-04-17 03:51:13,178.36,36.652,76.05,87.76,26.57,-63.928835,-105.306253,-23.616888,173.610773,East
2915,32,17,2024-12-04 17:43:12,2024-12-04 19:03:44,105.73,23.772,78.77,67.38,32.52,-9.539281,73.580845,47.174602,151.32077,East
2916,50,3,2023-03-29 02:55:01,2023-03-29 03:09:52,19.23,3.026,77.65,52.12,47.58,40.901643,-137.853653,83.064095,4.164981,North
2917,2,35,2024-12-04 15:35:18,2024-12-04 16:17:48,74.02,11.077,104.49,76.08,57.68,86.499192,108.727823,-72.655197,13.460722,North
2918,8,35,2024-04-06 17:22:09,2024-04-06 19:07:20,125.83,18.928,71.77,88.8,53.94,-17.175853,-153.84329,18.837689,133.712732,North
2919,22,25,2023-08-04 02:26:56,2023-08-04 05:34:13,222.16,45.39,71.17,63.59,15.91,-22.626076,89.570398,-14.072471,-58.778623,Central
2920,48,40,2024-07-16 12:00:47,2024-07-16 14:21:38,140.06,33.516,59.66,41.1,6.93,-45.989931,10.263036,-0.544111,154.660208,East
2921,28,32,2023-09-13 05:25:30,2023-09-13 07:58:00,192.36,27.925,75.68,79.03,30.97,-23.396964,-20.450924,-23.084341,-28.687501,Central
2922,38,8,2024-10-16 10:57:37,2024-10-16 15:00:53,179.74,39.439,44.33,34.64,5,-73.083313,127.634585,-75.952676,97.231708,North
2923,34,35,2024-04-18 04:21:41,2024-04-18 06:46:05,199.8,27.748,83.01,71.03,19.16,66.356223,167.636271,-59.699385,80.83377,West
2924,11,20,2024-02-15 17:50:59,2024-02-15 19:52:34,164.43,30.292,81.14,88.97,24.79,-7.242542,-176.422873,13.860149,122.569892,North
2925,8,30,2023-01-12 04:13:29,2023-01-12 07:18:52,278.24,66.752,90.05,64.39,5,-18.408695,-96.362944,-19.118193,23.579805,North
2926,19,22,2024-09-21 19:59:43,2024-09-21 20:39:42,34.17,6.187,51.27,90.19,83.44,28.001573,11.715851,9.657552,18.179434,South
2927,13,34,2023-10-31 20:50:36,2023-11-01 04:31:18,294.7,46.008,38.38,41.84,5,-17.373053,-63.1687,-8.267348,-66.352674,East
2928,2,14,2024-02-15 05:40:26,2024-02-15 07:22:27,153.32,22.03,90.16,85.18,48.59,-58.91744,5.6521,-68.072405,-175.644242,North
2929,8,37,2023-07-10 21:19:47,2023-07-10 23:01:40,184.88,25.805,108.87,84.23,36.71,87.223704,-40.280808,-27.805233,21.934415,North
2930,26,37,2023-01-09 19:42:02,2023-01-10 04:05:17,266.81,55.711,31.81,81.67,5,-62.820067,-165.766242,-1.977191,46.804403,East
2931,41,11,2024-10-09 07:35:59,2024-10-09 08:08:04,36.08,6.057,67.44,33.05,20.91,83.477766,96.297938,-48.418892,-25.624134,East
2932,40,28,2024-12-19 04:00:38,2024-12-19 06:47:38,129.77,22.689,46.62,83.5,57.75,-70.72614,138.440023,4.497959,88.627628,East
2933,45,21,2024-08-01 06:44:16,2024-08-01 08:26:45,153.85,28.579,90.07,79.05,43.19,-28.065041,104.738324,-77.905471,85.638179,North
2934,1,21,2023-06-01 14:01:30,2023-06-01 14:42:45,42.33,6.12,61.57,78.5,65.4,72.87107,65.335314,-23.315515,-71.018243,East
2935,41,16,2024-09-03 11:40:46,2024-09-03 17:26:04,177.43,34.407,30.83,92.3,23.35,-1.616245,103.090584,25.797712,-130.19219,East
2936,41,31,2023-08-27 17:51:44,2023-08-27 18:18:42,44.65,7.108,99.29,52.72,38.48,32.65142,75.036428,-31.633067,-9.494755,East
2937,32,3,2024-03-21 19:32:05,2024-03-21 19:50:38,22.43,5.063,72.49,83.71,76.29,-5.232718,-51.910733,-17.678,33.920254,East
2938,37,8,2023-02-03 04:17:35,2023-02-03 06:50:00,88.61,13.775,34.88,38.82,23.7,-37.567231,141.025995,27.662299,-46.36746,North
2939,34,14,2023-11-08 01:07:57,2023-11-08 01:34:38,25.56,5.737,57.46,75.32,64.6,68.457536,158.378558,-78.304536,-112.772481,West
2940,36,14,2023-10-22 11:12:33,2023-10-22 16:45:21,228.47,35.651,41.19,58.59,5,-58.104453,-84.524378,4.88544,147.494786,West
2941,27,33,2024-07-13 17:24:50,2024-07-13 19:49:25,181.88,28.926,75.47,43.58,5,67.283624,-135.004547,20.689783,-50.92862,South
2942,44,4,2024-07-01 01:22:26,2024-07-01 01:29:56,7.1,1.667,56.71,50.91,49.05,-11.75935,-151.95645,72.379212,3.759856,Central
2943,32,6,2023-10-12 20:07:11,2023-10-12 23:42:46,191.7,26.898,53.35,73.27,33.83,4.623065,-78.098568,-7.558325,-43.534103,East
2944,26,25,2024-09-29 05:34:34,2024-09-29 07:05:03,115.79,20.014,76.78,66.93,27.61,85.478381,28.324614,-69.3212,171.859021,East
2945,10,7,2023-10-23 00:33:37,2023-10-23 02:02:06,90.6,12.241,61.43,74.12,55.93,-51.478833,66.010814,57.58513,-29.525907,North
2946,11,33,2024-12-08 14:31:24,2024-12-08 15:37:25,75.8,17.633,68.89,59.7,22.34,-57.572263,-113.408624,5.309603,-62.760829,North
2947,39,39,2023-11-24 15:22:23,2023-11-24 19:01:10,299.05,51.19,82.01,56.64,5,-49.078277,76.154311,-70.052877,-143.058552,East
2948,18,19,2023-05-18 13:10:53,2023-05-18 15:49:04,158.77,21.949,60.22,46.57,20.5,42.027574,-149.821575,-78.482183,-35.516782,South
2949,49,27,2023-03-01 10:52:20,2023-03-01 11:16:15,15.31,2.839,38.39,94.95,91.64,23.931604,-0.227441,25.972691,-135.864453,Central
2950,25,14,2023-09-18 00:25:04,2023-09-18 02:07:29,162.95,29.193,95.45,89.74,58.52,-53.554263,44.609322,69.594367,137.25511,East
2951,19,3,2023-10-17 22:54:32,2023-10-18 07:40:18,289.18,56.57,33.0,73.5,11.74,-53.575957,164.496282,-3.690161,-68.983007,South
2952,11,32,2023-06-16 05:07:21,2023-06-16 05:18:07,7.44,1.344,41.42,57.28,54.43,-49.824376,140.121492,9.490769,-89.142495,North
2953,37,7,2023-07-24 12:12:50,2023-07-24 14:29:46,191.96,37.137,84.11,59.46,18.69,-89.578623,38.676272,-13.962248,111.521041,North
2954,42,15,2024-04-04 19:15:49,2024-04-04 21:21:48,98.51,17.674,46.91,31.4,7.87,64.513925,-19.232467,31.835553,104.007703,Central
2955,3,27,2024-01-20 17:00:26,2024-01-20 18:27:04,123.63,25.853,85.61,85.94,57.21,-19.137852,-64.89778,-35.688873,37.575977,North
2956,43,1,2024-03-18 11:22:39,2024-03-18 12:10:32,56.24,9.189,70.45,79.63,68.17,-87.599817,-163.265317,6.258701,5.414576,West
2957,44,33,2023-12-19 21:35:59,2023-12-19 23:54:51,230.75,39.706,99.69,79.04,34.68,-12.689566,168.228518,81.61252,33.282828,Central
2958,18,22,2024-02-22 14:17:26,2024-02-22 17:41:50,225.84,32.7,66.29,84.98,46.14,50.119517,77.16655,16.01852,-62.41744,South
2959,21,13,2023-01-17 12:33:25,2023-01-17 15:35:37,194.33,38.321,63.99,65.93,14.84,-65.720182,80.456518,-7.132553,-176.157287,West
2960,10,7,2024-08-11 09:55:21,2024-08-11 11:08:47,118.21,25.593,96.57,47.61,9.58,-51.531923,49.646332,-48.697955,163.330857,North
2961,3,13,2023-08-25 22:51:31,2023-08-26 02:32:24,284.4,67.726,77.25,79.4,5,-32.606104,-56.423871,-82.419608,-94.471432,North
2962,37,32,2023-06-09 15:39:47,2023-06-09 18:12:39,166.77,40.928,65.45,78.58,33.65,61.418734,170.415857,-65.353076,118.287906,North
2963,17,15,2023-06-16 13:37:12,2023-06-16 14:59:19,124.39,28.551,90.88,59.22,5,31.298585,138.600467,10.195427,68.955751,South
2964,9,15,2024-07-11 06:25:34,2024-07-11 06:40:03,7.49,1.82,31.0,89.35,86.63,-8.00057,144.902638,67.439911,91.248205,West
2965,27,13,2024-02-03 04:30:31,2024-02-03 06:59:53,248.64,37.881,99.87,93.01,41.26,-83.170777,73.591829,-15.142041,-50.402903,South
2966,11,26,2023-04-14 11:46:42,2023-04-14 12:56:17,107.86,25.979,93.0,93.04,38.0,72.831209,89.774579,-0.978255,-128.551948,North
2967,6,11,2024-10-31 19:29:21,2024-10-31 22:03:54,261.62,56.745,101.56,69.73,5,-0.058293,-166.911095,-45.26653,128.004777,Central
2968,27,29,2023-12-25 17:02:50,2023-12-25 17:54:43,44.52,5.893,51.48,48.17,40.12,-11.75314,36.695205,-58.588305,92.094153,South
2969,50,32,2024-06-19 12:35:50,2024-06-19 14:40:35,179.51,27.97,86.33,36.48,5,59.429865,-136.99945,88.82451,-75.736302,North
2970,21,24,2024-08-29 10:51:07,2024-08-29 11:52:33,75.86,15.518,74.07,34.89,14.2,-54.310502,-162.911893,43.298322,52.04541,West
2971,44,20,2023-03-18 17:35:30,2023-03-18 20:21:03,286.65,46.794,103.89,39.37,5,-23.705304,-2.309637,-2.431564,-94.51961,Central
2972,34,2,2024-04-01 05:35:19,2024-04-01 08:32:29,220.41,38.963,74.64,39.82,5,46.662014,-23.508058,25.967196,139.912329,West
2973,19,37,2023-11-13 00:40:41,2023-11-13 02:09:26,65.38,12.391,44.2,35.08,21.55,31.341183,-40.01393,43.842439,-89.686947,South
2974,24,10,2023-05-25 02:23:02,2023-05-25 04:09:01,90.44,18.765,51.2,87.85,67.99,18.337308,-81.387895,77.34885,77.690782,North
2975,16,12,2023-11-22 14:45:10,2023-11-22 15:13:34,34.41,4.62,72.69,70.42,62.71,-62.093996,-165.146005,35.028303,-172.216429,East
2976,24,25,2024-02-13 10:22:36,2024-02-13 11:56:00,132.33,24.744,85.0,43.98,17.8,86.299809,-115.491435,45.725275,-140.501576,North
2977,12,35,2023-11-07 04:32:27,2023-11-07 06:12:40,137.35,33.183,82.22,33.65,5,-83.540936,99.769954,-74.52688,-87.056661,East
2978,3,3,2024-04-06 19:20:32,2024-04-06 20:27:16,103.89,23.511,93.39,55.41,29.29,-51.307322,-173.063471,16.044132,-11.018805,North
2979,11,5,2024-03-19 16:42:30,2024-03-19 18:28:57,111.32,14.888,62.74,65.34,33.8,47.13942,-135.400357,58.585706,-112.423737,North
2980,26,30,2024-01-05 13:28:54,2024-01-05 19:08:37,183.45,29.207,32.4,36.23,5,71.800047,-74.787426,-82.299181,-119.224674,East
2981,26,37,2023-01-10 13:44:27,2023-01-10 13:55:48,12.67,1.783,66.91,70.0,66.5,67.264422,-136.004333,37.940852,-66.047241,East
2982,3,29,2023-05-14 08:04:15,2023-05-14 09:25:13,52.27,9.183,38.73,65.13,54.93,38.765431,14.957921,17.743986,-128.377522,North
2983,3,33,2024-01-03 02:09:48,2024-01-03 05:23:26,265.96,40.499,82.41,62.21,17.21,85.687455,-169.915206,-47.857027,66.692291,North
2984,2,17,2023-09-03 14:38:38,2023-09-03 17:39:31,261.69,46.817,86.8,48.16,5,-47.005448,135.580994,34.514718,-112.161291,North
2985,10,32,2023-03-28 04:25:55,2023-03-28 06:46:37,173.0,23.91,73.77,94.53,59.0,-43.166755,-101.365244,-12.991587,154.281443,North
2986,1,30,2023-07-19 11:45:26,2023-07-19 13:16:55,95.39,14.057,62.56,93.91,63.81,81.708896,-80.268672,54.227398,71.328392,East
2987,17,20,2023-08-16 16:26:47,2023-08-16 18:54:51,257.76,44.661,104.45,38.56,5,-79.515445,86.866133,62.394926,127.98418,South
2988,8,26,2023-01-12 23:00:58,2023-01-13 00:05:01,47.5,7.713,44.49,89.24,75.04,71.318099,136.352665,-33.329844,126.01123,North
2989,8,10,2024-07-23 00:03:51,2024-07-23 03:21:59,274.59,44.646,83.15,31.11,5,-78.028267,35.922247,80.001737,-157.063922,North
2990,33,31,2024-11-17 01:56:29,2024-11-17 02:40:28,58.19,8.84,79.36,43.54,33.92,-69.098397,-156.651875,-87.523191,105.532768,Central
2991,46,23,2023-09-03 07:03:20,2023-09-03 07:22:18,32.84,4.58,103.84,60.57,53.42,-28.231508,99.414062,46.715362,127.410018,South
2992,34,39,2024-09-27 14:59:07,2024-09-27 16:14:21,93.53,19.759,74.58,93.08,56.15,72.773791,66.636032,-83.920336,69.512559,West
2993,21,23,2024-10-04 11:24:11,2024-10-04 14:07:41,209.15,36.784,76.75,52.8,5,-82.420833,93.915577,-54.326079,-154.623348,West
2994,11,7,2023-03-24 13:35:14,2023-03-24 18:04:59,174.62,33.954,38.84,92.08,20.14,13.131059,104.494797,-21.313267,-14.39578,North
2995,8,11,2024-09-17 14:10:35,2024-09-17 15:29:17,131.81,28.257,100.47,94.57,42.53,54.41951,137.803266,8.780562,-92.425984,North
2996,43,35,2024-11-18 07:39:35,2024-11-18 09:31:08,127.02,29.908,68.32,57.82,20.53,10.940133,-110.708191,79.046509,-131.609551,West
2997,37,27,2023-04-09 13:37:09,2023-04-09 14:44:51,68.1,8.932,60.35,33.82,24.02,-42.785406,99.658469,-11.375276,83.073934,North
2998,38,18,2023-08-31 07:23:05,2023-08-31 11:45:41,139.58,25.487,31.89,78.7,37.26,82.299995,-90.035205,35.508102,122.128373,North
2999,48,36,2023-03-10 19:04:42,2023-03-11 02:38:27,293.13,48.363,38.76,32.11,5,-78.432754,73.965709,-54.50324,139.127009,East
3000,41,9,2023-03-08 14:34:15,2023-03-08 18:34:16,133.97,29.264,33.49,56.24,5,42.759208,52.197509,-77.514756,119.900606,East
3001,38,13,2023-11-02 06:45:41,2023-11-02 08:50:45,184.34,28.33,88.43,38.31,5,-45.732057,-38.598684,5.176336,-107.222029,North
3002,25,15,2023-08-05 09:31:36,2023-08-05 11:50:56,164.4,40.006,70.79,47.58,5,72.383447,-84.062868,2.336877,-56.311719,East
3003,3,33,2023-05-03 12:07:12,2023-05-03 12:38:29,39.59,6.66,75.93,64.31,56.91,86.761989,-50.723465,-84.973963,-34.940514,North
3004,32,12,2023-04-25 23:33:27,2023-04-26 06:34:00,215.75,32.358,30.78,34.28,5,-71.448258,-8.713516,-36.980236,-71.524997,East
3005,36,10,2024-11-03 19:30:35,2024-11-03 19:36:02,9.29,1.44,102.21,30.1,27.82,-2.76789,54.639193,13.867524,104.031038,West
3006,16,1,2023-02-17 08:22:03,2023-02-17 08:31:02,11.08,2.495,73.88,54.5,50.33,65.911989,169.338704,39.427205,-54.433092,East
3007,30,30,2023-07-05 20:21:58,2023-07-05 22:38:50,180.15,34.684,78.97,30.22,5,-21.059097,-179.894315,12.532124,-18.955407,South
3008,41,6,2023-04-05 05:31:58,2023-04-05 06:48:10,79.38,15.841,62.5,30.17,5,-64.47282,-88.029906,84.415475,-132.755963,East
3009,8,25,2024-03-16 23:01:10,2024-03-17 01:51:02,227.13,33.312,80.22,83.33,21.98,19.666598,117.632205,51.44149,98.814739,North
3010,36,13,2024-12-26 07:38:39,2024-12-26 09:05:30,139.74,34.014,96.53,73.76,19.94,-56.771291,78.448582,-24.969462,177.526082,West
3011,41,30,2024-07-28 18:50:07,2024-07-29 01:16:39,216.33,48.765,33.58,30.58,5,71.122515,-114.693742,1.33621,145.542173,East
3012,26,20,2024-02-27 00:20:35,2024-02-27 03:08:25,296.75,69.437,106.08,91.28,5,11.357582,29.110488,47.504593,-8.053145,East
3013,40,28,2024-01-08 20:23:14,2024-01-09 01:17:55,299.99,39.829,61.08,32.64,5,7.840704,52.887334,19.963227,156.295907,East
3014,43,38,2024-02-05 01:13:39,2024-02-05 03:03:14,86.81,20.56,47.53,58.25,32.61,48.618767,101.507631,25.4059,-53.434594,West
3015,18,29,2023-03-06 01:34:28,2023-03-06 05:27:34,279.22,39.397,71.87,35.54,5,-27.470848,-70.968013,73.205913,63.171566,South
3016,43,36,2024-05-16 13:52:19,2024-05-16 16:07:06,113.97,25.2,50.73,62.58,31.16,-31.272516,60.831533,-69.36787,0.287344,West
3017,24,10,2023-01-15 02:44:02,2023-01-15 03:55:51,60.79,7.991,50.78,85.11,76.65,5.377508,147.297246,-25.889101,52.585845,North
3018,28,14,2023-09-09 14:42:55,2023-09-09 19:07:09,229.98,42.219,52.22,56.72,5,57.38769,-167.615335,-76.187573,10.726388,Central
3019,29,37,2024-04-16 15:12:23,2024-04-16 18:38:46,181.18,29.496,52.67,87.89,27.69,-25.431574,-159.944977,-76.320483,-22.769222,North
3020,30,28,2023-12-10 00:19:58,2023-12-10 01:45:15,48.74,7.143,34.29,33.81,17.76,25.735936,-40.768492,7.581202,13.559938,South
3021,46,2,2024-09-21 05:36:24,2024-09-21 06:06:35,46.09,9.801,91.6,89.17,73.88,-7.924358,18.586329,60.765911,-138.191633,South
3022,12,9,2024-05-21 21:41:10,2024-05-21 22:45:38,70.64,11.633,65.74,89.96,69.15,-42.777504,-41.788215,71.915477,-110.725298,East
3023,1,10,2024-11-22 19:31:58,2024-11-22 23:12:53,120.37,28.464,32.69,52.53,5,-22.80752,139.134075,46.774101,72.432035,East
3024,36,17,2024-06-19 00:40:09,2024-06-19 03:08:05,100.8,24.145,40.88,44.78,6.58,24.792655,59.815025,26.049764,-99.774089,West
3025,45,13,2023-11-16 16:30:57,2023-11-16 17:25:45,96.91,24.178,106.08,44.45,14.11,-79.543604,-167.168198,37.514902,-164.000376,North
3026,2,1,2023-08-17 20:50:47,2023-08-17 21:13:56,30.72,6.058,79.58,94.51,84.45,-15.451305,-178.919872,-16.568601,70.925039,North
3027,11,36,2024-06-28 15:40:44,2024-06-28 17:04:17,102.94,24.972,73.92,74.63,21.72,-37.195833,131.056076,13.321208,-86.168389,North
3028,45,12,2024-09-02 17:43:39,2024-09-02 21:07:55,191.31,31.456,56.19,66.69,27.22,34.121992,-69.843803,32.337336,-156.113495,North
3029,30,8,2024-11-17 03:12:06,2024-11-17 03:24:55,14.35,1.961,67.17,41.24,36.83,38.428916,-110.147064,44.909117,-99.19766,South
3030,32,27,2023-01-19 06:39:41,2023-01-19 07:10:49,20.87,3.072,40.22,45.75,41.25,42.915329,149.915923,-53.818332,139.69781,East
3031,8,2,2023-03-11 16:42:30,2023-03-11 19:08:40,218.4,54.17,89.65,41.43,5,21.062581,122.331364,54.581293,-23.898878,North
3032,11,37,2024-07-24 21:32:38,2024-07-25 01:14:59,297.11,41.818,80.17,34.46,5,-30.605276,-31.663211,59.525199,42.240672,North
3033,2,17,2024-02-18 11:45:11,2024-02-18 18:44:22,216.02,39.365,30.92,77.8,12.41,-54.388838,117.756398,31.930415,90.571726,North
3034,25,15,2024-09-24 22:46:33,2024-09-25 01:24:25,232.71,37.472,88.44,93.28,53.2,49.984963,116.865752,-2.391173,-3.770932,East
3035,29,3,2024-11-10 21:08:01,2024-11-10 23:17:04,95.11,17.384,44.22,39.38,5,87.069712,-68.379526,64.448288,-24.718715,North
3036,17,20,2023-10-25 08:16:11,2023-10-25 16:01:51,248.44,42.222,32.01,70.43,5,-43.340522,32.010008,-28.475443,45.264591,South
3037,1,24,2024-01-23 18:08:46,2024-01-23 20:27:33,217.16,53.353,93.88,93.9,5,13.148758,-38.051384,84.946485,133.452064,East
3038,24,32,2024-10-18 14:21:35,2024-10-18 15:21:45,48.93,8.838,48.79,66.29,56.94,10.314438,141.617888,-39.188439,-78.116136,North
3039,36,27,2024-02-20 08:36:45,2024-02-20 09:08:02,54.88,12.07,105.22,79.2,60.1,-5.769506,-135.269175,32.70428,-10.975988,West
3040,11,30,2024-06-02 23:45:00,2024-06-03 04:23:53,286.05,54.672,61.54,94.15,5,28.840852,160.497935,24.93685,121.206531,North
3041,31,25,2024-12-27 04:40:58,2024-12-27 05:56:48,108.57,16.103,85.9,56.01,38.02,-41.059579,-69.495513,68.253176,66.673392,Central
3042,11,18,2023-03-01 11:42:40,2023-03-01 15:18:48,287.14,71.709,79.71,58.73,5,66.501028,86.069828,70.131144,98.970996,North
3043,39,29,2024-02-01 14:57:30,2024-02-01 19:57:16,257.6,48.119,51.56,70.53,5,76.172334,-56.864818,-61.062132,-16.272935,East
3044,8,11,2024-03-25 02:04:36,2024-03-25 02:33:51,22.73,4.081,46.62,30.98,23.46,2.014566,74.755052,72.19497,113.903792,North
3045,9,33,2023-08-24 14:04:19,2023-08-24 16:17:43,152.68,22.516,68.67,49.59,15.93,48.487381,162.498883,24.88415,-46.645844,West
3046,18,21,2024-11-02 03:53:14,2024-11-02 05:42:33,85.2,18.499,46.76,33.49,11.52,-57.994729,121.840132,54.053115,106.137376,South
3047,29,36,2023-04-29 08:12:11,2023-04-29 14:57:56,284.5,58.739,42.07,51.86,5,82.130595,-47.184711,5.670824,166.748839,North
3048,19,39,2024-07-27 10:04:00,2024-07-27 15:19:32,226.61,50.824,43.09,46.69,5,16.125739,-90.597886,72.040396,-89.475156,South
3049,2,26,2024-05-27 13:53:24,2024-05-27 16:06:34,208.83,29.352,94.08,71.78,23.02,39.467135,-131.553489,-50.557001,2.528328,North
3050,10,7,2024-06-04 20:31:43,2024-06-04 23:37:04,214.53,42.059,69.44,42.71,5,-44.342005,103.318132,14.823135,-38.963286,North
3051,38,10,2023-12-27 02:07:03,2023-12-27 02:54:49,78.48,13.091,98.57,57.89,36.6,59.276924,12.792701,18.981856,-51.178538,North
3052,26,38,2024-09-04 19:11:15,2024-09-04 20:05:09,89.81,13.602,99.95,62.67,35.95,43.343145,158.246787,7.021712,60.616089,East
3053,6,34,2024-02-06 10:10:14,2024-02-06 11:05:33,86.78,21.623,94.11,64.89,23.23,-15.654594,117.328531,-62.286482,-131.303328,Central
3054,30,17,2024-11-03 18:36:14,2024-11-03 22:38:31,233.37,33.16,57.79,36.39,5,-51.261025,161.771746,0.205724,114.982436,South
3055,3,12,2023-03-12 18:22:36,2023-03-12 18:54:00,52.49,10.959,100.25,50.22,38.04,-28.526069,162.089149,-54.347276,-14.951482,North
3056,21,6,2024-09-15 01:06:29,2024-09-15 05:30:46,219.23,47.132,49.77,31.9,5,-87.019171,-41.731405,-63.144982,-89.556324,West
3057,4,20,2024-04-19 19:28:20,2024-04-19 22:34:47,224.47,54.662,72.23,30.27,5,-49.808782,47.643038,12.248684,-20.809893,West
3058,36,10,2023-03-20 01:05:06,2023-03-20 03:44:02,215.49,29.381,81.35,62.84,16.35,1.710743,-46.478311,62.847501,159.699365,West
3059,4,13,2023-05-07 17:26:31,2023-05-07 17:42:52,23.43,4.302,85.91,36.83,29.53,-65.84764,172.263657,50.593775,120.103142,West
3060,42,40,2024-04-14 10:39:41,2024-04-14 18:44:03,274.16,44.722,33.96,35.82,5,-58.680228,37.313577,43.56669,30.815806,Central
3061,1,14,2023-08-20 07:39:20,2023-08-20 11:42:59,276.1,39.436,67.99,37.59,5,-37.204932,-105.133776,-72.453756,125.026581,East
3062,50,32,2024-08-03 15:07:42,2024-08-03 15:29:06,34.18,6.719,95.81,79.53,69.44,42.207994,157.809502,-17.898367,155.630314,North
3063,3,7,2024-11-18 02:37:32,2024-11-18 05:45:13,190.95,42.251,61.04,90.28,43.33,4.90955,164.377757,25.683923,-27.082236,North
3064,27,40,2024-08-06 12:25:26,2024-08-06 15:48:41,297.23,59.393,87.74,46.79,5,26.782688,-125.254791,-28.230967,46.631366,South
3065,22,30,2024-09-30 01:24:54,2024-09-30 03:01:13,159.55,32.778,99.39,89.88,55.45,60.595888,-170.546598,-0.890965,-156.374983,Central
3066,6,14,2023-12-06 20:30:50,2023-12-06 22:21:51,105.51,15.228,57.02,40.77,11.43,53.754534,-127.878127,-68.427564,-103.518889,Central
3067,35,11,2024-03-09 11:57:22,2024-03-09 13:34:30,160.9,35.295,99.38,58.84,5,-20.47857,79.801379,-71.88777,-43.564811,West
3068,35,9,2024-08-28 08:52:32,2024-08-28 10:27:01,143.05,26.629,90.84,76.48,28.93,-46.447131,79.699274,71.132802,157.360888,West
3069,31,7,2023-11-28 11:14:00,2023-11-28 11:23:13,13.11,2.673,85.22,37.22,34.23,11.061324,-4.81706,87.940192,-113.033802,Central
3070,12,9,2024-11-25 04:50:35,2024-11-25 05:40:40,64.83,13.358,77.66,79.28,55.38,72.989692,-61.85582,-14.518559,117.099211,East
3071,29,17,2024-01-09 16:45:35,2024-01-09 20:32:04,149.67,25.543,39.65,42.87,5,59.548901,-48.023579,67.709748,-37.066775,North
3072,17,3,2023-12-14 12:18:09,2023-12-14 15:50:04,264.1,62.949,74.77,36.89,5,28.972928,-157.636416,-43.058712,116.20364,South
3073,14,19,2024-02-29 21:22:34,2024-02-29 21:28:59,9.4,2.107,87.82,65.69,61.26,-24.235691,179.605513,59.981313,-111.221381,East
3074,34,33,2023-01-25 10:47:21,2023-01-25 10:54:10,9.35,1.544,82.11,73.49,70.6,7.105238,-165.370209,65.389611,-97.105471,West
3075,11,14,2024-11-11 16:08:32,2024-11-11 18:51:01,121.6,17.582,44.9,93.07,55.82,88.972184,-95.182752,-34.046442,-80.558786,North
3076,42,3,2024-09-05 02:24:05,2024-09-05 06:12:45,298.03,58.467,78.2,79.62,5,-13.172626,46.177253,45.685001,105.714786,Central
3077,34,17,2023-11-06 10:54:55,2023-11-06 17:17:47,201.58,42.709,31.59,82.06,5,8.010888,-57.654498,-71.695516,-95.788589,West
3078,27,5,2023-12-06 08:58:40,2023-12-06 13:44:10,187.82,46.562,39.47,67.57,5,-84.436962,25.911837,-13.575535,0.461383,South
3079,28,10,2023-03-11 11:19:57,2023-03-11 12:27:26,99.95,23.724,88.86,84.52,43.69,6.406575,48.164767,12.419673,-165.493438,Central
3080,12,25,2023-02-26 11:13:09,2023-02-26 11:16:46,6.3,1.094,104.22,44.14,42.18,13.589168,-58.929563,-75.907112,153.473642,East
3081,46,34,2024-08-18 15:00:13,2024-08-18 15:52:48,81.12,12.608,92.54,48.33,28.66,-67.910002,105.987091,-80.100941,133.869091,South
3082,50,8,2024-04-26 13:41:22,2024-04-26 17:07:03,163.77,31.938,47.77,38.9,5,76.89717,-176.628944,28.196492,-80.693357,North
3083,22,33,2023-02-21 05:33:14,2023-02-21 07:49:32,70.02,15.309,30.82,89.34,73.26,52.85866,-5.652583,-11.428707,-61.15485,Central
3084,43,5,2024-09-24 06:56:38,2024-09-24 07:02:26,9.56,1.359,98.65,33.05,31.36,-71.797079,152.025994,31.03286,-2.700331,West
3085,6,25,2024-01-05 22:20:17,2024-01-06 00:43:25,217.31,54.045,91.09,76.43,5,30.981459,145.29059,18.110846,-16.352276,Central
3086,50,19,2023-11-11 00:19:23,2023-11-11 04:39:47,215.31,52.167,49.61,73.4,5,-9.500222,-125.859541,-18.494444,-124.805252,North
3087,26,15,2023-08-29 16:10:31,2023-08-29 20:38:14,167.24,38.201,37.48,51.18,5,62.097216,123.218427,85.256306,139.365413,East
3088,21,32,2023-11-23 16:45:34,2023-11-23 17:30:16,81.58,18.635,109.49,61.89,37.04,85.03766,-173.13707,-80.735043,-131.211089,West
3089,42,28,2024-10-26 12:05:58,2024-10-26 17:16:42,287.95,49.077,55.6,46.04,5,-77.854727,145.84873,61.943318,-27.896622,Central
3090,10,9,2024-02-29 02:20:20,2024-02-29 04:36:20,232.28,39.381,102.47,88.99,30.47,3.306548,-165.588965,51.333177,33.578719,North
3091,9,9,2023-07-01 21:59:41,2023-07-01 23:57:54,179.72,25.487,91.21,62.35,24.25,-65.18339,-141.777147,-18.052401,2.494567,West
3092,28,17,2023-05-01 05:01:08,2023-05-01 06:07:22,116.03,24.433,105.11,32.96,5,-82.073262,81.760593,45.536842,-15.620768,Central
3093,43,30,2023-05-05 21:05:05,2023-05-05 22:16:16,71.99,16.155,60.67,39.98,19.84,23.411329,88.875639,27.112423,-120.512602,West
3094,32,24,2024-08-22 09:33:56,2024-08-22 10:31:11,87.65,11.78,91.85,60.46,43.19,-89.297679,32.012437,-69.74437,118.049099,East
3095,6,29,2023-03-21 00:40:33,2023-03-21 00:57:28,13.06,2.425,46.29,83.75,79.08,-45.365544,-97.333278,-86.972128,123.23197,Central
3096,28,25,2024-09-17 15:46:31,2024-09-17 16:46:55,82.75,17.125,82.19,64.55,35.07,11.802791,67.46885,47.847845,-25.83532,Central
3097,17,31,2024-05-31 04:39:33,2024-05-31 09:16:11,218.18,36.398,47.32,61.63,5,34.912716,46.920157,44.827998,-87.519318,South
3098,17,34,2023-01-13 09:15:00,2023-01-13 11:33:53,234.01,32.468,101.09,49.27,5,4.285678,109.038889,33.305724,115.451766,South
3099,24,33,2024-10-19 15:11:15,2024-10-19 16:41:46,100.67,13.689,66.72,41.77,27.28,-37.364889,-127.211682,2.788364,-105.122007,North
3100,41,12,2023-09-16 03:05:41,2023-09-16 03:59:58,81.57,14.547,90.14,74.54,45.39,44.236964,-40.304504,-20.823932,-55.721708,East
3101,12,29,2023-05-25 10:06:26,2023-05-25 11:51:06,168.73,31.02,96.71,94.81,39.32,12.501055,57.717942,15.472911,-150.443842,East
3102,32,17,2023-04-16 17:12:49,2023-04-16 17:18:40,8.03,1.243,82.22,54.52,52.7,61.018216,124.560226,-54.234722,118.226988,East
3103,35,5,2024-10-29 17:21:01,2024-10-29 22:45:06,251.28,54.577,46.52,51.99,5,-0.661713,32.147523,-44.742609,44.561295,West
3104,30,31,2023-11-21 08:02:58,2023-11-21 11:36:48,209.03,49.576,58.65,38.15,5,45.085626,76.947471,-79.874576,-121.603609,South
3105,32,33,2024-10-11 06:13:23,2024-10-11 10:28:18,145.18,30.965,34.17,88.23,42.83,40.695279,42.322176,18.674808,-148.391931,East
3106,19,34,2024-12-14 10:30:04,2024-12-14 13:04:08,281.16,44.438,109.49,68.44,19.93,78.267855,-133.898264,-80.131377,-105.692269,South
3107,4,22,2024-08-28 23:27:43,2024-08-29 01:48:09,114.3,25.67,48.83,30.39,5,53.884059,109.327743,-34.222294,-3.412041,West
3108,49,34,2024-10-09 23:25:59,2024-10-10 03:50:18,183.18,33.004,41.58,43.0,5,84.514402,89.469527,-26.151655,24.498533,Central
3109,8,21,2024-04-08 01:37:22,2024-04-08 05:36:56,256.86,33.664,64.33,46.73,5,10.601817,-156.527013,-69.129972,31.870156,North
3110,15,21,2023-11-16 14:48:07,2023-11-16 16:21:05,137.82,32.501,88.94,62.51,21.99,10.134584,-11.325907,2.390366,81.313413,West
3111,36,22,2023-09-25 09:30:25,2023-09-25 10:44:29,80.13,17.191,64.91,35.0,7.8,62.295806,152.499708,57.907467,102.746342,West
3112,2,16,2024-10-07 14:11:53,2024-10-07 18:50:09,235.47,44.085,50.77,84.93,11.7,71.480231,44.603802,-5.800019,-134.983328,North
3113,30,9,2023-12-20 18:02:52,2023-12-20 22:59:57,219.95,33.224,44.42,75.9,5,47.525014,-82.590029,-26.553877,129.496454,South
3114,46,10,2024-01-10 11:50:25,2024-01-10 12:13:49,35.47,8.144,90.93,84.33,71.62,-85.207193,135.378279,84.851686,-157.802499,South
3115,46,32,2023-11-27 19:50:34,2023-11-27 21:33:15,183.99,27.548,107.5,36.93,5,-56.479928,-176.728408,37.61551,-159.445073,South
3116,22,11,2024-04-24 01:45:47,2024-04-24 06:12:20,265.5,61.187,59.76,48.78,5,-41.922471,17.066056,39.979779,143.854415,Central
3117,30,37,2024-03-05 21:13:22,2024-03-05 22:27:01,73.64,16.957,59.98,91.1,52.99,5.634792,176.572702,-39.862763,-165.020398,South
3118,42,1,2023-06-11 00:55:03,2023-06-11 02:47:40,177.43,42.196,94.52,42.17,5,72.34311,46.303114,39.657575,-49.042242,Central
3119,31,37,2024-09-09 06:31:56,2024-09-09 10:58:16,167.13,27.065,37.65,93.65,63.41,-83.605045,178.396972,-58.74171,-150.949091,Central
3120,49,26,2023-07-28 15:46:05,2023-07-28 19:56:41,151.16,20.109,36.19,57.45,33.99,86.820143,73.233431,-1.450686,163.457879,Central
3121,6,29,2023-12-27 19:53:51,2023-12-27 22:49:27,265.64,60.233,90.76,89.9,5,-36.631197,38.793495,21.317242,-89.318597,Central
3122,8,26,2024-12-18 13:49:44,2024-12-18 14:26:43,62.24,10.649,100.97,32.56,12.95,1.760208,-20.583715,85.718247,1.884816,North
3123,1,3,2023-08-15 04:27:36,2023-08-15 08:15:08,177.07,32.769,46.69,56.86,5,-42.299317,-5.512472,-52.375894,46.503335,East
3124,19,18,2023-10-20 14:51:05,2023-10-20 16:38:13,175.38,32.071,98.22,86.1,51.09,8.781095,107.260449,-65.872116,-87.473114,South
3125,41,18,2024-08-30 19:13:31,2024-08-30 20:28:46,135.86,17.749,108.31,89.53,53.96,-51.132542,-119.063536,66.066958,139.596819,East
3126,17,37,2023-01-26 06:03:17,2023-01-26 08:31:36,223.72,30.718,90.5,51.13,5,7.089346,126.039067,48.696409,-11.646795,South
3127,27,40,2024-07-19 20:44:18,2024-07-19 22:26:37,185.76,39.728,108.93,51.13,5,26.269008,118.235863,88.144853,118.579848,South
3128,17,39,2023-06-24 15:48:44,2023-06-24 16:18:23,42.53,8.046,86.06,94.43,77.49,-37.583294,-92.070847,-82.75242,179.828615,South
3129,39,6,2023-05-05 07:50:01,2023-05-05 14:39:18,268.97,46.2,39.43,55.2,5,-36.75365,80.796155,-47.978806,165.74486,East
3130,4,20,2024-08-22 22:39:21,2024-08-23 01:18:57,171.15,31.09,64.34,38.15,5,29.234503,-134.033937,80.133139,93.68412,West
3131,31,29,2023-11-03 21:48:36,2023-11-03 23:50:54,195.54,29.32,95.93,59.49,26.73,-88.607082,170.493272,61.402445,-73.490831,Central
3132,46,20,2023-10-04 10:24:51,2023-10-04 14:13:13,293.28,64.484,77.05,47.21,5,83.916631,43.680596,-23.471683,128.252783,South
3133,42,24,2023-01-19 04:06:46,2023-01-19 08:43:21,138.53,25.238,30.05,85.85,52.24,-21.267793,-48.865013,38.234511,-83.24976,Central
3134,1,27,2024-08-04 03:09:17,2024-08-04 05:42:43,151.07,35.43,59.07,56.83,5,81.358235,-105.155293,36.502815,109.679331,East
3135,13,3,2024-02-28 19:28:20,2024-02-28 19:33:51,8.02,1.966,87.19,36.71,33.47,-10.251675,141.517353,76.878332,-5.591105,East
3136,13,39,2023-02-06 02:01:47,2023-02-06 02:37:03,53.94,12.039,91.73,88.77,68.9,-3.306703,-13.695936,78.213813,-69.654479,East
3137,24,16,2024-04-26 07:58:49,2024-04-26 08:16:05,14.61,1.96,50.72,67.21,65.14,82.361895,132.434025,-78.442541,70.528786,North
3138,17,12,2024-11-29 01:57:23,2024-11-29 02:26:15,51.28,7.733,106.57,46.07,29.79,12.73501,-76.718807,26.309973,-34.265277,South
3139,13,16,2023-10-05 16:40:20,2023-10-05 17:15:32,24.83,5.171,42.32,54.33,45.8,13.836068,-46.065154,-33.502626,40.249498,East
3140,26,23,2024-10-24 22:31:25,2024-10-25 05:59:58,292.16,45.913,39.08,87.51,5,-26.940475,-116.258149,6.793526,110.35203,East
3141,26,19,2023-09-13 04:49:01,2023-09-13 07:39:03,239.88,55.805,84.64,32.17,5,79.974592,-129.689245,45.731167,100.710593,East
3142,42,33,2024-09-23 14:23:22,2024-09-23 16:38:31,168.54,26.12,74.82,75.18,40.4,40.314515,-12.95724,-50.025908,91.011498,Central
3143,15,16,2023-05-30 17:05:06,2023-05-30 21:59:54,263.17,63.239,53.56,46.01,5,-73.861947,-40.985531,46.52859,-134.942187,West
3144,42,28,2023-04-13 17:33:19,2023-04-13 17:39:11,7.14,1.568,72.99,52.54,50.45,46.254245,-158.262767,-62.034524,-69.996762,Central
3145,39,15,2023-04-06 02:36:43,2023-04-06 03:00:21,42.27,6.866,107.27,47.52,35.66,65.870361,-34.182213,74.371022,123.554214,East
3146,13,38,2023-02-14 16:28:41,2023-02-14 18:52:45,136.08,22.802,56.67,68.9,31.27,-52.075833,-98.632198,-18.188955,28.771206,East
3147,44,39,2024-04-22 12:28:49,2024-04-22 13:46:09,44.5,10.949,34.52,39.27,27.04,-55.824766,154.271522,-16.11397,159.802623,Central
3148,30,13,2023-02-28 10:50:07,2023-02-28 13:31:13,146.93,21.923,54.72,54.16,5,-38.598619,2.190115,73.423022,-126.486404,South
3149,1,25,2023-05-22 13:25:47,2023-05-22 15:14:50,180.61,35.754,99.36,71.66,5,-7.510034,-133.822101,15.56294,-55.224255,East
3150,33,22,2024-04-28 05:25:13,2024-04-28 13:14:36,295.87,52.506,37.82,38.61,5,51.176485,-138.940916,-32.798581,171.91907,Central
3151,6,15,2023-03-19 13:47:48,2023-03-19 16:49:29,147.08,35.784,48.57,56.05,5,-59.099691,74.715279,41.618221,-127.298549,Central
3152,21,31,2023-09-05 09:18:22,2023-09-05 09:48:39,49.59,8.819,98.24,70.92,59.16,-28.424222,5.679332,-53.254149,109.079232,West
3153,29,7,2024-11-27 22:52:03,2024-11-28 02:01:43,272.18,49.288,86.1,87.87,5,-34.055447,-102.024502,4.776999,-136.156511,North
3154,33,15,2023-01-21 13:03:29,2023-01-21 13:08:23,6.33,1.491,77.45,72.89,71.27,-48.439117,-123.159467,-23.523087,51.856545,Central
3155,21,21,2024-11-10 06:58:43,2024-11-10 08:17:01,45.54,6.499,34.89,40.8,32.13,-53.513582,-149.372654,-53.9083,-90.151269,West
3156,27,15,2024-10-30 00:40:39,2024-10-30 04:01:10,102.9,15.969,30.79,36.12,14.3,64.791658,-64.975858,-28.949711,-140.328809,South
3157,11,7,2024-03-27 23:09:14,2024-03-28 02:44:40,193.75,26.335,53.96,73.3,17.51,12.312592,-47.749958,49.953277,-8.306296,North
3158,33,32,2024-12-13 12:11:05,2024-12-13 14:23:57,179.43,36.363,81.02,46.96,7.39,-22.31174,8.169173,-69.79161,41.088937,Central
3159,11,24,2024-06-21 19:43:17,2024-06-21 21:59:06,223.67,31.585,98.8,39.97,5,-74.723863,-24.354005,38.305752,-137.294534,North
3160,39,16,2024-07-04 01:43:47,2024-07-04 04:48:03,246.5,52.763,80.26,73.9,5,-26.38445,16.416101,-1.814191,-58.511965,East
3161,39,8,2024-04-03 19:27:37,2024-04-03 20:01:07,58.2,12.955,104.21,30.48,8.11,-61.554505,140.519787,76.937986,16.602992,East
3162,35,32,2023-02-02 04:38:04,2023-02-02 06:16:23,132.27,20.342,80.72,83.92,47.6,-70.609043,75.438378,-56.32915,52.95471,West
3163,16,16,2024-08-11 09:49:27,2024-08-11 10:32:22,55.2,9.523,77.17,66.28,50.38,-7.975713,27.737206,46.189501,-5.736307,East
3164,27,40,2023-02-14 09:32:09,2023-02-14 10:20:11,53.95,8.89,67.38,65.29,53.15,19.671629,-37.946934,-27.040737,138.619739,South
3165,32,18,2023-02-14 12:42:34,2023-02-14 17:23:44,265.61,59.53,56.68,62.72,5,-43.743977,49.996649,-1.981601,103.046945,East
3166,38,34,2023-05-30 05:06:17,2023-05-30 08:30:37,249.71,42.07,73.32,93.22,24.81,-48.185913,-116.732689,-42.945588,-132.066622,North
3167,32,31,2023-04-15 20:07:44,2023-04-15 22:58:15,124.34,20.135,43.75,78.08,48.56,8.857987,-46.196218,-55.291986,-139.987156,East
3168,35,9,2024-05-26 10:37:26,2024-05-26 14:42:23,177.43,27.68,43.46,49.83,5,49.260076,121.161092,70.782889,60.875665,West
3169,45,21,2024-07-26 12:47:51,2024-07-26 14:02:13,115.1,22.635,92.86,55.47,27.07,-15.0828,23.215851,73.773243,-7.450012,North
3170,14,12,2024-11-06 10:04:43,2024-11-06 11:16:38,108.36,18.673,90.4,64.66,25.43,81.171079,70.300977,-40.52933,128.067663,East
3171,48,26,2023-05-11 11:47:46,2023-05-11 13:53:18,228.3,44.814,109.11,59.07,13.39,53.641995,-6.957709,-35.352241,36.301932,East
3172,15,38,2024-08-13 16:21:24,2024-08-13 18:08:33,79.33,18.415,44.42,30.83,7.87,51.810671,-117.440793,83.922337,47.675404,West
3173,13,11,2023-07-10 19:52:45,2023-07-11 03:22:11,277.01,41.829,36.98,67.03,5,-22.741542,173.240213,-50.294925,15.00987,East
3174,1,1,2024-04-15 07:02:59,2024-04-15 10:23:44,212.14,45.236,63.4,41.07,5,-65.808959,-173.443172,-79.368322,38.73494,East
3175,3,9,2023-11-15 09:15:50,2023-11-15 11:40:04,122.56,20.973,50.98,84.02,60.72,59.393756,-164.97247,73.727322,89.220406,North
3176,4,38,2023-10-08 15:14:29,2023-10-08 18:11:08,131.94,21.665,44.81,61.02,24.24,-72.319467,-104.789926,-60.877021,-179.262817,West
3177,3,2,2024-07-11 01:08:16,2024-07-11 03:10:30,73.32,10.274,35.99,77.93,66.51,-67.363724,-21.514664,-36.6068,14.404598,North
3178,17,16,2023-10-15 23:00:40,2023-10-16 02:09:31,230.09,34.338,73.1,41.55,5,87.220115,112.846951,-53.697524,152.830992,South
3179,34,6,2023-03-09 10:52:48,2023-03-09 16:50:51,285.14,60.843,47.78,85.39,5,14.259802,-31.417779,-15.253134,87.243243,West
3180,31,2,2024-12-24 17:20:39,2024-12-24 19:45:02,161.02,27.123,66.91,72.84,42.53,-44.030271,-111.893646,-40.23729,-39.215609,Central
3181,21,26,2023-03-28 03:16:30,2023-03-28 06:21:42,277.42,37.892,89.87,84.01,33.49,24.006673,107.577488,-27.916722,137.069141,West
3182,32,9,2023-10-31 15:19:12,2023-10-31 16:20:06,88.01,15.18,86.7,76.36,54.1,-15.9979,-160.089023,-12.728912,171.828121,East
3183,1,37,2023-09-10 20:57:38,2023-09-10 22:36:32,72.34,10.187,43.88,47.64,25.83,65.420327,164.942892,-33.654834,121.84051,East
3184,32,10,2024-10-27 22:54:08,2024-10-28 00:43:14,70.76,16.723,38.91,93.9,69.38,-57.880867,27.785807,-42.563102,-102.900636,East
3185,31,8,2023-01-10 15:43:37,2023-01-10 17:48:39,194.66,41.95,93.41,46.83,5,43.39615,53.63928,41.983518,-107.358743,Central
3186,32,20,2023-04-17 13:54:29,2023-04-17 17:08:23,281.91,45.986,87.23,55.29,5,29.220389,54.666916,-33.153759,66.575607,East
3187,22,8,2024-12-12 00:09:56,2024-12-12 03:32:54,225.92,47.222,66.78,60.15,10.55,63.568373,-68.23605,-2.681254,-154.449746,Central
3188,29,34,2023-10-09 04:23:50,2023-10-09 06:41:08,145.6,19.481,63.62,89.71,49.95,30.021188,-16.096715,-19.053872,89.392109,North
3189,50,14,2024-09-05 15:23:47,2024-09-05 16:52:37,79.05,10.703,53.39,70.54,54.47,-21.469309,-120.241667,10.115977,-67.187124,North
3190,21,28,2024-09-20 06:05:38,2024-09-20 06:32:50,25.49,4.879,56.22,52.11,45.6,5.336136,79.558087,-22.840527,-100.227947,West
3191,33,2,2023-03-09 05:16:19,2023-03-09 08:53:21,251.59,38.406,69.55,70.01,28.22,-79.553245,2.84522,41.908107,159.607818,Central
3192,24,12,2023-02-01 23:34:59,2023-02-02 04:35:29,265.25,44.275,52.96,44.25,5,-88.315359,-83.520258,35.076782,22.386759,North
3193,21,5,2024-08-19 23:24:54,2024-08-20 02:36:02,151.38,33.865,47.52,52.45,7.3,22.508254,-83.409196,-39.586761,14.134142,West
3194,15,33,2024-10-01 22:53:01,2024-10-02 01:15:22,119.67,29.881,50.44,67.07,29.81,86.014842,-70.325166,-16.187526,-138.075153,West
3195,13,23,2024-11-09 23:16:16,2024-11-10 00:31:38,91.56,16.061,72.89,78.45,51.95,-10.957465,132.53071,-3.341683,174.481217,East
3196,11,27,2024-03-10 12:11:37,2024-03-10 15:28:53,172.51,26.522,52.47,60.39,5,-40.6222,-165.578094,78.906983,-101.979233,North
3197,32,18,2023-02-19 02:29:33,2023-02-19 04:18:58,197.59,33.722,108.34,30.21,5,47.784393,174.223939,14.766773,83.400106,East
3198,37,22,2024-05-01 02:09:26,2024-05-01 06:02:31,266.26,40.185,68.54,91.33,47.22,47.897353,179.833406,45.744388,44.360665,North
3199,30,18,2023-07-02 02:34:24,2023-07-02 03:51:56,99.78,22.527,77.2,31.04,5,-26.115686,-92.122817,-5.332349,-158.668921,South
3200,42,15,2024-01-06 11:05:47,2024-01-06 14:17:03,162.42,27.054,50.95,57.78,21.76,48.465364,89.34923,-6.985665,-46.612705,Central
3201,46,27,2024-07-26 11:24:23,2024-07-26 12:05:26,32.69,7.806,47.77,62.84,50.66,-1.392835,165.279245,19.950259,-88.938847,South
3202,19,18,2023-06-14 21:09:40,2023-06-14 23:25:39,139.83,27.276,61.69,54.39,24.61,1.868179,-88.020794,52.008691,163.263899,South
3203,33,23,2024-11-13 07:52:21,2024-11-13 09:07:38,127.61,18.601,101.69,85.19,64.95,63.405395,-18.040294,-34.994507,-94.459492,Central
3204,29,15,2023-11-10 21:34:10,2023-11-10 23:20:44,168.27,23.231,94.73,92.7,45.29,20.023204,-166.102824,36.417121,-127.423366,North
3205,48,20,2024-11-16 06:40:06,2024-11-16 09:35:56,209.73,46.054,71.56,83.07,36.12,79.230666,-125.991476,-25.940303,176.06927,East
3206,41,3,2024-12-29 20:43:00,2024-12-29 21:03:30,22.64,3.397,66.22,90.09,83.28,-17.76855,68.358849,-35.213175,-97.800659,East
3207,10,1,2024-08-26 13:39:09,2024-08-26 16:25:39,157.52,32.761,56.76,75.34,26.66,-57.737143,96.737317,24.113008,70.591996,North
3208,40,25,2023-01-16 20:54:53,2023-01-16 22:46:00,90.57,21.363,48.9,56.77,32.52,53.440638,-82.581347,-49.498663,101.108812,East
3209,3,22,2024-11-29 14:30:08,2024-11-29 14:41:04,15.77,3.781,86.47,58.87,54.67,17.135172,141.498398,-31.632282,-22.090327,North
3210,42,33,2023-07-10 19:11:39,2023-07-10 20:17:06,67.33,14.133,61.71,71.9,53.08,57.93133,-140.237593,-57.822956,86.294428,Central
3211,2,26,2024-01-01 20:08:09,2024-01-01 22:13:55,211.75,51.235,101.01,37.82,5,57.641513,-94.871815,24.90043,-143.724246,North
3212,14,12,2023-11-23 17:06:21,2023-11-23 18:23:02,126.04,26.101,98.61,89.23,34.4,-32.944958,-175.001973,85.375646,-103.516313,East
3213,8,40,2023-01-13 12:57:31,2023-01-13 16:28:18,232.47,42.242,66.17,72.06,5,-48.00218,-164.95906,-65.459255,19.539248,North
3214,16,33,2024-08-13 06:04:31,2024-08-13 07:23:18,102.2,18.035,77.82,83.72,53.61,13.732136,27.642629,68.899115,-160.770542,East
3215,16,37,2023-11-19 02:45:19,2023-11-19 03:31:44,65.28,12.521,84.38,41.0,20.1,58.968047,11.842481,10.915899,121.016218,East
3216,44,33,2024-08-10 03:43:20,2024-08-10 06:05:42,147.07,24.677,61.98,78.22,50.65,42.653312,99.58249,54.829367,-158.353822,Central
3217,45,21,2024-10-20 18:51:29,2024-10-20 18:59:42,11.46,1.68,83.66,49.67,47.56,-50.775065,38.793087,32.185308,105.589178,North
3218,10,30,2023-02-15 13:55:29,2023-02-15 14:45:39,82.4,17.635,98.52,57.47,31.27,-30.879769,-83.836474,13.89497,142.121463,North
3219,6,35,2024-11-02 08:03:57,2024-11-02 09:28:14,123.43,21.834,87.86,31.93,5,-50.498637,-100.263204,-74.426762,-17.489901,Central
3220,14,4,2024-08-15 06:42:45,2024-08-15 06:59:36,25.57,6.276,91.04,67.56,54.38,68.261319,-31.975662,15.668631,-31.130978,East
3221,1,31,2023-05-29 20:45:40,2023-05-30 00:28:07,283.33,65.29,76.42,41.53,5,19.209394,29.154223,-29.481295,165.400929,East
3222,44,6,2024-06-06 15:50:16,2024-06-06 18:58:13,298.58,56.391,95.31,90.48,27.47,-10.328539,-83.851526,62.931798,-117.255263,Central
3223,40,10,2023-11-22 04:45:09,2023-11-22 06:43:51,212.22,47.264,107.26,80.02,26.37,73.977315,-103.367049,-44.532018,81.799715,East
3224,17,30,2023-03-12 05:52:05,2023-03-12 07:13:30,139.97,25.299,103.15,30.39,5,-22.209151,-67.137729,36.386671,-159.592107,South
3225,24,40,2023-07-23 19:45:40,2023-07-23 20:29:01,55.63,8.609,76.98,40.25,31.14,24.835806,68.049356,7.489662,-43.81002,North
3226,50,38,2024-02-20 23:36:13,2024-02-21 02:05:58,207.65,29.165,83.19,93.21,49.42,-82.726426,127.970461,-78.589044,-133.701492,North
3227,18,21,2023-08-23 22:45:51,2023-08-24 01:19:21,207.69,29.815,81.18,75.0,39.59,21.158977,-173.423274,27.037115,106.873841,South
3228,27,37,2024-04-19 04:27:58,2024-04-19 08:55:01,293.63,59.271,65.97,94.6,13.63,-0.471865,-94.681275,76.575266,-39.553247,South
3229,6,40,2023-09-22 01:39:36,2023-09-22 05:26:53,246.76,39.732,65.14,30.13,5,-66.377367,-9.848015,-23.312697,8.159232,Central
3230,43,34,2023-05-07 03:28:07,2023-05-07 09:01:58,287.78,55.114,51.72,66.49,5,65.864028,7.948961,-70.145942,-62.177987,West
3231,21,16,2024-09-22 11:36:52,2024-09-22 12:07:04,21.02,4.444,41.74,86.65,80.72,52.543562,57.725035,31.009563,-13.512723,West
3232,6,30,2024-07-16 20:59:56,2024-07-16 23:35:43,163.94,39.557,63.14,62.63,5,33.361548,-146.095216,61.277183,-97.938976,Central
3233,29,25,2024-05-12 19:06:48,2024-05-12 20:53:35,84.97,20.05,47.74,37.4,5,10.283976,-62.544871,-28.301862,-129.738584,North
3234,38,38,2024-11-01 20:29:14,2024-11-01 22:42:59,227.9,40.009,102.23,33.37,5,-42.547567,26.740908,-39.781055,100.560778,North
3235,19,38,2024-12-16 08:50:05,2024-12-16 14:06:41,218.2,41.746,41.35,85.24,39.67,-24.238328,-13.664375,-86.144553,-16.830152,South
3236,26,1,2023-06-05 02:55:22,2023-06-05 05:59:25,282.15,38.521,91.98,37.44,5,9.298837,112.516398,60.166733,27.826929,East
3237,43,10,2023-11-17 05:12:02,2023-11-17 10:55:18,191.09,29.51,33.4,87.19,50.39,-21.435259,-141.81423,-78.177643,86.873766,West
3238,37,35,2023-01-25 10:11:09,2023-01-25 11:44:02,157.69,21.741,101.86,92.46,68.6,-15.511661,-6.810466,83.159539,98.082499,North
3239,13,26,2023-04-27 16:21:10,2023-04-27 18:24:54,160.96,24.283,78.05,56.95,16.88,46.303057,92.431573,29.870475,-42.816551,East
3240,22,20,2024-10-16 08:21:21,2024-10-16 10:08:01,160.34,37.212,90.18,31.96,5,-49.669397,-19.113236,-80.11041,48.675107,Central
3241,34,10,2024-02-06 01:16:40,2024-02-06 03:18:15,154.75,30.609,76.36,52.03,5,-74.716529,-19.939223,-33.650102,81.874428,West
3242,46,30,2024-05-05 09:08:24,2024-05-05 11:32:09,86.3,15.599,36.02,65.09,40.75,-2.812476,130.435776,-3.351652,133.423367,South
3243,42,8,2024-07-12 15:27:45,2024-07-12 17:15:15,181.95,27.398,101.55,85.81,49.33,-84.674257,-109.364084,38.891573,97.406617,Central
3244,35,26,2023-11-01 09:47:24,2023-11-01 10:22:50,44.07,10.175,74.6,64.47,46.3,-20.97899,-66.21754,85.906132,-88.686112,West
3245,18,40,2023-04-04 05:50:10,2023-04-04 07:33:46,139.61,34.806,80.85,82.29,40.95,8.506043,26.435953,-37.32604,147.507253,South
3246,31,13,2024-06-06 08:38:27,2024-06-06 13:56:05,270.9,45.817,51.17,47.51,5,50.384152,43.525733,-25.339946,38.423808,Central
3247,43,25,2024-05-04 12:02:30,2024-05-04 14:27:49,197.03,37.954,81.35,51.71,5,-34.332586,-14.216718,75.692998,-163.599409,West
3248,36,1,2023-03-05 02:06:22,2023-03-05 02:45:19,57.7,12.084,88.86,49.19,30.07,-77.467354,-55.344913,-66.572525,163.61701,West
3249,48,10,2023-08-20 15:54:21,2023-08-20 16:26:01,52.88,10.661,100.15,43.97,33.1,73.333176,-172.688293,9.290935,-171.675739,East
3250,42,6,2024-12-30 04:16:32,2024-12-30 06:53:10,278.18,44.464,106.55,59.8,5,72.214757,-70.316058,46.723712,-88.45848,Central
3251,14,36,2024-12-07 09:47:58,2024-12-07 11:03:47,83.55,20.154,66.11,83.49,41.15,-10.213774,168.642574,-8.736857,-8.796834,East
3252,4,16,2024-04-18 20:03:38,2024-04-18 21:20:18,116.13,27.894,90.88,30.05,5,56.362241,74.321949,27.765798,-136.36275,West
3253,22,16,2023-10-19 14:34:17,2023-10-19 15:35:05,98.88,16.513,97.56,87.94,70.59,-40.943987,-117.592851,-47.201884,-18.454072,Central
3254,27,23,2023-06-22 16:04:55,2023-06-22 19:22:47,211.03,29.438,63.99,62.58,22.36,79.021733,119.274135,60.373241,67.882744,South
3255,39,29,2024-09-05 10:25:58,2024-09-05 11:30:31,113.33,27.937,105.33,74.18,25.93,-24.612634,-165.976927,-17.615052,-15.34797,East
3256,30,18,2024-10-14 18:11:39,2024-10-14 21:55:11,263.77,45.441,70.8,39.55,5,20.566111,9.010837,-10.812065,-103.334197,South
3257,41,29,2024-01-23 03:05:28,2024-01-23 04:24:26,78.39,13.954,59.56,91.04,63.08,-68.848507,-177.881478,-55.680917,73.976363,East
3258,12,13,2023-04-09 18:40:43,2023-04-09 20:53:17,73.09,13.568,33.08,56.21,31.94,13.880634,-77.639477,-68.256124,138.453898,East
3259,44,34,2023-11-13 17:03:35,2023-11-13 19:31:48,88.69,14.833,35.9,54.23,37.66,19.145409,-42.047017,88.629826,-91.269245,Central
3260,36,12,2023-04-15 18:30:10,2023-04-15 20:37:51,225.81,43.566,106.11,42.09,5,-52.533112,-56.24086,71.448812,-163.21378,West
3261,14,11,2023-11-16 00:32:34,2023-11-16 04:47:34,171.28,30.45,40.3,54.95,5,35.249983,-134.692285,-33.863492,-136.683543,East
3262,34,37,2024-03-29 03:29:33,2024-03-29 06:16:16,125.41,25.487,45.13,52.41,5,32.179159,160.815573,40.519236,-117.215339,West
3263,42,39,2024-05-25 13:02:23,2024-05-25 16:14:55,247.23,55.611,77.04,77.92,5,-35.255535,51.513097,53.82181,158.563781,Central
3264,40,16,2023-06-17 06:09:30,2023-06-17 07:29:59,99.58,24.567,74.23,61.03,33.14,-69.290498,74.734736,-35.936684,59.496625,East
3265,40,33,2023-12-27 09:25:29,2023-12-27 12:40:13,214.48,51.467,66.08,42.17,5,47.659897,-36.850483,8.474555,-145.33181,East
3266,32,1,2023-08-22 21:03:27,2023-08-22 21:52:03,40.82,7.87,50.38,41.22,29.68,-12.813603,73.513023,9.97046,172.376121,East
3267,19,39,2024-09-23 13:15:14,2024-09-23 14:38:23,77.87,17.094,56.19,69.2,50.54,-22.041671,97.099164,-60.497887,-103.829987,South
3268,43,6,2023-05-01 04:53:46,2023-05-01 09:40:36,297.36,70.658,62.2,31.91,5,-37.049427,-159.69379,-88.17477,-0.381713,West
3269,22,20,2023-02-08 13:55:20,2023-02-08 16:18:39,197.45,35.12,82.66,60.32,23.43,26.472815,142.307142,37.210109,-158.743593,Central
3270,44,5,2024-09-07 11:34:57,2024-09-07 12:44:17,94.96,12.729,82.17,44.74,30.52,-67.778985,93.512125,41.404598,138.414444,Central
3271,22,37,2023-02-24 22:15:35,2023-02-25 00:00:50,69.23,15.742,39.46,43.27,26.73,70.290878,-74.509704,-24.987962,-35.960994,Central
3272,36,21,2023-04-29 07:11:05,2023-04-29 09:57:45,270.83,36.286,97.49,60.56,5,70.390512,167.835777,83.565563,-137.260066,West
3273,44,35,2023-12-04 16:51:47,2023-12-04 18:52:55,195.11,29.105,96.63,54.94,22.42,40.887138,85.410501,-31.424863,17.525313,Central
3274,48,9,2023-08-19 13:42:44,2023-08-19 18:33:23,273.03,56.756,56.36,93.03,35.17,5.057436,131.339457,82.136435,103.721104,East
3275,4,34,2023-05-22 20:52:11,2023-05-22 21:38:06,73.89,17.874,96.53,32.01,5,-9.244727,85.052951,-43.678167,-170.957829,West
3276,32,28,2024-04-17 17:42:28,2024-04-18 01:07:13,283.01,55.765,38.18,91.31,9.54,-45.734787,3.844988,71.386529,-31.716936,East
3277,44,26,2023-04-08 04:04:36,2023-04-08 07:43:15,275.04,61.393,75.47,93.49,24.89,-18.124084,98.048546,-78.019101,-32.210345,Central
3278,3,24,2023-11-09 11:22:57,2023-11-09 13:00:06,162.51,33.975,100.35,35.54,5,-8.631745,-2.384288,66.128808,32.673928,North
3279,18,1,2023-12-15 09:56:56,2023-12-15 12:55:28,186.63,33.906,62.72,90.87,50.6,10.390123,51.218072,35.590755,-171.214623,South
3280,26,31,2023-04-29 18:55:07,2023-04-29 21:42:03,228.52,56.131,82.13,77.62,5,44.86645,-152.832889,80.972143,-73.291152,East
3281,22,1,2023-08-29 11:44:12,2023-08-29 12:28:46,78.13,11.287,105.15,61.9,50.04,-50.621198,51.40926,-21.979027,-5.174223,Central
3282,13,21,2023-06-25 04:20:20,2023-06-25 07:50:47,289.49,59.126,82.53,61.34,5,24.871945,137.190323,-80.755193,-101.856463,East
3283,30,7,2023-01-10 21:21:19,2023-01-10 21:38:54,20.29,3.051,69.22,42.77,35.91,-58.724246,-63.890918,-0.845091,-167.561688,South
3284,36,23,2023-02-18 05:48:43,2023-02-18 07:45:10,71.6,15.007,36.89,67.41,43.66,-24.934684,-32.574471,-68.509125,157.203793,West
3285,3,10,2024-06-23 19:55:17,2024-06-23 21:13:03,103.39,20.855,79.76,84.33,61.16,-3.78256,-2.870496,41.328719,170.775492,North
3286,6,38,2023-06-04 00:07:54,2023-06-04 03:35:12,157.11,24.004,45.47,59.88,13.63,-62.567403,-55.791414,-1.162937,-54.670572,Central
3287,14,19,2024-10-23 14:24:24,2024-10-23 20:09:17,298.91,58.585,52.0,59.16,5,-61.960072,-48.655834,-7.799167,-55.770909,East
3288,1,18,2024-01-19 05:18:45,2024-01-19 07:19:50,132.22,23.789,65.51,92.32,41.38,33.750808,134.346309,-43.807234,126.149132,East
3289,11,15,2023-09-02 20:00:02,2023-09-02 22:51:03,296.0,63.054,103.84,87.52,5,51.977307,143.505675,-41.704172,46.725518,North
3290,35,27,2023-09-07 14:26:59,2023-09-07 14:45:11,27.48,5.126,90.56,34.63,25.48,44.964605,-117.971576,85.802931,-83.62134,West
3291,3,36,2024-10-24 19:15:48,2024-10-24 23:16:58,235.47,37.361,58.58,61.42,19.91,-16.569364,98.610131,51.958886,91.620277,North
3292,48,11,2024-11-01 23:51:10,2024-11-02 02:41:15,163.77,28.827,57.77,47.42,18.03,78.592782,-170.564894,-32.822277,-152.740755,East
3293,19,3,2024-04-14 22:21:47,2024-04-15 01:38:44,245.11,31.907,74.67,53.01,18.18,81.200905,39.050995,28.675335,-54.247282,South
3294,27,35,2024-07-30 07:39:06,2024-07-30 07:58:12,28.32,6.724,88.93,36.2,27.01,49.157516,17.588714,70.242822,-7.022944,South
3295,33,17,2023-07-30 16:26:19,2023-07-30 19:09:57,216.9,34.675,79.53,73.49,35.76,4.533438,-144.574742,-74.919893,-147.514914,Central
3296,48,8,2024-12-17 00:04:22,2024-12-17 01:34:18,122.52,15.967,81.73,83.38,67.1,-56.297238,-10.815925,-7.831565,127.103834,East
3297,22,1,2024-04-01 13:59:11,2024-04-01 14:47:28,77.52,12.975,96.31,30.82,17.19,35.521045,134.483597,43.999088,-63.062273,Central
3298,24,8,2024-02-24 02:25:48,2024-02-24 05:10:44,86.51,17.519,31.47,79.47,60.93,75.415831,-154.948414,64.629018,105.019129,North
3299,39,10,2023-05-19 10:05:42,2023-05-19 10:29:29,29.02,5.822,73.17,74.26,64.2,20.294946,-13.569667,11.431131,5.189231,East
3300,30,11,2024-08-18 21:16:29,2024-08-19 00:27:48,282.23,49.28,88.51,45.51,5,-85.336348,166.048027,-17.391775,-178.425788,South
3301,39,36,2023-11-07 04:14:26,2023-11-07 08:11:49,206.93,45.369,52.3,93.19,14.83,31.203688,-44.89546,2.006564,-12.944981,East
3302,48,29,2024-02-19 21:48:12,2024-02-20 01:42:26,164.44,33.376,42.12,50.91,16.89,51.382059,178.753551,-24.522412,130.173839,East
3303,26,6,2024-12-01 01:21:57,2024-12-01 02:44:42,117.73,18.224,85.36,76.1,40.3,3.837813,14.137411,30.310589,-131.098918,East
3304,16,16,2023-09-24 01:30:59,2023-09-24 06:52:52,217.65,33.254,40.57,33.61,5,64.059652,64.653993,-48.06619,119.328098,East
3305,34,20,2023-07-24 18:44:17,2023-07-24 22:22:43,255.75,34.887,70.25,62.97,5,-13.998984,-54.890094,-53.645899,75.133276,West
3306,32,32,2023-02-03 01:35:24,2023-02-03 03:01:40,154.15,38.397,107.2,66.3,10.0,-77.808941,-46.377158,37.550646,-95.064211,East
3307,3,39,2023-05-11 15:14:38,2023-05-11 15:26:47,17.1,3.658,84.36,37.64,33.58,-28.584191,56.872018,86.543941,168.107584,North
3308,8,35,2024-10-13 17:52:37,2024-10-13 20:25:55,218.25,35.762,85.42,87.57,21.71,-50.548436,-132.115048,28.822128,31.785272,North
3309,17,6,2023-03-13 08:41:01,2023-03-13 09:19:57,63.91,11.298,98.49,39.44,15.65,-20.129216,68.96632,58.082467,104.504439,South
3310,9,7,2023-09-18 10:10:46,2023-09-18 12:22:47,163.45,27.974,74.28,66.46,24.65,-71.663818,97.622367,71.223504,-146.265468,West
3311,30,16,2023-05-25 20:03:58,2023-05-26 01:10:58,199.15,26.663,38.92,72.65,12.73,56.25649,172.101271,54.17748,105.018552,South
3312,34,11,2023-04-24 23:25:58,2023-04-24 23:38:52,10.34,2.186,48.07,88.82,84.73,84.644,155.267665,40.536799,-37.024574,West
3313,35,31,2023-07-31 18:19:07,2023-07-31 20:27:52,112.19,23.985,52.28,61.22,18.39,68.752856,8.56337,77.409881,106.170813,West
3314,4,35,2024-06-11 07:32:25,2024-06-11 10:27:36,268.06,63.65,91.81,89.7,5,48.485912,-155.064046,-61.430216,114.916082,West
3315,8,29,2024-08-06 02:20:32,2024-08-06 02:43:47,23.74,4.846,61.23,34.77,25.85,60.122073,9.87134,-37.607331,-76.475078,North
3316,26,16,2024-03-23 20:12:47,2024-03-23 21:03:55,85.33,15.061,100.11,61.58,31.99,-52.793606,171.038522,-23.40959,132.902698,East
3317,31,9,2024-11-08 21:47:28,2024-11-09 00:18:07,125.2,24.933,49.86,75.7,47.84,-14.387419,-119.138193,-21.34702,31.811922,Central
3318,1,24,2023-06-30 06:27:19,2023-06-30 13:35:46,292.99,64.101,41.03,54.98,5,71.753939,-52.269576,86.461764,129.336697,East
3319,24,2,2023-04-11 18:31:35,2023-04-11 19:44:23,115.32,15.074,95.04,88.97,73.02,48.576926,107.310053,-31.744622,-33.020345,North
3320,29,34,2023-11-08 16:29:25,2023-11-08 16:40:30,19.28,3.054,104.25,33.37,27.14,-37.051288,-151.954915,74.696725,27.22592,North
3321,30,26,2023-07-05 09:48:08,2023-07-05 14:08:21,133.02,28.96,30.67,32.86,5,26.271906,-61.208587,59.268455,69.242035,South
3322,46,6,2024-05-17 12:34:09,2024-05-17 16:18:35,191.82,37.482,51.28,30.52,5,-57.227765,-175.104391,-1.986849,-91.847202,South
3323,10,1,2024-10-29 15:45:11,2024-10-29 17:48:26,68.82,10.308,33.5,37.69,22.37,-40.867517,145.927888,68.300743,-76.451694,North
3324,18,2,2023-04-22 04:44:25,2023-04-22 08:16:31,112.63,16.778,31.86,47.05,27.12,83.193896,-16.443535,-38.413235,-3.896915,South
3325,15,30,2024-08-10 23:03:28,2024-08-11 00:45:21,114.45,18.055,67.4,68.83,46.32,-12.441618,36.961241,-11.065456,-74.775948,West
3326,10,37,2024-05-19 07:13:08,2024-05-19 09:31:37,248.19,50.828,107.53,32.71,5,52.833585,0.115765,-53.975192,179.650164,North
3327,39,28,2023-02-03 09:32:21,2023-02-03 09:57:04,44.25,10.079,107.36,52.67,35.26,45.222769,153.702981,22.107412,77.534417,East
3328,36,19,2024-05-28 20:51:39,2024-05-28 21:54:48,99.9,20.066,94.91,93.8,62.05,-8.763001,24.588822,20.005592,-63.765353,West
3329,11,3,2023-09-05 19:00:55,2023-09-05 20:12:48,89.32,19.045,74.55,69.32,28.97,-67.788433,-30.383352,-4.768914,-141.474547,North
3330,26,15,2024-02-04 01:49:39,2024-02-04 02:15:09,31.72,4.583,74.6,70.99,61.99,3.724894,168.521064,44.733862,166.353238,East
3331,40,39,2023-10-30 08:53:06,2023-10-30 10:44:22,107.62,25.437,58.03,43.74,14.87,66.217332,160.052291,2.193676,83.667145,East
3332,22,22,2023-11-06 05:48:35,2023-11-06 12:43:26,294.2,66.285,42.55,40.91,5,34.243564,160.915773,-38.959363,-19.501797,Central
3333,28,10,2023-04-06 19:22:22,2023-04-06 21:32:08,150.53,26.928,69.6,50.47,5,23.876022,79.849467,-19.13504,-119.548637,Central
3334,1,16,2024-09-22 09:38:58,2024-09-22 10:58:19,125.47,20.973,94.87,84.62,39.71,29.492299,120.174884,10.70981,-81.896828,East
3335,32,2,2023-12-14 16:42:24,2023-12-14 16:49:45,8.09,1.787,65.91,71.62,69.0,44.263573,-145.140284,12.47296,-135.266962,East
3336,30,2,2023-04-12 19:32:32,2023-04-12 20:12:46,63.04,12.008,93.98,34.09,7.11,-23.963531,13.712688,-39.309312,-168.066307,South
3337,2,5,2023-10-18 20:25:06,2023-10-18 23:48:44,286.69,45.196,84.47,34.41,5,-42.206113,-29.224599,-59.287562,-144.726266,North
3338,45,6,2023-11-25 16:16:56,2023-11-25 20:19:28,151.63,26.023,37.51,57.51,24.86,-31.906621,173.057776,-19.157159,39.240243,North
3339,33,37,2023-02-18 00:45:03,2023-02-18 03:20:52,115.16,17.862,44.34,49.64,30.2,-57.236934,148.984747,-3.246169,18.626494,Central
3340,42,21,2023-08-27 21:54:25,2023-08-28 00:33:06,135.49,33.362,51.23,76.13,31.71,-34.605711,12.195523,-80.878286,153.812464,Central
3341,28,14,2023-03-17 09:35:13,2023-03-17 13:17:07,205.6,49.374,55.59,91.03,6.05,-3.841654,-61.760029,78.052963,-98.619165,Central
3342,42,4,2023-09-06 00:31:01,2023-09-06 05:59:32,218.19,30.458,39.85,90.68,50.12,84.332319,-38.283527,74.970736,179.676196,Central
3343,46,34,2024-05-09 22:44:06,2024-05-10 01:33:43,174.8,42.373,61.83,92.69,26.59,80.137956,-13.485564,14.249474,25.03301,South
3344,30,38,2023-06-16 20:18:46,2023-06-16 22:28:13,131.76,20.845,61.07,38.0,5,81.135,-30.000199,29.534467,118.231417,South
3345,25,39,2024-01-20 09:31:58,2024-01-20 10:31:23,82.83,16.204,83.64,59.9,42.57,-81.190264,166.122371,12.080709,178.855237,East
3346,1,24,2024-06-17 08:21:33,2024-06-17 09:55:13,143.27,35.711,91.76,93.09,16.62,51.903578,46.675575,-0.972703,-57.16407,East
3347,50,31,2024-10-20 07:45:22,2024-10-20 09:23:35,144.84,23.076,88.48,65.23,30.58,27.686781,44.037987,-22.38324,114.445685,North
3348,1,7,2024-03-13 19:25:13,2024-03-13 21:17:06,59.75,11.273,32.04,53.39,29.25,-16.641272,53.135277,-79.40272,30.559106,East
3349,16,13,2024-10-22 10:54:21,2024-10-22 13:47:38,246.13,46.146,85.22,69.24,5,72.758464,-33.718214,-41.848169,53.535151,East
3350,49,9,2023-06-13 08:53:49,2023-06-13 10:38:06,171.83,23.161,98.85,48.79,21.76,-87.833331,169.367576,-48.863703,78.877829,Central
3351,40,9,2023-09-08 05:29:52,2023-09-08 07:15:23,75.82,17.171,43.11,55.66,36.17,-48.077953,117.807513,87.213621,118.965867,East
3352,34,25,2024-04-24 11:31:14,2024-04-24 14:39:54,258.54,47.239,82.22,46.79,5,79.623136,179.014773,-59.112437,173.17831,West
3353,18,40,2024-12-25 17:21:02,2024-12-25 21:49:16,214.19,36.536,47.91,64.77,21.38,-36.646825,-73.830735,18.661957,-96.861109,South
3354,12,3,2023-04-17 03:32:23,2023-04-17 05:13:42,75.3,12.06,44.59,67.39,45.82,29.72174,-136.63974,-24.64608,115.040484,East
3355,1,5,2023-11-25 18:30:28,2023-11-25 22:23:00,186.97,35.889,48.24,81.89,5.04,66.335533,110.671425,-34.900343,-112.174935,East
3356,22,9,2023-06-14 23:45:18,2023-06-15 03:54:14,288.65,57.995,69.57,34.59,5,86.671582,12.885261,-56.466954,-46.766146,Central
3357,12,39,2023-01-08 01:30:06,2023-01-08 05:00:37,240.91,56.239,68.66,83.29,5,76.200537,85.177384,-38.294685,-68.998828,East
3358,26,18,2024-06-19 23:20:39,2024-06-20 00:23:06,105.92,25.539,101.74,33.74,5,-41.273274,-82.34699,71.692219,126.387355,East
3359,25,28,2024-03-17 11:37:56,2024-03-17 14:14:41,208.47,51.102,79.79,43.11,5,-17.716151,40.558963,-67.020463,114.558851,East
3360,10,2,2023-01-03 22:28:03,2023-01-04 01:59:16,216.4,34.516,61.47,48.48,5,-88.785756,-61.159418,-29.676137,23.478495,North
3361,49,10,2023-05-24 03:41:42,2023-05-24 07:18:15,233.17,52.111,64.6,70.65,9.84,59.986446,-93.184069,56.077597,-37.898266,Central
3362,11,32,2023-12-16 01:25:44,2023-12-16 04:26:20,142.89,25.677,47.47,91.05,36.65,-67.13791,-6.404648,38.488089,113.450412,North
3363,37,3,2023-11-06 11:11:40,2023-11-06 13:29:10,123.53,29.778,53.9,61.08,28.39,-41.905,-0.323973,33.390712,134.428751,North
3364,33,1,2023-06-11 01:00:41,2023-06-11 05:58:35,169.76,22.773,34.19,54.6,29.82,-13.918324,-84.248123,52.293942,-162.235884,Central
3365,44,21,2023-05-12 15:04:11,2023-05-12 17:05:15,189.05,31.102,93.69,38.79,5,47.523225,144.396903,79.59134,-6.870446,Central
3366,3,31,2024-09-06 10:54:02,2024-09-06 13:19:28,213.88,40.536,88.23,38.6,5,-76.162429,108.081794,2.006044,60.998414,North
3367,2,28,2024-01-03 13:53:08,2024-01-03 17:51:15,235.54,43.437,59.35,40.86,5,54.306166,-28.373298,-32.879387,25.333028,North
3368,11,24,2024-03-18 02:11:04,2024-03-18 05:02:30,278.17,41.5,97.35,57.93,5,-56.883907,-43.018485,69.150555,-128.718537,North
3369,3,16,2024-07-02 19:45:51,2024-07-02 21:04:56,124.43,21.504,94.39,73.05,49.16,-60.662433,20.026579,-1.606389,-80.142568,North
3370,30,17,2023-11-16 17:12:34,2023-11-16 21:23:27,220.03,36.923,52.62,59.11,5,-59.593718,-45.556953,80.489577,152.494471,South
3371,36,38,2023-06-12 05:32:25,2023-06-12 05:53:04,35.82,7.661,104.02,93.76,81.64,6.831823,21.660648,-75.790696,7.586546,West
3372,41,32,2024-08-04 10:11:59,2024-08-04 12:34:41,174.42,43.548,73.33,48.06,5,3.781464,-62.801585,57.568666,-122.597596,East
3373,6,17,2024-04-10 01:21:41,2024-04-10 05:15:25,274.6,60.086,70.49,32.23,5,-81.359041,36.049286,51.410818,147.973876,Central
3374,25,21,2023-01-12 00:49:11,2023-01-12 04:10:17,260.7,40.384,77.78,82.03,38.84,48.634668,-94.86336,11.705887,-144.095936,East
3375,31,28,2023-08-19 09:00:12,2023-08-19 10:42:06,68.86,13.831,40.54,44.46,29.01,-63.450145,167.390913,-62.365963,111.061543,Central
3376,29,7,2023-04-12 13:35:09,2023-04-12 13:58:58,34.75,8.415,87.49,68.07,50.9,-31.41732,-20.780524,-88.812503,120.209887,North
3377,39,5,2024-05-28 01:13:31,2024-05-28 08:01:30,260.77,51.498,38.35,70.03,5,-76.564543,-64.237407,70.661218,-177.937019,East
3378,26,15,2023-07-15 07:53:11,2023-07-15 08:00:01,9.8,1.804,85.98,41.86,38.32,45.926429,-131.740694,-41.196092,145.711568,East
3379,50,11,2023-04-17 18:38:20,2023-04-17 21:30:22,273.34,58.6,95.33,93.19,5.2,49.092141,29.616274,82.422472,-34.156997,North
3380,24,32,2023-08-22 03:35:49,2023-08-22 04:08:59,55.92,9.558,101.16,71.4,61.29,82.114885,3.0046,48.876036,68.718985,North
3381,34,33,2024-06-24 15:55:58,2024-06-24 17:28:02,150.05,28.984,97.78,80.33,26.15,-57.221405,-157.007012,-69.355228,123.407776,West
3382,11,14,2023-12-16 17:17:28,2023-12-16 19:27:51,160.13,27.155,73.68,61.4,5,39.927034,-127.855865,55.475656,95.650594,North
3383,39,19,2023-02-22 08:17:16,2023-02-22 11:48:17,119.44,29.68,33.96,75.34,24.08,60.279232,115.523993,31.588591,-82.679601,East
3384,15,17,2024-03-23 00:44:29,2024-03-23 03:52:30,194.52,48.152,62.07,60.39,5,-79.148323,-178.286861,-87.077224,108.578894,West
3385,43,35,2024-11-06 15:00:02,2024-11-06 19:44:32,290.72,49.117,61.31,78.95,17.71,63.415301,-68.36565,-61.325208,35.894299,West
3386,32,29,2024-04-29 07:28:53,2024-04-29 08:23:57,84.46,19.935,92.0,55.14,25.91,86.862988,133.176125,-84.672596,146.004758,East
3387,39,16,2023-01-03 21:06:32,2023-01-03 23:43:12,257.61,39.713,98.65,58.91,5,15.760872,177.85447,-69.275818,-175.019937,East
3388,10,4,2024-10-13 23:44:58,2024-10-14 01:55:32,165.19,23.133,75.91,39.15,5,26.285276,94.916832,-15.04884,-160.454198,North
3389,30,9,2023-01-06 18:06:50,2023-01-06 18:43:35,34.19,7.45,55.81,88.56,71.82,11.402998,6.291047,-73.705065,-178.34348,South
3390,49,33,2023-11-12 14:57:03,2023-11-12 20:00:37,285.57,55.038,56.44,73.26,9.04,4.463613,-45.044983,-68.701256,-134.356316,Central
3391,30,21,2023-09-12 14:13:47,2023-09-12 18:05:36,226.72,32.191,58.68,62.08,5,68.521011,-139.523893,-43.315453,-16.080586,South
3392,14,17,2024-01-01 06:17:13,2024-01-01 10:37:29,132.13,25.482,30.46,33.4,5,79.145596,127.411004,-44.767544,85.963173,East
3393,26,34,2024-09-03 04:48:49,2024-09-03 07:23:17,243.74,40.203,94.67,85.63,6.65,78.974496,14.952289,32.493955,-96.243351,East
3394,4,23,2023-02-25 08:57:45,2023-02-25 11:08:57,127.34,18.906,58.23,51.13,19.03,53.575682,19.998286,55.54123,100.21126,West
3395,19,20,2023-07-21 22:58:37,2023-07-21 23:19:58,25.27,6.114,70.98,69.76,63.09,7.871711,-149.221814,-6.221559,139.286752,South
3396,1,10,2024-09-14 16:18:51,2024-09-14 21:50:40,255.17,61.102,46.14,64.4,5,57.536839,-151.601436,-6.192733,111.913228,East
3397,32,2,2024-02-03 02:47:11,2024-02-03 05:11:54,233.78,54.721,96.92,83.34,5,-74.607748,-96.3694,-49.922799,-45.955151,East
3398,6,29,2023-01-16 10:35:14,2023-01-16 15:10:43,287.71,58.884,62.66,32.96,5,77.038803,53.495194,-39.840175,-156.815348,Central
3399,21,10,2024-12-12 17:11:59,2024-12-12 18:01:46,67.59,9.153,81.44,33.95,21.75,21.842979,47.507064,37.05182,-24.644894,West
3400,50,22,2024-07-22 00:49:49,2024-07-22 01:04:29,19.31,2.581,78.92,64.75,60.87,23.456509,122.313236,-6.365638,-61.933032,North
3401,43,18,2024-08-02 23:38:17,2024-08-03 00:07:51,25.4,5.082,51.53,67.6,61.26,54.907442,-141.523891,2.864501,-137.743585,West
3402,32,5,2024-10-01 18:22:05,2024-10-01 20:44:17,184.18,44.261,77.71,86.42,21.52,-16.704353,-124.849349,-89.273231,-109.680068,East
3403,41,32,2023-04-15 19:16:03,2023-04-15 23:42:42,253.01,41.05,56.93,39.94,5,13.826327,-161.242419,-46.456842,63.829087,East
3404,16,24,2023-10-30 07:58:14,2023-10-30 10:31:55,184.77,44.294,72.13,49.42,5,12.047152,-126.179228,25.196595,-59.010908,East
3405,34,14,2023-10-02 21:52:22,2023-10-03 01:38:51,227.29,37.707,60.21,74.93,5,72.917911,162.772892,-2.897359,95.542269,West
3406,37,1,2024-03-21 02:10:55,2024-03-21 03:24:45,99.95,19.867,81.22,91.97,70.16,-22.145456,-58.925145,20.267255,-52.951001,North
3407,49,2,2024-11-20 22:34:27,2024-11-20 23:39:29,104.35,14.131,96.27,79.48,62.99,-37.468134,11.103895,-9.41068,26.019252,Central
3408,48,28,2023-01-01 20:18:52,2023-01-01 21:00:14,54.73,11.388,79.36,47.57,35.96,-75.527487,-91.786263,77.683544,132.121738,East
3409,3,15,2023-03-11 22:09:19,2023-03-11 23:39:53,109.36,16.053,72.44,93.37,75.53,-28.553694,34.614203,-12.979449,70.655031,North
3410,38,18,2024-04-19 04:59:43,2024-04-19 13:03:38,253.25,42.41,31.4,42.43,5,-49.15085,-50.630917,6.080801,60.343199,North
3411,3,15,2023-03-16 20:26:56,2023-03-16 23:04:30,171.24,28.132,65.2,59.89,28.63,43.782592,-108.975519,-76.789915,126.75443,North
3412,32,30,2023-10-09 14:52:21,2023-10-09 16:36:32,184.85,30.879,106.45,37.39,5,0.457462,-148.828516,25.622219,-30.11724,East
3413,37,28,2024-07-27 01:51:04,2024-07-27 02:40:02,83.85,12.5,102.72,63.97,50.25,-44.357078,-64.20632,66.556796,82.653218,North
3414,1,33,2024-02-10 10:27:14,2024-02-10 16:05:51,227.61,51.077,40.33,69.41,5,15.070389,-2.171514,-0.198391,175.363514,East
3415,38,26,2024-06-24 20:33:27,2024-06-24 22:03:00,156.72,28.278,105.0,36.89,5,44.242486,110.167871,54.911949,111.33214,North
3416,18,15,2023-05-11 17:37:26,2023-05-11 22:09:12,291.47,50.503,64.35,77.89,17.91,22.223011,11.562402,-22.971187,123.285227,South
3417,40,25,2024-07-10 11:15:04,2024-07-10 14:51:08,188.7,43.521,52.4,59.85,10.45,43.994488,86.248432,53.071717,12.817634,East
3418,22,34,2023-06-12 22:42:45,2023-06-12 23:01:35,34.1,4.443,108.58,42.51,37.84,-65.705032,17.189519,-39.954682,26.309911,Central
3419,30,12,2024-10-17 02:34:12,2024-10-17 04:44:21,179.15,37.938,82.58,71.75,5,-68.088396,33.370953,-19.574031,99.172396,South
3420,28,6,2024-09-22 16:05:57,2024-09-22 17:41:16,161.24,30.031,101.48,79.68,27.99,-35.138427,159.491355,39.46031,-61.619791,Central
3421,37,10,2023-08-18 01:21:14,2023-08-18 03:40:50,234.79,53.674,100.91,83.52,24.6,73.849758,87.638947,-88.053764,71.178587,North
3422,41,20,2023-11-18 19:28:28,2023-11-18 21:54:35,188.74,34.058,77.5,31.52,5,-64.578304,61.183431,65.465232,22.641323,East
3423,12,16,2023-04-14 16:56:51,2023-04-14 20:20:05,140.75,20.308,41.55,72.49,36.16,84.270944,8.510394,57.466609,-146.885865,East
3424,44,33,2024-03-25 22:24:13,2024-03-25 22:42:40,12.96,2.418,42.12,41.13,38.43,27.496019,31.886295,-19.375107,147.160016,Central
3425,41,4,2023-01-28 21:26:24,2023-01-28 23:43:22,213.99,35.942,93.73,93.6,21.57,-9.11324,-6.628815,69.334148,-80.835609,East
3426,21,35,2024-05-02 12:56:27,2024-05-02 18:32:49,193.14,31.611,34.45,87.76,45.61,30.687341,3.300289,69.67616,-40.48421,West
3427,34,29,2024-03-27 05:13:34,2024-03-27 07:12:05,100.27,18.392,50.76,70.76,36.38,-20.838609,68.521925,16.775523,-113.653558,West
3428,36,21,2023-09-01 19:02:43,2023-09-01 19:56:40,64.74,15.241,71.99,94.27,70.15,-61.55764,130.069477,-49.467228,-82.885267,West
3429,39,35,2024-04-29 22:04:45,2024-04-30 00:12:20,207.22,38.446,97.44,78.68,12.28,-52.715445,-26.241517,38.187744,164.220703,East
3430,6,23,2024-03-28 23:21:58,2024-03-28 23:42:46,24.12,4.817,69.53,33.78,24.5,51.550906,-143.696799,67.797728,-24.664632,Central
3431,28,33,2024-04-17 15:43:07,2024-04-17 18:35:05,229.82,52.678,80.18,40.9,5,-37.928061,-56.98555,28.784395,141.633662,Central
3432,16,33,2023-07-24 17:23:08,2023-07-24 19:56:34,167.4,22.221,65.46,43.35,6.25,-66.942032,55.003051,31.92011,66.039574,East
3433,12,2,2024-06-16 05:56:44,2024-06-16 09:58:17,146.3,26.026,36.34,45.46,5,-48.159254,-151.486094,-21.846749,-57.995119,East
3434,9,12,2023-03-30 22:44:18,2023-03-31 01:45:46,281.02,57.846,92.91,69.17,5,-27.633588,-89.505333,-3.187788,-105.432521,West
3435,26,6,2024-03-01 00:12:44,2024-03-01 03:47:38,264.16,52.317,73.75,40.05,5,-76.702809,-172.02773,58.686772,121.055359,East
3436,39,34,2024-05-14 21:06:54,2024-05-14 22:33:36,119.16,22.794,82.45,79.56,40.19,-26.579952,-57.000747,-78.001943,149.477142,East
3437,11,2,2024-05-18 23:33:09,2024-05-19 07:42:15,249.12,53.768,30.56,56.12,5,6.248451,-126.857305,-61.725093,105.064019,North
3438,43,3,2024-11-09 03:19:21,2024-11-09 03:55:26,39.93,7.496,66.37,38.58,29.23,-83.528081,-147.332757,45.471083,-179.680091,West
3439,12,38,2024-03-06 22:54:37,2024-03-06 23:32:58,47.47,7.447,74.26,88.08,74.76,49.231936,-162.114606,40.997087,-141.144204,East
3440,37,28,2024-05-28 16:30:44,2024-05-28 17:26:17,94.62,15.055,102.17,89.89,73.36,55.607171,39.262916,-4.523397,-52.860705,North
3441,25,3,2023-11-23 18:50:51,2023-11-23 21:05:21,149.79,34.972,66.82,69.92,32.52,-35.840153,-52.976415,-31.471769,-148.725033,East
3442,17,13,2023-09-20 18:43:38,2023-09-20 20:23:40,109.52,20.05,65.69,82.02,39.81,51.99809,-114.700265,86.7063,93.711327,South
3443,9,11,2024-10-14 08:12:21,2024-10-14 10:35:11,242.59,40.937,101.9,44.17,5,69.375216,11.359077,68.030828,68.869285,West
3444,26,3,2024-06-13 05:12:06,2024-06-13 09:46:55,254.03,34.022,55.46,73.95,7.11,58.129359,-142.865589,-31.363284,17.478483,East
3445,11,6,2024-02-12 14:56:11,2024-02-12 16:48:11,146.14,22.903,78.28,87.02,38.5,62.90482,153.311873,-80.325055,-34.044952,North
3446,21,18,2023-07-24 14:16:19,2023-07-24 14:34:41,18.19,2.821,59.41,63.09,59.33,-60.507888,-155.17391,-56.504967,79.846905,West
3447,6,20,2023-02-19 15:01:19,2023-02-19 16:25:13,96.03,23.083,68.67,33.34,5,81.401685,-1.622886,4.753303,103.791707,Central
3448,9,10,2024-12-28 04:12:02,2024-12-28 05:04:44,71.91,9.773,81.85,50.98,36.37,-74.081914,-42.369307,18.545782,80.606008,West
3449,30,35,2023-12-11 20:11:34,2023-12-11 20:40:25,38.58,9.341,80.22,55.58,34.59,47.291677,-73.969171,-3.987732,-158.695149,South
3450,39,39,2023-02-27 23:32:07,2023-02-28 02:27:49,224.38,52.668,76.62,58.46,5,2.2736,-179.527556,-16.953611,9.404228,East
3451,44,29,2024-02-22 15:57:17,2024-02-22 16:09:39,20.76,5.124,100.6,45.09,39.36,-65.454168,32.24249,-54.833328,33.031381,Central
3452,45,18,2023-10-05 09:57:15,2023-10-05 12:24:19,130.77,24.423,53.35,56.78,26.14,58.525664,-101.740787,-73.66522,79.775889,North
3453,22,2,2024-12-11 16:27:10,2024-12-11 21:10:53,229.58,49.836,48.55,80.19,27.84,-22.16625,-150.935318,-86.700606,133.567829,Central
3454,32,20,2024-09-24 13:34:55,2024-09-24 13:45:30,11.39,2.319,64.56,90.95,87.55,23.725631,-32.053368,27.774189,124.224143,East
3455,35,14,2024-08-12 01:16:28,2024-08-12 03:06:28,152.09,26.252,82.95,86.46,39.58,45.781275,-16.525841,-59.215877,-100.194519,West
3456,36,24,2023-12-18 20:38:39,2023-12-19 01:37:43,213.39,44.881,42.81,89.15,18.14,88.554133,35.108692,61.63153,17.163372,West
3457,48,29,2023-07-01 09:09:17,2023-07-01 09:44:14,35.82,7.85,61.48,66.37,58.37,64.101039,95.434697,54.486857,115.632331,East
3458,3,9,2024-03-14 19:08:57,2024-03-14 23:34:11,249.81,53.616,56.51,53.94,5,-29.440836,-140.901087,19.568182,173.337824,North
3459,24,11,2024-09-30 04:34:57,2024-09-30 06:12:59,71.9,16.72,44.0,35.88,18.19,6.327126,-40.632465,-43.996458,122.360903,North
3460,28,5,2024-03-03 04:33:38,2024-03-03 05:45:54,107.35,21.467,89.11,64.94,27.99,69.521323,-8.574609,61.391325,49.838736,Central
3461,29,2,2023-12-29 09:22:44,2023-12-29 14:26:44,273.56,63.353,53.99,81.66,5,-83.397954,156.344613,58.424399,142.256396,North
3462,19,25,2023-05-18 05:39:55,2023-05-18 09:28:27,219.51,37.933,57.63,71.09,29.68,-11.500469,-32.848137,-59.737604,-102.833768,South
3463,22,6,2024-12-16 19:27:40,2024-12-16 23:09:22,190.0,45.883,51.42,90.57,42.37,39.044286,40.148986,-89.006226,111.402247,Central
3464,10,28,2023-02-19 10:22:23,2023-02-19 12:45:03,135.38,32.181,56.93,91.64,43.82,87.570562,74.515136,7.526836,21.610769,North
3465,6,33,2024-05-31 01:23:42,2024-05-31 01:49:50,32.74,7.533,75.16,34.67,20.16,-38.995069,-166.864841,-6.224079,68.39604,Central
3466,22,7,2023-06-27 00:51:33,2023-06-27 05:15:21,237.38,44.519,53.99,47.77,5,-28.086227,-54.910999,21.424775,18.159186,Central
3467,50,4,2024-07-01 18:30:12,2024-07-01 20:22:59,179.29,33.782,95.38,43.22,5,-15.340787,-101.355368,59.933006,-133.31655,North
3468,33,19,2023-01-21 01:30:52,2023-01-21 07:01:42,222.1,51.778,40.28,82.67,26.33,-17.200278,27.62476,55.108932,68.728591,Central
3469,39,26,2023-08-13 04:10:59,2023-08-13 06:00:52,201.01,44.72,109.75,93.12,15.88,47.124147,92.587997,-52.12785,15.510424,East
3470,2,10,2023-11-26 21:57:29,2023-11-27 01:32:00,288.71,63.485,80.75,93.0,5,-37.677399,12.995602,-21.082628,169.258821,North
3471,41,38,2023-10-26 15:03:20,2023-10-26 19:48:18,213.59,32.601,44.97,66.26,5,32.343837,-77.718293,-23.81907,-155.976765,East
3472,29,29,2023-12-24 01:03:02,2023-12-24 01:30:40,41.32,7.424,89.7,94.35,79.2,-29.297229,61.163179,-71.085685,-37.617531,North
3473,6,1,2023-04-19 09:23:51,2023-04-19 12:43:56,299.23,48.878,89.73,89.49,5,-82.281249,-148.549999,37.934494,-80.929762,Central
3474,3,9,2024-09-08 06:40:42,2024-09-08 13:01:36,255.46,63.217,40.24,74.2,5,3.975554,174.018471,0.842175,-55.445645,North
3475,21,40,2024-04-02 00:15:21,2024-04-02 04:52:52,165.54,35.926,35.79,94.26,46.36,74.714645,-15.691075,-43.324087,112.916654,West
3476,32,36,2023-06-21 10:16:49,2023-06-21 14:09:33,267.88,35.343,69.06,70.12,18.3,35.52442,-67.139927,-67.908008,176.859279,East
3477,35,29,2024-04-22 02:47:20,2024-04-22 03:24:54,26.29,5.987,41.98,49.79,39.1,-49.019101,170.71747,-82.395748,-120.479418,West
3478,10,18,2023-08-17 04:11:21,2023-08-17 04:29:20,12.94,3.015,43.14,45.95,41.47,-76.945795,-138.149759,58.769017,151.527613,North
3479,6,30,2023-08-25 03:49:04,2023-08-25 06:18:49,256.18,42.746,102.64,58.23,5,43.068976,42.013585,55.357039,169.578168,Central
3480,29,4,2023-03-27 11:21:45,2023-03-27 14:43:28,167.13,29.34,49.71,78.85,18.97,-66.329359,-73.163877,-0.523675,114.338633,North
3481,6,37,2024-03-30 00:55:23,2024-03-30 04:57:02,235.78,41.442,58.54,88.8,8.95,-80.169652,-91.151608,18.30304,154.835863,Central
3482,44,22,2023-10-04 12:36:03,2023-10-04 16:44:56,176.88,37.54,42.64,41.88,5,-54.59753,140.919442,-73.07843,141.681514,Central
3483,29,17,2024-09-22 14:46:44,2024-09-22 15:11:24,32.34,7.803,78.63,31.71,15.79,58.314011,154.624325,-51.919469,-49.795537,North
3484,40,21,2023-01-02 22:13:59,2023-01-03 01:29:51,291.98,40.184,89.44,51.74,6.13,-67.829746,53.003008,-44.522795,82.402774,East
3485,16,18,2024-08-28 10:42:04,2024-08-28 11:45:55,90.12,16.034,84.67,86.88,60.11,-61.047739,131.948439,-10.18716,-72.072244,East
3486,12,12,2024-02-19 08:08:13,2024-02-19 13:48:07,273.63,50.966,48.3,30.05,5,88.951177,1.711925,73.51776,-42.686957,East
3487,18,15,2023-02-21 08:16:50,2023-02-21 09:37:51,79.54,17.393,58.9,54.57,33.91,-46.49373,77.983276,-44.032013,-59.515021,South
3488,8,24,2024-06-17 07:51:18,2024-06-17 09:46:54,147.25,25.461,76.42,42.87,5,44.544525,10.839826,-0.515204,-59.404735,North
3489,10,17,2024-06-25 03:05:56,2024-06-25 06:38:02,235.59,47.296,66.64,63.61,5,-53.818418,-34.51913,82.479972,148.79454,North
3490,25,14,2023-02-19 08:14:29,2023-02-19 08:45:53,44.53,8.905,85.06,48.82,39.3,-73.078018,-128.77124,52.542097,-32.033886,East
3491,22,16,2023-12-09 09:20:09,2023-12-09 11:40:03,151.19,23.18,64.84,36.16,11.81,-24.109096,14.805469,-50.710209,-121.58662,Central
3492,50,34,2024-09-16 18:56:17,2024-09-16 22:19:00,115.32,24.633,34.13,36.49,5,63.686429,136.877956,-42.573473,128.646701,North
3493,35,16,2023-03-08 14:56:42,2023-03-08 16:12:44,97.05,23.544,76.58,51.1,9.06,-4.741354,42.01975,-88.834158,-150.759693,West
3494,19,15,2023-12-03 10:12:21,2023-12-03 12:32:21,147.01,35.787,63.0,71.03,31.96,70.636814,-78.005988,47.563241,56.599045,South
3495,1,32,2024-09-12 03:50:51,2024-09-12 06:06:17,166.81,33.999,73.9,36.33,5,-31.218351,-121.484907,60.896481,-5.447981,East
3496,30,34,2023-09-06 14:47:20,2023-09-06 18:00:37,129.86,29.955,40.31,79.46,12.15,-28.017021,38.081688,-60.821739,30.618006,South
3497,31,36,2024-05-21 04:31:40,2024-05-21 10:36:57,252.17,50.278,41.42,57.81,5,23.745956,-114.867591,80.007785,111.375071,Central
3498,15,16,2024-12-19 01:53:11,2024-12-19 08:41:42,243.55,36.899,35.77,91.23,45.22,75.960928,54.518544,-52.872045,-131.073953,West
3499,15,1,2023-11-10 23:39:41,2023-11-10 23:59:31,14.81,3.63,44.77,33.52,28.99,61.462052,-118.394172,86.75161,81.986018,West
3500,32,22,2024-05-17 13:32:57,2024-05-17 17:13:38,208.96,44.098,56.81,75.2,10.54,-63.836625,72.207687,-82.965842,-179.591336,East
3501,11,11,2023-08-12 22:25:30,2023-08-13 04:21:35,223.57,29.797,37.67,81.24,18.11,41.890101,-178.355548,32.62585,22.735739,North
3502,31,31,2023-01-29 11:32:40,2023-01-29 12:31:38,35.41,7.105,36.03,50.78,42.84,8.976458,-169.5961,-16.945027,117.127413,Central
3503,12,2,2023-03-16 03:17:18,2023-03-16 08:02:09,295.02,45.639,62.14,88.03,6.39,-40.686632,-109.024433,-82.428706,169.846734,East
3504,38,10,2023-04-10 23:36:28,2023-04-11 00:42:28,45.03,11.21,40.93,32.43,14.2,-82.734157,76.284426,73.371857,-56.342377,North
3505,17,38,2023-04-12 08:32:30,2023-04-12 09:53:15,59.34,8.71,44.09,54.21,35.87,-15.227763,57.892891,22.690624,-109.60816,South
3506,2,7,2024-05-30 03:58:01,2024-05-30 06:25:43,223.05,32.044,90.6,85.27,32.04,-78.02063,22.12199,-48.398122,-95.640156,North
3507,16,17,2024-02-19 21:55:54,2024-02-19 23:55:32,95.49,15.024,47.89,36.57,11.49,5.173678,137.957495,36.941524,-127.913509,East
3508,14,24,2023-05-22 00:03:58,2023-05-22 01:32:46,157.52,24.536,106.43,37.59,5,-44.422221,157.573106,-26.226572,-38.276791,East
3509,18,39,2023-07-17 09:56:28,2023-07-17 10:59:37,103.98,17.676,98.79,74.15,53.16,68.901701,74.229022,31.681128,-17.602038,South
3510,16,20,2023-05-25 05:08:54,2023-05-25 07:58:57,152.68,31.014,53.87,82.27,30.49,25.486259,148.058647,43.535517,74.676374,East
3511,32,1,2023-05-15 13:50:59,2023-05-15 15:00:59,82.79,13.421,70.96,57.91,38.23,7.748456,-150.51535,-17.135139,-152.812379,East
3512,4,38,2023-10-04 23:40:41,2023-10-05 00:32:40,78.02,14.576,90.03,71.38,46.63,26.326014,-142.402155,-71.303862,-28.984182,West
3513,18,18,2024-05-29 02:10:11,2024-05-29 04:19:07,173.99,35.602,80.96,53.43,11.15,-53.241887,-15.369645,27.965533,-154.942937,South
3514,17,23,2023-11-11 09:22:56,2023-11-11 16:06:22,251.28,62.738,37.37,74.74,5,23.975735,53.149884,-61.684012,137.183311,South
3515,30,24,2024-09-24 07:26:29,2024-09-24 08:29:44,103.09,22.853,97.77,47.39,5,75.730929,89.240609,-41.062317,-67.974131,South
3516,29,11,2023-10-15 04:18:10,2023-10-15 06:40:51,237.32,48.496,99.79,63.21,5,-85.194475,-146.314523,-22.543183,-176.954917,North
3517,31,27,2023-08-22 03:07:57,2023-08-22 03:39:50,36.04,5.633,67.82,94.52,88.23,-75.253732,-34.287702,-84.485642,-49.187429,Central
3518,30,38,2024-06-26 03:05:19,2024-06-26 05:14:38,114.41,28.499,53.08,58.7,5,23.845637,11.459892,81.704716,-179.698976,South
3519,21,26,2023-12-04 07:58:49,2023-12-04 10:35:14,217.31,42.885,83.35,51.97,5,84.268895,175.108817,-39.411043,157.458634,West
3520,50,27,2023-04-09 20:42:17,2023-04-09 22:59:30,229.76,54.358,100.46,67.48,5,27.338294,-78.891596,-47.455623,56.428893,North
3521,18,10,2023-08-13 23:12:30,2023-08-13 23:50:16,64.75,11.434,102.86,79.07,65.49,-63.637882,-172.691887,73.827532,52.054284,South
3522,42,10,2023-08-20 07:35:06,2023-08-20 08:06:23,35.46,6.557,67.99,40.18,31.45,-6.740703,108.465436,55.059748,-69.231196,Central
3523,46,27,2023-06-02 15:19:06,2023-06-02 18:21:55,224.76,36.54,73.76,44.6,5,5.669435,-107.763953,6.013875,23.331455,South
3524,48,19,2023-11-16 02:19:11,2023-11-16 04:42:07,166.82,35.074,70.02,57.9,22.15,-53.404068,-128.450592,36.183394,-128.948534,East
3525,2,27,2024-09-01 13:35:16,2024-09-01 13:58:55,34.87,6.899,88.46,39.56,28.1,-42.089954,-37.405488,-87.041938,-42.898105,North
3526,42,16,2024-04-23 09:24:55,2024-04-23 11:14:20,184.48,38.533,101.15,65.51,14.2,-8.325534,159.629299,13.90533,40.381359,Central
3527,31,7,2023-10-03 08:04:20,2023-10-03 11:09:25,258.83,36.801,83.9,62.51,21.39,-38.89907,-8.769805,-78.303374,-28.970306,Central
3528,37,13,2024-06-23 12:59:40,2024-06-23 17:21:44,141.26,32.033,32.34,31.5,5,-68.564498,-128.584871,78.204144,99.477488,North
3529,35,9,2023-10-22 19:07:50,2023-10-22 19:23:34,22.38,4.986,85.29,80.38,71.48,-35.084278,-158.020858,86.689567,23.402961,West
3530,9,18,2024-02-21 13:27:30,2024-02-21 15:24:46,186.0,44.354,95.16,92.33,26.03,-11.746346,-139.750232,26.621083,-109.78962,West
3531,2,36,2024-11-27 03:04:36,2024-11-27 03:35:57,46.28,6.671,88.55,67.3,56.22,-50.466614,-128.135305,-17.491262,135.464151,North
3532,10,19,2023-11-06 07:34:49,2023-11-06 10:37:59,236.21,52.626,77.37,49.36,5,42.134515,-116.577157,22.346981,96.462115,North
3533,30,12,2023-09-09 03:01:24,2023-09-09 05:01:38,194.52,48.431,97.07,78.66,5,-61.592632,-82.633873,-86.05664,-89.385424,South
3534,45,11,2023-10-29 20:02:12,2023-10-30 00:45:21,253.52,39.198,53.72,78.79,29.61,-15.26227,-163.321276,72.437151,-26.140773,North
3535,15,39,2023-03-26 13:45:32,2023-03-26 15:19:30,140.7,31.908,89.84,68.03,28.24,27.852393,23.442232,48.558951,-131.047924,West
3536,45,20,2023-01-09 19:32:42,2023-01-09 20:15:39,68.49,15.861,95.65,47.05,27.15,75.413562,-72.753198,39.964066,147.122279,North
3537,8,8,2023-05-21 23:48:59,2023-05-22 02:04:17,194.4,32.087,86.2,54.91,5,-66.570138,-52.642257,14.132067,-95.772917,North
3538,34,6,2024-04-26 21:30:07,2024-04-26 22:39:20,125.95,26.68,109.17,31.66,5,-12.570647,-14.016971,-39.698894,-15.445076,West
3539,40,15,2023-06-19 16:13:06,2023-06-19 17:31:30,101.95,24.948,78.01,32.14,5,82.998733,-43.714951,-33.711778,-153.512371,East
3540,9,11,2023-09-29 18:41:23,2023-09-29 21:48:57,236.65,52.803,75.7,37.38,5,6.222933,34.921589,-57.666037,-152.962416,West
3541,18,37,2024-04-12 07:13:57,2024-04-12 08:20:33,85.27,11.917,76.81,79.49,65.34,-17.847216,-145.059262,-70.351011,96.489575,South
3542,17,15,2023-07-31 09:42:59,2023-07-31 15:53:33,291.76,52.608,47.24,89.65,5,70.006916,-116.628344,-59.93405,105.63894,South
3543,35,14,2024-06-16 13:27:49,2024-06-16 14:22:46,85.72,19.635,93.57,48.29,13.23,-33.259752,-118.332251,-47.73341,-27.087001,West
3544,39,17,2023-03-10 19:49:37,2023-03-10 21:53:36,219.87,41.607,106.4,86.22,14.36,41.132886,-142.913659,-47.332372,14.699194,East
3545,16,3,2023-02-27 09:50:46,2023-02-27 12:44:59,298.22,53.1,102.7,35.92,5,55.75459,-47.309611,-88.014906,-76.959001,East
3546,22,38,2024-05-23 07:53:04,2024-05-23 10:28:06,214.56,28.534,83.03,35.4,5.43,31.848171,-79.705542,-40.267114,147.619272,Central
3547,24,11,2024-11-25 02:30:31,2024-11-25 09:01:34,274.0,64.61,42.04,66.52,5,-33.037506,175.569268,-18.220453,-177.639039,North
3548,31,8,2023-11-10 22:48:11,2023-11-11 01:18:22,275.21,38.167,109.94,78.62,35.98,-43.290847,137.571248,-7.6809,-43.286071,Central
3549,44,39,2023-01-31 17:22:04,2023-01-31 19:14:16,77.7,17.278,41.55,92.06,72.75,18.372119,64.024973,-83.632549,174.422292,Central
3550,19,33,2024-11-26 09:57:00,2024-11-26 13:55:42,224.1,53.017,56.33,65.98,8.1,-58.313126,-134.053829,-61.641562,-108.606756,South
3551,4,14,2023-09-05 23:16:44,2023-09-06 00:16:00,63.26,12.516,64.04,75.2,53.95,71.757709,-93.380953,-13.211611,141.065139,West
3552,48,7,2024-01-13 05:25:23,2024-01-13 07:50:25,252.01,60.607,104.25,36.48,5,88.622771,80.106012,60.690707,-86.720775,East
3553,29,4,2023-03-04 00:16:42,2023-03-04 01:44:51,100.56,23.737,68.44,85.59,37.15,65.922471,-108.988763,-65.439069,23.615455,North
3554,36,8,2023-06-07 21:22:47,2023-06-08 00:13:36,263.69,55.855,92.62,36.35,5,-10.605875,-155.189264,-29.032605,167.629075,West
3555,2,9,2023-08-24 16:48:47,2023-08-24 20:04:25,272.33,67.123,83.52,30.28,5,-48.095899,-43.329855,48.253962,-57.978509,North
3556,38,36,2024-09-15 17:05:03,2024-09-15 20:48:53,198.29,45.774,53.15,37.75,5,52.832779,-167.330003,-78.729163,133.815688,North
3557,34,20,2023-09-04 07:25:46,2023-09-04 08:05:18,45.33,10.096,68.77,75.32,56.45,-0.543764,66.064204,6.348145,50.955187,West
3558,43,14,2023-12-05 18:14:07,2023-12-05 20:17:26,145.55,24.066,70.81,61.91,31.9,14.489717,-18.884162,25.423633,67.138432,West
3559,32,13,2024-04-15 01:40:36,2024-04-15 02:01:43,26.17,3.52,74.33,92.66,87.5,44.183671,50.848975,36.425468,-65.814445,East
3560,45,32,2023-08-23 07:27:06,2023-08-23 12:14:29,186.33,26.953,38.9,94.08,60.26,56.65214,-66.445529,-68.6444,-57.50511,North
3561,41,19,2023-05-12 12:20:23,2023-05-12 14:12:17,78.6,18.49,42.14,52.64,15.59,18.526172,-70.841751,78.670913,-126.024299,East
3562,6,16,2023-03-06 00:04:08,2023-03-06 05:53:53,276.42,55.731,47.42,33.34,5,17.954796,-69.183382,79.972778,152.257418,Central
3563,32,12,2023-10-29 18:50:13,2023-10-29 19:10:12,24.6,4.193,73.83,82.92,76.77,-32.080992,-25.235705,41.424408,114.324085,East
3564,25,12,2024-08-11 11:48:16,2024-08-11 14:01:50,198.52,25.856,89.17,88.07,60.42,17.324536,53.101868,80.896514,-98.309347,East
3565,45,24,2023-08-08 19:25:20,2023-08-08 20:59:26,148.53,27.624,94.7,90.73,56.07,79.406785,105.049356,-49.275896,-164.968828,North
3566,39,39,2024-07-01 10:10:31,2024-07-01 12:46:16,186.01,32.192,71.65,89.47,33.87,-15.788782,30.561076,69.129441,8.363014,East
3567,29,39,2023-08-08 06:56:53,2023-08-08 08:22:15,154.47,38.268,108.56,68.86,5,68.396096,13.745405,-68.011673,127.684659,North
3568,2,24,2023-03-24 07:21:57,2023-03-24 09:35:56,179.3,32.619,80.29,77.48,23.3,-38.231346,-149.902458,43.442702,58.110849,North
3569,27,26,2023-06-11 17:15:49,2023-06-11 18:29:12,112.86,16.644,92.26,49.26,26.52,86.26258,-20.276675,47.205799,135.689253,South
3570,14,29,2024-05-10 16:00:24,2024-05-10 19:17:52,218.7,31.929,66.45,55.33,5,63.676774,-145.623391,-85.403049,121.100802,East
3571,46,24,2023-11-11 15:29:32,2023-11-11 17:43:30,113.25,21.197,50.72,86.81,53.74,75.006942,-134.945943,-6.699872,117.306835,South
3572,48,3,2023-03-06 11:17:24,2023-03-06 12:07:29,91.75,13.152,109.91,89.86,76.45,33.412014,178.791564,-73.41834,-137.385193,East
3573,17,1,2024-09-27 16:18:04,2024-09-27 17:43:28,116.53,27.191,81.86,92.47,35.23,-47.03295,-2.336537,78.02784,-169.72686,South
3574,19,3,2024-09-03 15:11:35,2024-09-03 18:25:07,211.63,49.783,65.61,82.52,28.17,18.215847,71.480258,36.453932,-25.76296,South
3575,1,27,2023-11-14 19:37:55,2023-11-15 00:22:36,164.74,40.631,34.72,47.68,5,-7.479486,-89.010761,84.281762,-12.471729,East
3576,9,32,2023-04-16 07:18:44,2023-04-16 12:38:32,163.21,24.981,30.62,56.5,19.16,64.295477,33.640335,28.950809,-109.710205,West
3577,10,8,2023-09-30 18:21:51,2023-09-30 21:31:33,261.7,38.506,82.77,39.1,5,57.273229,170.561773,85.335357,-154.543486,North
3578,12,12,2023-05-16 22:02:08,2023-05-17 01:14:33,169.04,31.53,52.71,64.84,8.44,32.21168,-113.826117,-69.223177,1.044476,East
3579,12,34,2023-05-30 14:24:47,2023-05-30 15:49:19,110.59,14.801,78.48,68.71,42.23,35.257396,43.622174,-29.951628,-79.402797,East
3580,21,6,2023-01-31 07:16:06,2023-01-31 10:13:03,219.26,49.619,74.34,59.4,5,-36.696201,146.620823,-62.658982,74.387171,West
3581,17,24,2024-11-22 05:03:57,2024-11-22 07:47:39,235.62,40.443,86.36,90.84,5.7,26.825314,-62.177973,63.061231,-64.338703,South
3582,2,21,2023-05-31 20:53:40,2023-05-31 21:57:58,99.01,14.601,92.38,58.79,34.54,67.186897,58.790119,-76.973524,-15.357779,North
3583,46,34,2024-04-04 20:35:14,2024-04-04 21:02:32,43.72,7.975,96.05,81.45,69.01,79.223362,131.137037,25.960667,-138.88375,South
3584,10,24,2024-01-16 02:36:45,2024-01-16 07:41:50,169.17,32.633,33.27,79.35,30.86,-34.922819,-53.885329,1.333446,-178.916344,North
3585,2,9,2024-12-20 17:42:51,2024-12-20 19:23:23,164.43,27.297,98.12,31.54,5,-22.341847,-89.946507,-3.859879,-33.071189,North
3586,44,19,2024-12-07 20:15:15,2024-12-07 22:43:33,260.68,36.303,105.46,45.77,5.21,71.615009,68.214172,24.756692,-123.444318,Central
3587,26,9,2024-09-03 00:05:40,2024-09-03 02:37:23,229.82,47.962,90.88,36.21,5,-47.364247,-126.182021,-68.7252,-151.015253,East
3588,22,31,2024-03-07 14:26:34,2024-03-07 16:20:29,125.95,25.877,66.33,77.63,50.45,-11.488279,-119.886926,45.564559,-29.889997,Central
3589,40,3,2023-05-17 03:34:16,2023-05-17 03:59:45,30.08,6.113,70.8,66.11,59.17,61.223911,15.057068,-23.566555,-72.353377,East
3590,2,25,2023-06-22 10:37:21,2023-06-22 13:53:17,228.02,47.222,69.82,89.33,10.89,-13.978331,-91.035085,-48.691886,153.053455,North
3591,2,15,2023-12-27 21:52:27,2023-12-27 23:43:18,169.7,24.043,91.85,73.4,33.46,30.885434,92.05939,11.266206,142.633258,North
3592,48,40,2024-07-17 10:09:46,2024-07-17 14:18:36,271.95,64.85,65.57,90.53,24.42,61.118329,31.290029,73.925024,-93.419497,East
3593,30,39,2024-03-23 03:59:33,2024-03-23 04:05:15,9.05,2.217,95.15,65.92,60.94,-87.256558,-135.912284,38.673952,84.914028,South
3594,36,24,2024-04-05 02:19:30,2024-04-05 04:20:59,173.79,38.433,85.83,31.36,5,-26.812831,84.116004,87.83755,-179.66701,West
3595,14,37,2024-11-26 00:08:45,2024-11-26 02:26:37,222.29,40.366,96.73,69.18,5,-57.766413,-19.166991,42.296909,167.927666,East
3596,45,4,2024-06-19 12:39:38,2024-06-19 13:34:33,92.92,21.011,101.51,63.79,37.43,-49.197539,111.058262,72.984908,-27.277209,North
3597,32,1,2023-10-21 00:40:36,2023-10-21 01:24:17,24.67,4.568,33.88,51.55,44.85,-12.985416,61.034107,-87.216272,146.21929,East
3598,17,29,2024-08-10 07:35:00,2024-08-10 08:53:25,85.64,15.234,65.52,32.81,5,44.362307,-62.822341,-87.652243,-104.586413,South
3599,12,29,2023-11-18 20:30:01,2023-11-18 21:10:48,32.5,4.495,47.81,73.15,65.11,53.28418,-25.766536,3.49515,-120.291836,East
3600,42,36,2023-02-15 12:07:34,2023-02-15 13:05:55,46.3,7.577,47.6,31.33,21.24,78.858219,103.84372,45.195118,10.321936,Central
3601,35,26,2024-04-23 10:25:25,2024-04-23 12:42:53,186.07,30.793,81.21,85.18,30.19,-13.100383,91.937247,0.40989,81.290432,West
3602,24,30,2024-08-24 02:01:10,2024-08-24 04:34:15,252.02,57.038,98.77,41.72,5,68.690223,70.12248,25.683163,-42.263308,North
3603,1,35,2023-08-08 00:33:58,2023-08-08 04:42:51,204.22,32.688,49.23,39.15,5,-73.007419,7.731968,61.453032,113.23275,East
3604,16,20,2024-02-02 21:39:42,2024-02-02 21:51:30,6.41,1.379,32.55,35.2,32.9,-82.895501,-45.410659,-88.920052,16.310428,East
3605,24,8,2024-07-13 08:29:59,2024-07-13 10:33:49,102.64,20.738,49.73,86.75,64.81,-6.230243,-125.19291,-86.383153,23.635267,North
3606,25,35,2023-09-20 13:27:30,2023-09-20 15:19:26,98.02,23.66,52.54,92.18,66.88,-86.804209,104.528913,72.896794,5.93746,East
3607,29,12,2024-10-09 20:40:58,2024-10-09 22:17:22,152.2,24.855,94.72,30.97,5,22.452419,112.739448,10.029222,171.468881,North
3608,28,29,2023-02-17 17:12:53,2023-02-17 18:02:40,75.55,11.131,91.03,44.41,25.25,55.869934,-50.342163,-71.588068,-166.267878,Central
3609,26,39,2023-08-15 02:48:28,2023-08-15 03:52:08,110.86,18.698,104.47,85.14,48.41,-81.821569,45.307661,33.746713,-160.515321,East
3610,39,9,2024-02-13 01:26:02,2024-02-13 04:58:11,119.13,27.326,33.69,31.32,5,-8.518461,171.944506,-20.564419,135.777652,East
3611,43,28,2023-11-01 17:11:17,2023-11-01 17:46:37,59.23,8.344,100.54,70.12,59.72,-89.765297,-42.671914,65.102893,-0.60368,West
3612,13,7,2024-01-13 00:00:26,2024-01-13 02:10:22,92.17,13.431,42.56,39.02,16.86,56.220264,-25.121644,22.682147,-148.694476,East
3613,24,6,2023-11-13 08:04:47,2023-11-13 09:26:28,141.88,20.474,104.21,41.49,19.82,-86.876712,-87.307342,56.288728,-50.509454,North
3614,49,16,2024-04-03 12:44:26,2024-04-03 13:39:06,56.95,10.649,62.49,69.27,56.84,-86.818866,-124.98139,64.479878,119.036665,Central
3615,1,26,2023-06-21 21:09:33,2023-06-22 00:15:22,295.93,72.959,95.55,78.85,5,-56.84457,-169.063949,73.571464,-166.7352,East
3616,10,15,2024-03-31 10:43:06,2024-03-31 12:14:38,51.28,12.436,33.61,64.56,46.08,-48.506684,-61.370539,40.017491,-65.651111,North
3617,27,1,2023-05-24 15:39:13,2023-05-24 16:26:08,49.61,6.74,63.44,73.64,64.43,-77.72103,-118.97749,-71.413617,-10.833346,South
3618,41,16,2024-05-14 10:08:44,2024-05-14 11:25:42,76.84,15.56,59.89,44.67,13.49,11.39191,160.940354,67.591555,-62.784858,East
3619,8,39,2023-02-17 23:55:36,2023-02-17 23:59:43,5.61,1.121,81.69,41.95,39.89,36.047195,119.707202,60.134616,128.040435,North
3620,26,28,2023-03-19 05:52:57,2023-03-19 08:28:42,116.15,25.073,44.74,52.13,5,25.378101,-27.89834,3.968018,68.217089,East
3621,49,18,2024-06-27 17:12:15,2024-06-27 19:18:57,150.21,37.009,71.13,53.95,10.77,50.870045,-161.039315,-56.928078,128.381625,Central
3622,24,1,2024-07-18 18:00:59,2024-07-18 19:16:10,137.6,20.243,109.8,82.77,61.35,12.055979,-137.611132,13.355505,13.044952,North
3623,1,19,2024-09-08 15:46:31,2024-09-08 18:26:26,234.99,34.404,88.16,93.53,19.86,-1.848515,-31.877678,-39.936029,30.757175,East
3624,17,6,2023-10-27 02:14:20,2023-10-27 05:09:27,197.01,38.247,67.5,89.54,9.02,88.088814,29.53464,84.625638,27.518627,South
3625,6,19,2023-09-15 11:33:51,2023-09-15 13:20:36,116.17,18.518,65.29,48.72,13.04,64.97981,38.067135,85.613231,-177.389486,Central
3626,1,8,2024-04-22 15:17:20,2024-04-22 16:18:26,92.23,18.788,90.55,42.73,5,-30.250971,-118.593161,36.336939,85.532344,East
3627,9,6,2024-06-04 11:11:48,2024-06-04 13:10:20,138.15,29.755,69.92,93.0,48.52,-51.334897,-25.061904,63.81704,-176.704651,West
3628,26,4,2023-09-25 15:49:31,2023-09-25 16:40:11,57.15,10.297,67.67,88.26,68.03,2.679788,-83.207647,-24.542279,50.710381,East
3629,11,2,2024-08-31 18:13:27,2024-08-31 20:34:34,174.77,36.31,74.3,83.39,6.46,-63.47788,-26.229652,87.575906,-62.340412,North
3630,35,36,2023-02-12 16:13:53,2023-02-12 19:42:37,125.0,17.148,35.93,76.89,46.27,14.108391,-67.813687,79.108233,-82.285704,West
3631,11,16,2023-02-23 18:51:59,2023-02-23 22:11:57,204.18,43.198,61.26,70.69,5,-54.171295,-131.866342,-18.757734,-59.23694,North
3632,33,2,2023-10-28 02:40:57,2023-10-28 05:28:34,190.61,32.449,68.23,57.79,22.48,71.736492,64.067331,86.909807,-43.960794,Central
3633,11,10,2023-06-04 02:51:48,2023-06-04 08:03:07,206.77,30.734,39.85,53.12,5,14.868391,-109.152387,86.667925,174.04537,North
3634,11,25,2024-09-27 22:20:05,2024-09-28 00:31:54,192.55,33.526,87.64,72.06,5,-66.003818,-143.166077,15.342192,67.834212,North
3635,17,32,2023-03-07 01:55:20,2023-03-07 02:13:28,29.52,4.52,97.66,69.41,59.89,36.675902,-178.613201,69.357456,-69.015032,South
3636,3,2,2024-12-30 07:28:39,2024-12-30 10:52:31,225.21,53.825,66.28,51.88,5,-2.321035,143.720701,58.766633,-73.424868,North
3637,41,35,2024-03-14 12:53:38,2024-03-14 19:24:29,272.82,58.295,41.88,45.81,5,-46.915348,-109.310405,80.300934,-33.857604,East
3638,16,10,2023-07-21 16:17:04,2023-07-21 18:00:12,134.02,31.116,77.96,70.71,18.76,-9.580323,10.383872,-13.03859,54.819257,East
3639,29,40,2023-06-12 02:17:48,2023-06-12 02:55:03,42.41,9.145,68.3,92.69,74.03,38.133575,-174.597479,71.225087,74.858612,North
3640,9,32,2024-05-26 22:43:03,2024-05-27 00:30:22,168.35,28.805,94.12,62.3,19.24,-66.049682,118.846381,9.228741,47.33097,West
3641,6,22,2024-11-26 13:38:33,2024-11-26 14:34:29,67.04,9.507,71.9,32.68,14.36,7.527532,-68.322672,-9.66272,23.592133,Central
3642,21,2,2024-09-24 15:50:55,2024-09-24 17:53:54,119.41,21.154,58.25,75.52,47.31,3.220539,-159.046638,73.653286,-103.47066,West
3643,14,28,2023-12-12 17:34:18,2023-12-12 20:10:18,260.41,45.378,100.15,86.65,5,-44.13144,-84.612125,-69.34376,-104.184125,East
3644,12,32,2023-05-23 04:50:03,2023-05-23 10:13:37,298.06,73.164,55.27,52.45,5,9.506086,177.590882,-41.118288,-141.651614,East
3645,18,32,2024-10-10 02:46:02,2024-10-10 04:36:17,112.8,19.888,61.38,90.47,66.85,65.8642,104.295037,-7.041896,-64.320179,South
3646,35,27,2023-07-22 02:03:50,2023-07-22 04:20:06,161.04,24.022,70.9,68.26,25.36,-50.465308,-26.097186,-63.477856,-138.356676,West
3647,21,37,2023-08-12 16:19:08,2023-08-12 18:32:13,213.91,38.25,96.44,31.41,5,29.762411,54.067112,85.286544,-96.065928,West
3648,11,21,2023-01-05 12:22:21,2023-01-05 16:08:40,287.78,51.874,76.29,93.1,5,21.71057,-93.490506,-78.76403,128.03041,North
3649,29,35,2024-12-22 10:15:36,2024-12-22 12:55:38,103.47,14.125,38.79,83.2,54.37,10.549796,-115.266478,-51.31248,24.748507,North
3650,31,9,2024-08-06 01:56:49,2024-08-06 04:06:22,136.96,27.621,63.43,61.99,31.13,11.045711,160.392644,-19.393055,-59.358244,Central
3651,17,21,2024-06-29 09:05:14,2024-06-29 09:15:44,11.43,1.839,65.27,80.55,76.68,-56.094016,133.07061,75.957266,174.706272,South
3652,21,9,2023-02-26 15:52:19,2023-02-26 16:59:45,43.64,9.771,38.82,58.41,45.38,-74.494415,-84.272308,-44.033146,-25.575432,West
3653,28,1,2023-05-25 12:09:26,2023-05-25 13:13:06,48.47,8.985,45.67,88.04,72.58,25.265231,-83.076112,-29.138743,13.564984,Central
3654,50,1,2023-08-11 19:43:41,2023-08-11 22:15:59,273.66,50.801,107.8,77.0,5,-53.400727,64.870569,12.302312,-23.287837,North
3655,11,24,2023-04-01 06:26:57,2023-04-01 11:19:30,259.89,48.099,53.3,72.6,5,-46.457352,135.454167,14.561492,2.356342,North
3656,16,15,2024-05-19 15:50:46,2024-05-19 20:23:41,185.23,36.427,40.72,49.02,5,58.637644,141.309128,26.984831,-70.745218,East
3657,12,16,2023-05-30 23:02:45,2023-05-31 00:35:05,136.19,18.622,88.49,40.14,6.83,-67.469017,-90.522976,51.080521,-104.87821,East
3658,41,18,2023-09-03 22:53:54,2023-09-03 23:07:42,23.89,5.301,103.8,61.74,51.12,-26.542878,39.534492,38.341687,58.409099,East
3659,33,1,2023-11-04 03:14:25,2023-11-04 04:01:32,63.15,14.641,80.41,73.61,57.68,77.942346,172.52844,33.728428,60.736303,Central
3660,38,28,2023-06-05 16:52:06,2023-06-05 17:02:44,6.28,1.415,35.39,38.99,36.69,41.07613,-24.512531,-29.460923,-50.392052,North
3661,12,2,2024-09-30 05:42:39,2024-09-30 14:06:46,285.0,60.165,33.92,87.73,5,-54.125649,11.400456,-81.454588,150.995371,East
3662,22,33,2024-12-14 02:44:01,2024-12-14 04:06:47,84.18,20.688,61.02,46.45,24.72,88.987835,-142.775091,10.919994,-161.794551,Central
3663,39,14,2023-06-08 21:53:07,2023-06-09 04:13:24,297.89,62.88,47.0,85.19,5,15.332591,17.47034,-62.422404,82.951835,East
3664,29,2,2024-09-05 14:21:39,2024-09-05 15:50:19,155.31,31.471,105.08,74.94,10.71,-35.908986,-11.373843,-42.964672,-19.806057,North
3665,36,6,2024-06-25 14:50:07,2024-06-25 16:59:08,66.02,13.947,30.7,51.81,29.74,-39.451293,100.317852,3.432393,-144.911797,West
3666,43,19,2024-11-22 18:58:00,2024-11-22 20:15:26,133.29,26.321,103.28,38.65,5.83,68.984724,178.594125,32.378102,-105.300199,West
3667,28,27,2023-08-06 10:18:20,2023-08-06 12:05:25,172.64,26.334,96.72,37.39,5,78.796598,-47.406819,-14.125391,101.799177,Central
3668,19,40,2023-10-15 01:40:44,2023-10-15 07:49:14,230.26,35.879,37.49,66.66,27.49,61.306085,-168.894424,28.463099,18.399833,South
3669,4,1,2023-03-02 03:41:04,2023-03-02 04:20:16,36.94,6.909,56.54,55.45,43.72,5.651247,56.475765,-3.779001,7.567522,West
3670,38,4,2024-02-25 02:58:59,2024-02-25 08:33:30,263.94,50.452,47.34,64.05,5,-65.495268,163.702187,86.277716,-53.984041,North
3671,45,3,2023-08-11 00:28:01,2023-08-11 02:43:56,80.31,13.061,35.45,48.32,31.93,-76.538435,179.607046,41.307935,2.749307,North
3672,6,23,2023-11-12 02:10:43,2023-11-12 03:51:18,118.56,18.451,70.72,34.93,5,-14.90881,-29.692923,-5.061753,162.102909,Central
3673,26,13,2024-02-10 19:00:00,2024-02-11 00:01:26,192.12,29.984,38.24,63.48,5,80.332696,134.653113,62.303227,145.141043,East
3674,24,30,2023-09-06 07:59:24,2023-09-06 11:11:36,108.92,22.514,34.0,32.73,8.91,46.650531,178.640883,85.783364,142.840717,North
3675,9,26,2024-02-06 00:53:43,2024-02-06 05:31:07,279.76,52.72,60.51,59.08,5,-21.325913,-32.378352,21.632476,-24.182154,West
3676,33,36,2023-07-23 16:57:21,2023-07-23 17:06:07,15.65,2.325,106.97,69.53,67.0,1.127666,146.172689,68.701664,2.84442,Central
3677,34,7,2023-11-11 09:59:23,2023-11-11 13:43:38,269.75,57.833,72.17,66.32,5,89.671092,14.488239,89.513342,-175.733527,West
3678,35,7,2023-12-05 14:21:04,2023-12-05 14:54:01,32.56,5.891,59.27,90.31,79.79,-16.333559,-167.725253,60.352108,97.419732,West
3679,38,28,2023-03-29 15:10:06,2023-03-29 15:33:58,30.13,5.31,75.7,83.73,75.1,-21.973054,141.205552,19.843407,-148.002066,North
3680,27,38,2024-07-25 13:06:38,2024-07-25 17:46:27,215.28,38.677,46.16,42.95,5,-16.353543,-110.329186,-22.786841,46.453143,South
3681,35,3,2024-07-12 18:54:28,2024-07-12 21:59:51,99.65,19.368,32.25,93.03,58.44,-44.408101,-154.993399,10.299804,111.79869,West
3682,28,13,2023-07-18 12:25:12,2023-07-18 13:55:35,110.18,19.903,73.13,68.22,33.96,-55.828454,14.696104,65.834103,81.285031,Central
3683,33,10,2024-02-28 15:35:44,2024-02-28 17:31:21,114.04,18.212,59.18,45.56,25.74,-34.808943,118.885485,10.969841,134.161479,Central
3684,46,38,2024-08-21 10:29:05,2024-08-21 15:48:58,229.52,40.86,43.05,40.35,5,77.604036,-33.463128,-33.042826,103.499611,South
3685,12,7,2023-12-30 14:28:28,2023-12-30 17:38:14,272.1,36.787,86.03,51.78,5,74.522259,179.256645,-54.625326,-123.879351,East
3686,49,22,2024-02-23 23:37:36,2024-02-24 01:58:39,245.24,46.151,104.32,57.8,5,89.940947,-39.237534,15.150507,-65.180807,Central
3687,16,1,2024-09-24 20:44:06,2024-09-25 02:25:53,263.12,50.48,46.19,39.86,5,-35.218413,-134.984301,-85.72676,-80.468398,East
3688,16,11,2024-11-30 18:55:40,2024-12-01 00:32:21,248.59,45.144,44.3,79.01,5,-3.595264,144.947509,-13.979535,-0.837309,East
3689,40,15,2023-07-18 02:24:25,2023-07-18 03:37:16,98.41,21.179,81.04,82.72,58.68,-20.831415,35.891954,28.576204,-29.259542,East
3690,13,21,2023-04-08 16:44:42,2023-04-08 21:09:18,263.06,37.56,59.65,49.49,5,40.118364,-144.414766,-80.681669,-42.819963,East
3691,18,1,2024-09-16 07:45:54,2024-09-16 09:29:59,165.59,21.679,95.45,91.19,65.44,64.056771,-146.796618,77.999211,45.905706,South
3692,41,31,2023-04-08 03:19:04,2023-04-08 06:03:10,266.37,59.098,97.39,71.53,5,-15.817961,-88.160298,-49.686459,-24.467752,East
3693,17,36,2024-11-02 21:18:45,2024-11-03 02:17:36,215.93,40.382,43.35,61.45,5,-57.060013,177.54977,-64.229912,-20.68275,South
3694,34,8,2023-04-04 21:11:27,2023-04-05 00:57:37,264.25,38.42,70.1,39.11,5,-20.819557,142.906186,77.549178,-72.784208,West
3695,35,33,2024-12-16 18:46:57,2024-12-16 22:46:17,120.03,15.728,30.09,69.17,41.08,-63.65542,70.70201,-85.2868,120.564837,West
3696,8,10,2023-02-26 20:14:12,2023-02-26 20:42:02,19.17,2.816,41.32,85.74,80.55,0.65225,-83.016226,-6.751668,126.27889,North
3697,22,19,2024-01-15 17:00:27,2024-01-15 17:49:32,68.9,15.066,84.22,33.37,17.54,-73.385518,41.327463,-87.346365,-45.258107,Central
3698,35,29,2023-12-31 18:55:49,2023-12-31 19:20:29,32.71,7.046,79.52,90.31,77.73,-26.512824,81.733221,24.536785,154.588137,West
3699,32,8,2024-06-10 12:08:47,2024-06-10 14:20:00,175.99,30.582,80.47,37.04,5,84.952318,177.450842,-4.258192,91.02837,East
3700,44,28,2023-09-29 17:59:37,2023-09-29 21:44:03,232.7,38.516,62.21,59.59,16.56,8.031955,-161.883328,12.322553,107.734508,Central
3701,43,40,2024-07-15 21:42:06,2024-07-16 00:33:55,205.97,33.884,71.92,45.24,5,-50.891792,-39.985257,-65.601438,139.316012,West
3702,21,2,2023-01-14 13:34:43,2023-01-14 16:43:14,186.42,42.67,59.33,40.5,5,-19.060268,-121.077933,63.381259,61.236089,West
3703,22,9,2024-06-07 20:55:26,2024-06-07 22:16:09,117.06,21.664,87.01,42.76,20.0,-76.126729,158.032553,-80.640683,89.545285,Central
3704,15,12,2023-04-09 18:53:02,2023-04-09 22:11:09,252.15,40.159,76.36,79.42,29.35,-47.641571,3.357018,-1.010109,177.544226,West
3705,44,1,2023-12-23 05:56:35,2023-12-23 06:04:29,11.27,1.794,85.46,61.09,59.09,-73.823017,-175.911454,-80.368273,102.998082,Central
3706,4,8,2023-09-17 20:55:43,2023-09-17 22:46:47,150.39,35.935,81.24,37.43,5,-62.68571,-64.332327,23.40279,161.206748,West
3707,26,3,2024-08-01 19:56:16,2024-08-02 02:16:04,212.12,48.672,33.51,55.8,5,-24.696964,94.60116,11.404929,173.280669,East
3708,12,27,2023-01-07 22:09:25,2023-01-07 22:35:17,14.07,2.775,32.62,56.09,51.13,85.764445,20.657713,-7.680295,113.620382,East
3709,16,17,2024-10-18 02:15:54,2024-10-18 04:46:58,143.27,28.189,56.9,59.62,12.56,-84.954799,-115.675683,-60.015448,23.703224,East
3710,16,15,2023-09-05 11:57:50,2023-09-05 13:15:09,90.26,17.063,70.03,43.46,14.97,-57.052329,-30.608842,-79.494673,-141.024856,East
3711,8,39,2023-05-26 03:54:06,2023-05-26 04:23:17,36.8,5.187,75.64,60.68,51.13,47.690795,-141.547675,3.782414,-67.689856,North
3712,19,25,2023-07-08 07:53:36,2023-07-08 11:14:45,291.24,72.284,86.87,90.07,11.16,49.934783,6.107616,-28.230611,86.129323,South
3713,29,19,2024-06-11 05:21:05,2024-06-11 07:59:13,250.37,38.787,94.99,31.49,5,-86.36934,3.544198,-54.36699,-93.186838,North
3714,36,9,2024-09-26 19:19:48,2024-09-26 22:26:42,198.93,38.237,63.86,39.51,5,-28.005329,120.81933,-63.535471,76.457325,West
3715,24,26,2024-02-23 10:34:53,2024-02-23 11:37:40,103.26,15.486,98.66,68.5,52.11,38.301963,15.795526,32.46987,-12.210819,North
3716,36,9,2023-08-14 07:49:24,2023-08-14 07:53:02,5.77,1.259,94.87,74.8,72.81,29.557174,-131.686413,-3.54453,109.864256,West
3717,48,10,2023-01-17 03:34:28,2023-01-17 05:34:21,166.1,34.878,83.13,35.61,5,-43.755128,-2.240168,-30.257888,90.59973,East
3718,29,2,2023-09-06 06:19:35,2023-09-06 07:16:39,30.37,4.968,31.93,79.77,69.63,24.507721,-29.37263,-5.591016,134.315914,North
3719,12,32,2024-11-12 12:08:18,2024-11-12 12:30:11,38.79,5.308,106.35,43.19,33.69,10.250152,40.792767,51.308537,-151.035806,East
3720,46,13,2023-07-02 02:52:14,2023-07-02 04:25:59,99.48,15.524,63.66,72.6,48.38,-23.903227,-171.704676,-30.791432,-89.731168,South
3721,43,13,2024-09-22 13:29:14,2024-09-22 13:34:22,8.79,1.182,102.57,33.7,32.23,89.939239,-156.354006,-73.735029,-96.136155,West
3722,4,34,2024-09-29 11:59:22,2024-09-29 15:41:28,180.58,34.766,48.78,65.95,6.92,53.145252,-12.442551,10.80188,87.259116,West
3723,1,20,2024-10-25 00:24:16,2024-10-25 02:42:53,248.07,51.411,107.37,41.28,5,-86.893482,174.791208,22.2776,-118.881551,East
3724,17,22,2024-06-26 22:40:58,2024-06-27 06:48:39,285.79,69.504,35.16,65.34,5,-86.140561,-95.517032,73.335569,-169.781127,South
3725,14,40,2024-06-14 10:58:36,2024-06-14 11:12:00,19.92,3.217,89.17,33.21,26.45,-61.978799,-34.820769,-63.671143,-81.358401,East
3726,17,29,2023-11-21 00:24:30,2023-11-21 03:02:44,130.29,19.602,49.4,57.14,15.87,1.969839,-17.238263,-81.54947,84.715591,South
3727,46,2,2024-02-02 13:28:52,2024-02-02 19:58:40,237.72,50.141,36.59,94.03,15.81,21.720911,25.942868,-51.002257,-158.017813,South
3728,32,34,2023-02-21 20:51:58,2023-02-21 21:51:30,107.89,17.95,108.73,79.47,53.15,89.021952,-50.618016,-52.74765,160.062817,East
3729,34,17,2024-08-20 09:07:45,2024-08-20 13:45:11,140.11,30.283,30.3,52.59,5,4.489895,-94.750072,-36.657137,27.955757,West
3730,6,6,2023-01-29 05:20:58,2023-01-29 08:49:45,293.95,62.0,84.47,91.55,5,-29.058456,-30.798858,-51.862758,-94.508055,Central
3731,18,1,2024-10-31 13:10:45,2024-10-31 15:50:30,185.8,34.14,69.78,43.18,5,2.186336,27.703035,-55.029551,1.238872,South
3732,37,19,2023-04-19 08:37:14,2023-04-19 09:02:58,32.93,5.5,76.76,38.11,32.07,-35.172081,-70.136231,-35.09879,-29.41297,North
3733,48,28,2024-04-16 00:11:31,2024-04-16 00:51:44,73.67,12.724,109.9,77.67,64.7,-41.352852,-102.094714,37.621035,-111.650188,East
3734,2,7,2023-11-11 23:44:23,2023-11-12 03:33:06,244.63,34.687,64.17,74.86,17.24,-69.270996,-150.976278,58.834176,-87.473914,North
3735,36,31,2023-11-06 05:39:09,2023-11-06 12:11:18,261.57,59.444,40.02,64.5,5,-39.950275,28.348788,-59.599455,43.784592,West
3736,16,27,2024-12-20 21:29:34,2024-12-20 22:30:27,74.68,15.684,73.58,88.89,62.71,-75.379069,21.950345,34.470819,21.679566,East
3737,2,6,2024-07-20 00:08:01,2024-07-20 02:06:30,198.15,29.599,100.33,80.85,31.68,33.973014,38.357731,32.045082,22.796347,North
3738,30,12,2024-04-04 22:00:05,2024-04-04 22:48:42,51.88,9.949,64.01,58.27,35.91,-21.597265,-16.745842,7.704644,81.493668,South
3739,50,33,2023-01-09 16:39:13,2023-01-09 18:41:22,173.11,30.753,85.02,59.09,12.91,-11.796993,-67.296408,-23.026992,126.735977,North
3740,30,21,2023-05-12 06:32:20,2023-05-12 07:07:18,60.24,14.279,103.34,69.14,37.05,-64.053476,122.853263,-40.816738,-157.079143,South
3741,39,39,2023-01-01 12:35:49,2023-01-01 14:27:06,141.82,23.848,76.46,45.72,5,27.378784,152.250888,-78.321319,178.141494,East
3742,39,7,2023-04-16 07:22:36,2023-04-16 08:38:06,100.42,14.89,79.8,61.22,35.5,31.894006,147.519946,-60.178877,1.072537,East
3743,25,39,2024-10-11 07:09:37,2024-10-11 09:58:39,151.32,23.085,53.71,65.69,41.0,-65.849681,-56.272802,55.405088,-12.036587,East
3744,40,24,2024-07-30 08:51:11,2024-07-30 11:46:43,162.0,38.915,55.37,90.08,45.91,53.597834,10.560036,-28.442511,125.651932,East
3745,22,8,2024-08-23 13:37:02,2024-08-23 14:56:58,135.04,22.897,101.36,80.75,56.7,-36.157164,80.929556,-57.382976,-16.876263,Central
3746,40,38,2023-05-27 09:21:14,2023-05-27 10:59:16,173.64,42.52,106.27,39.04,5,87.029962,-112.861975,-76.427294,140.034005,East
3747,27,26,2023-09-30 13:36:06,2023-09-30 16:55:12,241.42,50.166,72.75,58.69,5,-44.392705,-56.957771,61.798303,131.273533,South
3748,24,34,2023-11-29 20:23:16,2023-11-29 20:33:15,16.62,2.248,99.84,53.47,51.09,41.782468,-65.089065,46.89661,-160.755808,North
3749,43,12,2023-07-23 09:59:17,2023-07-23 10:58:04,84.58,20.616,86.32,41.76,16.05,-49.46206,-14.133421,52.347239,-143.175701,West
3750,40,32,2023-09-29 12:39:28,2023-09-29 14:25:40,193.64,40.104,109.39,70.72,25.2,-78.047223,-106.868512,9.922346,32.76635,East
3751,12,38,2023-06-02 09:00:12,2023-06-02 09:16:26,10.32,1.763,38.13,87.02,83.87,-64.139753,-163.012428,-4.327956,-168.478856,East
3752,1,5,2024-05-15 00:17:43,2024-05-15 01:53:30,154.62,25.207,96.85,32.35,5,71.075881,-28.834144,3.80703,0.519243,East
3753,41,2,2023-11-08 20:30:20,2023-11-08 23:04:11,200.16,30.372,78.06,39.7,5,14.000937,126.755186,24.668887,48.24198,East
3754,17,13,2023-11-13 23:03:23,2023-11-14 00:58:23,183.39,24.186,95.67,71.21,20.29,-26.711573,-57.706943,43.51056,-171.49424,South
3755,13,3,2023-01-11 14:16:10,2023-01-11 17:38:39,235.83,57.271,69.88,42.71,5,-76.693488,6.732451,-38.14594,77.96372,East
3756,19,12,2024-12-03 16:48:10,2024-12-03 18:10:03,118.54,25.392,86.85,39.03,11.31,10.094637,-12.536442,46.226618,-102.68329,South
3757,41,29,2023-10-10 07:45:32,2023-10-10 08:28:27,75.57,12.438,105.62,77.76,52.83,22.605255,-166.216167,74.487796,19.869548,East
3758,2,21,2024-01-20 08:04:43,2024-01-20 11:11:50,265.82,58.884,85.23,82.44,5,50.593559,8.010821,7.982941,74.434836,North
3759,24,26,2024-05-30 05:39:09,2024-05-30 10:30:33,288.5,64.404,59.4,56.52,5,18.320296,12.955535,-39.997158,-25.357731,North
3760,36,17,2023-02-08 14:28:10,2023-02-08 17:25:55,217.51,33.713,73.42,62.04,8.7,84.141199,172.088399,70.928104,114.421979,West
3761,46,20,2023-07-16 15:05:44,2023-07-16 21:02:08,282.22,38.91,47.51,51.47,5,-9.878552,-6.612711,-52.170628,-130.479302,South
3762,29,28,2024-11-27 04:40:48,2024-11-27 06:58:10,166.95,28.794,72.92,83.48,24.72,7.2806,-89.434264,-9.928686,-131.564483,North
3763,37,13,2024-06-01 11:55:56,2024-06-01 16:19:08,225.52,37.346,51.41,42.89,5,37.253332,-167.832961,28.456477,-36.375189,North
3764,17,23,2024-05-23 16:29:03,2024-05-23 19:04:14,166.37,29.943,64.32,40.4,5,-84.610074,-85.358246,-2.285083,-106.362476,South
3765,36,14,2023-12-04 05:38:17,2023-12-04 08:41:06,293.7,46.651,96.39,63.64,5,37.239928,14.241398,73.673062,-131.431079,West
3766,2,30,2024-01-03 04:55:38,2024-01-03 06:35:30,112.65,26.825,67.68,90.08,45.52,51.814206,-145.871508,-25.690096,-33.147184,North
3767,22,16,2023-05-04 13:14:39,2023-05-04 16:05:06,233.08,47.364,82.04,80.14,30.39,-88.675578,-127.95449,65.354473,38.19527,Central
3768,16,17,2023-08-22 14:41:07,2023-08-22 15:23:50,76.94,15.515,108.03,57.99,32.09,-63.114779,171.892684,53.345531,170.724579,East
3769,26,35,2023-01-25 14:26:30,2023-01-25 15:39:00,110.03,18.518,91.05,81.38,45.0,17.79167,-53.253337,69.527469,-29.796395,East
3770,4,24,2024-07-13 19:23:56,2024-07-13 19:43:34,14.4,2.673,43.99,47.49,42.95,-46.973515,47.978756,-45.608293,-14.694573,West
3771,1,4,2023-12-22 15:36:25,2023-12-22 17:02:56,63.14,12.781,43.78,94.08,66.71,17.41788,-73.940113,55.658068,138.678566,East
3772,15,37,2023-02-05 11:30:25,2023-02-05 14:42:35,210.6,39.762,65.75,89.45,39.87,-7.862191,67.179398,37.703247,142.03518,West
3773,12,38,2023-09-02 11:02:05,2023-09-02 11:56:34,84.54,17.37,93.08,52.45,21.38,81.580378,2.757236,-10.948403,-95.156317,East
3774,49,1,2023-07-07 17:24:42,2023-07-07 22:42:11,170.86,29.082,32.29,57.41,23.48,-29.85077,-106.180089,30.194615,102.381021,Central
3775,27,8,2023-10-03 05:30:48,2023-10-03 05:54:56,16.34,2.134,40.61,75.32,72.4,-35.139978,-100.223099,8.889309,3.169754,South
3776,26,2,2024-05-26 00:46:18,2024-05-26 01:33:57,59.57,10.199,74.99,50.26,30.22,-24.633195,130.482604,85.317614,-111.354021,East
3777,6,9,2024-12-06 22:17:54,2024-12-07 01:04:11,141.88,29.891,51.19,74.45,16.86,24.299056,159.707907,-17.504423,-105.829913,Central
3778,17,15,2024-08-06 00:08:17,2024-08-06 01:39:28,149.98,22.883,98.68,79.3,31.13,-37.048742,49.219343,15.108686,-117.117146,South
3779,9,8,2023-04-21 11:28:32,2023-04-21 12:46:21,75.51,18.821,58.21,31.9,5,7.222022,-153.849894,-21.803361,-2.374899,West
3780,13,26,2023-10-06 01:02:21,2023-10-06 01:55:43,59.47,11.666,66.86,47.17,27.92,-4.310368,26.230769,81.645916,58.649629,East
3781,49,25,2024-12-04 19:07:39,2024-12-04 19:50:06,59.04,8.037,83.43,37.22,27.84,-74.453712,-84.491207,-69.074696,179.997593,Central
3782,28,32,2023-06-23 13:18:23,2023-06-23 15:28:17,160.92,27.65,74.32,74.0,26.41,-83.856718,94.134876,-61.626699,-136.627829,Central
3783,26,6,2023-07-21 14:15:07,2023-07-21 17:13:09,191.42,38.75,64.51,32.66,5,4.578779,71.542336,-67.869017,179.471545,East
3784,45,6,2024-03-30 01:44:23,2024-03-30 03:41:57,73.48,17.505,37.5,60.98,39.02,41.321374,-104.025372,83.453407,155.310603,North
3785,24,23,2024-10-05 17:54:07,2024-10-05 19:07:22,110.46,20.374,90.46,44.29,22.73,13.524669,-143.757998,59.362794,-135.750236,North
3786,3,27,2023-04-16 09:51:48,2023-04-16 11:49:59,144.8,26.741,73.51,37.0,7.29,56.534131,-147.348472,-51.195113,-2.119575,North
3787,18,29,2023-07-14 07:41:21,2023-07-14 08:46:11,118.66,16.663,109.81,39.13,19.34,-61.70807,151.024888,-71.284473,-73.245619,South
3788,25,31,2023-10-18 22:09:05,2023-10-19 01:27:18,289.18,63.521,87.53,79.56,11.62,22.694955,73.810724,20.646272,40.464326,East
3789,32,17,2024-11-16 19:45:26,2024-11-16 20:08:39,34.94,5.622,90.26,31.87,23.63,-52.863165,124.938194,-76.425665,104.791528,East
3790,10,33,2024-08-31 14:10:18,2024-08-31 17:24:04,198.23,40.552,61.38,30.92,5,63.724623,-86.38339,-61.172433,-167.670182,North
3791,4,28,2024-03-19 12:34:59,2024-03-19 13:31:44,74.04,9.804,78.28,58.05,41.4,45.433262,-88.224203,-79.639678,47.029643,West
3792,18,40,2024-04-09 06:10:32,2024-04-09 09:04:34,104.13,25.296,35.9,78.41,48.37,-50.182613,30.531778,72.583694,42.144786,South
3793,24,22,2023-01-26 05:35:05,2023-01-26 08:02:16,215.12,41.902,87.69,83.4,39.06,52.364983,114.885701,81.278375,-61.984828,North
3794,11,27,2023-12-09 07:29:22,2023-12-09 08:15:15,72.13,17.619,94.31,91.6,54.27,-8.027511,14.952085,-41.028878,-98.67985,North
3795,16,18,2024-08-30 02:54:42,2024-08-30 03:42:01,72.6,14.061,92.03,89.78,66.31,-46.487763,1.462909,29.721453,-126.164141,East
3796,3,20,2024-01-25 23:29:00,2024-01-26 00:29:57,106.53,22.161,104.86,72.74,48.12,53.750309,-167.520539,28.24636,38.537756,North
3797,4,10,2023-10-14 20:12:04,2023-10-14 23:56:00,184.3,24.981,49.38,49.36,6.95,60.960194,-65.592236,76.524525,81.231707,West
3798,49,10,2024-03-05 12:14:21,2024-03-05 12:53:11,56.83,9.129,87.79,36.96,26.31,-82.290425,-17.842981,-82.896858,92.824713,Central
3799,35,24,2024-08-18 19:56:30,2024-08-18 21:50:25,114.47,23.255,60.29,42.01,5,-85.981395,84.148432,47.481586,-127.763771,West
3800,10,22,2023-08-16 10:16:23,2023-08-16 12:16:00,179.19,27.468,89.88,70.87,30.06,-40.534343,-168.587259,3.150111,-69.81855,North
3801,8,34,2024-10-22 20:47:54,2024-10-22 23:24:42,213.64,50.409,81.75,46.17,5,-0.129876,-176.329648,88.423485,24.603879,North
3802,28,15,2024-12-11 23:23:19,2024-12-12 01:45:48,239.69,55.774,100.93,74.57,5,75.907464,-170.500957,45.979227,-8.908427,Central
3803,48,38,2024-01-11 18:51:11,2024-01-11 20:36:20,147.68,19.478,84.26,36.97,17.11,7.693485,36.651557,-29.586879,-116.727825,East
3804,12,38,2023-03-31 02:01:09,2023-03-31 04:44:06,284.87,50.359,104.89,69.32,5,53.663808,-51.573202,9.769716,131.316606,East
3805,26,5,2024-12-07 14:04:25,2024-12-07 15:28:35,138.31,31.953,98.58,63.1,5,-40.769926,-26.356766,-66.488258,-144.166205,East
3806,12,40,2023-03-06 18:20:19,2023-03-06 20:52:26,224.37,51.249,88.49,61.8,5,5.302315,155.344185,-48.670828,-2.627411,East
3807,12,11,2023-03-18 01:55:28,2023-03-18 05:32:58,180.14,25.051,49.69,66.87,22.06,-58.077269,69.091981,51.114425,137.440129,East
3808,25,29,2023-06-19 04:40:03,2023-06-19 07:50:13,205.42,45.756,64.81,61.46,12.52,-47.987119,44.21686,64.037898,39.341126,East
3809,27,9,2024-03-14 18:07:38,2024-03-14 20:29:45,156.58,32.446,66.1,30.06,5,50.706297,-33.967505,81.53076,-46.793182,South
3810,27,39,2024-07-29 03:38:33,2024-07-29 05:45:56,187.53,28.801,88.32,54.26,14.91,-65.833991,-133.16363,-68.113936,31.327132,South
3811,19,18,2023-09-04 20:08:50,2023-09-04 20:21:33,20.08,2.926,94.71,41.54,38.35,-44.71986,-178.097425,56.868986,-143.057594,South
3812,46,25,2024-07-30 15:21:44,2024-07-30 20:16:12,243.04,49.471,49.52,62.13,5,-32.977894,-178.29586,18.094067,-28.80503,South
3813,16,20,2024-05-10 12:16:20,2024-05-10 15:23:04,107.13,20.393,34.42,68.64,34.59,-6.24362,-139.652045,-2.288514,38.47382,East
3814,33,26,2023-02-06 16:26:51,2023-02-06 17:15:40,75.13,15.218,92.33,47.69,31.13,-36.236776,4.565292,-78.735667,10.873943,Central
3815,16,18,2023-11-13 23:17:31,2023-11-14 02:23:38,207.03,42.452,66.74,52.62,5,58.558451,-50.475515,48.081665,85.99647,East
3816,39,10,2023-07-06 11:40:09,2023-07-06 14:54:36,237.7,33.055,73.34,36.26,5,-77.470703,151.0465,-28.863361,100.610554,East
3817,18,36,2024-05-31 13:04:20,2024-05-31 14:04:35,43.99,9.68,43.8,33.15,21.65,4.960242,-137.498555,20.962987,147.331432,South
3818,9,16,2023-07-09 23:03:46,2023-07-10 01:35:10,87.84,13.102,34.81,65.46,45.88,45.660232,-158.494064,6.426596,101.456222,West
3819,1,7,2023-07-02 13:06:59,2023-07-02 15:19:33,162.95,25.799,73.75,53.51,5,-51.869237,29.649059,89.218922,177.03794,East
3820,3,36,2024-07-28 22:55:33,2024-07-28 23:38:20,63.11,13.294,88.5,87.3,72.53,-64.319461,101.451021,81.302305,152.589516,North
3821,38,8,2024-07-16 02:05:24,2024-07-16 05:49:37,235.02,30.807,62.89,57.0,6.91,-0.710028,-146.124891,26.408338,-94.471767,North
3822,39,37,2024-06-09 15:17:18,2024-06-09 20:45:49,201.93,37.855,36.88,91.0,25.62,12.109387,-84.107544,-76.798259,-96.006624,East
3823,18,25,2024-04-11 05:08:52,2024-04-11 05:14:41,8.73,1.456,89.93,68.51,66.78,-5.479719,-91.947106,25.463168,-39.841937,South
3824,36,28,2024-01-10 11:47:31,2024-01-10 13:34:03,59.34,8.29,33.42,52.98,39.86,87.644284,-43.116581,35.506042,16.80603,West
3825,50,7,2024-08-29 06:22:56,2024-08-29 06:40:28,19.85,2.852,67.91,30.57,26.29,-79.70709,34.028028,50.780696,-44.047395,North
3826,18,18,2024-03-11 10:52:29,2024-03-11 12:04:47,112.73,23.736,93.54,81.64,53.45,-75.603898,43.264639,76.424268,119.732941,South
3827,43,21,2023-03-22 22:25:14,2023-03-22 23:17:34,58.19,8.13,66.7,64.39,54.25,22.282963,149.686081,51.909635,-109.129924,West
3828,10,38,2024-08-08 05:47:21,2024-08-08 06:21:02,28.75,4.986,51.19,71.77,64.36,-68.197862,-14.4618,81.767978,-67.32023,North
3829,28,27,2024-04-15 07:29:08,2024-04-15 09:18:20,144.42,25.525,79.35,52.37,8.44,-5.806156,-126.741514,-78.79526,100.893795,Central
3830,10,39,2023-05-25 12:29:29,2023-05-25 14:28:39,138.79,25.473,69.88,45.36,7.51,-79.306518,-159.890277,68.376748,19.361988,North
3831,49,8,2024-06-18 11:05:14,2024-06-18 14:20:16,227.8,33.478,70.08,56.99,17.93,-34.276367,-124.88249,76.12396,-79.432881,Central
3832,32,16,2024-03-30 02:44:46,2024-03-30 05:35:23,109.54,24.295,38.52,78.24,42.62,50.206795,-126.545226,-14.292295,-96.850348,East
3833,29,29,2024-02-27 11:04:58,2024-02-27 13:15:15,69.53,10.77,32.02,53.62,31.64,-64.649074,-84.55244,31.677867,73.093657,North
3834,9,13,2024-02-27 21:40:03,2024-02-28 01:12:16,254.59,58.245,71.98,78.58,5,80.863686,18.428217,-34.516448,99.199174,West
3835,3,11,2024-07-20 13:43:17,2024-07-20 14:15:55,46.24,10.236,84.99,90.3,78.93,-19.773464,118.824399,-15.053796,1.064056,North
3836,22,25,2023-02-23 11:24:40,2023-02-23 12:25:21,94.07,14.215,93.0,87.57,72.64,30.505833,48.766198,-53.138568,82.321013,Central
3837,32,14,2024-07-19 01:58:43,2024-07-19 03:16:13,69.43,9.623,53.75,74.2,60.09,-40.810646,61.972569,-44.967746,-157.51797,East
3838,34,27,2024-08-28 04:08:04,2024-08-28 04:45:25,33.54,4.772,53.86,70.7,61.78,28.493198,-66.006383,-44.835787,-40.766061,West
3839,14,19,2024-02-02 04:25:01,2024-02-02 05:20:16,71.9,15.707,78.08,94.37,61.37,-21.796027,-44.866951,73.526173,79.945683,East
3840,16,27,2023-07-23 10:45:50,2023-07-23 12:16:02,146.36,25.65,97.34,55.24,12.42,78.528019,76.691703,-28.712163,-86.356293,East
3841,41,25,2024-04-05 17:12:54,2024-04-05 19:28:54,155.6,27.275,68.64,31.42,5,26.080278,40.36855,-82.373099,130.52894,East
3842,40,15,2023-01-03 07:44:09,2023-01-03 07:55:04,13.35,2.702,73.3,61.62,58.55,-46.56411,150.044347,49.659883,-48.325706,East
3843,46,15,2023-11-08 21:42:21,2023-11-09 00:17:17,220.04,37.702,85.21,35.12,5,-67.993833,-131.192994,-22.568229,36.001073,South
3844,14,10,2024-08-28 10:16:07,2024-08-28 12:53:53,286.71,60.025,109.03,68.6,5,58.737409,115.934952,84.737469,-147.701955,East
3845,13,31,2024-12-27 06:26:58,2024-12-27 06:50:23,22.01,3.031,56.39,44.5,39.5,-33.540785,77.95458,-88.168313,-150.528782,East
3846,19,4,2023-10-20 22:01:59,2023-10-21 00:40:28,224.13,31.341,84.85,67.64,33.42,-14.693422,93.37328,-65.138554,149.558928,South
3847,33,11,2023-04-10 15:21:31,2023-04-10 18:20:30,156.5,23.962,52.46,38.07,12.0,11.446575,-46.289481,-81.730053,-158.60532,Central
3848,8,35,2023-03-30 17:04:45,2023-03-30 18:51:42,136.67,24.335,76.67,94.28,49.46,-51.247698,-0.662317,28.057019,-19.937264,North
3849,4,31,2023-09-17 22:37:22,2023-09-18 01:27:50,204.76,47.173,72.07,77.39,5,-78.001966,147.732341,87.051281,29.836372,West
3850,38,17,2024-10-08 17:21:44,2024-10-08 19:05:10,175.08,32.189,101.55,67.81,15.47,-46.601219,38.867052,36.79526,-84.473834,North
3851,43,4,2023-09-03 05:31:07,2023-09-03 06:02:49,52.56,7.616,99.46,36.92,27.42,75.877607,-110.311699,14.54236,-92.483247,West
3852,21,35,2024-10-25 01:30:43,2024-10-25 03:43:22,125.72,24.14,56.86,57.14,24.95,-45.710235,-149.09157,-16.644627,169.534847,West
3853,9,36,2024-04-26 10:06:55,2024-04-26 14:22:43,162.69,40.046,38.16,91.13,31.27,73.739139,-151.868638,-11.334652,168.432416,West
3854,32,5,2024-01-18 13:09:50,2024-01-18 13:52:46,67.32,15.741,94.06,85.52,62.44,-68.303049,113.933451,-38.266391,-42.313321,East
3855,25,27,2024-10-31 04:50:21,2024-10-31 05:32:25,76.76,10.846,109.45,43.01,31.41,-6.085228,-3.898839,58.32439,-6.311733,East
3856,43,30,2023-10-12 16:29:25,2023-10-12 20:17:41,250.68,58.661,65.89,41.57,5,80.912244,-134.270306,-87.490843,148.780468,West
3857,31,7,2023-11-22 02:22:56,2023-11-22 04:40:56,181.02,43.384,78.7,44.16,5,37.734164,121.679795,-87.956579,58.916659,Central
3858,37,5,2023-03-10 21:06:51,2023-03-10 22:50:04,174.32,37.09,101.33,64.16,23.45,89.653036,39.936185,75.866574,-138.245655,North
3859,42,38,2024-11-19 23:59:12,2024-11-20 02:52:54,177.65,26.648,61.36,93.57,58.09,7.486192,-173.260369,27.985713,32.33783,Central
3860,4,8,2024-08-16 02:43:06,2024-08-16 03:24:29,66.12,11.976,95.86,62.47,42.14,-13.652268,-107.081106,59.293163,-131.690318,West
3861,36,23,2023-05-27 10:21:47,2023-05-27 13:09:39,239.63,37.53,85.65,37.47,5,30.146296,1.956399,-60.098921,6.283382,West
3862,50,13,2023-11-24 11:02:19,2023-11-24 13:58:33,276.67,51.578,94.19,45.73,5,71.030961,40.367894,-34.340162,-22.172567,North
3863,38,22,2023-07-27 23:25:28,2023-07-28 01:22:05,175.63,37.358,90.35,32.95,5,-77.837073,-101.481228,76.874902,36.100301,North
3864,4,16,2024-01-05 21:24:52,2024-01-06 00:01:06,203.4,35.511,78.11,78.73,18.44,41.262917,89.542637,6.833016,1.846189,West
3865,26,33,2023-06-24 16:34:43,2023-06-24 18:14:24,105.82,24.773,63.69,92.9,44.23,-7.865278,-125.875834,-18.162868,130.448235,East
3866,49,39,2024-12-13 07:24:37,2024-12-13 09:22:18,177.87,33.407,90.68,38.04,5,39.78812,-114.416014,-34.476419,93.453758,Central
3867,21,14,2024-04-13 22:50:22,2024-04-14 03:26:15,191.47,46.973,41.64,50.94,5,-14.783399,-43.115553,-22.205713,-109.404824,West
3868,26,7,2023-12-07 03:53:35,2023-12-07 10:44:19,243.57,53.286,35.58,69.01,5,87.452046,87.678042,5.741764,-104.513471,East
3869,25,36,2024-11-14 23:17:12,2024-11-15 02:34:22,264.06,62.949,80.35,84.8,17.47,-68.721394,-110.142884,24.006611,154.059396,East
3870,19,32,2024-11-04 22:05:58,2024-11-05 01:00:42,129.19,29.49,44.36,90.78,58.59,78.313416,-33.865135,33.556149,-32.046456,South
3871,14,13,2023-11-12 04:57:35,2023-11-12 11:06:34,244.27,38.593,39.72,65.23,5,-81.065709,60.848991,81.418751,-84.744715,East
3872,43,17,2023-10-06 01:44:36,2023-10-06 02:35:20,81.17,15.957,95.99,77.02,57.12,-11.696345,-55.994627,-10.84951,70.863339,West
3873,25,15,2023-03-14 20:51:26,2023-03-14 22:54:58,97.62,15.53,47.41,33.43,16.82,-12.405285,113.868026,-62.136397,-7.031321,East
3874,35,39,2023-11-07 15:28:28,2023-11-07 17:15:34,158.79,32.49,88.95,80.39,22.37,-19.446745,97.049736,9.978668,-99.253795,West
3875,46,38,2023-11-29 22:35:47,2023-11-30 02:27:22,210.25,41.948,54.47,87.33,21.89,2.680436,-175.972625,25.996931,-118.878118,South
3876,34,9,2024-05-04 01:17:54,2024-05-04 02:16:54,86.88,19.106,88.35,66.56,30.85,-87.377769,-19.54793,-33.72146,-124.264951,West
3877,43,12,2024-06-29 17:45:09,2024-06-29 18:17:15,36.75,5.607,68.68,80.47,73.48,-66.822427,-43.917866,-75.692556,22.596611,West
3878,46,6,2023-11-22 02:05:45,2023-11-22 05:35:56,123.14,19.197,35.15,87.03,57.08,80.284717,77.647009,-7.985874,70.830155,South
3879,44,31,2023-05-30 05:10:48,2023-05-30 09:25:01,280.62,41.063,66.23,61.08,15.2,50.685438,162.10701,43.77982,158.529799,Central
3880,35,15,2024-07-02 20:12:37,2024-07-02 23:10:34,91.65,15.276,30.9,89.79,62.51,-72.895084,0.447401,58.32844,-147.972088,West
3881,46,11,2024-05-17 00:38:17,2024-05-17 01:12:09,55.37,11.772,98.08,47.57,29.2,39.278062,38.702737,-25.176749,-77.721864,South
3882,38,15,2024-09-21 17:37:55,2024-09-21 21:30:17,243.77,37.097,62.94,89.3,28.98,52.270423,119.992362,-41.522405,97.366304,North
3883,18,28,2023-08-31 20:36:52,2023-08-31 23:41:49,96.02,13.633,31.15,87.95,71.76,11.250972,150.13484,69.290257,111.820936,South
3884,24,19,2023-07-28 12:22:22,2023-07-28 12:58:26,54.62,12.692,90.86,65.93,52.5,-83.298721,119.176615,35.939959,-38.9269,North
3885,12,2,2023-05-03 05:03:57,2023-05-03 09:17:29,209.47,36.478,49.57,84.39,19.13,61.127911,112.845581,-15.311107,-83.652628,East
3886,50,39,2023-08-27 23:01:04,2023-08-28 01:20:05,134.57,18.961,58.08,88.14,59.67,-30.090888,153.662914,47.519952,167.844601,North
3887,48,33,2023-11-27 17:25:31,2023-11-27 19:15:37,198.92,32.399,108.39,57.07,24.04,58.133241,2.369941,-84.542925,-149.019205,East
3888,44,37,2023-08-10 08:55:06,2023-08-10 09:25:37,35.4,6.892,69.6,42.51,34.81,8.337017,66.395891,-13.858232,61.612936,Central
3889,6,13,2023-12-30 02:03:02,2023-12-30 02:21:03,16.48,2.736,54.88,71.36,66.09,38.125638,92.051158,34.648834,11.975636,Central
3890,25,6,2024-06-15 13:42:56,2024-06-15 19:16:59,191.86,29.065,34.46,89.1,58.01,-42.796324,38.117899,41.259448,-39.779058,East
3891,6,5,2023-01-22 02:19:28,2023-01-22 05:50:05,194.69,31.551,55.46,50.77,5,77.236572,65.567837,-56.872613,2.22129,Central
3892,41,38,2023-05-17 06:13:20,2023-05-17 06:22:00,15.39,2.707,106.54,45.72,40.3,-89.577746,123.767482,18.898709,-21.110445,East
3893,29,28,2024-03-28 21:30:40,2024-03-28 23:20:18,200.87,44.803,109.92,69.0,5,56.416517,146.193641,-6.446093,81.308104,North
3894,41,23,2023-07-01 12:59:56,2023-07-01 14:12:26,73.36,10.354,60.7,66.96,46.21,-72.467063,19.999975,78.932254,1.659246,East
3895,6,35,2024-08-30 17:39:20,2024-08-30 20:32:48,227.58,46.548,78.71,31.06,5,-15.999199,91.257397,-52.384236,75.657221,Central
3896,17,20,2023-04-09 12:01:55,2023-04-09 13:07:19,87.73,11.428,80.47,39.67,15.61,-49.820935,-138.031436,18.935811,-132.314965,South
3897,32,12,2024-02-02 23:35:29,2024-02-03 03:56:41,224.68,50.938,51.61,42.44,5,-67.840043,126.270825,57.858441,-157.247277,East
3898,49,34,2024-02-23 11:55:18,2024-02-23 13:38:53,183.33,34.231,106.18,46.73,6.79,-62.585878,75.325923,50.829465,-128.990049,Central
3899,9,34,2023-10-24 02:59:43,2023-10-24 04:41:15,133.67,25.521,78.98,77.56,39.41,11.184822,11.347509,64.187521,-109.90539,West
3900,28,19,2023-05-17 11:48:17,2023-05-17 12:48:43,88.86,21.615,88.2,41.48,5,16.923202,-24.963174,-51.838251,101.276361,Central
3901,11,36,2023-09-14 03:20:52,2023-09-14 04:57:34,106.34,24.303,65.98,43.27,5,-24.103639,-137.087592,-56.535542,77.510692,North
3902,2,37,2024-10-31 12:15:48,2024-10-31 13:15:32,107.48,22.144,107.93,85.42,48.64,-14.147673,30.021905,-29.672683,-4.808215,North
3903,38,40,2023-10-17 21:16:49,2023-10-17 23:07:12,184.59,42.682,100.33,89.88,20.48,84.144871,-107.735058,-89.586395,-107.222717,North
3904,1,16,2024-03-18 04:51:39,2024-03-18 06:08:25,130.94,23.652,102.34,86.79,36.14,39.285801,54.668922,-83.867309,151.285751,East
3905,25,14,2023-09-08 15:51:39,2023-09-08 17:44:12,182.28,30.874,97.16,60.57,27.55,-23.12236,36.083045,87.210257,102.145865,East
3906,19,30,2023-04-07 18:43:38,2023-04-07 22:05:32,241.76,53.536,71.84,30.29,5,-45.493837,86.805492,-56.658056,-47.863698,South
3907,42,22,2023-08-01 19:08:49,2023-08-01 19:47:12,45.23,10.952,70.69,59.6,45.02,-85.338769,82.960744,-81.35609,-117.24904,Central
3908,22,40,2024-05-16 00:43:09,2024-05-16 02:46:21,123.58,22.438,60.18,92.59,69.02,71.131286,-9.783909,-21.163562,23.728193,Central
3909,42,35,2024-04-19 19:16:53,2024-04-19 21:55:27,175.92,25.118,66.56,56.56,23.11,74.493415,95.109405,63.663466,-148.770202,Central
3910,50,2,2024-11-08 10:39:42,2024-11-08 13:18:01,259.67,36.406,98.41,67.98,13.32,-39.242457,163.92902,62.995509,-129.185779,North
3911,19,40,2023-12-09 00:03:41,2023-12-09 07:32:47,272.91,42.516,36.46,92.62,46.21,67.51992,-9.992416,-71.453857,-11.81716,South
3912,38,17,2024-09-10 08:42:36,2024-09-10 11:58:59,285.66,40.654,87.27,91.45,25.35,33.967377,-56.023585,-68.865604,-172.907136,North
3913,30,31,2024-10-06 02:41:59,2024-10-06 04:24:54,110.76,23.073,64.57,51.18,5,-18.164058,-159.167191,-59.652729,-172.237459,South
3914,6,35,2024-07-19 10:22:08,2024-07-19 11:49:44,154.03,27.128,105.49,74.6,22.33,10.52629,89.806971,-11.855635,114.127161,Central
3915,48,19,2023-07-22 12:54:30,2023-07-22 14:51:19,171.08,28.073,87.86,41.75,13.13,34.057716,-102.441378,-28.574109,11.544119,East
3916,16,24,2024-04-19 08:12:12,2024-04-19 10:39:31,266.84,45.181,108.67,67.41,5,79.581247,-63.755841,53.05905,-108.961648,East
3917,21,21,2024-08-12 21:31:26,2024-08-13 00:52:12,273.25,48.918,81.66,80.8,15.58,80.553241,106.055703,85.324691,-138.839696,West
3918,41,15,2024-01-12 07:13:22,2024-01-12 10:22:50,106.23,23.363,33.64,83.61,36.79,-66.380016,-129.682245,35.962896,13.098587,East
3919,19,12,2024-09-09 19:25:11,2024-09-10 00:11:09,170.49,33.151,35.77,84.04,47.85,-5.635649,-146.376996,70.46535,106.173069,South
3920,13,22,2024-09-14 13:44:17,2024-09-14 16:15:47,136.48,19.872,54.05,32.16,5,79.808269,-0.416474,29.64406,18.588905,East
3921,4,16,2024-02-23 14:08:47,2024-02-23 15:18:31,100.5,22.044,86.46,61.88,24.45,-61.946878,-63.129003,-39.380952,-23.147213,West
3922,29,20,2024-02-04 08:40:43,2024-02-04 17:01:09,297.85,65.737,35.71,56.73,5,89.096249,127.617124,23.780012,158.277226,North
3923,38,19,2024-03-21 00:56:21,2024-03-21 01:47:49,77.13,18.062,89.89,85.86,56.49,-3.836051,75.738715,-72.99149,157.0254,North
3924,48,25,2023-06-02 03:08:19,2023-06-02 04:51:58,100.31,23.15,58.06,31.23,7.63,-1.657793,-111.421136,-79.9335,-88.6089,East
3925,2,6,2024-10-22 08:01:01,2024-10-22 11:33:15,230.42,46.575,65.14,67.58,5,-17.770955,125.797311,33.223081,6.601247,North
3926,8,40,2024-05-18 17:19:44,2024-05-18 18:03:41,66.48,12.661,90.73,71.78,48.46,-20.64207,-32.431349,82.986639,126.39671,North
3927,28,10,2024-12-05 03:20:23,2024-12-05 06:21:12,261.13,50.372,86.65,59.88,5,19.782774,146.1364,-85.127401,61.34239,Central
3928,35,4,2024-11-23 11:23:25,2024-11-23 12:36:51,68.79,16.746,56.2,39.53,9.63,-25.399548,19.319795,28.206173,133.03393,West
3929,32,14,2023-07-17 01:51:34,2023-07-17 03:39:47,94.69,15.243,52.5,70.88,48.53,-27.822829,40.276062,6.941573,-138.330834,East
3930,37,39,2023-10-21 05:28:55,2023-10-21 08:03:29,225.43,43.838,87.5,45.12,5,-57.292565,-120.514844,32.035683,1.656408,North
3931,49,10,2023-06-02 08:59:26,2023-06-02 10:04:24,70.59,13.215,65.18,57.41,41.99,60.573442,26.395561,-27.589699,103.656099,Central
3932,4,29,2024-11-16 16:29:51,2024-11-16 18:14:50,69.85,11.427,39.92,59.02,39.62,81.048781,-129.560815,67.433019,87.190427,West
3933,27,30,2023-12-25 11:55:50,2023-12-25 18:00:26,266.41,38.978,43.84,56.88,5,-69.828649,161.657346,-85.499584,15.387051,South
3934,18,26,2023-12-12 06:00:34,2023-12-12 07:55:10,163.76,39.009,85.73,63.11,16.78,41.262234,99.146212,87.852538,-123.305689,South
3935,40,39,2024-01-15 08:09:18,2024-01-15 12:56:28,245.05,54.599,51.2,62.23,5,-12.926778,91.906581,-49.251263,-140.322247,East
3936,28,40,2023-07-31 17:54:42,2023-07-31 20:26:00,206.82,47.717,82.01,91.16,9.03,-15.371723,-172.116398,46.463384,20.477105,Central
3937,26,9,2024-04-01 06:32:52,2024-04-01 08:58:06,109.47,24.572,45.22,78.74,30.46,-63.605047,-52.825993,32.000678,68.932296,East
3938,2,16,2024-01-05 20:58:40,2024-01-05 22:51:44,119.84,15.939,63.59,60.9,34.42,30.329061,-37.00499,6.381583,-0.547294,North
3939,12,2,2024-11-04 02:09:16,2024-11-04 04:19:49,146.61,29.558,67.38,35.23,5,-7.93462,35.380741,-24.254748,-111.920182,East
3940,27,13,2023-08-20 12:00:34,2023-08-20 12:34:12,31.04,4.809,55.37,60.63,54.06,64.796388,54.387924,-67.204363,-23.66046,South
3941,16,4,2024-04-28 02:44:20,2024-04-28 04:39:24,178.57,24.211,93.1,71.82,31.4,81.265756,98.070343,-78.567129,-105.417531,East
3942,21,3,2024-09-10 12:16:15,2024-09-10 14:18:07,125.67,18.599,61.87,77.19,52.39,22.016837,-121.061923,-67.865876,-116.991386,West
3943,22,17,2023-09-24 17:32:17,2023-09-24 18:14:49,77.03,16.066,108.66,82.03,65.15,41.550801,124.029442,70.266371,-113.866904,Central
3944,32,24,2023-07-11 01:48:21,2023-07-11 04:11:21,105.88,22.364,44.42,43.02,10.23,82.950604,80.671017,-47.11544,47.786107,East
3945,31,28,2023-01-25 18:30:13,2023-01-25 20:21:21,191.23,25.169,103.23,73.62,45.5,44.19103,-115.204745,-66.556995,148.673441,Central
3946,3,17,2023-12-29 06:36:24,2023-12-29 06:43:46,13.53,1.873,109.96,77.9,75.82,-68.859216,-131.260953,-30.861308,151.246924,North
3947,18,20,2024-03-30 07:35:34,2024-03-30 11:09:34,296.93,41.373,83.25,83.59,34.45,-48.112975,-27.113669,55.279294,-34.194554,South
3948,43,39,2024-01-25 19:25:37,2024-01-25 21:22:05,172.47,42.985,88.85,84.18,30.58,80.188169,31.00235,82.721138,65.306996,West
3949,8,36,2023-03-21 01:43:57,2023-03-21 05:27:17,206.44,50.66,55.46,43.98,5,84.945383,-70.468556,49.387801,-2.299026,North
3950,21,26,2023-11-28 04:23:48,2023-11-28 04:42:30,27.57,4.99,88.41,60.57,53.92,12.448849,-0.402852,-42.175562,41.360658,West
3951,8,33,2024-05-14 07:20:07,2024-05-14 11:00:42,230.41,29.955,62.67,61.65,6.48,-12.531889,-149.879566,64.11655,-150.887478,North
3952,34,38,2023-11-16 16:56:35,2023-11-16 18:26:29,122.97,21.644,82.07,80.83,40.37,-82.016869,66.965185,-41.885528,171.800668,West
3953,12,40,2023-01-13 06:57:24,2023-01-13 09:31:32,223.41,38.241,86.96,53.98,5,78.373088,136.06933,-23.924192,34.479624,East
3954,43,38,2023-10-19 05:09:01,2023-10-19 05:16:21,9.95,2.151,81.35,34.41,31.73,71.592394,130.495625,-85.073004,93.245326,West
3955,50,15,2024-06-21 05:23:30,2024-06-21 06:13:15,73.31,11.166,88.4,67.33,50.56,-50.777985,-157.418349,54.115282,-159.506185,North
3956,32,19,2024-10-26 09:10:00,2024-10-26 09:21:37,10.12,1.609,52.26,61.28,58.92,-39.683689,164.969049,0.82899,52.326404,East
3957,39,28,2023-05-16 17:17:59,2023-05-17 01:04:09,274.81,37.942,35.37,33.56,5,-68.502177,101.375112,-81.131562,155.114839,East
3958,8,35,2023-10-29 19:05:34,2023-10-29 21:12:49,115.95,27.145,54.67,49.99,5,77.116337,122.260207,61.807904,141.384594,North
3959,16,36,2024-04-03 20:57:06,2024-04-04 01:58:07,252.21,47.93,50.27,77.66,5,57.441555,172.51906,24.275626,-139.691319,East
3960,13,17,2023-12-20 13:40:36,2023-12-20 15:23:51,93.27,14.229,54.2,38.33,14.85,62.624597,111.679149,62.86278,57.706882,East
3961,43,17,2023-08-08 01:20:43,2023-08-08 01:41:04,35.42,7.462,104.4,78.51,69.21,-47.04968,78.257943,30.270308,112.25973,West
3962,17,33,2024-01-09 11:42:33,2024-01-09 13:43:17,195.32,37.984,97.06,94.49,14.52,-23.031302,-22.613956,36.367311,-108.972955,South
3963,49,27,2023-11-18 06:25:54,2023-11-18 07:24:09,96.48,16.044,99.37,62.3,43.58,75.957492,-3.381161,73.054736,-158.754372,Central
3964,16,6,2023-06-08 02:33:16,2023-06-08 10:11:52,276.01,36.168,36.11,73.83,13.45,39.435228,-60.602829,78.653869,79.618889,East
3965,27,33,2023-10-18 09:46:42,2023-10-18 10:23:33,62.7,13.963,102.06,93.08,74.0,-18.397582,-35.986485,48.658194,95.969384,South
3966,39,6,2023-09-29 06:42:41,2023-09-29 07:33:03,66.96,13.027,79.76,64.27,41.77,89.693765,-42.057934,-39.276616,85.124702,East
3967,45,11,2024-06-22 20:44:39,2024-06-22 21:17:08,40.08,9.428,74.03,51.31,39.48,47.916989,127.887005,75.159619,-8.870987,North
3968,44,4,2024-09-20 05:58:50,2024-09-20 09:12:34,175.31,39.487,54.29,87.6,43.48,78.080839,-100.756396,-6.064749,-144.658118,Central
3969,6,11,2024-03-06 07:19:08,2024-03-06 12:31:39,293.87,67.808,56.42,82.5,5,37.049076,-107.272408,-62.631583,171.843919,Central
3970,10,25,2023-12-24 20:21:36,2023-12-24 21:42:02,106.82,16.521,79.67,43.98,19.43,30.718781,-112.757521,56.002095,-97.946248,North
3971,9,38,2023-06-21 03:25:16,2023-06-21 04:29:04,96.76,18.939,90.98,67.18,38.87,0.276288,-161.084954,-1.126371,-66.170947,West
3972,3,4,2023-06-02 07:09:31,2023-06-02 15:21:01,288.35,50.813,35.2,46.78,5,-22.753442,-108.557993,28.098483,178.81124,North
3973,19,9,2024-06-30 11:38:01,2024-06-30 13:33:50,183.98,27.383,95.31,50.26,20.37,73.129108,-152.246983,9.103665,33.022069,South
3974,50,39,2024-11-11 15:26:42,2024-11-11 17:08:49,114.14,28.235,67.06,84.68,42.29,-25.37628,-52.466631,-37.675416,147.396505,North
3975,4,38,2024-07-25 06:49:00,2024-07-25 13:08:31,277.5,41.228,43.87,63.48,5,41.839307,14.058354,67.207701,160.255645,West
3976,15,19,2023-03-12 10:21:31,2023-03-12 15:53:42,297.09,45.632,53.66,56.1,5,12.691158,40.984046,-36.614657,157.969854,West
3977,8,22,2024-11-16 13:51:35,2024-11-16 17:09:00,194.13,47.421,59.0,85.18,5,82.421398,128.802955,-82.669849,42.168152,North
3978,25,15,2023-01-31 06:51:11,2023-01-31 07:29:50,60.99,11.221,94.68,49.29,37.29,55.7004,175.102315,-60.444457,55.814439,East
3979,39,6,2024-06-05 17:44:34,2024-06-05 19:51:43,215.1,50.884,101.5,70.08,5,17.986703,144.484267,56.969502,-40.25719,East
3980,31,24,2024-04-21 20:08:15,2024-04-21 22:08:48,166.96,30.853,83.09,50.34,15.87,-44.440867,13.525323,64.055881,-17.143918,Central
3981,32,16,2024-08-05 00:11:41,2024-08-05 04:29:46,241.06,34.8,56.04,87.61,36.58,24.61026,79.314893,1.006591,-87.934048,East
3982,40,12,2024-04-09 04:44:24,2024-04-09 09:04:53,179.35,41.775,41.31,91.02,43.6,30.518424,-0.916798,-7.87518,-143.951438,East
3983,43,18,2023-09-23 01:14:03,2023-09-23 02:01:26,50.05,12.122,63.36,74.49,59.38,0.884892,-121.372301,-78.178008,-150.165695,West
3984,9,2,2023-11-22 17:16:09,2023-11-22 20:05:21,291.65,72.29,103.42,78.63,5,-33.483146,141.295164,-87.667831,-15.349447,West
3985,29,40,2023-03-14 10:55:46,2023-03-14 11:01:43,10.09,2.341,101.61,87.73,82.95,24.492842,-137.577915,-61.611883,-59.754734,North
3986,38,9,2023-05-05 07:18:41,2023-05-05 12:14:44,200.93,35.874,40.72,78.1,19.77,-76.356847,8.441728,-41.860297,33.575199,North
3987,12,27,2024-10-02 04:42:06,2024-10-02 08:31:55,153.52,31.616,40.08,74.66,18.1,11.5292,-6.150211,40.726084,-30.387413,East
3988,36,23,2024-12-21 16:45:46,2024-12-21 21:11:25,193.22,44.495,43.64,80.84,10.44,-81.109651,29.744321,54.358267,121.732623,West
3989,41,25,2023-04-24 09:50:05,2023-04-24 10:08:32,13.99,2.781,45.48,47.61,42.04,-32.643006,121.559885,-72.67861,-69.006204,East
3990,8,1,2023-01-09 15:20:13,2023-01-09 17:32:35,106.85,22.022,48.43,73.03,32.47,6.013222,-4.858165,39.307215,-106.412225,North
3991,45,23,2024-01-18 08:42:04,2024-01-18 09:45:53,43.2,5.871,40.61,70.77,63.4,16.478515,78.948294,-24.534412,159.578356,North
3992,15,11,2023-04-24 05:17:55,2023-04-24 05:25:46,14.0,3.354,106.81,72.97,68.79,-55.048286,61.348803,-80.591335,-92.854657,West
3993,21,36,2023-09-21 18:36:31,2023-09-21 20:42:37,186.63,28.548,88.8,46.52,8.46,-29.672873,17.704744,-36.149611,-116.43908,West
3994,34,8,2023-04-23 10:17:57,2023-04-23 15:17:20,184.97,44.044,37.07,51.75,5,61.521062,-24.536027,-39.286153,30.535017,West
3995,3,22,2024-06-09 18:10:13,2024-06-09 21:08:06,298.78,39.668,100.77,82.18,38.1,-12.684371,103.951435,-52.691494,24.544009,North
3996,12,34,2023-11-07 05:58:59,2023-11-07 06:08:37,9.7,1.294,60.41,48.72,46.41,51.646158,-65.387445,-79.112424,126.943953,East
3997,14,17,2023-01-10 22:29:32,2023-01-11 00:40:51,128.46,24.054,58.69,49.53,5,1.110329,173.439022,-27.9018,-121.677673,East
3998,33,26,2024-06-21 22:48:51,2024-06-22 01:33:17,294.02,58.671,107.28,32.71,5,3.605074,17.278316,-63.525092,129.855183,Central
3999,19,6,2024-05-07 21:08:10,2024-05-07 22:52:20,153.29,27.941,88.29,62.83,32.33,-23.455982,142.2841,-67.354476,109.122757,South
4000,50,17,2023-06-08 15:16:01,2023-06-08 15:25:04,15.41,3.558,102.05,51.4,46.06,9.155703,24.18259,-70.93556,-90.557315,North
4001,32,9,2023-06-21 07:29:28,2023-06-21 09:45:08,156.87,30.002,69.37,63.06,19.07,28.084972,-142.098516,-67.730508,131.949131,East
4002,29,23,2023-11-27 13:09:42,2023-11-27 15:12:32,210.69,48.364,102.91,69.87,5,86.865176,-80.015743,-80.747309,-121.221089,North
4003,6,14,2023-10-30 10:03:45,2023-10-30 15:53:35,199.41,47.102,34.2,72.07,5,-58.254571,178.227307,-36.983472,-81.205503,Central
4004,11,38,2023-01-18 21:18:43,2023-01-18 23:44:37,265.99,62.289,109.38,81.96,5,16.837708,42.253479,18.172442,-101.546925,North
4005,40,25,2023-01-08 02:02:14,2023-01-08 06:04:39,277.02,58.132,68.56,68.29,5,85.937822,-108.932605,-10.981201,-179.580367,East
4006,33,6,2024-08-08 09:20:24,2024-08-08 14:57:16,175.34,27.156,31.23,63.08,33.53,4.893237,-95.971551,-19.162215,-113.212011,Central
4007,10,17,2024-10-27 12:36:57,2024-10-27 16:29:40,298.46,50.356,76.95,94.37,19.55,64.264504,-139.937539,32.917972,168.331977,North
4008,18,36,2023-05-11 20:51:07,2023-05-12 00:37:48,285.47,57.292,75.56,50.02,5,-82.452175,-78.109335,-22.777104,60.245463,South
4009,10,17,2023-12-23 23:35:30,2023-12-24 02:20:41,243.62,38.493,88.49,92.21,35.01,72.716522,134.371159,-57.204789,-80.758338,North
4010,33,9,2024-03-11 13:57:45,2024-03-11 15:15:04,75.61,16.502,58.67,36.04,18.08,72.37953,62.467775,-12.795922,-171.072611,Central
4011,35,14,2024-05-11 19:05:46,2024-05-11 19:23:01,21.61,3.136,75.15,77.37,71.77,70.194365,175.078674,-14.955794,35.436885,West
4012,30,32,2023-01-07 01:53:49,2023-01-07 06:43:04,243.31,46.727,50.47,63.18,5,57.089571,84.37567,48.785443,-47.985092,South
4013,45,34,2024-08-04 03:43:56,2024-08-04 06:07:54,232.22,49.382,96.78,51.56,5,41.217061,4.404571,-47.398588,142.74519,North
4014,12,38,2024-11-22 23:55:55,2024-11-23 00:31:17,54.21,10.526,91.94,91.05,72.22,26.742168,-39.569399,62.918214,-41.695102,East
4015,14,11,2024-02-13 04:43:20,2024-02-13 07:50:24,272.34,60.246,87.35,88.57,5,76.226557,-53.806231,59.106661,-22.691837,East
4016,10,34,2023-06-19 14:02:12,2023-06-19 14:52:48,50.51,12.011,59.88,32.71,14.86,-80.012659,-165.12732,54.500764,127.575773,North
4017,37,22,2023-11-28 17:36:27,2023-11-28 20:37:57,162.88,29.431,53.84,91.24,58.93,-63.503565,165.769552,-3.968332,-28.741043,North
4018,31,32,2024-01-26 05:04:33,2024-01-26 05:10:28,10.45,2.364,105.93,48.11,45.47,27.384988,-164.238261,80.325186,48.722895,Central
4019,17,31,2023-07-28 18:48:37,2023-07-28 21:43:37,221.55,41.428,75.96,84.01,5,-7.729366,-10.826099,-75.256925,-138.317222,South
4020,12,6,2023-06-29 11:06:10,2023-06-29 13:30:03,110.44,18.63,46.05,90.95,57.62,78.601257,20.969164,-56.872054,-101.635765,East
4021,27,22,2024-04-10 19:13:24,2024-04-10 21:03:21,190.41,35.916,103.9,75.5,26.43,-34.14877,111.782574,-58.918645,-32.814311,South
4022,39,30,2023-08-03 17:06:18,2023-08-03 17:27:58,30.66,5.057,84.87,75.87,67.14,39.505714,-103.227211,-14.559371,123.771812,East
4023,38,25,2024-06-15 04:53:55,2024-06-15 07:27:24,266.76,45.026,104.28,57.86,5,87.617242,133.616861,86.68478,-129.45126,North
4024,10,8,2024-09-05 12:58:11,2024-09-05 15:39:47,187.04,29.343,69.44,46.72,5,3.062269,-152.344084,4.168569,27.292115,North
4025,44,27,2023-10-04 04:43:42,2023-10-04 11:21:41,237.2,49.091,35.76,53.28,5,23.370643,163.976618,-60.211688,-175.720646,Central
4026,24,8,2024-04-19 20:53:58,2024-04-19 22:36:46,123.97,30.031,72.35,57.74,25.96,41.734865,-4.677317,82.478553,149.320311,North
4027,1,4,2024-03-15 09:52:10,2024-03-15 14:48:29,286.85,43.613,58.08,62.78,5,-26.818715,-45.46805,51.189248,-151.069055,East
4028,10,26,2024-09-01 04:06:06,2024-09-01 05:57:57,61.54,10.417,33.01,79.31,63.83,-44.676398,-70.079856,-29.607516,106.407006,North
4029,35,10,2023-05-15 00:36:05,2023-05-15 07:15:51,276.98,61.246,41.57,64.08,5,51.428846,-123.565321,-61.897486,-79.147772,West
4030,16,20,2024-08-22 20:35:31,2024-08-23 01:12:48,200.53,39.383,43.39,54.8,5,0.880879,103.557472,-68.876957,-38.935883,East
4031,41,34,2024-08-18 04:43:21,2024-08-18 05:41:33,79.94,11.187,82.39,33.21,10.79,-47.819245,-91.868108,85.841156,94.682487,East
4032,45,33,2023-01-27 02:05:22,2023-01-27 03:00:33,86.01,14.278,93.49,42.77,24.86,-71.569295,-151.598853,-28.218291,155.343864,North
4033,1,5,2024-10-13 06:52:21,2024-10-13 09:27:07,257.03,40.878,99.64,58.51,5,-60.447688,133.425437,-80.584332,15.834525,East
4034,38,26,2023-11-07 21:06:35,2023-11-08 01:24:30,296.1,50.087,68.88,90.36,8.92,-55.437968,-106.765322,-37.841782,-47.049361,North
4035,21,27,2024-11-15 02:23:31,2024-11-15 02:35:11,9.65,1.71,49.6,40.03,37.75,-37.53159,133.298615,3.843975,-74.541743,West
4036,44,28,2024-01-12 08:46:24,2024-01-12 11:14:12,257.46,45.917,104.51,83.61,32.31,-75.075094,83.556344,70.824881,57.019616,Central
4037,50,9,2024-01-21 01:52:16,2024-01-21 02:25:58,45.13,8.007,80.33,78.71,66.69,-49.626706,-109.474919,-76.762515,109.115115,North
4038,50,20,2024-04-29 17:09:05,2024-04-29 21:39:59,174.15,37.49,38.57,74.91,18.62,45.144998,98.29508,-80.47139,-123.408389,North
4039,27,27,2023-12-12 05:06:05,2023-12-12 07:14:40,222.97,42.399,104.04,39.98,5,-26.457538,40.103485,27.258793,152.729963,South
4040,3,11,2023-03-08 09:40:24,2023-03-08 12:10:10,264.45,57.311,105.94,93.04,29.36,21.943226,-172.651633,31.068327,-100.614878,North
4041,46,14,2024-03-08 16:46:34,2024-03-08 19:13:56,77.54,13.246,31.57,62.31,41.65,-33.743743,4.920186,56.341183,-32.190135,South
4042,25,36,2023-04-18 18:40:08,2023-04-18 19:24:11,31.36,5.055,42.7,41.86,36.45,10.415852,-42.502623,24.308325,143.643313,East
4043,43,24,2023-11-05 21:00:43,2023-11-05 23:04:05,145.92,25.894,70.96,48.76,16.47,-76.225048,-43.834021,31.742618,-119.676635,West
4044,33,36,2024-04-18 10:05:44,2024-04-18 17:27:38,234.14,40.086,31.79,61.23,17.61,-7.071655,56.757679,-26.024265,117.781455,Central
4045,48,37,2024-06-25 08:24:47,2024-06-25 12:57:57,173.01,31.96,38.0,62.82,30.24,37.50542,152.202657,29.47833,-169.796543,East
4046,28,24,2023-02-23 05:20:12,2023-02-23 05:55:57,50.19,7.103,84.21,48.03,35.8,62.073482,121.160232,50.462569,-29.855003,Central
4047,24,39,2024-08-29 10:16:56,2024-08-29 11:26:18,53.74,12.904,46.48,36.52,22.86,-57.548296,-9.027986,19.311323,-77.448778,North
4048,44,35,2023-05-19 03:14:02,2023-05-19 05:07:23,158.4,35.43,83.84,45.89,6.3,-85.273325,-67.15562,-75.671508,98.457207,Central
4049,26,37,2024-01-05 14:50:10,2024-01-05 16:08:09,85.27,19.068,65.6,52.78,15.32,-68.720507,-136.611978,-12.587715,-54.924446,East
4050,42,3,2024-01-09 22:06:37,2024-01-09 22:17:52,10.53,1.702,56.09,77.14,74.87,80.212222,36.324315,-34.629264,-98.28929,Central
4051,16,20,2023-06-22 22:35:31,2023-06-23 03:09:58,295.28,55.842,64.55,60.6,5,49.796292,143.846459,85.192122,171.680752,East
4052,26,27,2024-09-13 22:11:14,2024-09-13 23:48:07,171.28,39.327,106.06,77.19,5,-72.927975,104.326344,84.991274,177.285853,East
4053,21,40,2024-10-28 21:23:05,2024-10-29 01:17:51,269.79,57.539,68.95,91.53,14.81,68.244625,-163.795172,-67.741219,-134.505792,West
4054,24,8,2023-09-26 13:41:55,2023-09-26 14:33:51,67.1,16.728,77.5,60.33,42.63,52.375878,-25.737694,86.872365,48.159578,North
4055,48,4,2023-03-27 06:37:51,2023-03-27 07:21:36,41.31,7.625,56.64,46.4,38.63,80.405377,40.962066,-71.77931,63.408721,East
4056,17,19,2024-04-22 08:15:27,2024-04-22 14:07:02,288.48,68.465,49.23,34.66,5,1.008416,148.037492,74.210365,-136.313876,South
4057,19,35,2024-01-11 17:52:36,2024-01-11 18:38:21,44.38,10.892,58.19,53.74,41.85,62.694507,-149.0974,-43.989742,14.557396,South
4058,26,26,2023-07-17 17:23:11,2023-07-17 18:00:25,35.64,7.761,57.41,72.13,56.88,-38.122423,0.893375,22.896355,167.355679,East
4059,36,20,2023-03-15 23:13:42,2023-03-16 01:22:44,121.08,22.534,56.3,72.17,36.51,-68.534893,-131.181983,75.833743,-14.908665,West
4060,44,21,2023-04-28 18:56:08,2023-04-28 20:44:36,75.15,13.132,41.57,53.84,39.17,87.574089,-131.621957,42.374673,-49.044943,Central
4061,40,2,2024-10-09 18:41:51,2024-10-09 21:17:40,233.7,53.845,89.99,81.07,19.95,67.801133,23.218663,52.114019,35.129784,East
4062,36,39,2023-08-23 02:43:28,2023-08-23 06:58:32,250.69,52.252,58.97,62.6,5,-16.655862,-78.530398,47.493117,107.008715,West
4063,30,3,2023-05-01 16:34:00,2023-05-01 18:52:29,237.29,38.322,102.8,80.27,5,59.634856,146.13053,46.294825,-26.139576,South
4064,45,8,2024-08-26 06:38:15,2024-08-26 08:04:01,62.06,13.549,43.41,43.87,26.87,28.724567,-144.525737,15.955388,171.366314,North
4065,45,20,2023-12-11 21:29:52,2023-12-11 21:40:27,5.55,0.988,31.46,36.61,35.37,41.401956,58.627472,-0.177871,-50.687794,North
4066,42,29,2024-05-07 03:07:57,2024-05-07 07:25:39,216.31,45.497,50.36,93.64,33.06,65.293493,-148.128092,-46.732009,126.892224,Central
4067,36,16,2023-08-14 21:45:57,2023-08-14 22:29:09,41.72,7.126,57.94,50.76,39.48,55.69095,-57.540665,-42.567124,157.883652,West
4068,3,34,2024-07-07 16:49:15,2024-07-07 17:28:36,68.94,15.304,105.11,54.24,37.24,70.110032,18.215372,1.138061,-134.50417,North
4069,3,8,2023-12-25 10:36:04,2023-12-25 10:45:35,12.49,1.653,78.68,55.24,53.4,61.078117,114.558777,40.390226,23.048201,North
4070,34,23,2024-04-23 06:52:19,2024-04-23 09:20:58,204.95,29.222,82.72,32.56,5,63.870184,-82.699913,44.734617,151.710202,West
4071,3,25,2023-12-24 07:14:37,2023-12-24 09:22:22,173.97,32.822,81.7,67.35,30.88,53.033689,-17.694368,43.572417,95.149891,North
4072,32,39,2023-05-19 07:59:12,2023-05-19 13:08:26,283.53,50.396,55.01,74.19,5,50.899659,-44.932,-57.721708,133.71246,East
4073,12,8,2024-08-04 23:14:22,2024-08-05 02:23:32,240.45,50.434,76.26,80.74,5,75.236744,-34.375287,-42.647143,86.669864,East
4074,42,28,2023-12-12 18:33:47,2023-12-12 21:02:01,123.53,27.778,50.0,94.88,57.89,-11.132567,54.618872,56.648587,-159.994289,Central
4075,36,16,2023-10-13 20:17:09,2023-10-13 23:06:31,264.36,53.221,93.65,75.71,5,31.489092,75.955857,-71.421858,-56.513196,West
4076,3,32,2023-02-14 21:20:17,2023-02-15 00:45:38,139.06,22.585,40.63,64.99,39.9,-77.499916,12.803347,-55.547593,72.417297,North
4077,8,14,2023-06-29 00:31:54,2023-06-29 03:03:16,241.25,49.083,95.62,78.96,5,-17.809894,30.196753,75.190064,-16.563782,North
4078,6,18,2023-05-28 05:40:58,2023-05-28 05:57:46,18.9,2.831,67.45,85.72,80.27,-55.437681,-158.439435,-44.821979,39.095397,Central
4079,45,20,2024-04-22 06:51:31,2024-04-22 08:00:36,71.88,11.285,62.42,73.7,59.54,76.137625,91.429211,52.773012,31.442247,North
4080,35,37,2023-11-18 14:23:01,2023-11-18 15:47:54,135.28,28.861,95.61,34.07,5,-26.810328,59.483489,-7.755502,-93.653107,West
4081,38,2,2023-06-02 06:01:32,2023-06-02 08:11:14,212.56,27.913,98.33,87.93,42.54,-35.804121,-116.790993,53.661747,-57.29021,North
4082,4,30,2024-06-07 03:46:40,2024-06-07 06:05:03,217.67,39.71,94.37,80.32,12.9,-3.825975,147.845715,48.231285,-25.211118,West
4083,28,36,2024-09-24 01:34:13,2024-09-24 02:05:37,50.24,12.405,95.95,63.39,42.04,73.178793,130.434491,-25.658174,70.692984,Central
4084,26,12,2024-06-03 22:18:18,2024-06-03 23:33:27,127.45,25.612,101.75,60.61,10.29,77.248368,-33.383171,-32.85405,48.081552,East
4085,19,5,2023-04-20 21:34:23,2023-04-21 00:15:41,266.48,48.366,99.12,64.0,11.2,84.552836,-176.205033,-44.896791,57.946376,South
4086,42,7,2023-03-10 17:01:33,2023-03-10 19:56:18,244.02,55.054,83.78,92.2,18.89,44.574244,-108.526619,37.224823,172.571883,Central
4087,13,5,2023-07-24 22:35:48,2023-07-25 02:58:48,189.85,43.022,43.31,86.34,15.35,-32.603516,51.741251,48.714687,79.476247,East
4088,8,7,2024-03-30 20:01:06,2024-03-30 21:51:13,149.32,36.944,81.35,66.89,5,23.119219,-80.995206,21.358174,-160.865373,North
4089,26,40,2024-11-02 23:30:22,2024-11-03 00:23:14,95.31,17.554,108.14,79.32,44.83,89.228226,102.92189,-24.300796,-136.380155,East
4090,19,18,2023-10-21 05:54:00,2023-10-21 09:05:43,274.84,58.369,86.01,41.76,5,-36.307007,-169.422143,17.450968,-141.060776,South
4091,25,18,2023-08-11 11:04:23,2023-08-11 18:14:25,277.74,61.852,38.75,36.34,5,-55.154544,-91.577759,-17.553525,12.847234,East
4092,39,22,2023-03-08 06:37:49,2023-03-08 07:17:12,68.08,16.745,103.71,42.19,13.27,35.285481,6.434613,48.626373,125.205132,East
4093,49,22,2023-04-23 03:31:18,2023-04-23 03:49:09,22.09,4.303,74.21,72.12,67.1,62.619712,-97.933108,81.905271,-10.347053,Central
4094,50,38,2023-06-18 01:45:37,2023-06-18 03:02:36,136.14,22.614,106.1,57.87,23.92,-41.606037,58.484244,-84.647418,102.06349,North
4095,9,35,2024-08-27 18:03:00,2024-08-27 20:46:36,269.85,43.505,98.96,91.04,26.01,-58.03373,118.476767,86.978079,-74.040409,West
4096,48,9,2023-05-09 18:58:08,2023-05-09 19:20:12,13.23,2.107,35.96,73.02,70.87,58.113357,145.415926,-74.470132,176.732977,East
4097,18,21,2023-07-27 08:33:01,2023-07-27 11:25:11,292.56,53.582,101.95,37.23,5,74.759751,24.034533,66.49641,-33.095336,South
4098,39,14,2024-12-08 22:04:05,2024-12-09 00:41:32,119.8,28.203,45.65,63.03,14.32,-41.950496,41.05493,44.248407,12.773474,East
4099,30,19,2023-12-31 01:26:25,2023-12-31 09:32:11,272.84,67.928,33.7,67.25,5,-53.806918,163.518357,47.93397,-36.78703,South
4100,48,31,2023-12-05 06:07:59,2023-12-05 06:38:10,36.98,6.481,73.48,80.41,73.8,53.685145,33.769366,12.642222,176.082529,East
4101,43,24,2023-01-03 00:09:45,2023-01-03 01:57:15,147.54,20.343,82.34,74.79,49.42,-60.854889,30.756872,38.42837,-162.715262,West
4102,31,12,2023-03-14 20:43:44,2023-03-15 01:17:38,152.2,35.229,33.34,65.46,26.1,-50.058099,85.016163,15.522436,-159.593427,Central
4103,30,36,2023-02-08 07:29:54,2023-02-08 12:41:44,198.75,39.535,38.24,55.35,5,-53.436659,-125.746812,-81.228925,-34.669978,South
4104,3,15,2024-11-19 05:08:08,2024-11-19 10:55:58,249.0,51.922,42.95,84.92,27.23,-74.692949,-25.104203,38.672132,86.780778,North
4105,30,17,2024-04-22 11:55:29,2024-04-22 14:22:06,131.67,18.434,53.88,68.27,26.85,-79.82249,73.911443,-1.90562,23.257042,South
4106,3,21,2024-07-11 15:04:26,2024-07-11 18:05:32,272.33,36.071,90.22,69.6,29.52,-40.384037,-157.689341,-71.239423,45.256334,North
4107,19,37,2023-01-26 18:42:47,2023-01-26 22:01:21,289.75,60.1,87.55,78.79,13.18,2.921721,-31.479227,87.915693,164.97104,South
4108,17,20,2023-04-12 12:12:29,2023-04-12 13:27:51,104.21,25.569,82.96,37.44,5,-1.280609,101.576296,21.677077,-11.401429,South
4109,33,4,2023-04-06 20:01:21,2023-04-06 21:54:34,167.93,33.395,88.99,54.29,17.95,28.791773,-17.097851,-77.278712,135.842946,Central
4110,15,26,2024-02-28 04:21:07,2024-02-28 05:07:04,46.95,8.709,61.3,92.04,81.18,-39.894777,99.969697,-35.772046,-148.926292,West
4111,14,8,2023-09-15 23:03:02,2023-09-16 06:53:10,277.07,65.987,35.36,46.18,5,63.427954,-175.274989,-87.743994,-130.239142,East
4112,11,22,2023-05-14 11:55:54,2023-05-14 16:00:31,123.45,22.321,30.28,41.33,5,12.778272,-127.571143,-76.768945,-101.256399,North
4113,2,36,2024-07-03 19:04:31,2024-07-03 21:41:40,155.46,20.405,59.35,47.96,14.06,-38.228888,12.552062,-46.427002,22.711487,North
4114,43,15,2023-06-04 13:22:56,2023-06-04 17:18:04,232.95,44.358,59.44,45.0,5,-70.08178,6.108924,52.937477,9.356891,West
4115,24,13,2024-06-14 01:39:31,2024-06-14 04:46:22,252.56,43.807,81.1,30.28,5,-28.85432,-72.20255,-71.111418,-29.324847,North
4116,18,21,2024-10-23 05:03:57,2024-10-23 05:36:38,29.92,5.245,54.92,89.69,83.46,47.265455,86.580892,42.424908,51.290253,South
4117,16,23,2023-04-05 20:26:23,2023-04-05 20:44:03,12.67,1.719,43.03,35.3,32.43,-60.69663,135.081414,-2.511496,-171.749453,East
4118,8,10,2024-12-08 12:04:25,2024-12-08 15:43:57,165.21,28.766,45.15,67.14,14.16,-60.53912,57.691191,26.829534,2.277055,North
4119,45,38,2024-07-02 18:44:34,2024-07-02 20:40:25,147.25,25.13,76.26,90.56,59.03,43.60438,-53.529467,-39.038292,174.357675,North
4120,43,30,2023-03-19 15:30:22,2023-03-19 17:40:17,150.37,32.166,69.44,85.71,45.6,27.014762,-96.261011,56.337395,154.593259,West
4121,15,3,2023-09-26 06:43:00,2023-09-26 08:37:27,126.19,25.083,66.15,33.7,5,75.432773,97.879005,21.303511,-92.734664,West
4122,6,9,2023-07-17 00:21:49,2023-07-17 03:32:51,273.47,38.61,85.89,30.31,5,77.757853,-43.090138,36.368291,56.829001,Central
4123,30,17,2024-02-25 02:33:33,2024-02-25 05:14:28,243.7,48.952,90.86,71.03,5,-34.763419,-155.886845,-42.180208,107.935238,South
4124,16,16,2023-12-15 03:23:23,2023-12-15 05:43:44,118.63,21.878,50.71,79.14,42.62,20.260831,-178.828886,85.183628,152.702887,East
4125,30,30,2023-12-28 00:16:49,2023-12-28 04:17:42,260.37,45.964,64.85,33.94,5,-37.069943,144.121261,-16.583662,-112.054833,South
4126,17,20,2023-09-10 02:56:02,2023-09-10 06:21:45,282.81,56.691,82.48,76.44,5,-49.172578,-9.24652,56.782609,-88.292139,South
4127,34,15,2024-10-16 14:09:28,2024-10-16 14:28:19,28.61,3.872,91.0,79.42,72.18,59.745046,43.885524,-89.779692,29.816758,West
4128,17,12,2023-07-25 04:58:57,2023-07-25 07:45:04,176.14,38.229,63.62,83.87,5,9.658152,104.078938,51.277591,126.476897,South
4129,26,32,2024-11-27 01:12:14,2024-11-27 03:53:18,294.11,65.745,109.56,52.12,5,-74.277989,-26.306576,56.109571,-88.727667,East
4130,24,35,2023-08-07 04:28:12,2023-08-07 07:12:05,269.59,57.722,98.7,68.13,7.05,11.130652,41.53116,-25.854501,43.835451,North
4131,33,14,2024-10-17 07:39:27,2024-10-17 08:42:49,39.53,5.232,37.42,52.39,46.7,-86.850554,40.013325,-60.980466,79.943842,Central
4132,26,19,2023-05-06 23:35:19,2023-05-07 01:48:45,147.68,29.542,66.4,80.66,22.62,30.243195,170.179072,-83.894351,71.576459,East
4133,28,38,2024-07-11 18:42:32,2024-07-11 21:32:51,267.48,38.54,94.22,56.88,5,-42.26574,123.555404,-67.537905,-48.036313,Central
4134,9,4,2024-01-12 00:35:28,2024-01-12 04:21:10,286.24,67.476,76.09,55.49,5,-45.805665,-93.404345,25.344919,-23.669803,West
4135,28,19,2024-06-07 05:01:03,2024-06-07 08:33:01,224.24,42.921,63.47,59.99,5,-40.17093,-174.608102,-78.466131,101.590276,Central
4136,34,10,2023-05-10 06:16:56,2023-05-10 07:50:56,119.28,20.342,76.13,49.24,11.22,-47.338386,14.315591,59.416087,-20.641439,West
4137,49,2,2024-08-11 22:05:30,2024-08-12 00:11:54,64.95,15.9,30.83,62.99,44.44,52.18625,11.367144,18.456256,-50.864223,Central
4138,29,34,2024-10-28 15:20:24,2024-10-28 17:02:36,107.92,18.937,63.35,84.79,46.14,44.333808,65.635779,14.968602,6.794404,North
4139,42,39,2023-05-22 08:39:25,2023-05-22 11:15:46,277.04,49.57,106.31,76.66,10.65,77.881157,136.624345,-21.431489,-55.059249,Central
4140,16,34,2023-04-13 16:41:57,2023-04-13 19:43:21,279.79,57.35,92.54,60.96,5,-86.651884,16.812276,-54.678708,-133.538125,East
4141,33,29,2024-11-22 13:42:42,2024-11-22 15:30:29,139.58,30.823,77.69,60.45,26.91,22.203041,-90.268557,14.474564,-65.157309,Central
4142,16,37,2024-03-14 20:22:42,2024-03-15 00:40:25,268.46,50.911,62.5,54.46,5,-47.128855,-141.716391,-53.602593,173.610112,East
4143,42,12,2024-11-14 00:07:05,2024-11-14 02:35:51,224.9,47.321,90.7,58.86,5,-67.311451,-116.552484,-3.147825,-79.205517,Central
4144,8,4,2023-12-07 01:16:25,2023-12-07 03:22:23,228.99,44.989,109.07,38.01,5,51.040676,-134.440628,36.147085,-141.171611,North
4145,31,12,2023-05-26 13:58:24,2023-05-26 20:06:18,199.9,47.6,32.6,65.08,11.9,22.639424,44.17919,65.783034,84.84563,Central
4146,13,19,2023-06-06 16:15:47,2023-06-06 17:26:18,53.37,8.487,45.41,91.21,77.21,-56.233142,-60.350178,51.395103,-63.761448,East
4147,12,14,2024-04-24 01:39:39,2024-04-24 05:21:28,178.87,23.737,48.38,48.19,5.73,25.608366,-127.881078,-16.955338,-136.725192,East
4148,30,2,2024-10-10 04:33:06,2024-10-10 06:57:49,255.21,63.016,105.81,66.79,5,35.146901,109.754971,-72.869642,-114.494615,South
4149,17,1,2023-11-06 18:40:03,2023-11-06 20:55:13,185.53,33.862,82.35,42.4,5,33.885088,31.939485,-16.875923,126.724017,South
4150,30,21,2024-08-27 16:48:50,2024-08-27 17:40:02,46.47,7.957,54.44,38.88,21.0,-54.967343,40.856292,-36.313989,111.308572,South
4151,35,4,2023-01-26 15:16:53,2023-01-26 17:40:27,236.71,45.857,98.92,47.22,5,-64.684529,69.669812,78.532735,40.581568,West
4152,40,22,2023-08-12 03:04:16,2023-08-12 04:49:22,161.85,23.112,92.39,52.14,25.91,-71.914735,130.111368,-28.739449,52.878731,East
4153,42,34,2024-08-31 09:49:18,2024-08-31 10:00:13,7.89,1.32,43.34,52.75,50.99,-84.851145,-178.349362,20.478003,-55.076828,Central
4154,12,34,2024-09-15 01:22:10,2024-09-15 01:30:29,6.91,1.529,49.81,58.86,56.12,30.961358,117.97478,-15.306782,126.258491,East
4155,24,9,2023-10-11 15:08:29,2023-10-11 18:19:43,103.24,25.45,32.39,66.21,39.28,-39.591609,64.696303,1.398701,-80.620263,North
4156,32,36,2024-02-16 16:32:57,2024-02-16 19:29:11,193.07,40.824,65.73,55.8,5,-21.666962,169.830674,74.880013,63.727669,East
4157,3,15,2024-07-14 21:02:41,2024-07-15 01:28:38,179.08,42.357,40.4,37.95,5,-22.537229,80.912398,21.910325,-55.396379,North
4158,35,3,2024-12-01 13:50:06,2024-12-01 17:13:33,270.3,45.714,79.71,76.61,5,-33.830561,9.067427,64.250247,-26.4164,West
4159,30,27,2024-12-17 12:42:51,2024-12-17 13:34:31,66.61,9.712,77.35,67.48,45.66,89.603698,-144.839249,-51.259139,59.048852,South
4160,35,37,2024-02-12 09:04:49,2024-02-12 14:33:21,234.14,44.404,42.76,87.56,8.27,-43.826426,-39.426161,-67.28572,36.091095,West
4161,50,5,2023-07-15 10:07:56,2023-07-15 12:41:17,241.42,54.48,94.45,66.88,5,88.13561,120.950702,41.913579,-20.892995,North
4162,14,37,2024-09-26 22:04:37,2024-09-26 22:26:54,38.36,6.412,103.26,67.53,54.06,68.235951,75.258779,74.898907,-64.273826,East
4163,10,28,2023-01-07 11:30:20,2023-01-07 12:19:19,74.16,14.149,90.82,65.22,44.2,45.798266,-128.309601,54.661572,138.510902,North
4164,35,1,2023-01-16 01:23:01,2023-01-16 02:33:07,100.63,18.971,86.13,41.62,7.74,-51.315283,-98.917254,-51.312452,156.092046,West
4165,26,6,2023-04-27 13:22:36,2023-04-27 20:07:40,282.0,60.46,41.77,40.35,5,19.896136,-131.38636,-44.252756,107.044275,East
4166,1,6,2024-07-15 16:39:05,2024-07-15 21:11:00,266.8,43.379,58.87,53.83,5,67.166381,55.93789,71.856274,176.080911,East
4167,30,18,2024-02-16 12:41:47,2024-02-16 16:24:13,152.0,21.003,41.0,86.22,39.02,-15.174265,23.115257,-56.633084,16.747486,South
4168,21,26,2023-11-19 09:08:16,2023-11-19 09:47:19,43.82,5.791,67.32,72.27,64.55,67.544237,167.983997,51.65827,-143.881827,West
4169,9,23,2023-05-13 21:51:26,2023-05-13 23:20:02,124.7,20.338,84.44,59.08,28.68,-55.089416,-74.810658,-8.119078,97.79804,West
4170,4,15,2024-11-04 23:29:41,2024-11-05 05:49:13,217.79,48.358,34.43,64.75,5,-37.875584,-56.331297,-72.41,-178.958806,West
4171,22,35,2024-12-24 21:49:16,2024-12-25 04:04:27,281.96,69.394,45.09,30.87,5,-46.881256,-154.278749,11.847701,146.249912,Central
4172,37,32,2023-04-21 02:34:27,2023-04-21 05:45:36,271.12,52.649,85.1,44.05,5,28.681119,14.908198,66.456103,80.214141,North
4173,46,1,2023-11-28 01:46:35,2023-11-28 02:18:05,19.45,3.568,37.03,46.88,41.31,2.347544,174.095783,-49.852711,-113.160696,South
4174,43,10,2023-06-27 23:06:22,2023-06-27 23:45:19,44.7,9.371,68.83,47.41,35.73,-42.898921,-143.837082,-4.901398,120.905104,West
4175,26,33,2024-06-30 13:49:19,2024-06-30 14:14:53,34.42,5.982,80.74,30.45,18.7,45.375321,42.591454,68.015134,62.246685,East
4176,9,37,2023-12-02 18:23:06,2023-12-02 19:46:50,151.42,31.846,108.5,93.4,45.8,-72.540585,35.40629,66.195058,143.497404,West
4177,2,40,2023-04-11 07:05:37,2023-04-11 08:31:29,108.37,25.121,75.72,33.0,5,-7.256841,-120.194275,32.120577,87.975118,North
4178,12,36,2024-07-16 05:01:51,2024-07-16 10:27:26,217.66,32.198,40.11,44.74,5,-54.399254,24.104941,-16.705752,-21.464383,East
4179,41,29,2024-10-15 19:51:50,2024-10-15 19:58:57,6.11,0.939,51.49,72.08,70.2,37.252567,159.746289,1.014806,-101.151024,East
4180,35,38,2023-09-22 10:44:36,2023-09-22 12:43:58,154.13,29.942,77.47,36.7,5,-14.637149,-18.270327,-1.356327,96.413647,West
4181,45,24,2024-12-11 07:14:49,2024-12-11 09:45:09,100.2,15.563,39.99,57.91,38.38,-23.372162,72.812429,-35.967623,75.337086,North
4182,43,29,2023-03-06 16:29:15,2023-03-06 18:31:55,88.31,19.826,43.19,31.26,6.54,-73.610325,43.720548,-30.78888,70.254959,West
4183,26,30,2023-08-24 02:48:36,2023-08-24 08:13:20,210.32,35.16,38.86,81.46,12.38,-35.124406,6.993487,-74.716198,-12.7135,East
4184,14,20,2024-03-11 23:10:27,2024-03-12 01:42:49,244.16,36.383,96.14,67.88,5,45.089793,85.01877,-54.152562,-115.781175,East
4185,11,23,2024-04-12 00:51:37,2024-04-12 01:08:03,28.52,3.947,104.05,45.45,37.09,7.552729,-72.23278,-41.536054,123.755564,North
4186,24,37,2024-09-06 22:50:36,2024-09-07 01:57:35,274.91,66.22,88.21,45.32,5,38.596399,154.155365,-27.665541,-160.240026,North
4187,32,30,2024-01-08 20:09:19,2024-01-08 20:46:24,55.7,11.488,90.12,49.31,32.47,-49.961098,-11.832215,71.60051,163.230996,East
4188,15,22,2024-10-29 22:13:07,2024-10-29 23:09:00,94.77,14.194,101.74,63.73,46.03,20.696491,-115.016999,-7.898275,132.559228,West
4189,29,24,2024-01-06 03:35:25,2024-01-06 03:57:25,37.54,8.716,102.32,78.92,61.13,-35.660032,-77.243639,67.093528,87.593937,North
4190,17,34,2024-11-04 01:38:38,2024-11-04 07:45:35,204.52,49.063,33.44,40.18,5,2.26925,2.033774,19.796819,-4.550123,South
4191,4,15,2023-07-29 21:05:28,2023-07-30 00:30:00,278.79,40.437,81.78,71.65,5,87.148255,-80.126922,84.880978,29.271792,West
4192,35,38,2024-11-02 04:48:41,2024-11-02 08:35:10,128.53,17.478,34.05,31.99,5,-87.875451,30.085943,41.737253,-19.494251,West
4193,22,1,2024-04-12 03:02:53,2024-04-12 03:19:56,24.42,4.575,85.92,61.39,56.58,88.683406,70.764703,83.498123,-63.669788,Central
4194,11,19,2024-11-13 17:23:45,2024-11-13 18:17:44,54.5,11.623,60.56,80.65,56.03,34.689862,-94.914452,42.220552,70.697992,North
4195,11,9,2023-10-12 06:07:33,2023-10-12 08:04:08,82.2,14.756,42.3,32.15,5,-44.107086,154.470975,-16.352926,54.184886,North
4196,43,15,2023-02-11 04:56:55,2023-02-11 09:51:46,180.65,43.492,36.76,92.24,38.01,51.39709,163.50985,87.590883,-132.796933,West
4197,45,4,2024-12-09 15:49:28,2024-12-09 16:26:08,34.58,4.947,56.57,60.34,54.13,-59.596734,152.347634,27.322474,165.440421,North
4198,10,30,2023-05-24 04:28:15,2023-05-24 08:28:18,246.78,39.74,61.68,89.24,30.19,11.425785,-156.308028,-58.072463,-99.192224,North
4199,26,27,2024-03-19 22:59:02,2024-03-20 08:21:59,291.05,40.134,31.02,30.75,5,-38.891891,171.728144,55.433805,142.241203,East
4200,21,9,2024-12-14 08:20:05,2024-12-14 12:12:16,185.06,37.622,47.82,93.63,43.47,55.690272,118.682796,-4.566055,137.484174,West
4201,21,29,2024-09-14 06:05:46,2024-09-14 08:19:55,95.32,15.164,42.63,65.02,44.8,-18.855689,9.746732,-88.62495,43.513378,West
4202,46,21,2024-04-23 19:35:15,2024-04-23 21:36:46,128.09,28.756,63.24,75.08,30.22,29.034475,-9.420458,-56.467252,163.11962,South
4203,8,23,2023-07-13 13:21:21,2023-07-13 21:34:25,259.6,47.183,31.59,40.97,5,-47.753205,-50.285352,-47.600501,-68.923631,North
4204,13,20,2023-12-28 03:43:50,2023-12-28 08:13:41,219.94,29.719,48.9,51.09,5,-1.924319,61.330902,-82.607411,-137.082528,East
4205,15,10,2024-04-15 00:08:25,2024-04-15 02:23:29,171.02,35.288,75.97,75.71,31.71,-76.0076,70.209225,74.893992,-137.756089,West
4206,32,20,2024-10-16 07:58:30,2024-10-16 11:53:37,138.72,23.223,35.4,84.65,50.6,-78.387426,-30.154825,-87.004548,-12.984367,East
4207,12,29,2024-01-26 21:02:19,2024-01-26 22:34:16,149.22,25.095,97.36,75.87,30.98,44.332558,160.515659,88.325005,104.550088,East
4208,48,4,2024-07-08 21:21:17,2024-07-09 03:37:56,276.72,49.275,44.08,46.16,5,88.108786,36.053473,-59.339083,-92.695691,East
4209,36,39,2023-04-22 13:03:06,2023-04-22 15:28:51,218.61,40.037,89.99,77.76,14.41,-77.872277,-85.89675,75.097837,-5.422112,West
4210,28,18,2024-03-19 10:25:41,2024-03-19 11:59:12,71.27,15.114,45.72,92.14,66.13,-33.805653,-36.388878,19.581479,-179.433435,Central
4211,30,38,2023-01-15 22:22:29,2023-01-15 23:15:27,86.77,18.276,98.29,78.06,36.99,49.773192,152.131576,5.124329,46.563673,South
4212,14,23,2023-05-16 13:14:29,2023-05-16 15:20:15,156.45,28.912,74.63,44.46,5,40.092002,-44.666567,86.743859,-27.476375,East
4213,18,33,2023-03-18 14:11:10,2023-03-18 19:34:51,268.12,42.334,49.7,90.73,40.45,24.45091,-141.099074,24.795027,-99.325875,South
4214,26,16,2024-05-03 14:44:19,2024-05-03 17:56:21,269.95,67.026,84.34,33.28,5,-24.800414,-134.3207,68.991722,16.267143,East
4215,32,20,2023-03-20 19:33:14,2023-03-21 01:34:48,254.31,61.545,42.2,79.28,5,-20.66019,-136.04561,-45.348354,-53.192444,East
4216,2,37,2024-02-23 10:43:24,2024-02-23 12:02:50,115.42,15.766,87.17,59.81,33.62,21.335595,-94.598516,-13.194906,-130.930067,North
4217,17,23,2023-02-04 19:32:59,2023-02-04 22:21:36,100.64,16.085,35.81,33.13,5,-17.374515,32.958329,-12.841764,31.605292,South
4218,11,21,2023-03-16 10:32:31,2023-03-16 14:06:55,246.56,60.078,69.0,35.84,5,8.284683,64.749484,-8.133731,-120.272498,North
4219,25,35,2024-10-29 08:38:19,2024-10-29 10:15:04,152.1,24.642,94.32,92.14,65.78,33.958796,178.636216,75.615108,98.610088,East
4220,50,4,2023-08-01 08:13:31,2023-08-01 08:42:55,49.81,10.511,101.63,83.16,67.38,-19.100925,85.495231,-29.579943,-42.177886,North
4221,26,26,2023-08-26 07:50:07,2023-08-26 08:10:15,26.01,5.919,77.5,40.16,28.53,59.19267,-121.577844,-5.850775,-157.943323,East
4222,8,9,2023-09-07 03:03:44,2023-09-07 03:50:41,73.61,13.865,94.06,32.31,6.78,-74.050139,-25.128309,77.783839,-10.783099,North
4223,38,5,2024-03-31 10:57:46,2024-03-31 11:36:03,31.88,7.869,49.96,93.52,80.72,-21.510721,1.488241,-32.323549,43.85832,North
4224,27,2,2023-09-29 07:21:32,2023-09-29 11:52:24,216.07,43.938,47.86,74.76,14.74,-15.46648,-141.100326,-47.829267,-154.788435,South
4225,19,5,2024-04-23 19:50:27,2024-04-23 23:01:26,215.32,40.839,67.64,51.66,7.08,-88.582639,-28.383727,-13.116606,-46.966605,South
4226,25,23,2024-01-21 09:25:18,2024-01-21 12:13:45,285.07,64.342,101.53,55.5,5,-82.965755,-6.765707,-0.151322,178.963664,East
4227,14,33,2024-05-05 17:40:22,2024-05-05 19:29:09,196.63,25.974,108.45,56.62,5,44.036994,-48.023811,-38.352333,-11.696988,East
4228,32,8,2024-08-01 15:26:37,2024-08-01 16:44:06,126.1,26.526,97.63,34.84,5,-59.683608,-177.98439,-65.824975,-27.402129,East
4229,39,24,2024-11-23 15:56:01,2024-11-23 20:20:29,284.8,37.34,64.61,50.54,5,-45.472957,-10.594191,-88.222645,-141.764866,East
4230,1,30,2023-12-05 12:14:38,2023-12-05 17:22:23,282.17,38.535,55.01,48.8,5,-9.152843,169.037849,78.330584,-107.816313,East
4231,43,36,2024-05-27 06:32:20,2024-05-27 07:47:32,118.7,21.414,94.69,73.4,46.7,16.183156,-62.931553,-1.891574,-166.845098,West
4232,33,30,2024-11-12 09:23:41,2024-11-12 10:00:37,27.82,6.836,45.19,44.03,36.59,75.955363,121.978718,-40.974666,86.003021,Central
4233,2,33,2023-02-02 15:32:56,2023-02-02 18:27:08,224.82,31.348,77.43,37.1,5,-25.06784,31.932337,64.693702,60.251691,North
4234,22,27,2024-07-23 03:09:17,2024-07-23 04:08:06,33.33,4.928,34.0,44.08,38.9,-41.87625,-3.662783,-63.078204,161.627511,Central
4235,37,34,2024-01-25 00:16:15,2024-01-25 02:35:23,169.39,27.733,73.04,43.46,13.02,17.704933,152.602539,-65.960815,-175.502911,North
4236,30,8,2023-10-27 17:12:27,2023-10-27 20:59:43,281.79,69.328,74.39,37.4,5,-61.552524,146.911108,21.418837,117.535931,South
4237,35,35,2024-07-24 00:07:30,2024-07-24 01:38:01,108.93,26.351,72.2,74.53,27.47,54.672683,-85.434772,-48.469786,132.560608,West
4238,43,3,2023-09-30 06:07:01,2023-09-30 08:24:42,190.17,47.389,82.87,54.82,5,-29.815697,141.430729,13.064728,91.601105,West
4239,40,35,2024-08-12 06:30:40,2024-08-12 07:16:36,52.29,6.873,68.29,64.06,56.26,16.505959,-16.774897,79.656603,7.46965,East
4240,12,32,2023-05-02 15:06:17,2023-05-02 17:55:36,248.12,35.598,87.92,93.93,30.25,-50.687371,27.651238,-63.300978,58.638186,East
4241,48,19,2023-12-14 12:40:24,2023-12-14 13:47:06,50.53,9.115,45.45,43.7,34.41,55.990473,18.165111,-41.974694,-168.737826,East
4242,2,30,2024-02-05 14:33:25,2024-02-05 15:21:45,70.87,17.372,87.95,80.77,51.91,27.639402,-171.177591,-34.599196,-81.951982,North
4243,17,4,2024-08-20 00:36:35,2024-08-20 02:29:22,123.1,27.233,65.48,87.48,30.15,50.252737,144.996601,-27.662578,140.649708,South
4244,42,37,2023-10-16 08:11:53,2023-10-16 08:54:04,35.46,7.195,50.42,93.5,83.92,51.809059,28.231428,5.28291,103.044754,Central
4245,16,27,2023-12-25 10:03:45,2023-12-25 15:20:13,268.05,52.998,50.82,61.25,5,85.684374,162.584706,48.744224,-100.185183,East
4246,32,25,2024-02-14 05:17:33,2024-02-14 07:46:01,156.96,36.761,63.43,54.22,5,39.262546,-101.162139,-18.596929,97.852224,East
4247,26,32,2024-11-24 18:44:32,2024-11-24 19:17:08,34.79,4.712,64.0,53.03,43.77,-81.57653,-5.855403,77.251991,124.7966,East
4248,48,39,2024-09-09 23:09:22,2024-09-10 00:58:14,112.81,18.035,62.17,94.8,76.42,-43.541308,86.674494,13.299614,135.134948,East
4249,8,33,2023-02-07 21:58:07,2023-02-08 01:18:22,275.25,66.566,82.47,43.62,5,-20.297156,-144.07416,-77.985415,-141.083844,North
4250,2,3,2023-04-15 15:02:26,2023-04-15 16:09:26,108.1,18.35,96.79,52.5,22.02,-86.413901,-127.250192,-50.695287,168.853245,North
4251,16,16,2024-08-21 11:43:37,2024-08-21 13:50:01,143.57,18.982,68.15,81.65,49.96,-77.439168,-131.233239,35.154786,8.823859,East
4252,15,7,2023-10-22 00:16:33,2023-10-22 02:18:04,151.06,33.827,74.58,37.04,5,16.162757,-140.766068,14.926982,-179.430604,West
4253,31,7,2023-10-16 07:14:03,2023-10-16 08:31:40,88.54,20.564,68.44,39.99,17.01,-61.251768,-96.799487,-39.050664,-0.52301,Central
4254,12,17,2024-05-31 08:30:57,2024-05-31 08:43:21,21.99,3.624,106.31,92.09,85.61,-74.325549,-119.736496,-0.458539,-146.365776,East
4255,25,2,2024-05-26 05:26:34,2024-05-26 05:49:37,22.05,2.949,57.37,68.34,65.19,-3.941951,-60.049673,-60.168351,37.831129,East
4256,3,37,2024-03-31 06:36:44,2024-03-31 09:26:39,275.93,52.293,97.43,66.92,8.82,-80.351402,62.077907,52.826299,-165.491675,North
4257,45,30,2023-07-04 00:09:54,2023-07-04 02:29:14,158.53,22.462,68.26,50.14,21.96,58.561357,-152.984177,-84.83104,111.746386,North
4258,16,1,2023-06-07 01:14:30,2023-06-07 03:51:45,240.51,37.609,91.76,46.17,5,86.31145,-174.455209,27.583917,47.453283,East
4259,48,4,2023-01-22 08:34:55,2023-01-22 08:57:43,13.82,2.058,36.36,44.52,42.42,-7.785891,122.107153,-6.350896,56.4829,East
4260,24,40,2024-12-28 15:56:01,2024-12-28 18:12:53,71.68,15.459,31.42,74.96,58.6,-7.439231,144.143881,-45.80003,-30.524526,North
4261,9,29,2024-03-17 06:52:33,2024-03-17 08:59:13,172.09,27.978,81.51,50.42,8.6,85.61194,87.892366,31.475055,44.727624,West
4262,29,10,2024-02-02 16:05:08,2024-02-02 18:16:54,187.66,36.148,85.45,53.35,5,-62.955758,-75.960369,48.975144,83.812123,North
4263,29,11,2023-04-23 20:04:07,2023-04-23 21:38:43,104.36,18.629,66.19,51.27,13.25,49.999432,-117.222323,21.677959,-124.253013,North
4264,1,11,2023-04-09 22:48:37,2023-04-10 00:45:34,78.69,12.94,40.37,88.28,60.57,16.552815,-164.584826,67.148088,29.199076,East
4265,28,25,2024-07-31 12:55:37,2024-07-31 14:22:59,143.09,20.355,98.25,93.41,58.38,-78.917559,-176.189405,67.191671,111.306481,Central
4266,28,6,2024-05-27 02:09:09,2024-05-27 03:40:05,113.84,18.384,75.11,32.83,5,-23.861939,-46.448539,43.876087,135.561539,Central
4267,38,11,2024-08-22 18:54:12,2024-08-22 21:28:51,259.31,35.871,100.6,30.78,5,54.54457,-115.675684,-65.498751,128.506327,North
4268,30,28,2023-02-03 17:51:52,2023-02-03 20:08:33,214.34,33.459,94.08,85.24,10.05,67.368148,65.848976,15.876965,-173.850246,South
4269,11,32,2024-02-14 11:48:08,2024-02-14 13:38:11,168.23,34.269,91.71,61.58,5,-9.363763,-5.168968,-54.119613,-109.547083,North
4270,42,36,2023-10-24 09:51:48,2023-10-24 13:40:08,240.9,45.009,63.3,51.22,5,-12.738607,-152.586678,-67.733568,-83.881712,Central
4271,44,21,2024-10-06 00:03:43,2024-10-06 01:49:42,167.74,27.9,94.96,85.76,54.59,-25.104784,22.205072,85.993201,72.740048,Central
4272,12,1,2023-04-23 10:17:28,2023-04-23 10:46:25,52.22,7.723,108.17,75.12,61.3,-30.705354,129.072567,-35.156457,-52.859972,East
4273,39,35,2024-10-11 15:28:46,2024-10-11 16:51:15,120.9,22.412,87.93,45.88,7.17,53.255631,-73.773197,-45.846947,-178.647849,East
4274,34,5,2023-08-22 04:11:50,2023-08-22 06:33:05,113.26,26.08,48.11,34.79,5,-1.998314,-118.44292,-23.644048,34.611654,West
4275,10,35,2023-01-25 12:26:09,2023-01-25 15:54:50,210.16,42.129,60.42,54.74,5,40.981133,-85.604329,-42.848499,-97.305451,North
4276,10,17,2024-09-04 01:07:43,2024-09-04 01:34:39,40.85,7.314,90.98,73.52,62.65,-18.252388,-3.858597,60.950296,-144.593362,North
4277,29,6,2023-01-20 00:50:55,2023-01-20 01:38:28,82.79,19.439,104.45,81.22,41.55,-67.375698,0.566263,47.707241,13.745081,North
4278,41,8,2024-10-07 07:35:37,2024-10-07 08:03:09,35.07,5.086,76.41,81.97,71.78,2.162098,-10.040846,-49.632894,-144.715379,East
4279,25,25,2024-05-25 21:51:41,2024-05-26 02:47:53,204.58,38.531,41.44,49.75,8.54,-29.388551,33.782483,74.784897,-142.024063,East
4280,40,36,2024-06-03 16:34:04,2024-06-03 20:58:26,234.23,36.646,53.16,92.97,51.37,-82.509098,-9.350142,57.407534,148.533024,East
4281,8,18,2023-03-14 10:03:07,2023-03-14 11:50:02,63.41,15.425,35.58,36.74,8.33,-75.08056,-79.430607,-85.274763,-90.372932,North
4282,40,7,2023-08-31 09:02:32,2023-08-31 09:06:52,7.86,1.68,108.66,89.91,88.0,39.212519,175.691405,-86.484878,136.384641,East
4283,17,11,2023-09-02 13:28:08,2023-09-02 16:24:22,192.67,25.099,65.59,68.17,15.33,-18.596415,-44.805872,-38.969338,90.399281,South
4284,24,29,2023-01-30 22:40:07,2023-01-31 01:05:42,153.19,24.968,63.13,67.21,40.79,-3.988711,66.526498,-73.102196,-42.989701,North
4285,4,25,2023-12-19 00:55:09,2023-12-19 01:20:09,34.53,6.671,82.85,62.72,51.39,-13.684072,-143.088909,82.109641,93.809296,West
4286,6,2,2023-06-03 17:43:46,2023-06-03 18:06:28,35.85,8.577,94.75,52.99,36.46,-5.453488,70.296606,75.435152,-153.43268,Central
4287,21,21,2024-01-04 00:17:44,2024-01-04 00:45:19,41.92,8.777,91.17,59.75,48.05,-8.390395,-78.884445,-53.781538,140.009469,West
4288,35,39,2023-07-28 18:40:06,2023-07-28 22:15:21,238.22,37.329,66.4,47.4,5,52.81814,50.440748,63.464363,-96.515573,West
4289,33,17,2023-07-20 14:31:28,2023-07-20 16:58:31,187.38,36.17,76.45,89.87,50.51,68.07027,-155.360519,-70.501383,-42.331544,Central
4290,1,39,2023-06-28 09:22:05,2023-06-28 11:23:20,77.85,17.106,38.52,44.87,8.24,19.25195,142.507962,-63.573448,-115.420128,East
4291,44,19,2023-03-11 02:21:50,2023-03-11 03:06:28,59.82,8.285,80.41,92.63,83.37,5.461023,174.843155,19.718177,125.404341,Central
4292,29,2,2023-06-24 02:24:35,2023-06-24 03:00:37,54.51,8.615,90.73,59.31,41.73,44.604832,169.953963,-74.952251,-94.74644,North
4293,6,36,2023-02-05 07:41:00,2023-02-05 08:43:02,107.57,15.115,104.04,55.78,26.66,62.657708,16.253591,-13.262489,-73.432717,Central
4294,3,6,2023-01-21 18:53:02,2023-01-21 22:42:24,298.95,49.458,78.2,71.86,16.91,54.804914,-124.351021,32.1571,176.710527,North
4295,9,11,2023-09-08 04:44:11,2023-09-08 06:54:25,71.63,9.495,33.0,90.52,76.33,3.672061,30.685839,-81.96993,-133.363005,West
4296,21,29,2023-08-14 17:02:51,2023-08-14 21:39:03,285.42,67.136,62.0,68.96,5,-60.491572,128.177957,61.244087,-98.360581,West
4297,29,38,2024-09-26 01:05:41,2024-09-26 04:09:00,158.05,21.862,51.73,46.4,5,-81.948849,179.396626,-78.141872,-60.148878,North
4298,1,16,2023-11-11 19:06:24,2023-11-12 02:42:20,243.4,57.697,32.03,33.48,5,50.296292,-83.507282,32.303274,95.894043,East
4299,34,1,2024-08-08 06:08:17,2024-08-08 06:31:05,26.19,6.113,68.9,92.12,80.69,32.010669,-35.472549,-2.830904,36.434324,West
4300,46,31,2023-09-01 06:26:44,2023-09-01 09:37:38,174.37,26.895,54.8,42.82,5,33.127704,141.747538,-11.557283,127.603659,South
4301,3,29,2024-02-14 23:00:03,2024-02-14 23:20:24,35.46,5.063,104.53,34.8,29.17,-78.106448,-166.376726,88.04891,-153.062202,North
4302,32,4,2023-01-29 08:39:50,2023-01-29 11:23:33,87.02,14.112,31.89,89.92,69.23,26.190544,44.833544,-20.478797,-83.093008,East
4303,22,6,2024-09-21 06:21:35,2024-09-21 07:29:06,110.22,18.023,97.94,57.49,38.56,72.115016,-50.853428,4.900051,-116.719365,Central
4304,17,15,2024-05-31 23:22:21,2024-06-01 03:03:53,200.28,35.822,54.24,66.7,5,-29.744629,11.143426,-51.402,-144.010705,South
4305,50,22,2023-10-18 12:20:33,2023-10-18 18:11:16,282.34,52.969,48.3,94.07,14.54,-26.48552,-77.378209,-87.1683,-50.857947,North
4306,49,2,2024-09-27 18:45:25,2024-09-27 20:08:15,67.28,8.757,48.73,45.85,35.63,-74.208243,-179.517839,9.641348,-101.548458,Central
4307,4,20,2024-04-24 09:13:59,2024-04-24 11:57:54,209.95,43.078,76.85,41.71,5,-84.808766,7.725056,-19.325252,-130.360708,West
4308,27,14,2024-07-12 17:29:12,2024-07-12 20:32:22,118.85,22.262,38.93,78.08,47.67,80.803288,-96.357789,-23.773217,20.356679,South
4309,34,16,2023-03-22 14:19:55,2023-03-22 20:38:13,298.36,49.651,47.32,66.92,5,50.935992,-134.118489,-71.821512,124.625914,West
4310,32,10,2023-08-01 01:57:06,2023-08-01 03:43:06,154.44,37.095,87.41,39.9,5,59.741315,32.415191,-65.302517,177.91843,East
4311,40,23,2024-10-18 22:48:30,2024-10-19 00:25:56,160.19,25.507,98.63,93.03,64.08,34.99805,56.376894,-34.542122,90.742555,East
4312,44,10,2024-11-03 10:52:31,2024-11-03 12:24:58,146.35,30.683,94.97,65.97,31.69,15.567222,-115.280804,-49.235562,-103.887766,Central
4313,19,6,2024-12-19 18:29:28,2024-12-20 00:02:24,287.89,41.722,51.88,43.05,5,9.28234,67.041472,-25.596048,-38.275833,South
4314,35,39,2023-10-31 07:45:47,2023-10-31 11:53:30,134.89,23.425,32.67,30.38,5,22.299524,165.554212,49.157201,-76.691301,West
4315,46,7,2024-01-07 00:48:16,2024-01-07 03:32:19,262.45,38.065,95.98,60.06,5,-30.880862,98.217213,-51.445875,112.299132,South
4316,10,25,2023-04-16 19:50:14,2023-04-16 21:32:44,105.01,20.674,61.46,82.75,52.03,34.00421,-13.153321,22.719431,148.285939,North
4317,15,24,2024-08-05 15:09:50,2024-08-05 16:41:17,82.58,16.607,54.18,43.56,22.85,26.655498,-19.281211,-7.17758,-7.208185,West
4318,50,39,2023-12-14 20:43:24,2023-12-14 20:48:52,9.59,1.97,105.09,73.07,70.11,-23.198788,-32.968717,20.191921,-178.208096,North
4319,25,24,2024-01-13 11:39:08,2024-01-13 11:43:00,6.45,1.022,99.91,68.95,67.86,-3.407611,149.416931,81.150383,-169.894423,East
4320,48,9,2024-01-05 06:46:16,2024-01-05 08:42:25,210.21,52.188,108.58,77.08,23.88,53.461472,-116.59949,79.381967,-3.362963,East
4321,30,38,2023-04-28 05:16:03,2023-04-28 08:03:24,111.82,23.238,40.09,84.19,31.97,-8.126195,65.930652,-87.549697,11.384946,South
4322,26,2,2024-04-27 10:51:03,2024-04-27 15:23:23,277.56,37.679,61.15,33.48,5,-23.647044,-21.771864,-88.397574,-148.487389,East
4323,8,8,2024-06-02 05:55:33,2024-06-02 12:40:28,232.36,42.033,34.43,83.17,5.76,12.670189,-3.242813,-86.056479,-14.042554,North
4324,31,5,2024-10-19 04:13:22,2024-10-19 08:08:12,177.7,28.483,45.4,46.76,14.94,-45.75294,-143.790381,46.448786,144.237048,Central
4325,44,33,2023-03-05 14:44:21,2023-03-05 15:59:03,46.1,6.252,37.02,45.01,38.02,-26.701541,-173.735734,-53.062205,-106.253957,Central
4326,40,33,2023-04-19 16:30:54,2023-04-19 20:52:35,198.27,41.621,45.46,85.49,38.25,-87.415537,145.938124,48.393126,-42.220014,East
4327,29,37,2024-04-30 01:24:08,2024-04-30 01:38:25,20.11,4.818,84.43,91.76,81.93,38.46636,-63.011208,-7.051388,-89.776523,North
4328,40,26,2024-01-07 07:53:42,2024-01-07 08:24:14,42.72,5.868,83.91,44.17,37.51,-38.611913,125.979417,40.890953,166.571509,East
4329,48,17,2024-02-16 01:28:29,2024-02-16 01:58:20,41.84,7.78,84.1,91.36,83.43,-4.862791,-80.607224,32.858902,81.57761,East
4330,45,16,2024-05-02 21:11:06,2024-05-03 00:12:23,297.6,73.308,98.49,91.01,5,-66.737553,165.64431,-20.670421,24.948337,North
4331,31,5,2024-04-15 14:57:05,2024-04-15 15:22:19,45.86,8.88,109.03,80.19,70.27,33.299818,162.601852,31.855125,-77.725634,Central
4332,11,9,2023-01-17 07:18:19,2023-01-17 08:42:21,126.14,31.294,90.05,64.21,5,16.299325,108.248754,-77.001754,162.145288,North
4333,22,8,2024-01-09 08:45:11,2024-01-09 10:12:49,118.4,25.59,81.05,70.78,43.9,72.433441,-15.788777,16.357531,-76.088639,Central
4334,2,10,2023-05-28 06:05:19,2023-05-28 07:28:52,126.97,23.155,91.17,74.87,36.41,89.720707,-102.452669,-74.431109,-107.76733,North
4335,18,28,2024-01-29 14:22:23,2024-01-29 14:57:48,60.84,8.392,103.04,69.62,59.65,-61.012014,-150.498038,42.51907,70.279781,South
4336,34,28,2023-08-01 18:08:48,2023-08-01 18:20:12,9.41,1.875,49.51,44.65,41.15,88.247243,107.450951,87.374482,177.97743,West
4337,6,37,2024-07-24 05:58:13,2024-07-24 07:35:58,72.29,16.237,44.37,52.31,21.02,-78.8793,-64.66786,2.438188,32.443361,Central
4338,39,10,2024-11-18 19:07:29,2024-11-18 21:56:57,266.63,63.826,94.4,82.33,5,47.378488,158.267944,-25.536729,-57.506079,East
4339,14,25,2024-11-20 18:42:08,2024-11-20 21:26:03,182.74,42.302,66.89,46.9,5,-21.820479,106.823285,-73.170088,-78.957173,East
4340,41,21,2024-10-18 20:14:15,2024-10-18 22:42:13,258.72,61.793,104.9,50.35,5,-63.352781,-68.785651,42.669297,-15.242118,East
4341,31,17,2023-07-20 12:02:41,2023-07-20 13:21:19,93.88,15.002,71.62,79.41,62.65,18.718529,-71.320817,29.142077,56.169376,Central
4342,45,28,2024-08-18 13:08:33,2024-08-18 16:02:21,212.53,49.871,73.37,62.97,5,4.093015,38.96453,70.318208,-69.128323,North
4343,10,5,2023-08-29 02:13:57,2023-08-29 07:10:09,236.03,37.977,47.81,33.01,5,15.872908,-161.593061,-52.973883,130.765198,North
4344,43,34,2023-01-20 01:07:10,2023-01-20 02:32:31,99.54,16.929,69.97,35.54,14.43,50.701651,-134.36475,-70.93647,113.713471,West
4345,50,23,2024-04-06 05:50:02,2024-04-06 08:02:20,204.07,42.209,92.54,33.63,5,-8.173591,-117.365313,-70.847436,-118.159832,North
4346,29,11,2024-08-28 20:13:49,2024-08-28 22:22:58,147.04,22.145,68.31,69.63,24.44,33.413725,-167.182785,53.325157,-22.003699,North
4347,27,37,2023-03-18 02:16:24,2023-03-18 08:55:36,207.99,50.863,31.26,77.43,7.95,19.604174,-79.781626,23.708787,-130.361773,South
4348,18,30,2023-05-11 17:19:04,2023-05-11 18:12:17,39.29,6.979,44.29,77.09,68.8,54.551406,122.04806,-80.508293,-29.605672,South
4349,2,14,2023-04-24 05:03:19,2023-04-24 05:55:11,61.13,13.788,70.7,34.71,11.81,3.229725,-8.78895,-58.516007,-21.250966,North
4350,14,40,2023-09-06 03:26:39,2023-09-06 04:47:07,106.69,20.139,79.54,66.91,24.6,71.490308,103.167155,88.27713,-124.706215,East
4351,17,30,2024-12-13 05:11:53,2024-12-13 10:27:20,240.01,59.333,45.65,83.99,5,47.332757,-56.950729,83.655704,116.971931,South
4352,42,21,2024-08-16 03:17:51,2024-08-16 04:43:23,107.15,15.807,75.15,71.83,50.78,-68.708113,-133.241398,63.725322,2.780855,Central
4353,33,18,2024-06-13 20:56:11,2024-06-13 21:47:40,30.17,7.498,35.15,73.9,65.74,-36.877067,-90.950787,75.333629,30.596952,Central
4354,34,1,2023-06-19 15:36:23,2023-06-19 18:57:22,214.59,38.015,64.06,92.48,21.42,54.426077,-142.88475,-63.587705,77.453695,West
4355,46,30,2024-11-01 04:36:02,2024-11-01 08:03:15,132.17,25.994,38.27,53.71,13.16,2.369305,62.016178,-37.561008,-59.114584,South
4356,13,14,2023-06-11 13:17:40,2023-06-11 13:44:42,14.04,2.496,31.15,32.79,28.67,-84.838256,-165.682657,1.854966,-57.854856,East
4357,18,3,2024-07-31 04:40:30,2024-07-31 07:59:09,284.58,42.669,85.95,67.57,16.89,36.050733,-31.320042,-6.917491,-160.390687,South
4358,19,36,2023-04-19 05:01:37,2023-04-19 08:17:00,155.83,36.424,47.85,89.09,49.33,-37.050785,-56.172251,-10.990119,-140.508739,South
4359,10,3,2024-11-20 17:04:23,2024-11-20 18:43:28,144.15,20.179,87.29,64.11,34.13,-25.866148,92.21819,70.107553,155.831788,North
4360,45,29,2023-06-28 06:42:25,2023-06-28 08:41:59,216.3,35.662,108.53,79.56,34.81,-86.450752,172.269063,-12.890738,52.926049,North
4361,27,10,2023-05-23 19:59:43,2023-05-23 20:08:15,5.79,1.065,40.7,34.16,32.71,-32.279734,-124.44445,44.754923,-10.478872,South
4362,2,36,2023-08-18 01:49:53,2023-08-18 02:30:23,45.63,6.312,67.6,83.92,73.43,-18.986708,170.644429,-72.085436,-101.823373,North
4363,49,11,2024-01-16 15:19:10,2024-01-16 18:12:21,185.86,38.196,64.39,87.72,43.15,43.019,-7.839795,62.575787,-131.004762,Central
4364,25,5,2023-05-02 22:52:53,2023-05-03 01:01:17,189.29,26.683,88.45,52.98,24.44,1.444291,-49.739732,5.228806,-109.917457,East
4365,2,2,2023-10-10 06:52:00,2023-10-10 15:01:52,266.08,44.283,32.59,37.46,5,28.997408,-119.019189,74.654855,-21.696894,North
4366,39,17,2024-07-05 11:27:28,2024-07-05 12:07:35,43.02,9.155,64.34,41.24,25.43,-24.288401,-103.806065,-73.129522,43.604829,East
4367,1,14,2023-11-21 22:27:08,2023-11-21 22:34:32,8.17,1.378,66.14,38.39,35.44,35.306024,-4.769173,-76.921648,-106.787968,East
4368,12,34,2023-06-29 08:32:42,2023-06-29 08:36:07,5.83,1.236,102.35,73.53,71.32,71.993328,36.75147,-34.694364,59.186203,East
4369,45,18,2023-06-03 09:30:22,2023-06-03 14:47:47,298.75,42.95,56.47,43.31,5,1.133984,-86.999102,-15.407431,-179.998588,North
4370,32,37,2023-04-20 22:36:18,2023-04-21 02:01:15,255.58,36.656,74.82,86.19,32.44,9.475015,-8.809346,-61.594932,95.864814,East
4371,31,26,2023-06-21 17:51:18,2023-06-21 18:16:57,41.57,8.458,97.22,81.0,71.55,-6.297942,19.706226,-15.061193,-147.594625,Central
4372,40,31,2024-07-18 14:05:10,2024-07-18 20:44:12,204.44,26.612,30.74,43.41,13.2,15.523282,-130.204424,65.18814,-45.21047,East
4373,28,18,2024-12-07 17:25:22,2024-12-07 18:10:38,79.55,14.503,105.43,55.32,30.36,41.155773,-153.889478,-61.226112,-38.011695,Central
4374,19,38,2023-12-27 15:19:27,2023-12-27 15:23:52,6.26,1.406,84.86,48.68,47.15,79.427061,-134.176481,8.782407,17.75393,South
4375,26,36,2023-01-22 08:03:54,2023-01-22 08:27:18,34.46,6.164,88.31,36.17,24.06,-39.886611,150.697098,3.925318,169.044488,East
4376,12,38,2023-11-17 16:31:55,2023-11-17 22:15:48,249.89,36.372,43.6,30.23,5,-59.776603,36.618744,-70.897185,66.62748,East
4377,9,8,2023-10-06 13:59:46,2023-10-06 14:04:02,6.79,1.668,95.45,72.52,70.03,-30.797815,-91.031678,-28.029122,-9.037314,West
4378,31,40,2024-03-21 04:12:37,2024-03-21 08:51:04,293.58,65.392,63.26,77.5,5,-71.194152,-74.89949,31.39864,-52.793804,Central
4379,10,22,2024-10-11 16:41:36,2024-10-11 17:37:47,52.92,8.433,56.51,40.39,27.86,-53.936388,144.050463,73.103125,-147.991177,North
4380,13,9,2024-05-28 03:34:29,2024-05-28 06:47:42,238.99,45.5,74.21,33.12,5,15.410497,-160.264907,-49.926767,-110.986345,East
4381,40,13,2023-12-21 04:59:54,2023-12-21 07:25:24,196.14,47.181,80.88,45.28,5,-7.41017,-168.382711,68.610293,112.482519,East
4382,4,20,2024-01-21 23:42:27,2024-01-22 06:30:00,298.54,69.991,43.95,52.09,5,62.160868,-164.82411,-43.375059,-148.99564,West
4383,15,39,2023-10-10 19:55:12,2023-10-10 20:24:27,18.78,3.184,38.52,37.53,33.56,83.753782,-89.765058,-44.040593,-39.281852,West
4384,13,21,2023-09-06 00:57:11,2023-09-06 03:20:06,154.43,28.328,64.83,41.8,5,27.897804,-126.093488,70.124241,-67.774894,East
4385,39,36,2024-02-23 02:41:36,2024-02-23 04:24:59,57.26,10.502,33.23,35.36,17.22,-61.712111,-158.177778,-31.581187,-98.556613,East
4386,39,38,2023-01-15 12:14:21,2023-01-15 21:26:58,290.96,50.35,31.59,89.05,5,-46.567298,115.588906,-14.19546,141.338346,East
4387,39,33,2023-01-06 10:21:36,2023-01-06 13:07:00,213.48,41.677,77.44,37.65,5,14.714324,-57.798432,-8.909465,-61.49503,East
4388,6,20,2024-10-04 04:59:29,2024-10-04 11:06:41,270.82,42.362,44.25,94.46,12.84,-44.48015,-2.751737,17.836191,-148.209317,Central
4389,50,22,2024-06-21 14:21:31,2024-06-21 17:09:13,231.61,54.547,82.86,53.69,5,-59.139168,-5.7284,28.966012,144.919399,North
4390,3,21,2024-07-26 00:27:52,2024-07-26 03:38:55,239.07,43.843,75.08,58.79,10.08,57.740181,103.504966,21.617156,-74.331628,North
4391,43,39,2024-10-24 05:25:24,2024-10-24 05:47:27,31.04,7.721,84.45,81.04,71.41,-34.198738,33.693968,-58.23369,53.866306,West
4392,40,15,2023-01-15 05:32:11,2023-01-15 07:53:47,214.05,52.782,90.69,60.4,5,23.046495,-163.305797,18.915242,46.1697,East
4393,33,17,2023-09-10 13:01:14,2023-09-10 15:45:12,231.28,40.864,84.63,35.7,5,-32.70546,-77.064504,-21.696249,155.036294,Central
4394,40,37,2024-11-23 23:51:18,2024-11-24 02:13:56,255.42,61.144,107.44,67.08,5,75.080758,-62.616259,-29.895528,-22.077362,East
4395,3,7,2024-11-13 02:43:57,2024-11-13 03:46:00,107.85,15.525,104.27,40.91,23.66,-67.482992,-48.858062,-56.244783,33.249092,North
4396,16,13,2023-10-22 07:30:00,2023-10-22 10:15:38,214.25,28.052,77.61,54.44,7.61,24.168835,54.12906,-88.581856,72.833032,East
4397,37,13,2023-07-31 11:56:21,2023-07-31 13:35:59,140.26,29.538,84.46,34.57,5,84.075269,74.514341,-4.095439,57.393182,North
4398,45,37,2024-11-20 19:47:49,2024-11-20 21:46:40,157.28,33.41,79.39,44.77,5,17.710766,75.238377,83.386655,-87.887187,North
4399,36,18,2023-10-31 05:52:46,2023-10-31 08:55:07,271.24,59.039,89.24,78.6,5,59.89566,67.791268,-35.70288,-98.987395,West
4400,41,39,2024-08-09 12:06:34,2024-08-09 14:38:57,193.52,38.961,76.19,85.92,7.84,35.907834,-72.465809,86.729263,-71.295619,East
4401,34,7,2024-05-06 23:27:14,2024-05-07 04:17:40,272.38,36.999,56.27,55.61,5,76.921341,2.522142,55.775533,107.117166,West
4402,17,14,2024-02-09 13:43:54,2024-02-09 16:00:33,204.64,43.219,89.85,87.33,5,6.832426,22.647806,42.108669,128.074735,South
4403,12,33,2023-10-11 21:19:22,2023-10-11 23:23:29,221.49,45.134,107.06,66.45,5,-49.102353,173.473107,-0.623672,-24.843594,East
4404,30,33,2024-05-21 09:26:10,2024-05-21 09:49:39,35.95,5.687,91.84,46.78,34.0,-0.913013,91.732326,-32.809962,145.530913,South
4405,41,30,2023-11-04 12:35:25,2023-11-04 18:45:56,210.52,41.729,34.09,89.11,5.48,-5.482208,-173.601537,-44.940161,20.120286,East
4406,46,1,2024-01-01 06:21:20,2024-01-01 07:19:46,74.98,18.567,76.99,70.01,41.04,54.124058,93.464041,-67.691801,166.048821,South
4407,46,20,2024-08-30 06:26:17,2024-08-30 07:43:51,86.62,18.115,67.0,88.54,60.28,-15.556021,-1.284635,33.010143,21.145173,South
4408,24,18,2023-03-27 16:30:04,2023-03-28 00:08:40,255.75,61.041,33.46,56.19,5,-14.418525,3.538122,27.031987,-141.857605,North
4409,13,28,2023-04-16 04:44:31,2023-04-16 06:02:13,118.75,24.76,91.69,52.32,11.46,-75.376693,52.073709,30.045876,6.572795,East
4410,24,29,2024-10-06 22:44:42,2024-10-07 00:11:53,109.62,14.658,75.44,74.81,59.3,-37.921866,71.973571,28.529446,-122.272873,North
4411,19,16,2023-09-22 18:30:41,2023-09-22 20:12:39,176.02,35.793,103.57,43.6,5,-74.375478,2.246352,-85.154635,-152.971574,South
4412,26,37,2024-07-29 08:59:36,2024-07-29 09:12:51,20.99,4.17,94.99,75.76,67.57,-25.881547,24.879882,28.716322,16.529738,East
4413,32,24,2024-01-29 05:46:20,2024-01-29 09:40:03,257.25,61.903,66.04,79.16,5,21.630485,57.542848,-51.092179,-54.490739,East
4414,36,22,2023-11-20 14:43:38,2023-11-20 16:52:31,201.47,37.722,93.79,34.68,5,-48.27578,106.956439,1.893689,106.74835,West
4415,24,14,2023-08-27 03:07:19,2023-08-27 06:05:07,204.77,31.793,69.1,92.09,58.45,-8.172705,107.361756,-3.637981,-125.18723,North
4416,33,7,2024-09-18 07:49:56,2024-09-18 10:55:03,207.58,29.325,67.28,92.22,60.31,48.195397,-169.540663,-36.837233,126.473708,Central
4417,49,13,2023-09-03 16:18:51,2023-09-03 18:45:36,198.99,37.996,81.35,30.17,5,73.992996,166.112926,-54.885285,179.924626,Central
4418,16,25,2024-03-29 12:05:32,2024-03-29 13:13:26,51.23,9.74,45.26,76.51,60.25,69.160054,53.423362,-5.694585,2.824553,East
4419,22,1,2023-07-03 12:52:57,2023-07-03 17:12:59,271.74,46.415,62.7,68.21,19.45,8.787202,-167.640253,-27.240913,90.388753,Central
4420,40,22,2024-06-13 19:35:57,2024-06-13 22:12:58,230.92,51.217,88.24,44.57,5,-68.556975,158.19163,-57.747996,104.579833,East
4421,11,26,2023-09-02 17:09:46,2023-09-02 18:06:10,62.69,13.197,66.69,50.38,22.42,54.913554,-47.653509,-7.906597,4.0272,North
4422,26,8,2023-08-10 04:00:11,2023-08-10 08:26:55,188.81,25.76,42.47,68.63,18.02,-69.911777,-76.650568,31.455579,161.875181,East
4423,11,9,2023-07-10 19:33:58,2023-07-10 20:47:02,84.01,18.908,68.98,48.98,8.92,-26.205624,176.399377,20.931345,-117.304122,North
4424,26,3,2024-03-30 12:10:26,2024-03-30 13:29:01,76.69,16.364,58.55,53.93,21.78,-39.241438,88.119101,-76.461797,72.732218,East
4425,3,10,2023-01-29 13:01:46,2023-01-29 13:27:59,17.08,2.619,39.08,46.35,43.44,-15.907731,-21.594634,11.186095,-96.192432,North
4426,24,17,2024-12-28 19:16:41,2024-12-29 00:02:33,280.34,52.259,58.84,47.82,5,-57.474387,-143.181709,-39.256859,78.265127,North
4427,30,8,2024-08-17 22:44:25,2024-08-17 23:26:43,52.23,10.943,74.08,46.2,21.61,-73.609246,66.270176,-49.47073,177.781843,South
4428,8,10,2024-01-06 23:16:43,2024-01-07 01:32:29,204.72,36.894,90.47,30.93,5,-58.293256,60.667826,-66.480645,115.197759,North
4429,2,29,2024-07-24 20:19:44,2024-07-24 21:32:38,124.54,18.423,102.49,40.98,10.38,74.300162,-47.862927,-35.440366,131.58592,North
4430,39,16,2024-05-24 16:44:19,2024-05-24 23:25:04,214.47,35.172,32.11,55.1,5,-53.045775,-94.344542,73.698116,-127.087819,East
4431,40,23,2023-07-12 21:15:03,2023-07-12 23:11:06,203.0,34.279,104.94,54.11,15.2,41.988357,38.835006,-76.181518,-19.524903,East
4432,26,38,2023-09-16 14:57:22,2023-09-16 15:08:33,20.06,3.409,107.56,43.8,37.1,-10.536492,-166.986328,52.374134,52.119398,East
4433,1,32,2024-01-23 03:12:14,2024-01-23 05:14:18,148.75,24.9,73.11,82.13,28.81,88.945242,123.269715,-66.999633,135.237494,East
4434,16,15,2024-05-16 21:24:26,2024-05-16 22:07:47,45.39,9.041,62.8,94.1,79.01,50.819668,32.145804,-79.409001,169.420176,East
4435,43,4,2023-07-24 03:56:02,2023-07-24 07:11:45,205.12,31.046,62.88,31.9,5,12.169035,-7.928193,-47.525638,70.261636,West
4436,18,26,2024-03-15 06:53:53,2024-03-15 08:18:02,116.22,17.091,82.86,83.28,62.98,-6.300458,-170.866436,-87.529539,-102.236008,South
4437,32,37,2023-01-14 11:50:15,2023-01-14 12:32:06,59.2,11.704,84.85,39.73,22.57,-45.136147,130.757361,-71.36603,122.143343,East
4438,28,22,2024-06-09 11:31:07,2024-06-09 11:49:43,11.89,1.599,38.33,80.26,77.51,12.956713,-76.763806,46.793786,-62.596116,Central
4439,46,30,2023-01-19 10:51:44,2023-01-19 18:39:27,275.72,39.411,35.37,52.15,5,-5.473098,65.52781,49.25691,-3.958312,South
4440,3,4,2023-06-10 22:36:24,2023-06-11 02:24:10,177.29,23.753,46.7,50.11,23.72,-47.839554,-80.087611,-42.211309,-157.709322,North
4441,32,39,2024-01-05 10:15:39,2024-01-05 12:52:12,268.74,58.417,102.99,54.86,5,-23.311862,-24.153641,-83.602105,-68.563576,East
4442,40,13,2024-06-16 17:29:20,2024-06-16 18:22:24,75.11,16.386,84.9,45.03,26.43,40.390956,-68.229727,55.04363,-86.923341,East
4443,6,39,2023-05-03 08:58:08,2023-05-03 11:52:58,175.51,25.906,60.23,72.17,22.25,31.218882,29.33548,60.441994,24.218854,Central
4444,1,22,2023-06-24 05:50:20,2023-06-24 06:10:27,12.34,2.223,36.8,41.27,36.51,-19.920701,-56.292506,55.014183,57.514018,East
4445,4,36,2023-04-08 19:22:52,2023-04-08 23:08:00,265.92,48.753,70.87,72.4,5,56.767184,11.331608,51.770341,-47.389768,West
4446,21,12,2023-12-19 15:43:57,2023-12-19 19:59:06,234.92,39.678,55.24,70.33,17.43,-82.070377,102.872715,38.723559,118.231396,West
4447,39,35,2024-11-21 14:44:28,2024-11-21 17:53:10,136.25,20.088,43.32,65.59,30.9,-50.694198,49.642811,-40.612505,41.339708,East
4448,30,13,2023-04-28 01:44:03,2023-04-28 02:21:36,51.84,11.388,82.82,83.99,58.4,-64.895842,174.612768,26.833954,-48.762782,South
4449,2,6,2023-05-11 00:46:04,2023-05-11 02:27:57,129.31,21.328,76.15,33.45,5,5.1155,-20.852597,-84.42926,39.065257,North
4450,31,27,2023-10-12 00:40:22,2023-10-12 03:25:01,153.46,24.936,55.92,78.14,50.28,50.73149,57.482783,-44.283639,119.633321,Central
4451,31,1,2024-10-18 01:16:39,2024-10-18 03:05:03,172.52,35.817,95.48,83.42,43.4,81.790316,-144.471008,22.182002,41.300544,Central
4452,19,29,2023-05-01 21:10:52,2023-05-02 01:19:58,209.96,35.928,50.57,83.08,43.86,51.175384,75.8607,-38.314433,-179.937179,South
4453,28,30,2023-06-18 22:50:47,2023-06-19 00:54:28,138.65,26.257,67.26,46.29,5,-38.920051,-57.749048,47.344171,113.716738,Central
4454,39,17,2023-01-11 22:43:52,2023-01-12 00:09:25,135.25,22.007,94.84,75.44,37.43,26.404485,126.603803,43.183895,-108.527402,East
4455,25,31,2023-12-30 14:04:01,2023-12-30 15:28:36,140.15,19.673,99.4,94.61,73.57,-69.402297,11.738892,-62.753856,-0.240496,East
4456,44,33,2024-01-24 10:58:17,2024-01-24 12:42:08,183.97,30.678,106.28,39.95,5.67,-36.570489,-64.087241,7.336992,156.606194,Central
4457,30,34,2023-02-17 14:39:13,2023-02-17 20:30:45,239.69,35.377,40.91,81.78,5,13.761096,-132.595488,-80.798714,-70.834852,South
4458,30,5,2024-07-03 11:42:27,2024-07-03 14:56:43,194.95,25.972,60.21,37.77,5,59.945805,172.854399,9.245143,-62.241103,South
4459,26,13,2024-11-03 09:34:13,2024-11-03 11:24:42,150.34,20.145,81.64,91.2,51.62,-37.708033,-178.520553,-42.551797,105.253536,East
4460,29,26,2024-02-26 13:34:11,2024-02-26 15:14:50,157.02,36.228,93.59,34.83,5,16.879957,124.449842,44.678938,-17.246229,North
4461,46,26,2023-10-21 14:24:36,2023-10-21 15:48:51,95.16,21.941,67.76,86.55,52.32,0.77612,-165.465049,-45.067847,29.78203,South
4462,45,5,2023-04-23 02:47:24,2023-04-23 04:46:20,142.53,33.582,71.9,88.34,46.2,53.994379,139.258909,-40.30737,20.807532,North
4463,19,9,2024-03-08 08:36:12,2024-03-08 12:49:20,206.99,43.94,49.06,54.25,6.28,44.795482,170.04433,-0.092382,40.131716,South
4464,8,26,2024-09-07 00:16:57,2024-09-07 00:25:04,10.31,2.103,76.14,35.56,31.69,37.027788,-124.400338,-47.307716,97.574742,North
4465,49,17,2024-03-07 23:39:25,2024-03-07 23:49:22,10.82,1.56,65.2,90.51,88.69,-4.638219,-49.078132,64.009718,-161.648557,Central
4466,1,33,2024-08-28 09:53:52,2024-08-28 13:25:16,218.56,31.108,62.03,86.69,20.08,-14.726742,-67.741244,81.498803,79.15414,East
4467,13,3,2024-01-08 11:14:38,2024-01-08 14:58:34,142.87,26.653,38.28,91.69,47.71,-67.389262,120.115741,54.748704,-169.941684,East
4468,22,4,2023-08-10 08:26:08,2023-08-10 09:33:23,71.7,12.53,63.97,65.62,52.46,-23.007334,126.506849,-85.907095,87.715622,Central
4469,33,39,2023-10-22 14:47:48,2023-10-22 18:05:14,138.64,24.882,42.13,89.28,62.2,85.30776,22.159448,75.592802,-161.999551,Central
4470,48,4,2023-09-12 09:28:21,2023-09-12 17:18:25,292.46,58.047,37.33,90.21,31.04,-70.209765,-150.729724,-21.344109,-50.259895,East
4471,1,4,2024-06-09 06:52:37,2024-06-09 08:22:56,143.35,31.312,95.22,62.26,5,-17.036276,-38.472429,-75.763468,56.118602,East
4472,2,12,2023-01-10 04:21:10,2023-01-10 07:05:36,114.81,22.714,41.89,73.23,35.5,-89.6174,1.994075,68.701025,95.651207,North
4473,13,15,2024-06-30 07:00:43,2024-06-30 11:41:50,206.39,51.344,44.05,35.32,5,-41.110194,100.624662,-10.354681,79.974606,East
4474,14,40,2024-11-30 23:57:42,2024-12-01 04:27:45,266.28,53.886,59.16,70.58,5,-32.920685,-73.564292,29.069509,-26.3924,East
4475,21,30,2024-06-07 20:27:08,2024-06-07 22:58:19,209.38,43.3,83.09,90.91,33.18,22.305448,-16.636511,-75.638414,62.264858,West
4476,43,28,2023-09-07 13:18:01,2023-09-07 15:18:31,180.53,30.168,89.88,59.33,21.71,27.208164,149.187435,-46.159925,36.120205,West
4477,13,23,2023-04-28 13:19:47,2023-04-28 14:43:55,118.16,25.882,84.26,70.01,27.3,-72.586255,66.567156,86.604984,19.324855,East
4478,48,11,2023-02-13 14:49:47,2023-02-13 16:14:26,87.98,19.657,62.36,37.35,17.31,-54.648942,-72.682291,11.336657,154.02129,East
4479,16,29,2023-08-15 14:04:06,2023-08-15 14:14:45,16.61,2.89,93.47,74.2,69.38,-13.860822,114.249647,83.514871,-47.565964,East
4480,15,16,2023-12-23 04:39:42,2023-12-23 07:15:09,281.54,65.939,108.66,79.88,5,73.135548,4.999036,74.538521,-134.616634,West
4481,32,26,2024-07-29 23:39:15,2024-07-30 01:32:00,174.16,30.568,92.67,69.52,24.7,-3.033679,99.967883,60.652499,39.062524,East
4482,10,25,2024-08-18 20:11:58,2024-08-18 23:02:25,275.58,52.241,97.0,50.81,5,-12.827774,42.548876,-54.794463,-17.040648,North
4483,8,30,2023-08-22 22:22:35,2023-08-23 03:45:50,181.62,30.111,33.71,53.61,5,44.046561,-80.131691,-10.693606,104.021756,North
4484,30,34,2024-01-31 11:03:22,2024-01-31 11:36:04,28.26,5.422,51.83,69.8,57.62,-6.594206,-11.532977,-2.357518,121.981117,South
4485,16,22,2024-01-26 22:29:08,2024-01-27 00:49:32,123.23,21.277,52.66,32.93,5,28.108992,-26.836864,-47.639573,-84.994268,East
4486,19,17,2023-09-14 20:42:49,2023-09-14 20:52:34,12.91,2.002,79.38,66.26,64.07,81.093373,83.601239,70.085273,101.505569,South
4487,19,24,2024-08-17 01:53:10,2024-08-17 03:43:53,76.83,15.438,41.63,58.69,41.84,-38.440165,160.255135,45.448774,22.487051,South
4488,9,8,2023-03-12 07:35:09,2023-03-12 13:38:10,208.98,36.495,34.54,75.57,21.02,19.719285,-46.632745,71.559931,148.531926,West
4489,50,5,2024-02-19 22:48:31,2024-02-19 23:44:41,78.83,16.015,84.19,88.31,64.26,-78.802291,-17.72339,-72.842258,110.704702,North
4490,48,21,2024-04-08 06:42:50,2024-04-08 08:20:42,70.6,16.182,43.28,45.78,29.28,-59.518402,-36.451589,-77.510734,101.016193,East
4491,31,8,2024-01-24 10:10:07,2024-01-24 16:03:40,201.47,43.676,34.19,72.84,24.04,77.104429,89.336114,-8.034265,157.351909,Central
4492,15,18,2024-06-22 09:48:40,2024-06-22 13:41:23,281.41,37.93,72.55,87.04,39.75,-2.863898,-138.406454,62.322745,118.141976,West
4493,12,10,2024-05-25 00:40:32,2024-05-25 05:43:16,258.24,63.562,51.18,52.5,5,-14.846357,-68.423622,-14.13601,73.43482,East
4494,36,9,2023-01-07 17:16:59,2023-01-07 19:07:07,103.81,15.538,56.55,65.53,40.94,-4.832575,-169.459173,-58.317458,-50.21176,West
4495,41,34,2024-11-06 13:06:45,2024-11-06 16:58:49,265.89,62.148,68.74,81.46,5,-1.389539,135.860748,31.563674,146.389337,East
4496,44,10,2023-02-19 21:28:40,2023-02-20 00:12:01,256.89,54.453,94.35,60.58,5,24.987596,-91.526195,61.223236,86.208246,Central
4497,43,35,2023-08-06 12:20:23,2023-08-06 14:35:06,136.82,27.373,60.93,49.15,15.02,-65.555858,-14.660141,-47.938721,-44.644924,West
4498,34,7,2024-01-10 05:00:39,2024-01-10 07:06:50,217.71,54.079,103.51,74.34,5,45.724478,127.290953,41.734802,4.533767,West
4499,14,6,2023-07-23 16:42:12,2023-07-23 18:40:51,131.79,25.599,66.64,62.44,8.66,-17.94615,7.258299,-60.943231,144.187041,East
4500,21,23,2024-09-13 20:26:48,2024-09-13 20:56:18,47.5,8.717,96.57,41.76,30.14,69.477906,138.780265,43.678835,89.458983,West
4501,32,40,2024-12-15 04:24:11,2024-12-15 06:16:37,153.52,38.254,81.92,59.57,5,53.438508,-161.979061,-37.431075,-34.706587,East
4502,38,30,2024-01-01 13:18:43,2024-01-01 15:16:21,102.54,24.201,52.3,63.33,23.98,84.261959,-15.436293,-32.225698,-134.076764,North
4503,22,5,2023-07-02 23:54:18,2023-07-03 02:07:10,86.9,21.674,39.24,69.67,46.9,67.275909,22.82575,74.047865,143.824591,Central
4504,42,14,2023-11-20 01:50:54,2023-11-20 04:44:08,298.44,73.269,103.36,74.93,5,46.3592,72.728274,-67.796136,5.891531,Central
4505,32,12,2024-06-24 02:48:47,2024-06-24 04:29:03,138.84,29.683,83.08,34.16,5,88.760036,153.826639,-12.542953,29.022649,East
4506,16,17,2023-10-20 17:29:40,2023-10-20 21:16:20,269.26,39.954,71.27,31.77,5,-20.00721,177.660512,1.680046,-14.026607,East
4507,21,34,2023-08-11 09:48:57,2023-08-11 13:17:31,237.35,51.327,68.28,45.76,5,-21.862996,-151.24781,59.414271,52.325436,West
4508,48,23,2023-11-13 05:19:59,2023-11-13 05:43:46,40.05,7.175,100.97,93.78,86.47,61.278336,-178.224795,27.183898,-5.438281,East
4509,30,9,2024-07-01 18:49:53,2024-07-01 19:15:21,44.03,6.052,103.73,86.41,72.81,-87.997844,-56.126637,77.444866,-19.714258,South
4510,34,2,2024-05-25 11:40:17,2024-05-25 13:17:51,128.57,30.081,79.06,63.7,7.47,-66.454987,79.743853,6.283561,147.24623,West
4511,17,7,2023-10-22 04:44:07,2023-10-22 04:54:46,15.36,3.7,86.52,59.22,51.43,-16.857594,-66.860453,-3.449803,-129.050325,South
4512,18,16,2023-02-11 01:20:09,2023-02-11 02:22:37,67.89,15.412,65.2,73.89,55.59,-71.220002,155.115592,-87.477362,-89.543226,South
4513,46,32,2023-02-22 08:32:05,2023-02-22 10:33:18,163.38,27.087,80.86,40.53,5,28.68198,-147.505121,27.28239,83.745558,South
4514,27,27,2023-05-27 01:33:44,2023-05-27 04:19:11,259.17,53.147,93.98,36.83,5,52.593207,-177.819293,-59.880927,112.990401,South
4515,16,35,2024-06-26 13:30:54,2024-06-26 13:38:25,9.23,2.201,73.56,42.09,38.42,55.953466,107.259362,-1.424205,120.265442,East
4516,39,4,2024-12-04 20:14:46,2024-12-04 23:36:10,121.55,20.16,36.21,75.3,40.48,64.383781,-52.86468,-48.69332,89.186671,East
4517,44,33,2023-09-15 08:25:23,2023-09-15 11:01:31,156.51,26.471,60.14,52.99,23.41,-21.549361,-139.980331,70.444324,-130.759572,Central
4518,22,6,2024-02-11 03:17:20,2024-02-11 09:45:10,279.38,59.139,43.22,85.54,23.42,-69.465013,47.773107,-40.976916,16.827497,Central
4519,14,22,2023-04-19 08:39:06,2023-04-19 09:16:45,27.43,5.886,43.71,73.08,60.71,-30.582399,176.861931,81.315526,-118.121813,East
4520,29,28,2024-03-29 14:32:35,2024-03-29 14:42:31,17.24,3.51,104.03,84.22,77.06,47.58525,-178.353884,48.057472,-25.378311,North
4521,29,38,2024-12-17 09:42:35,2024-12-17 12:42:15,215.85,41.966,72.08,50.16,5,-6.92211,32.429847,35.631534,74.445422,North
4522,13,35,2023-08-11 13:50:13,2023-08-11 18:01:03,137.46,21.871,32.88,40.02,5,-17.5461,2.139311,36.951268,-171.656079,East
4523,48,15,2024-10-14 05:47:47,2024-10-14 07:56:23,203.98,47.741,95.16,65.13,16.46,-29.550007,-110.153737,-61.597734,177.733832,East
4524,34,6,2024-09-07 16:25:41,2024-09-07 18:39:36,221.41,33.017,99.19,43.62,5,5.935467,17.47281,80.913645,-170.645677,West
4525,2,14,2024-11-04 18:38:25,2024-11-04 20:49:51,132.61,21.902,60.53,58.37,21.99,13.80906,155.312555,61.701788,15.28368,North
4526,33,31,2024-02-28 10:08:50,2024-02-28 12:00:48,119.81,25.113,64.2,65.2,37.87,-52.446496,-1.99688,32.605144,67.309642,Central
4527,26,12,2024-01-01 23:46:19,2024-01-02 00:28:49,47.49,6.339,67.02,54.62,42.17,21.076983,3.24621,-63.847918,149.288617,East
4528,18,10,2023-01-05 21:17:40,2023-01-05 22:47:29,154.22,24.24,103.02,59.17,30.38,-70.081194,142.617594,69.624354,-158.049184,South
4529,21,29,2023-03-04 03:11:16,2023-03-04 12:34:45,287.19,55.839,30.58,41.83,5,52.039358,-81.74958,65.959579,-146.217584,West
4530,17,18,2024-05-10 08:05:19,2024-05-10 10:06:23,191.82,47.463,95.06,79.04,5,-52.600099,-7.441647,-66.779611,88.149736,South
4531,45,24,2024-01-09 02:09:41,2024-01-09 02:55:04,76.6,18.728,101.26,41.28,17.78,-76.233188,-96.771266,34.718641,-148.363028,North
4532,11,29,2024-01-24 03:11:26,2024-01-24 05:19:31,195.07,33.098,91.37,33.64,5,-1.39393,-52.931845,14.350668,-130.704464,North
4533,26,34,2023-10-04 20:45:46,2023-10-04 23:55:00,213.19,30.934,67.59,33.96,5,-49.156869,93.073558,18.826812,87.428329,East
4534,34,15,2024-08-02 00:27:26,2024-08-02 02:27:50,192.63,33.003,95.99,41.06,5,46.586383,120.716708,31.217048,130.432665,West
4535,33,2,2023-08-31 11:18:59,2023-08-31 13:37:02,214.21,46.53,93.09,32.71,5,-24.040181,93.806477,59.755299,-44.733262,Central
4536,12,22,2023-09-23 18:45:09,2023-09-23 19:46:18,104.64,22.725,102.66,63.88,23.23,-81.190853,130.211766,0.5418,118.968115,East
4537,50,15,2024-03-25 14:29:42,2024-03-25 16:51:34,239.75,49.846,101.39,93.9,19.06,80.473064,-143.6126,-87.171743,-50.57989,North
4538,22,7,2023-03-22 18:40:51,2023-03-22 19:51:56,127.59,31.198,107.69,64.93,32.16,-34.999818,174.353005,22.588462,-20.207976,Central
4539,28,38,2023-11-24 06:04:54,2023-11-24 08:01:45,193.1,40.047,99.14,55.98,5,-78.092285,46.463263,-44.065877,-31.825234,Central
4540,17,34,2023-10-31 16:17:12,2023-10-31 18:36:41,253.22,51.415,108.92,52.31,5,-61.780756,160.30219,50.683171,5.693715,South
4541,24,18,2024-02-04 22:25:04,2024-02-05 00:24:41,203.0,36.895,101.82,78.5,39.46,23.985418,104.616495,-8.968882,-79.719205,North
4542,17,14,2023-05-26 13:37:07,2023-05-26 16:18:32,214.94,45.734,79.89,34.59,5,26.237251,117.831976,61.873002,93.298609,South
4543,22,35,2024-04-12 19:27:20,2024-04-12 20:51:47,102.44,18.698,72.77,89.67,70.03,36.620931,-30.641278,-69.989535,61.997921,Central
4544,1,28,2024-11-23 04:34:08,2024-11-23 05:11:41,52.7,8.829,84.19,47.02,28.11,12.257259,-78.3555,69.020141,78.477956,East
4545,42,18,2023-05-05 00:16:32,2023-05-05 04:15:10,129.42,26.705,32.54,56.82,21.26,65.439919,-100.593254,-30.079906,104.758691,Central
4546,43,21,2023-06-10 06:15:03,2023-06-10 06:48:28,22.45,3.526,40.3,76.7,72.3,-36.836545,106.184735,-9.432305,-68.192078,West
4547,18,37,2024-02-02 09:53:19,2024-02-02 10:13:56,13.54,2.58,39.39,76.89,73.83,-10.45049,51.162076,-82.415892,28.090886,South
4548,8,25,2023-04-22 16:16:02,2023-04-22 19:35:26,165.57,33.933,49.82,57.58,5,-11.965146,-98.675111,59.075092,104.110768,North
4549,25,36,2024-08-25 00:10:41,2024-08-25 09:14:11,299.47,72.95,33.06,73.79,5,-66.391719,-64.631918,-69.830512,-150.423858,East
4550,28,14,2023-06-10 13:16:48,2023-06-10 14:43:16,139.83,24.952,97.02,42.85,5,37.234464,-127.245689,63.151212,-121.64386,Central
4551,2,9,2024-05-08 21:48:37,2024-05-09 00:40:31,198.5,36.781,69.28,63.25,5,44.229554,141.732698,39.808394,-1.708947,North
4552,25,25,2023-10-12 03:16:23,2023-10-12 05:30:00,184.41,39.394,82.8,53.93,11.8,-11.541215,-37.938498,-5.814212,-96.772807,East
4553,42,19,2023-10-02 12:50:44,2023-10-02 17:52:59,288.41,57.222,57.25,52.31,5,42.148377,106.769461,13.116415,101.237251,Central
4554,28,2,2024-11-23 02:02:45,2024-11-23 03:05:18,106.07,21.798,101.72,45.6,8.08,-28.047314,-100.963015,-6.108502,24.974511,Central
4555,11,37,2024-07-05 12:43:52,2024-07-05 15:39:14,191.3,33.238,65.45,49.52,5,29.090688,-132.1881,39.850026,175.243681,North
4556,22,5,2024-03-10 07:19:33,2024-03-10 08:33:40,71.16,11.923,57.6,40.43,27.91,88.262975,-167.320155,85.813771,-64.634625,Central
4557,48,24,2023-04-22 09:23:48,2023-04-22 16:22:13,243.66,51.229,34.94,59.45,7.23,49.505842,-67.049685,-51.121158,166.496871,East
4558,38,33,2023-05-08 09:39:28,2023-05-08 16:09:24,233.58,33.064,35.94,72.26,18.5,-77.334289,-135.442775,0.548606,76.451366,North
4559,6,40,2024-05-03 16:14:58,2024-05-03 21:58:53,214.38,37.497,37.4,84.09,11.84,-44.398471,-161.485104,-43.144112,-147.101468,Central
4560,22,19,2023-09-06 07:04:13,2023-09-06 07:35:21,48.94,11.101,94.31,32.62,20.96,-28.62684,119.300386,-41.643679,32.288805,Central
4561,11,31,2024-05-04 20:38:06,2024-05-04 22:07:22,118.79,18.329,79.84,47.04,8.21,-36.622721,-99.192333,-33.459405,104.802441,North
4562,37,36,2023-04-20 21:41:12,2023-04-21 00:23:45,93.55,16.23,34.53,83.46,65.64,-27.42042,-41.175693,-44.767057,3.915867,North
4563,18,12,2024-07-15 22:55:56,2024-07-16 01:57:48,281.47,46.201,92.86,77.96,23.09,-13.344208,66.201992,-47.820327,-36.986661,South
4564,22,1,2024-07-26 06:39:38,2024-07-26 09:25:46,212.16,38.694,76.62,94.91,54.27,78.164704,108.941909,-16.663094,-92.420656,Central
4565,22,2,2024-03-23 07:04:44,2024-03-23 08:52:07,78.9,18.047,44.08,76.58,57.62,-0.986596,160.493366,-61.061444,151.765995,Central
4566,3,24,2024-07-12 00:30:28,2024-07-12 06:17:49,249.98,42.006,43.18,61.08,14.41,48.798702,-81.677717,-59.256203,163.400059,North
4567,41,4,2024-07-03 10:55:48,2024-07-03 11:03:15,12.94,3.1,104.01,61.1,54.89,89.567464,12.624915,-80.602582,162.859391,East
4568,8,9,2024-09-13 17:58:38,2024-09-13 23:34:16,273.71,45.518,48.93,40.0,5,-67.470591,-46.277191,-11.31369,-3.034296,North
4569,1,6,2024-03-06 01:29:43,2024-03-06 08:48:51,270.51,38.862,36.96,92.82,9.6,27.010762,90.470299,71.250018,-134.575108,East
4570,24,15,2023-07-23 11:46:30,2023-07-23 14:33:18,241.31,37.223,86.8,60.74,21.35,84.6317,-150.50169,-40.073309,148.356093,North
4571,43,40,2023-12-02 20:37:11,2023-12-02 22:40:55,209.11,37.623,101.4,57.79,10.88,-32.381102,175.413526,17.512919,58.302776,West
4572,14,32,2023-07-05 19:19:16,2023-07-05 21:34:19,90.65,13.424,40.27,79.92,51.72,17.842261,-18.917044,57.533116,-174.092172,East
4573,13,40,2023-03-09 00:58:46,2023-03-09 04:02:37,265.44,66.167,86.62,62.66,5,-12.857205,145.280677,47.011948,-163.944126,East
4574,3,6,2023-08-14 05:58:33,2023-08-14 09:16:35,179.66,36.681,54.43,32.23,5,-10.682256,-85.16353,39.404419,-141.231575,North
4575,43,4,2024-03-07 21:40:20,2024-03-07 23:57:59,165.79,29.11,72.26,34.57,5,-48.715964,-117.952589,18.67142,-174.545471,West
4576,31,20,2024-09-20 19:28:09,2024-09-20 21:56:24,111.34,15.913,45.06,83.59,65.81,58.897685,-86.325881,-26.846875,131.280791,Central
4577,41,38,2023-01-29 00:57:33,2023-01-29 05:21:02,156.38,26.352,35.61,44.1,5,0.357115,-5.204508,-22.829747,90.288017,East
4578,40,14,2023-03-15 02:09:16,2023-03-15 05:22:11,135.47,31.933,42.13,79.42,43.17,55.024845,-71.135745,0.163898,-103.235007,East
4579,45,26,2024-01-15 20:39:59,2024-01-15 21:03:10,20.88,4.919,54.03,90.18,84.01,-89.341253,-155.268729,-83.855384,23.097395,North
4580,6,31,2023-03-08 01:56:03,2023-03-08 02:02:07,8.35,1.989,82.42,74.9,71.07,77.86124,-15.955102,20.681478,-10.265712,Central
4581,8,40,2023-03-31 10:34:46,2023-03-31 13:26:08,266.92,35.845,93.45,61.14,5,-63.892521,131.084909,76.82405,-23.530712,North
4582,2,8,2023-07-05 18:35:46,2023-07-05 20:57:08,218.04,51.563,92.54,31.49,5,-1.650122,156.026321,-22.834025,-138.71685,North
4583,18,18,2024-09-12 14:40:54,2024-09-12 16:04:25,82.73,15.65,59.43,31.81,13.22,40.818446,88.776891,47.691479,16.344906,South
4584,19,34,2024-01-04 17:58:03,2024-01-04 21:59:51,232.13,43.991,57.6,83.71,35.68,-12.339755,-99.993908,-27.528384,125.969063,South
4585,27,10,2023-10-06 03:34:44,2023-10-06 06:10:39,213.71,29.712,82.24,39.88,5,10.229451,137.567854,20.510043,110.66398,South
4586,29,14,2023-04-02 09:33:48,2023-04-02 10:48:59,121.34,29.748,96.82,73.04,12.33,52.616616,-23.349971,-68.962739,-157.669929,North
4587,37,5,2023-03-14 02:19:39,2023-03-14 04:20:15,197.44,43.891,98.22,78.38,30.2,84.152104,10.809826,78.832994,119.936067,North
4588,25,29,2024-10-19 19:05:10,2024-10-19 21:49:37,291.46,57.942,106.33,79.38,17.41,-67.050809,64.541337,56.210102,-143.190047,East
4589,29,14,2023-02-16 22:26:24,2023-02-16 23:44:52,130.24,22.329,99.57,31.48,5,10.994471,-78.650494,-2.963314,107.812603,North
4590,43,18,2023-11-09 16:53:24,2023-11-09 19:39:49,274.63,48.792,99.01,92.91,32.07,-67.363057,95.12772,-87.909278,155.851847,West
4591,43,16,2024-10-30 23:44:11,2024-10-31 01:43:12,216.14,45.995,108.95,46.11,5,15.115916,122.401722,37.822023,92.450836,West
4592,4,2,2024-01-19 01:01:28,2024-01-19 01:27:39,36.89,4.835,84.49,63.99,55.78,0.752428,111.031186,-28.043184,160.53444,West
4593,2,38,2024-01-20 20:22:06,2024-01-21 03:45:39,260.66,51.384,35.26,72.64,5,36.673189,48.677168,-72.695488,120.617574,North
4594,15,16,2023-05-22 20:01:00,2023-05-22 21:28:21,68.78,15.153,47.24,31.99,13.1,-75.838465,-7.679568,9.423657,166.464495,West
4595,26,35,2024-08-27 12:51:55,2024-08-27 15:42:04,149.82,31.944,52.83,75.23,12.47,54.123888,90.47838,68.147222,10.293021,East
4596,40,13,2024-04-28 22:30:59,2024-04-29 04:32:27,263.21,53.161,43.69,60.43,5,-64.240323,-140.394211,61.098484,-82.947948,East
4597,1,37,2024-01-18 20:05:20,2024-01-18 20:55:22,60.02,14.381,71.97,87.81,57.02,-9.97717,71.488537,-5.661321,43.179634,East
4598,50,10,2024-06-16 18:02:31,2024-06-16 19:07:59,115.28,19.912,105.64,78.28,48.38,28.908531,-167.670615,-86.060918,-50.424158,North
4599,10,14,2024-04-26 17:28:48,2024-04-26 19:45:52,231.94,51.91,101.53,92.06,14.93,44.603204,157.958532,-9.033289,-99.97832,North
4600,16,20,2024-02-08 09:56:57,2024-02-08 12:45:33,259.27,49.125,92.26,45.29,5,-6.791066,49.931472,-82.788657,-96.119002,East
4601,40,14,2024-03-01 11:48:32,2024-03-01 16:30:37,214.58,49.556,45.64,87.07,30.82,-60.847386,113.270794,28.976314,121.166905,East
4602,15,10,2023-07-06 19:37:45,2023-07-07 00:35:44,161.91,29.037,32.6,75.17,38.96,-24.947582,122.533917,-68.594636,-35.41908,West
4603,33,24,2024-02-08 00:39:30,2024-02-08 02:10:41,96.8,18.592,63.69,81.97,61.74,-26.780265,155.221652,81.580246,17.645102,Central
4604,35,18,2023-03-18 07:47:27,2023-03-18 09:32:08,120.9,16.277,69.29,35.74,6.67,-54.230887,130.032009,-1.25877,-8.405582,West
4605,17,7,2023-12-22 05:57:56,2023-12-22 06:59:06,103.21,19.372,101.22,67.38,26.6,11.930869,-73.520888,-39.822307,-58.806927,South
4606,3,8,2023-07-22 01:30:43,2023-07-22 03:33:23,110.71,15.866,54.15,63.34,45.71,86.360112,-32.58439,4.936768,103.427356,North
4607,21,17,2024-09-12 19:09:26,2024-09-12 19:35:37,28.44,6.109,65.15,65.36,57.21,19.954615,117.074196,-83.335221,93.925952,West
4608,16,25,2024-11-23 13:14:02,2024-11-23 13:37:58,25.19,3.583,63.13,54.78,48.8,-72.961982,-70.933237,-50.902282,-55.089633,East
4609,29,2,2024-10-29 18:51:28,2024-10-29 19:54:56,63.48,12.881,60.0,35.81,9.52,31.0735,-148.813861,-84.716319,-174.168778,North
4610,30,2,2024-08-30 22:28:32,2024-08-31 00:16:48,103.19,18.109,57.18,70.99,30.3,-4.938209,105.555324,-57.578569,92.076181,South
4611,27,17,2023-05-17 06:37:26,2023-05-17 09:49:03,223.75,42.689,70.06,46.04,5,-60.469577,154.856997,68.515692,-45.892815,South
4612,19,15,2024-01-24 05:32:28,2024-01-24 06:48:33,138.36,21.281,109.09,82.45,59.22,-57.383373,114.673099,-57.80943,131.297105,South
4613,49,18,2024-05-05 19:09:33,2024-05-05 23:06:43,207.37,41.058,52.46,51.97,5,-65.91481,71.649471,0.207994,99.709839,Central
4614,49,27,2024-09-04 00:03:58,2024-09-04 04:18:06,130.08,30.198,30.71,94.51,59.27,-73.028929,-143.742981,86.817631,85.322223,Central
4615,8,39,2023-11-18 07:13:31,2023-11-18 11:58:34,194.84,28.832,41.01,62.28,9.18,55.302604,-109.970334,-50.538689,43.23333,North
4616,17,34,2023-10-20 08:44:23,2023-10-20 12:17:50,240.96,34.96,67.73,47.36,5,59.774147,-74.871311,-3.47317,171.793121,South
4617,9,29,2024-07-31 16:24:16,2024-07-31 22:01:56,262.32,41.397,46.61,81.86,19.98,-40.177714,-41.563652,11.39191,134.805729,West
4618,28,4,2024-03-27 05:18:59,2024-03-27 06:30:43,100.83,24.964,84.33,59.31,16.34,16.073303,-149.655413,54.841705,-79.205033,Central
4619,42,13,2023-07-20 21:21:26,2023-07-20 21:30:49,13.67,2.444,87.29,67.28,64.03,-32.635148,-124.073521,20.873449,-111.867704,Central
4620,28,3,2024-02-27 05:21:36,2024-02-27 06:12:46,38.48,8.654,45.12,82.23,67.33,64.78989,114.298153,1.432213,-94.443153,Central
4621,2,16,2023-08-02 16:08:01,2023-08-02 19:11:44,245.79,37.522,80.27,66.53,5,-40.553346,-154.045725,-6.434598,85.342974,North
4622,35,30,2023-01-27 08:25:45,2023-01-27 08:34:48,9.6,2.317,63.6,82.68,78.54,88.356663,157.696657,-28.808602,35.816177,West
4623,26,37,2023-09-18 12:00:39,2023-09-18 18:36:35,263.5,53.035,39.93,82.73,5,57.819901,160.642719,-20.73969,119.312631,East
4624,27,17,2023-08-10 10:20:51,2023-08-10 13:23:42,185.85,30.71,60.98,67.45,25.5,-38.575319,-177.983051,-20.547601,-0.853123,South
4625,8,31,2024-10-16 10:37:57,2024-10-16 12:35:11,210.12,30.604,107.53,84.91,28.55,80.943213,-145.716288,20.534502,-117.273307,North
4626,26,11,2024-01-24 17:48:18,2024-01-24 18:02:25,7.29,1.761,30.96,56.97,53.51,-24.312207,68.993237,-80.46778,-31.852459,East
4627,6,29,2023-06-08 23:45:59,2023-06-09 01:02:10,84.92,13.939,66.88,73.05,46.19,-56.637882,135.638362,30.721492,1.593518,Central
4628,25,38,2023-05-24 00:19:51,2023-05-24 01:12:49,74.1,15.961,83.93,83.05,65.98,-52.180325,-71.214865,4.04586,-145.510983,East
4629,40,15,2024-10-01 11:38:59,2024-10-01 12:39:40,52.88,10.72,52.28,77.6,65.43,18.473902,178.072358,16.403055,-124.982528,East
4630,8,3,2023-02-11 04:22:46,2023-02-11 05:24:04,31.7,7.719,31.02,66.15,51.93,56.029556,147.859386,83.654263,47.78153,North
4631,11,40,2023-08-09 11:43:02,2023-08-09 15:05:46,192.7,26.783,57.03,56.33,5,4.224473,27.43722,-5.154111,-72.284511,North
4632,18,3,2024-10-27 05:06:13,2024-10-27 05:52:30,84.82,16.79,109.93,91.52,71.58,27.87031,30.264829,-39.51978,-46.780545,South
4633,40,19,2023-03-11 19:09:09,2023-03-11 21:18:06,211.16,45.33,98.25,41.29,5,-29.865122,53.469198,70.859949,95.065165,East
4634,45,16,2023-09-01 09:48:45,2023-09-01 12:09:26,215.52,50.958,91.91,81.17,17.23,-28.311288,119.338269,-80.516768,-21.618903,North
4635,39,13,2024-05-12 00:43:34,2024-05-12 02:17:11,67.91,12.674,43.52,64.77,42.88,-1.05414,65.037537,46.628807,128.870375,East
4636,27,26,2024-05-26 10:07:00,2024-05-26 11:29:16,150.12,23.265,109.48,38.11,6.33,29.34258,96.223147,-70.987644,-172.053913,South
4637,11,27,2024-11-18 14:26:55,2024-11-18 16:23:44,101.08,21.764,51.91,59.66,13.55,-52.307985,145.306945,89.017899,58.512757,North
4638,9,6,2023-09-23 08:50:34,2023-09-23 12:44:50,157.71,39.136,40.39,77.37,18.87,26.074347,15.897622,84.22994,91.584996,West
4639,38,30,2023-01-30 03:24:29,2023-01-30 06:15:14,204.17,28.33,71.74,68.64,22.57,-17.781869,121.915059,12.450249,-104.480486,North
4640,1,32,2024-07-19 05:42:32,2024-07-19 10:10:06,175.17,24.371,39.28,57.07,5,-35.11495,-2.587983,51.304507,-146.517204,East
4641,30,17,2023-07-17 17:41:20,2023-07-17 19:07:26,117.64,29.401,81.97,92.91,26.84,9.875752,-31.687893,-60.083472,126.454194,South
4642,37,16,2023-02-16 21:01:02,2023-02-17 00:27:03,228.68,34.461,66.6,82.02,44.19,-55.733459,55.435858,-1.17861,-36.71391,North
4643,24,32,2023-06-15 08:28:37,2023-06-15 11:30:26,288.09,69.162,95.07,73.58,5,-61.918045,134.562321,23.537069,-152.693166,North
4644,46,22,2024-07-05 19:42:57,2024-07-05 20:34:07,59.49,11.181,69.76,76.9,59.46,89.018588,-85.870694,85.968546,170.296317,South
4645,22,36,2024-06-08 01:08:38,2024-06-08 04:00:17,252.44,34.529,88.24,59.8,23.53,71.187242,-46.23156,36.610412,-9.5398,Central
4646,40,36,2024-11-20 05:31:00,2024-11-20 06:29:27,40.69,6.922,41.76,45.75,37.89,-10.859437,-167.85705,-17.112929,-55.896851,East
4647,9,11,2023-03-09 05:20:15,2023-03-09 07:54:24,226.53,30.286,88.17,66.07,20.8,-10.56406,55.557406,29.367463,145.116126,West
4648,13,11,2023-11-12 11:43:26,2023-11-12 13:05:35,147.51,26.418,107.73,33.93,5,71.545322,143.592531,7.811669,-10.68576,East
4649,30,27,2024-07-19 11:08:37,2024-07-19 11:17:25,10.76,2.327,73.29,53.44,48.21,58.975904,61.11065,-83.81945,149.723255,South
4650,16,36,2023-06-17 00:02:06,2023-06-17 03:05:17,249.54,34.332,81.73,53.47,5,9.183581,172.072622,-0.212621,171.495973,East
4651,24,26,2024-08-11 17:46:59,2024-08-11 21:12:58,248.46,55.214,72.37,93.38,34.95,-29.128231,152.749689,79.384891,-42.561964,North
4652,1,1,2023-05-27 17:34:23,2023-05-27 19:52:37,206.45,45.593,89.6,30.63,5,16.278485,112.134161,19.42927,-135.964189,East
4653,42,2,2023-12-14 05:01:08,2023-12-14 05:23:47,18.76,2.576,49.68,63.81,60.38,-44.622563,-104.02424,53.06027,45.673837,Central
4654,45,33,2024-08-06 22:50:00,2024-08-07 00:58:15,221.29,40.31,103.52,75.83,25.25,-38.069671,-179.421257,0.447467,23.259301,North
4655,42,15,2023-05-08 13:18:29,2023-05-08 13:28:33,15.79,3.391,94.04,81.64,77.12,-3.330279,-68.561913,76.066526,-159.353459,Central
4656,41,33,2023-07-02 04:51:28,2023-07-02 06:30:41,85.52,18.252,51.71,40.05,5,-23.912566,147.932743,4.914028,-7.956935,East
4657,32,32,2024-07-15 05:03:13,2024-07-15 06:30:26,94.82,20.111,65.22,56.61,27.12,-73.406074,130.407583,-16.417403,-22.459139,East
4658,44,27,2023-09-27 23:58:45,2023-09-28 00:18:35,22.48,5.252,67.98,48.62,42.75,17.136355,89.256674,-64.620569,16.935487,Central
4659,26,26,2023-09-03 23:00:32,2023-09-04 01:07:01,135.28,28.576,64.17,55.69,5,-8.20952,-174.752232,2.8169,-141.522002,East
4660,8,39,2024-01-31 23:56:32,2024-02-01 01:18:30,52.25,8.494,38.24,94.87,79.23,-47.143036,30.01542,1.659256,34.063551,North
4661,35,37,2023-09-29 20:56:18,2023-09-29 20:59:47,6.03,1.006,103.56,32.62,30.82,62.862305,90.351398,18.894455,-139.668086,West
4662,11,10,2023-02-17 09:18:40,2023-02-17 09:51:54,59.84,14.9,108.0,55.82,24.25,-80.10181,5.04477,-47.921928,-134.376003,North
4663,17,4,2023-06-18 07:42:16,2023-06-18 08:10:21,41.88,9.988,89.46,73.11,52.08,12.017416,-178.68357,76.713938,-69.69995,South
4664,27,11,2024-12-20 13:26:36,2024-12-20 15:11:33,114.51,23.293,65.46,45.7,13.88,71.830258,130.435821,67.341449,72.345482,South
4665,3,30,2024-08-08 05:59:32,2024-08-08 10:36:29,233.71,50.924,50.63,79.44,22.86,15.509492,56.083867,-83.429597,129.131741,North
4666,17,22,2023-03-09 05:14:53,2023-03-09 07:33:27,132.64,21.569,57.43,72.07,26.66,67.342938,-51.306509,-61.215767,-15.062325,South
4667,30,31,2023-10-13 21:48:23,2023-10-13 22:31:16,41.04,7.71,57.41,66.27,48.94,82.079167,-0.963647,46.604014,158.851297,South
4668,45,37,2024-04-06 00:39:40,2024-04-06 09:06:18,295.12,68.134,34.95,81.91,5,80.519889,-9.517631,-28.408956,-167.811987,North
4669,16,26,2024-07-15 19:50:34,2024-07-16 00:16:24,277.62,42.558,62.66,90.5,19.45,47.574247,1.031794,-15.862113,97.898495,East
4670,36,28,2023-06-29 01:43:45,2023-06-29 03:05:34,69.04,16.793,50.63,39.71,13.14,16.816243,-9.320425,20.702341,62.417499,West
4671,50,26,2023-05-04 18:19:44,2023-05-04 20:52:20,233.13,34.218,91.66,45.01,5,-73.156286,124.342807,72.404143,-35.287317,North
4672,17,32,2024-06-07 15:25:43,2024-06-07 16:25:53,57.13,8.126,56.96,67.68,50.57,-46.067946,-12.488826,20.289818,-6.359515,South
4673,17,15,2024-07-11 06:26:15,2024-07-11 08:00:53,144.1,34.042,91.35,75.43,5,25.413136,169.275382,45.486568,-59.283789,South
4674,1,35,2024-06-22 05:05:00,2024-06-22 09:21:53,177.3,42.955,41.41,43.5,5,-81.488984,147.051017,-43.676927,-41.208416,East
4675,3,14,2024-07-31 03:42:33,2024-07-31 06:21:58,136.5,32.272,51.37,42.42,6.56,66.036169,-36.020829,29.447273,-173.104595,North
4676,15,8,2024-05-06 02:06:04,2024-05-06 03:58:53,189.89,36.84,100.98,63.45,17.51,76.786571,-85.659283,-28.573745,46.752529,West
4677,28,26,2024-05-07 22:07:28,2024-05-08 04:26:07,230.98,43.522,36.6,53.4,5,-8.950349,-19.279276,-58.875797,35.709175,Central
4678,40,1,2023-07-29 05:38:53,2023-07-29 07:49:40,142.1,32.131,65.19,68.51,32.04,-64.255222,-75.294117,21.336908,69.110553,East
4679,46,24,2024-08-07 16:06:37,2024-08-07 19:26:46,280.9,50.707,84.2,61.04,5,61.222795,-29.709957,-85.626433,-75.410771,South
4680,48,25,2024-02-24 16:55:27,2024-02-24 17:00:56,9.89,1.637,108.18,70.81,69.14,-34.369943,148.684442,-1.234377,-46.576221,East
4681,27,20,2023-08-23 22:06:32,2023-08-24 00:41:06,219.73,41.471,85.29,36.23,5,9.466142,90.113738,-29.127879,-62.970605,South
4682,50,35,2024-09-06 19:34:04,2024-09-06 20:27:15,70.63,11.634,79.66,40.23,22.76,-25.694782,65.802412,-31.645837,144.689039,North
4683,25,14,2024-07-08 00:39:38,2024-07-08 01:09:36,47.91,11.803,95.91,42.88,30.26,26.737096,92.074317,-83.615572,47.430079,East
4684,43,28,2024-02-10 18:08:37,2024-02-10 20:10:29,161.15,39.544,79.34,47.1,5,-86.813976,-143.407402,37.301639,163.952058,West
4685,38,36,2023-06-15 17:46:44,2023-06-15 20:19:11,192.52,35.581,75.77,44.36,5,-19.455057,-99.507909,38.123149,140.624129,North
4686,43,30,2024-12-10 16:42:04,2024-12-10 19:59:15,275.31,58.18,83.77,86.06,13.52,-64.995149,-20.885823,28.837755,-88.961417,West
4687,8,24,2023-01-18 18:05:24,2023-01-18 20:05:31,75.22,16.617,37.57,63.14,32.54,85.921196,44.017281,-73.699515,107.676174,North
4688,49,27,2023-09-26 07:34:04,2023-09-26 10:10:14,240.37,52.232,92.35,74.26,13.31,-45.076217,-9.48248,74.228386,-143.74265,Central
4689,11,22,2023-01-10 01:47:35,2023-01-10 03:40:30,121.86,25.337,64.75,89.25,35.57,-15.072171,-179.413019,-37.131906,46.637882,North
4690,30,3,2023-11-10 05:32:34,2023-11-10 09:37:52,195.64,35.236,47.85,49.35,5,-10.714956,75.973117,-84.10003,-162.577144,South
4691,8,20,2024-10-05 18:39:48,2024-10-05 20:42:41,172.63,25.39,84.28,57.86,11.1,87.150837,48.050739,-60.750461,-70.302133,North
4692,42,23,2024-07-16 11:18:09,2024-07-16 13:08:44,186.61,36.077,101.25,30.06,5,-77.919828,18.239983,-78.915494,-144.493514,Central
4693,14,20,2023-04-24 21:30:00,2023-04-25 01:45:34,257.67,43.554,60.49,39.93,5,11.035607,-23.707737,-37.188828,38.521871,East
4694,41,26,2023-07-07 23:27:27,2023-07-08 03:37:53,272.73,57.601,65.34,43.38,5,57.230198,129.987795,-45.119403,-6.760633,East
4695,31,15,2024-04-08 08:53:10,2024-04-08 11:11:51,183.1,30.154,79.21,89.6,55.91,-56.227057,120.309916,41.740037,126.528558,Central
4696,15,36,2024-03-13 04:53:05,2024-03-13 06:02:29,107.62,18.669,93.03,48.59,25.31,60.249844,49.292582,3.037151,58.053698,West
4697,48,24,2023-06-04 02:11:24,2023-06-04 02:58:05,26.97,3.607,34.66,61.89,58.21,0.183593,86.234442,-8.760483,-167.789367,East
4698,12,6,2023-01-13 04:40:21,2023-01-13 06:55:34,200.35,48.645,88.9,91.42,5,-33.821261,-31.627271,82.88171,66.419131,East
4699,29,25,2023-06-22 00:04:38,2023-06-22 01:59:29,206.45,36.513,107.84,52.81,5,-12.987599,-130.48744,-1.20388,118.016909,North
4700,34,14,2024-07-13 02:21:02,2024-07-13 07:05:36,212.82,32.889,44.87,91.56,30.09,-65.930957,122.231781,75.434319,96.574652,West
4701,37,29,2023-07-28 02:02:59,2023-07-28 04:15:05,171.46,36.024,77.87,34.25,5,-73.836511,161.987951,-15.306883,-10.837542,North
4702,1,7,2024-03-26 16:50:10,2024-03-26 17:22:00,41.53,7.987,78.26,49.65,32.55,6.036248,-96.98676,-37.020465,40.500469,East
4703,30,2,2024-08-03 19:48:49,2024-08-03 21:04:01,135.5,24.336,108.09,78.48,23.79,-64.691423,-15.952004,84.702254,50.347048,South
4704,24,29,2024-08-23 20:00:24,2024-08-23 22:18:11,231.79,35.632,100.93,70.82,33.11,-40.087451,-94.635962,60.213606,-60.807837,North
4705,35,33,2023-10-05 14:29:31,2023-10-05 16:48:24,186.14,35.017,80.41,48.16,5,33.016355,-63.909779,34.622316,-99.830422,West
4706,32,4,2024-09-03 04:43:49,2024-09-03 07:40:02,245.75,46.564,83.67,68.97,5,-36.136921,-35.326592,21.183138,60.208278,East
4707,31,19,2024-12-11 22:16:16,2024-12-12 01:31:25,281.62,58.188,86.58,73.02,8.01,40.540426,150.036998,47.35398,-129.530245,Central
4708,40,7,2023-01-12 05:54:27,2023-01-12 06:53:52,89.24,19.266,90.1,82.95,61.08,82.407832,82.68268,1.462134,124.537577,East
4709,31,28,2024-03-22 08:13:20,2024-03-22 13:12:40,251.44,39.126,50.4,62.09,18.37,10.602116,108.094651,-20.661334,106.918055,Central
4710,17,35,2023-12-09 03:08:28,2023-12-09 05:26:37,231.59,51.961,100.57,78.37,5,38.283411,130.415552,-24.269918,-100.74786,South
4711,25,9,2024-01-25 06:33:00,2024-01-25 15:17:37,283.3,51.677,32.4,51.56,5,-69.533283,27.350948,-63.076966,-132.263112,East
4712,8,36,2023-05-29 15:37:41,2023-05-29 17:04:16,135.54,24.929,93.91,49.69,5,75.276338,43.427086,70.73716,-158.101323,North
4713,8,38,2024-02-15 15:01:57,2024-02-15 18:49:08,277.1,50.822,73.18,45.37,5,70.926661,69.49421,-40.613312,88.641131,North
4714,18,17,2023-10-03 13:12:33,2023-10-03 13:23:43,17.8,3.636,95.55,63.03,58.71,-11.097885,-121.639796,15.940098,113.761384,South
4715,37,3,2023-11-03 20:39:50,2023-11-03 21:35:10,51.53,6.978,55.87,39.74,32.08,17.392543,63.201685,-4.743113,-90.384291,North
4716,41,38,2024-10-05 16:03:13,2024-10-05 19:56:09,203.55,49.722,52.43,82.14,5,-71.46617,153.91032,-65.631991,137.989062,East
4717,13,17,2024-12-23 14:46:26,2024-12-23 15:32:29,70.58,11.302,91.96,45.09,26.44,-35.622408,29.131192,-43.155305,76.320248,East
4718,30,39,2023-09-14 07:12:37,2023-09-14 08:40:37,57.16,12.136,38.97,83.32,56.05,-43.564326,59.326643,-39.693565,-64.939093,South
4719,29,3,2024-09-30 21:20:30,2024-09-30 22:27:56,74.36,14.538,66.15,30.33,5,74.552781,-162.457977,65.36892,-124.923839,North
4720,16,22,2024-11-05 00:37:04,2024-11-05 01:49:42,96.55,12.56,79.75,54.81,33.84,35.364002,-23.109392,-20.286227,154.914222,East
4721,24,38,2024-09-15 05:27:55,2024-09-15 05:47:32,22.29,3.636,68.16,46.87,43.02,-13.046954,-66.630228,38.365674,11.674719,North
4722,32,38,2023-04-06 04:02:38,2023-04-06 06:01:19,198.84,30.294,100.51,57.69,13.27,-8.764883,-133.638802,-10.417499,103.843085,East
4723,10,22,2023-02-04 09:26:02,2023-02-04 15:27:49,295.58,62.565,49.02,67.35,5,-39.737068,-9.452954,17.867332,156.24602,North
4724,50,21,2023-09-30 17:52:12,2023-09-30 20:32:36,167.62,40.42,62.7,62.68,5,-43.78151,106.492582,-24.350396,155.736179,North
4725,6,37,2024-12-02 08:02:12,2024-12-02 13:49:49,193.45,27.995,33.39,83.86,29.92,1.825595,161.516842,8.418617,-37.006686,Central
4726,38,39,2023-06-22 03:07:35,2023-06-22 04:16:10,68.38,12.303,59.82,84.93,64.93,-16.1671,61.155337,53.847217,-145.969988,North
4727,48,26,2023-01-01 23:39:52,2023-01-02 00:23:15,34.62,7.613,47.87,50.4,42.64,-15.197406,-155.10873,79.174553,36.390751,East
4728,2,11,2024-03-31 06:05:11,2024-03-31 07:09:11,104.93,20.172,98.37,42.55,9.04,-67.807094,-107.097146,36.991465,140.28976,North
4729,9,2,2023-02-23 06:25:20,2023-02-23 07:31:53,59.39,11.04,53.54,53.0,36.5,27.017491,168.741409,57.832025,69.913485,West
4730,39,6,2024-12-08 18:23:02,2024-12-08 21:44:42,115.56,24.093,34.38,78.6,36.99,51.252522,-120.1569,-71.990763,-39.761069,East
4731,8,39,2023-08-18 06:59:39,2023-08-18 09:00:15,184.24,44.144,91.66,37.54,5,-2.410295,20.606725,85.537567,117.490463,North
4732,45,24,2023-01-29 02:28:55,2023-01-29 07:07:07,263.74,55.549,56.88,67.41,5,-17.59874,-52.313936,49.139248,-108.954022,North
4733,42,15,2024-10-09 06:06:08,2024-10-09 10:32:04,278.97,53.06,62.94,58.47,5,-42.838855,-106.886016,37.419899,-83.22211,Central
4734,48,32,2023-03-01 15:42:36,2023-03-01 17:43:59,147.49,29.976,72.9,71.73,41.17,-17.672861,-52.221924,67.148073,126.786082,East
4735,12,39,2024-10-22 18:00:24,2024-10-22 19:31:17,65.18,15.968,43.03,84.31,55.74,87.522158,50.24197,-7.182264,-45.443613,East
4736,40,24,2023-01-14 09:59:03,2023-01-14 11:26:17,149.67,27.047,102.94,36.59,5.89,-8.277192,-151.833612,5.720676,98.79926,East
4737,12,38,2023-06-20 21:09:27,2023-06-20 22:45:47,66.22,10.829,41.24,79.56,60.19,37.018994,-135.078564,53.016238,14.798904,East
4738,27,11,2023-04-15 16:16:43,2023-04-15 16:27:11,17.42,3.954,99.72,85.87,80.47,-80.961795,144.068339,5.741721,82.697628,South
4739,3,4,2024-10-04 05:29:04,2024-10-04 06:09:52,67.89,16.393,99.82,34.75,16.54,40.252508,-110.031093,-72.211466,131.737509,North
4740,36,24,2024-02-10 13:35:13,2024-02-10 16:21:49,168.92,27.126,60.83,76.56,33.64,-48.366607,18.811063,50.542162,-9.227902,West
4741,1,25,2023-11-07 05:51:00,2023-11-07 06:16:34,36.33,9.002,85.24,88.26,68.98,-80.25881,-90.862955,-19.767655,-122.566066,East
4742,31,9,2024-07-13 20:57:42,2024-07-13 21:15:54,14.68,2.592,48.36,33.87,30.97,67.224744,136.673483,79.66166,31.907992,Central
4743,28,5,2023-11-30 11:13:15,2023-11-30 12:23:54,98.81,14.243,83.9,40.92,16.41,-42.637864,-16.88653,-40.520691,-95.319488,Central
4744,32,4,2024-10-07 19:34:56,2024-10-07 22:14:12,194.75,40.911,73.36,88.45,28.46,18.700227,116.585494,74.786338,-33.658611,East
4745,11,15,2024-11-10 11:29:01,2024-11-10 13:35:27,205.47,31.536,97.5,90.2,23.39,-85.485143,-11.577308,-45.756484,173.38989,North
4746,14,21,2023-10-05 10:15:58,2023-10-05 12:14:34,177.2,35.386,89.64,79.98,5.64,66.422333,-119.02302,-55.755989,-10.010259,East
4747,11,4,2023-11-30 08:42:02,2023-11-30 13:40:48,237.47,54.124,47.69,81.4,5,-43.053969,74.002622,-57.66402,-50.341336,North
4748,26,39,2023-12-01 08:37:55,2023-12-01 10:37:00,168.72,42.108,85.0,75.57,5,55.667398,67.445854,-68.381212,-73.591125,East
4749,9,2,2024-11-15 15:51:01,2024-11-15 18:45:08,176.89,39.188,60.95,37.0,5,84.631297,-102.080871,-5.113408,-15.220815,West
4750,40,4,2023-08-12 20:34:21,2023-08-12 22:30:10,111.0,16.308,57.5,35.79,17.28,-78.06777,25.843842,-27.804711,-158.098538,East
4751,4,14,2024-09-07 15:15:23,2024-09-07 17:04:04,129.55,21.102,71.51,56.32,20.49,71.202958,-166.887808,22.522378,-26.294184,West
4752,9,36,2024-08-20 01:13:16,2024-08-20 01:23:53,8.93,1.597,50.41,81.76,79.37,24.489103,78.543939,37.167054,-135.861673,West
4753,3,35,2024-06-28 20:20:04,2024-06-28 20:40:47,27.24,4.38,78.89,88.96,84.09,-36.899142,-148.6516,-50.319867,-101.932307,North
4754,40,16,2023-08-01 04:21:13,2023-08-01 06:40:43,130.33,30.632,56.05,48.23,13.46,14.167395,-124.749538,-56.062615,-83.092956,East
4755,2,26,2023-01-09 23:23:54,2023-01-10 01:17:11,179.23,41.122,94.92,78.11,9.8,55.516875,-58.411774,-34.969954,83.799165,North
4756,37,3,2023-11-18 12:58:37,2023-11-18 15:53:43,249.17,42.573,85.38,59.69,12.96,60.728171,-29.864742,-62.120694,67.686877,North
4757,32,39,2024-03-09 00:35:16,2024-03-09 01:28:08,70.03,16.105,79.46,65.51,41.9,-14.091589,-104.86707,18.316434,131.812851,East
4758,41,3,2024-01-14 08:25:04,2024-01-14 09:26:54,81.08,13.508,78.67,47.82,20.75,-69.228837,132.629479,-9.338442,175.807546,East
4759,48,40,2024-05-26 00:36:56,2024-05-26 00:44:16,9.74,2.271,79.62,59.53,57.22,-26.071704,-113.183703,33.194537,-123.662944,East
4760,46,29,2024-12-06 00:46:26,2024-12-06 03:09:50,132.17,29.253,55.3,42.38,5,-79.005425,-91.997395,82.384169,-79.273693,South
4761,39,19,2023-12-19 17:46:16,2023-12-19 19:48:34,124.84,25.226,61.24,35.56,5,-10.857138,147.398541,42.167801,9.446111,East
4762,27,13,2023-02-04 20:55:35,2023-02-04 21:14:34,33.24,6.297,105.05,92.87,84.27,32.879188,-107.814853,-32.180787,174.43014,South
4763,38,26,2023-04-06 21:30:47,2023-04-07 00:11:45,143.48,33.978,53.48,76.29,21.04,-54.366062,57.305092,34.319741,93.233938,North
4764,25,38,2024-12-05 04:55:52,2024-12-05 05:01:01,9.23,1.629,107.29,92.53,90.79,43.533688,-52.186279,-35.313017,143.065663,East
4765,43,29,2023-10-29 10:25:08,2023-10-29 10:44:59,30.02,6.672,90.68,55.15,46.83,30.491862,3.16304,31.171756,22.849699,West
4766,39,26,2023-12-05 04:11:16,2023-12-05 04:20:59,7.32,1.064,45.17,68.79,66.95,75.8219,154.102505,16.694987,-145.641731,East
4767,30,36,2024-04-06 18:12:32,2024-04-06 20:43:07,275.66,51.817,109.83,73.88,5,76.676904,62.828749,30.334704,-164.547757,South
4768,3,8,2023-11-04 10:52:52,2023-11-04 13:33:30,114.03,21.544,42.59,62.35,38.41,39.113034,-69.265242,86.418954,-148.629479,North
4769,49,19,2023-02-04 19:13:47,2023-02-04 19:44:14,51.65,9.796,101.75,83.42,71.99,20.705524,-135.076175,67.26286,165.746097,Central
4770,11,14,2023-03-09 08:53:37,2023-03-09 14:04:19,216.46,32.797,41.8,39.62,5,-88.108802,133.29475,-46.928381,113.769895,North
4771,15,22,2023-04-28 13:46:13,2023-04-28 14:57:10,105.76,13.758,89.42,84.02,66.87,-0.692559,55.796163,41.165039,176.555165,West
4772,25,34,2024-10-12 15:35:36,2024-10-12 17:59:56,187.69,34.594,78.02,87.11,50.11,67.930585,-91.824612,74.537978,11.078701,East
4773,9,24,2024-10-21 14:41:57,2024-10-21 14:56:07,21.69,3.757,91.82,30.54,24.92,-68.669065,165.623536,73.276835,-63.960931,West
4774,17,22,2023-06-04 17:41:40,2023-06-04 22:49:44,231.42,37.644,45.07,37.74,5,47.042533,111.233742,-29.212549,-27.260776,South
4775,31,2,2023-09-13 20:13:16,2023-09-13 22:08:55,185.72,38.939,96.35,44.95,5,-41.549064,-172.132206,21.668605,-146.449369,Central
4776,18,10,2023-04-09 13:07:42,2023-04-09 15:38:57,219.05,30.716,86.89,30.43,5,62.916212,-52.142654,-58.450775,43.938362,South
4777,12,38,2023-07-30 09:20:06,2023-07-30 12:03:27,275.34,39.396,101.13,44.7,5,-9.331034,-51.003083,61.099899,112.625525,East
4778,21,5,2023-08-07 06:55:01,2023-08-07 09:39:29,259.33,58.298,94.6,64.99,5,-46.588043,84.990961,-72.145854,-88.24208,West
4779,37,15,2023-07-26 00:25:00,2023-07-26 02:38:57,209.93,48.523,94.03,42.79,5,-37.546298,6.730467,57.221876,41.861025,North
4780,34,31,2024-04-04 14:50:57,2024-04-04 20:18:32,229.81,31.12,42.09,86.8,28.63,-29.405345,153.803348,-47.048656,-89.561297,West
4781,12,7,2024-12-21 18:37:10,2024-12-21 18:59:29,38.85,5.483,104.44,39.57,29.76,10.855979,93.384084,-29.6134,163.254482,East
4782,36,40,2024-03-15 12:11:59,2024-03-15 14:44:57,260.32,49.531,102.1,63.61,5,67.10213,-6.934883,53.9131,-97.076181,West
4783,46,1,2023-02-03 02:46:03,2023-02-03 05:58:54,242.19,40.515,75.35,39.79,5,-8.40162,19.531302,-87.039102,83.452596,South
4784,31,23,2023-12-26 18:00:17,2023-12-26 19:59:57,158.2,35.958,79.32,82.36,42.18,-47.228744,145.242819,-51.431353,-95.907006,Central
4785,49,22,2023-10-08 21:07:14,2023-10-08 23:26:38,153.66,37.385,66.13,48.35,5,-16.104436,-179.353047,62.03828,-44.515202,Central
4786,27,9,2023-11-20 21:39:28,2023-11-20 22:26:44,67.9,16.57,86.18,62.65,40.01,-65.039398,-4.161877,44.300165,-90.60726,South
4787,12,13,2024-08-04 18:06:01,2024-08-04 21:23:06,228.37,38.309,69.52,70.72,5,-23.795224,58.219966,9.202357,-27.47078,East
4788,22,12,2023-04-10 14:58:04,2023-04-10 19:09:28,193.62,46.059,46.21,37.59,5,0.320842,-41.365646,36.485608,53.945788,Central
4789,38,36,2024-08-11 03:44:07,2024-08-11 05:36:37,60.04,9.603,32.02,32.99,17.38,49.757019,-38.578233,-76.288951,152.262547,North
4790,26,24,2023-06-28 22:59:28,2023-06-29 01:19:28,168.44,31.432,72.18,63.2,5,50.494805,-43.991669,-44.583489,36.434435,East
4791,1,17,2023-12-09 19:56:00,2023-12-09 21:48:58,122.03,26.24,64.81,89.48,33.29,-12.096231,111.916314,33.068542,-64.850201,East
4792,39,9,2024-02-24 16:35:10,2024-02-24 18:58:18,166.06,35.463,69.61,50.86,5,22.689455,-54.021866,11.604252,15.575398,East
4793,37,29,2023-03-03 09:14:02,2023-03-03 14:38:35,218.27,36.584,40.35,70.67,30.51,-36.490454,-63.802149,-20.437084,-21.948376,North
4794,6,14,2024-07-10 17:47:53,2024-07-10 21:28:36,273.84,38.975,74.44,69.27,5,22.124378,-91.983705,22.747038,-8.026733,Central
4795,11,26,2023-04-10 17:26:55,2023-04-10 17:51:01,33.11,5.479,82.39,61.25,49.64,-16.144593,11.231474,5.216868,118.133003,North
4796,8,17,2024-09-05 21:14:02,2024-09-06 03:15:25,286.64,41.452,47.59,71.31,5,84.47912,-149.145785,26.532394,99.781728,North
4797,29,6,2023-08-04 10:25:12,2023-08-04 15:09:34,276.98,64.833,58.44,68.41,5,-8.709931,-178.404522,29.213128,134.128317,North
4798,29,20,2023-10-01 19:35:01,2023-10-01 23:28:28,213.81,33.274,54.95,90.55,22.64,-89.483031,-89.431906,23.607023,48.656518,North
4799,43,40,2024-10-22 08:56:54,2024-10-22 10:29:24,146.25,25.373,94.86,74.43,42.79,56.759029,-65.311516,-14.837896,-118.88369,West
4800,17,16,2024-11-20 01:56:08,2024-11-20 03:04:06,86.61,17.726,76.45,59.31,21.99,-63.403022,-135.903356,24.433848,-134.543716,South
4801,44,30,2023-01-23 03:05:59,2023-01-23 03:27:27,32.21,7.248,90.0,78.51,70.41,6.330959,178.370046,-8.294168,-171.604306,Central
4802,24,15,2023-08-17 17:44:38,2023-08-17 18:56:55,93.95,20.234,77.97,53.68,32.27,-31.16357,75.375272,34.891219,138.24482,North
4803,50,23,2024-09-24 00:53:42,2024-09-24 03:33:14,167.71,32.482,63.07,34.47,5,34.156598,170.457904,-20.947785,165.123942,North
4804,37,6,2024-10-12 19:01:12,2024-10-12 22:58:06,280.11,60.298,70.94,33.49,5,-85.183988,-146.64865,-11.414727,47.364956,North
4805,11,8,2023-10-12 13:22:17,2023-10-12 17:29:07,173.94,27.149,42.28,69.46,11.94,33.878136,-167.41148,-14.010649,-170.129211,North
4806,32,15,2024-02-04 23:43:09,2024-02-05 00:08:10,42.63,5.772,102.24,67.92,59.46,-14.362037,59.041725,-47.479943,-127.39763,East
4807,16,14,2023-04-02 06:49:22,2023-04-02 07:59:11,52.25,8.808,44.9,86.61,71.91,-24.970852,166.844352,89.15652,-6.310009,East
4808,40,3,2024-12-22 20:52:45,2024-12-23 05:23:08,264.55,56.162,31.1,59.28,5,-43.48218,87.425337,-28.203094,-116.272263,East
4809,24,34,2023-06-19 14:12:50,2023-06-19 17:26:28,240.28,44.834,74.45,50.13,5,-32.636448,42.746199,5.83404,91.872408,North
4810,36,17,2023-01-05 22:53:19,2023-01-06 01:49:58,140.42,32.74,47.69,55.02,5,88.263451,5.241245,50.633063,-105.783458,West
4811,27,26,2023-01-10 17:25:18,2023-01-10 17:28:42,6.1,1.318,107.36,54.55,52.75,63.227378,-19.408737,26.683688,-68.628639,South
4812,13,36,2024-10-24 03:45:00,2024-10-24 04:15:36,50.62,10.756,99.24,41.76,24.01,-40.30097,34.602029,-31.664438,102.982842,East
4813,39,9,2023-04-04 22:09:14,2023-04-04 23:50:46,176.4,33.589,104.23,85.82,27.81,47.146,16.882954,82.31943,-118.495827,East
4814,39,11,2024-01-09 10:02:28,2024-01-09 13:21:26,168.9,30.605,50.93,58.62,5.76,47.575798,-26.213168,-83.947504,-2.527996,East
4815,16,39,2023-06-09 23:56:26,2023-06-10 01:59:20,63.28,14.144,30.89,49.46,25.85,2.196445,-36.351394,-74.237436,162.337254,East
4816,46,38,2024-10-13 07:16:50,2024-10-13 10:19:56,132.11,31.444,43.29,79.43,30.38,-40.760477,-158.212124,-16.646966,-8.380356,South
4817,30,26,2023-01-26 05:07:37,2023-01-26 08:45:33,266.8,37.71,73.45,94.25,9.51,-79.720356,-83.487574,-25.181928,97.44967,South
4818,15,17,2024-05-22 12:51:07,2024-05-22 18:45:54,274.67,62.45,46.45,52.1,5,14.154955,128.198052,24.747969,69.150079,West
4819,21,38,2024-11-13 04:21:10,2024-11-13 12:23:11,299.9,62.661,37.33,92.83,9.28,-72.657801,38.651314,-84.237769,-113.240967,West
4820,32,23,2023-03-18 04:18:22,2023-03-18 05:17:48,50.44,11.841,50.91,37.69,20.33,69.292868,74.813778,-4.60822,-141.438189,East
4821,18,30,2024-03-08 21:23:21,2024-03-09 00:25:34,206.25,34.409,67.91,75.99,35.12,-66.193472,-173.84238,28.424211,16.903603,South
4822,17,25,2023-07-16 01:27:17,2023-07-16 04:04:37,189.65,34.003,72.32,35.41,5,26.642841,144.630545,10.994599,62.239336,South
4823,26,38,2023-09-29 13:15:17,2023-09-29 16:22:39,278.09,63.065,89.05,83.32,5,88.407322,-143.522573,-57.875424,132.213052,East
4824,28,37,2024-12-24 22:41:12,2024-12-25 00:56:54,81.11,16.129,35.86,46.04,18.28,43.698802,-78.079484,6.156449,41.831877,Central
4825,15,7,2023-06-12 00:05:49,2023-06-12 03:45:37,230.1,40.789,62.81,89.12,38.26,-50.681424,162.992748,-37.641756,-86.115942,West
4826,41,32,2023-05-18 16:28:46,2023-05-18 18:42:35,149.21,27.924,66.9,63.78,7.82,62.749887,63.878431,66.859807,139.896367,East
4827,28,37,2023-06-12 19:13:18,2023-06-12 20:42:48,111.46,25.637,74.72,34.67,5,-30.082661,-99.071759,-43.845664,-124.292306,Central
4828,24,6,2024-01-13 02:51:56,2024-01-13 03:54:20,80.77,12.633,77.65,68.01,54.64,-58.973244,-29.559349,-84.157575,73.046287,North
4829,40,2,2024-03-01 10:20:56,2024-03-01 12:27:01,197.45,44.307,93.96,41.65,5,53.608578,55.670378,-27.12225,-118.008879,East
4830,11,13,2023-06-05 17:17:33,2023-06-05 23:13:48,184.3,42.747,31.04,82.74,5,72.013752,-82.312106,-51.19885,75.47954,North
4831,10,24,2024-11-03 13:17:41,2024-11-03 13:38:40,13.13,2.668,37.52,35.33,31.37,63.948895,-101.148972,36.106003,-9.870083,North
4832,26,20,2024-02-13 07:34:06,2024-02-13 12:52:54,290.27,44.66,54.63,41.92,5,-77.568172,-158.62394,46.917133,-37.448602,East
4833,19,32,2024-04-25 09:12:07,2024-04-25 10:37:21,51.1,10.345,35.97,94.53,83.24,24.337667,-39.730574,6.21861,-109.786147,South
4834,8,1,2024-11-02 02:15:12,2024-11-02 04:19:12,219.21,53.06,106.06,36.32,5,58.790385,121.211241,9.073737,-17.585786,North
4835,19,30,2024-06-30 20:10:38,2024-06-30 23:31:09,183.65,41.521,54.95,70.87,25.54,47.760881,-28.834245,60.720687,10.776184,South
4836,43,37,2023-03-11 13:33:56,2023-03-11 14:36:02,106.07,22.209,102.46,44.57,16.88,47.129958,82.583596,30.882195,-22.554304,West
4837,2,25,2023-12-19 18:42:12,2023-12-19 21:09:21,185.86,29.318,75.78,60.02,11.32,60.074005,-37.09468,59.178541,-153.005598,North
4838,33,12,2023-01-29 09:41:51,2023-01-29 12:34:40,177.29,26.903,61.55,32.93,5,75.590678,-170.339216,69.861868,-98.766,Central
4839,15,30,2023-05-21 17:53:32,2023-05-21 20:39:33,132.54,23.017,47.9,41.27,12.57,42.294034,-21.374433,-21.947509,-165.651696,West
4840,29,37,2024-03-15 13:12:56,2024-03-15 16:22:02,134.46,23.338,42.66,47.35,5,-56.9971,-57.991492,4.317715,-72.487242,North
4841,35,7,2024-05-31 04:32:22,2024-05-31 07:39:03,254.05,53.819,81.65,53.52,5,-35.311693,-0.895077,62.720289,-43.086912,West
4842,44,13,2023-05-02 21:52:05,2023-05-03 01:13:10,231.63,33.326,69.11,30.46,5,-5.96402,-66.918873,-33.984081,-55.610324,Central
4843,26,20,2024-06-10 11:38:51,2024-06-10 13:35:12,187.48,35.602,96.68,60.33,5,50.942662,125.31495,0.918131,-64.213715,East
4844,45,12,2024-07-21 03:07:16,2024-07-21 07:06:42,251.82,50.452,63.1,83.12,19.82,-16.911654,-33.964807,-46.180779,-174.450768,North
4845,37,22,2023-11-12 13:59:52,2023-11-12 15:49:13,154.97,32.916,85.03,86.39,50.26,-28.544015,-178.879524,-68.237249,171.660368,North
4846,31,5,2023-01-28 03:12:20,2023-01-28 07:04:55,278.73,52.099,71.9,73.78,15.57,74.359858,68.195477,-4.83885,140.413446,Central
4847,27,33,2023-10-21 23:47:34,2023-10-22 04:07:31,295.96,71.164,68.31,83.95,5,-49.241791,-174.216759,26.751575,-15.823598,South
4848,42,19,2024-10-06 02:50:56,2024-10-06 03:38:18,67.7,15.75,85.75,42.65,21.68,74.376408,-79.624526,-15.980194,-32.34687,Central
4849,21,18,2024-11-17 09:30:45,2024-11-17 12:59:43,151.37,28.579,43.46,43.05,5,-72.286185,-139.808521,-52.425238,176.824203,West
4850,36,28,2024-11-18 09:59:01,2024-11-18 12:24:01,241.57,54.841,99.96,68.64,5,-39.409391,-41.842024,-36.069782,-161.293305,West
4851,19,22,2024-02-07 12:44:31,2024-02-07 14:15:57,136.11,21.929,89.31,55.03,31.09,-4.733079,53.740581,62.172742,-13.53945,South
4852,42,17,2023-12-10 19:00:39,2023-12-10 22:53:24,224.65,51.018,57.91,84.73,16.8,42.001765,-178.277454,58.891987,-83.230484,Central
4853,18,18,2024-10-25 01:32:21,2024-10-25 04:14:35,135.79,18.241,50.22,50.78,29.12,-56.226028,-141.485062,-64.370835,161.002067,South
4854,45,9,2023-07-16 15:45:42,2023-07-16 15:57:48,11.94,1.795,59.16,58.77,56.52,16.517418,-75.318845,3.141297,28.907807,North
4855,46,1,2024-03-10 07:27:51,2024-03-10 10:03:33,218.87,44.504,84.34,78.62,9.19,68.807327,-28.07567,34.884871,-121.067226,South
4856,25,15,2024-05-13 09:50:01,2024-05-13 13:10:17,189.0,34.57,56.62,31.75,5,-62.69217,-160.746652,26.633931,69.295767,East
4857,27,18,2024-03-06 06:40:04,2024-03-06 14:39:57,260.74,50.322,32.6,92.91,24.16,10.679297,-50.280567,80.652513,82.981193,South
4858,28,15,2024-02-18 06:59:01,2024-02-18 07:45:39,68.69,12.251,88.35,54.17,33.08,-37.103436,70.071447,15.565442,23.854814,Central
4859,15,12,2024-07-14 11:53:21,2024-07-14 15:35:07,184.11,30.627,49.81,69.05,30.86,59.684901,127.483199,-28.958763,-98.130393,West
4860,38,3,2024-06-25 02:04:35,2024-06-25 04:59:05,276.05,43.221,94.91,31.9,5,31.778766,122.553291,55.936478,-16.908254,North
4861,16,4,2024-09-15 15:43:23,2024-09-15 22:50:24,263.26,62.021,36.99,30.09,5,-16.796232,42.975405,71.248439,-106.477719,East
4862,16,12,2024-09-21 18:22:03,2024-09-22 00:14:00,296.88,42.277,50.61,31.91,5,-16.692729,-87.657689,53.91583,-176.59495,East
4863,12,27,2023-10-08 08:51:34,2023-10-08 10:26:24,157.37,31.438,99.55,59.38,5,7.088451,-32.389726,44.859118,156.956144,East
4864,16,13,2024-11-22 22:41:49,2024-11-23 00:10:26,90.95,16.484,61.57,48.27,20.75,31.764166,42.838495,25.022459,-123.098586,East
4865,50,26,2024-11-01 21:49:16,2024-11-02 01:50:05,132.41,30.832,32.99,44.2,5,14.665492,-160.25492,-8.439132,-159.330378,North
4866,11,32,2023-06-02 16:15:21,2023-06-02 19:31:44,247.56,35.494,75.63,60.84,5,-35.015373,-106.677147,77.201902,116.358377,North
4867,43,10,2024-08-30 19:58:04,2024-08-30 20:09:49,20.84,4.755,106.39,67.41,61.48,9.172429,72.284913,-57.091349,-156.495855,West
4868,6,4,2024-11-12 06:48:34,2024-11-12 07:30:47,31.19,4.223,44.32,61.8,53.66,68.972861,169.47912,-43.763576,-63.690403,Central
4869,39,8,2024-06-13 18:32:56,2024-06-13 23:13:20,262.79,64.964,56.23,55.46,5,54.099315,-5.134992,59.584296,-129.976935,East
4870,19,38,2024-11-15 09:52:04,2024-11-15 11:44:35,141.14,27.128,75.26,60.51,30.89,-54.34695,136.133503,-42.819666,-33.011215,South
4871,18,2,2023-11-28 18:01:23,2023-11-28 18:38:09,30.72,5.642,50.13,87.81,81.11,-56.365746,29.049313,19.366183,94.281133,South
4872,46,24,2023-07-29 09:33:08,2023-07-29 12:41:42,213.22,49.595,67.84,68.35,5,-82.023042,-38.907183,-56.334922,99.262553,South
4873,2,23,2024-06-03 09:07:31,2024-06-03 11:56:04,228.43,30.565,81.31,41.92,5,45.037066,-153.493545,-89.057078,37.118808,North
4874,34,2,2024-07-18 01:20:01,2024-07-18 03:03:02,124.03,27.379,72.23,51.72,5,-23.865422,-147.307615,-25.091248,-169.540024,West
4875,4,31,2023-03-08 04:10:36,2023-03-08 06:02:44,192.77,46.859,103.14,65.21,5,72.150162,-81.265605,-6.214609,-85.500792,West
4876,13,39,2023-05-22 14:56:28,2023-05-22 15:48:16,75.55,17.643,87.5,89.96,60.85,19.595804,97.602836,-82.013878,3.047478,East
4877,41,8,2023-04-09 22:27:38,2023-04-09 23:21:43,60.34,12.512,66.94,53.65,28.58,28.307999,77.954176,-86.75193,65.862847,East
4878,38,20,2024-06-06 02:11:20,2024-06-06 02:35:06,35.22,8.439,88.91,43.46,29.74,-16.894541,8.939234,38.485743,76.878408,North
4879,36,27,2024-12-27 08:54:30,2024-12-27 13:52:39,152.66,29.097,30.72,89.58,43.54,6.433109,72.103657,-7.005924,107.533902,West
4880,1,32,2024-03-25 13:14:03,2024-03-25 13:57:49,24.51,4.376,33.59,82.17,72.8,-88.192041,-171.577966,-5.110263,72.967206,East
4881,46,24,2023-04-03 12:17:18,2023-04-03 15:04:45,266.5,50.506,95.49,47.38,5,2.204925,-152.007031,-47.878965,-151.498992,South
4882,34,34,2023-06-09 05:11:46,2023-06-09 07:54:52,229.6,44.476,84.46,49.59,5,31.140035,42.505718,31.307586,-69.447238,West
4883,21,33,2023-06-02 10:52:52,2023-06-02 15:54:38,242.63,53.925,48.24,63.64,5,34.870472,-154.128744,-65.721968,79.781667,West
4884,34,14,2023-12-03 05:05:09,2023-12-03 10:02:48,279.26,59.038,56.29,48.51,5,52.906866,-148.782471,-42.432603,6.968012,West
4885,22,17,2024-04-26 17:11:58,2024-04-26 18:09:46,43.14,5.659,44.78,33.75,27.81,0.173483,139.423813,3.417858,-121.00676,Central
4886,10,29,2024-03-06 08:49:08,2024-03-06 12:31:39,261.39,58.631,70.48,81.47,5,10.511598,-58.106919,28.741287,-96.223009,North
4887,19,16,2024-07-28 06:36:57,2024-07-28 11:02:53,284.73,48.141,64.24,78.37,25.81,-22.253801,106.273842,62.727694,129.134576,South
4888,44,33,2024-10-05 14:46:30,2024-10-05 16:25:15,83.76,11.307,50.89,47.36,34.73,-17.541211,1.900528,-59.848219,92.219696,Central
4889,40,37,2024-11-30 19:51:31,2024-11-30 20:57:20,98.06,15.1,89.39,44.01,26.87,56.983438,157.374591,14.517721,-99.004319,East
4890,14,3,2023-12-25 04:47:16,2023-12-25 07:57:51,189.77,40.912,59.74,30.33,5,-28.454782,85.236436,15.05903,-64.078573,East
4891,26,10,2023-11-25 19:21:35,2023-11-25 21:23:20,187.7,32.546,92.5,38.07,5,-60.812784,10.741616,19.270256,-128.942723,East
4892,16,3,2024-11-29 05:19:26,2024-11-29 05:44:04,43.45,7.746,105.81,72.8,59.87,-73.656622,23.936597,7.945715,13.87344,East
4893,15,15,2023-01-17 13:38:04,2023-01-17 16:38:27,288.02,45.941,95.8,40.73,5,-34.290698,-10.892485,-75.286432,-127.695933,West
4894,30,23,2023-07-25 15:03:32,2023-07-25 17:44:42,290.87,58.659,108.28,31.91,5,13.312218,137.260388,-60.194311,166.708905,South
4895,42,8,2024-09-15 21:35:18,2024-09-15 22:44:41,109.2,24.736,94.41,84.7,51.76,33.673108,153.248979,72.557326,-82.462866,Central
4896,49,30,2023-06-11 22:21:20,2023-06-12 07:01:02,277.7,68.581,32.06,39.49,5,-29.982952,75.12024,-53.308638,64.949138,Central
4897,43,23,2023-06-16 23:55:29,2023-06-17 00:13:33,32.56,4.319,108.11,51.21,45.82,69.875176,-26.197256,89.654341,-68.94615,West
4898,11,13,2023-03-02 21:13:20,2023-03-02 23:59:33,200.97,44.408,72.54,75.49,5,64.3563,-35.705954,-30.478846,-99.273342,North
4899,50,25,2024-12-25 21:36:23,2024-12-25 23:16:18,157.57,30.474,94.62,33.61,5,-36.590665,32.007506,52.609777,-10.122078,North
4900,10,3,2024-03-16 02:28:39,2024-03-16 03:10:34,75.07,12.881,107.42,89.12,69.98,-53.967955,-56.115379,67.76612,154.378175,North
4901,38,19,2024-07-04 13:17:54,2024-07-04 14:37:40,137.24,30.3,103.22,53.33,5,-25.631123,171.553771,78.901482,-42.508252,North
4902,36,39,2023-12-14 06:00:19,2023-12-14 09:27:46,266.07,58.487,76.95,64.15,5,-53.754235,-179.886781,-24.18947,-23.053422,West
4903,21,22,2024-05-10 14:45:42,2024-05-10 18:57:43,205.57,35.969,48.94,83.94,35.98,-12.937168,-81.210928,-75.932087,-133.569822,West
4904,8,35,2023-05-02 19:13:32,2023-05-02 20:43:40,148.38,28.463,98.77,42.21,5,-50.601798,-130.494126,58.391221,39.139213,North
4905,11,28,2024-12-24 17:58:01,2024-12-24 20:05:19,85.97,21.046,40.52,53.08,8.49,-51.892154,-16.096231,88.801306,125.594131,North
4906,37,22,2023-05-24 10:25:18,2023-05-24 14:50:41,261.89,47.207,59.21,60.36,8.54,20.311063,-18.992294,-14.093701,-143.382487,North
4907,38,34,2024-05-28 17:04:47,2024-05-28 20:55:08,218.53,29.485,56.92,52.0,5,36.670968,110.939024,-64.632394,131.588202,North
4908,4,33,2023-04-07 06:17:16,2023-04-07 08:16:03,174.68,35.717,88.23,85.41,24.77,78.183282,-17.379377,35.669661,-149.159391,West
4909,24,17,2024-07-30 03:03:33,2024-07-30 05:34:02,153.03,26.112,61.01,73.89,46.26,78.458523,-12.077791,-5.213178,-79.46377,North
4910,22,33,2024-03-06 14:53:11,2024-03-06 15:52:28,88.11,20.392,89.16,87.51,66.09,54.842674,12.903785,-29.147487,62.739644,Central
4911,2,33,2024-03-20 08:52:38,2024-03-20 09:46:24,45.19,7.45,50.42,56.47,44.09,-61.535198,154.059434,9.540447,67.634118,North
4912,18,22,2023-01-21 18:52:59,2023-01-21 20:16:07,135.87,23.551,98.05,68.72,40.75,-15.20626,70.369448,-32.536986,32.460431,South
4913,27,39,2024-06-25 23:21:32,2024-06-26 01:39:35,240.98,40.947,104.73,53.94,5,-12.643912,13.474603,9.296738,-70.978395,South
4914,37,5,2024-10-29 01:14:46,2024-10-29 01:30:12,23.29,3.454,90.53,38.72,34.93,21.411812,136.048398,-6.563946,177.500517,North
4915,33,22,2023-08-22 00:52:22,2023-08-22 02:17:06,136.87,33.13,96.91,70.79,34.74,85.0792,-68.841554,11.551654,-23.489666,Central
4916,21,24,2024-03-22 04:02:16,2024-03-22 08:26:51,262.79,37.867,59.59,87.16,36.67,-1.325784,138.220449,38.026391,-91.196268,West
4917,16,33,2023-12-14 11:43:07,2023-12-14 12:38:14,48.77,11.089,53.08,68.14,49.63,-59.311135,-108.141752,-36.205551,-75.227458,East
4918,35,39,2024-01-01 00:15:49,2024-01-01 06:12:53,186.63,30.645,31.36,34.04,5,-37.549383,164.748846,58.20207,24.246586,West
4919,26,24,2024-04-10 21:55:44,2024-04-11 01:55:39,295.07,62.72,73.79,50.19,5,33.39226,158.399657,-69.279569,74.100389,East
4920,31,30,2024-11-27 05:53:13,2024-11-27 06:50:14,83.22,15.176,87.57,88.02,71.06,-34.887103,7.497506,-1.513132,150.053282,Central
4921,11,13,2024-06-10 10:04:17,2024-06-10 11:54:43,171.27,32.307,93.05,72.83,5,-38.476005,40.232516,-21.363249,-15.797818,North
4922,12,22,2023-10-10 17:42:25,2023-10-10 20:48:07,177.91,26.731,57.48,31.94,5,85.839909,149.316001,23.816508,-81.349687,East
4923,33,28,2023-12-14 00:03:05,2023-12-14 00:59:01,82.73,13.744,88.74,31.35,16.39,-16.45241,-166.102445,14.985575,175.043344,Central
4924,12,10,2024-01-17 05:31:50,2024-01-17 06:14:15,48.52,10.996,68.61,53.43,33.76,76.986392,-5.194802,1.560914,31.319494,East
4925,22,24,2023-03-29 21:44:54,2023-03-30 02:17:17,209.56,50.036,46.16,36.71,5,-20.258231,-92.304935,22.955445,-14.393267,Central
4926,45,4,2023-02-13 09:43:08,2023-02-13 10:42:06,105.0,16.682,106.83,51.87,30.94,-64.689472,-112.004213,4.930333,-85.741045,North
4927,22,23,2023-10-04 05:43:46,2023-10-04 09:02:40,188.63,45.429,56.9,84.0,36.28,86.650361,22.318391,69.043718,10.13534,Central
4928,14,8,2023-11-26 07:14:13,2023-11-26 10:01:55,297.67,45.968,106.5,73.13,5,74.641144,25.985918,57.827714,150.376461,East
4929,48,31,2024-06-27 04:55:51,2024-06-27 08:07:37,291.31,39.757,91.14,56.96,16.43,66.941496,-16.344106,-52.330717,71.530604,East
4930,44,23,2024-08-12 05:50:35,2024-08-12 05:54:35,7.29,1.028,109.08,78.35,77.2,48.986484,-150.367354,81.998689,99.127444,Central
4931,37,27,2024-08-12 15:15:08,2024-08-12 19:18:07,216.67,30.476,53.5,35.16,5,28.602874,-157.190736,-74.577305,150.157641,North
4932,26,31,2024-03-10 07:24:45,2024-03-10 09:44:53,99.71,19.891,42.69,70.67,31.59,-50.940693,90.518996,83.639528,59.421877,East
4933,42,15,2023-06-23 06:16:48,2023-06-23 08:15:45,120.34,29.192,60.7,33.0,5,-82.06698,169.240978,-29.797276,-35.071937,Central
4934,49,16,2024-11-07 00:19:19,2024-11-07 00:37:15,25.23,5.023,84.4,32.34,26.48,-49.71389,141.036573,58.445656,122.947103,Central
4935,38,33,2024-02-29 08:10:25,2024-02-29 09:27:28,108.33,14.517,84.34,93.67,70.07,-70.428586,135.608902,50.655222,-125.749201,North
4936,28,36,2023-06-02 22:32:52,2023-06-03 03:23:17,181.18,28.002,37.43,54.01,5.81,-73.421019,9.743683,-59.466723,60.031509,Central
4937,3,11,2023-11-12 06:28:22,2023-11-12 09:12:08,89.09,18.915,32.64,76.03,55.01,-22.957522,161.045372,-76.649806,-16.746334,North
4938,18,14,2024-03-19 05:56:47,2024-03-19 07:50:41,132.86,31.774,69.98,32.77,5,33.47762,-126.586699,-47.198546,-6.174833,South
4939,48,16,2024-02-27 00:39:04,2024-02-27 03:14:24,170.35,35.533,65.8,41.02,5,-19.335597,-6.428263,-32.300458,-137.706243,East
4940,6,36,2024-02-18 10:42:45,2024-02-18 13:17:31,186.41,45.241,72.26,48.42,5,-29.672376,-119.019889,-48.530747,-96.051841,Central
4941,38,7,2024-08-07 15:10:08,2024-08-07 17:39:06,228.0,36.438,91.83,58.1,5,65.577202,-7.160012,-89.186269,173.012766,North
4942,21,9,2024-07-28 02:43:18,2024-07-28 02:52:20,7.33,1.034,48.61,63.31,61.93,-34.808504,82.950432,-9.015613,-47.848935,West
4943,22,12,2024-07-30 23:52:27,2024-07-31 03:26:17,230.95,34.15,64.8,61.25,25.38,-87.690626,24.716134,-88.040266,43.733975,Central
4944,31,20,2023-08-02 10:54:08,2023-08-02 15:56:43,255.23,39.125,50.61,72.14,28.42,-0.70852,-27.50321,-10.332353,20.510377,Central
4945,49,11,2024-08-14 13:43:39,2024-08-14 15:18:23,151.0,27.645,95.63,56.42,24.16,61.578751,-147.122524,-66.132792,-119.305851,Central
4946,46,21,2024-02-07 13:29:54,2024-02-07 13:52:39,32.41,7.421,85.44,60.83,49.25,-81.219725,152.105025,57.814318,-104.661666,South
4947,24,18,2024-04-18 07:44:22,2024-04-18 10:52:29,172.11,36.083,54.89,64.22,26.04,77.971502,51.000141,48.336526,49.659279,North
4948,24,17,2023-10-26 06:41:34,2023-10-26 11:52:31,245.56,50.092,47.38,81.56,28.55,39.280807,158.663223,25.823615,7.87934,North
4949,26,16,2023-03-13 08:14:07,2023-03-13 12:33:39,244.06,40.835,56.42,58.42,5,23.102489,141.147966,88.416268,-144.473446,East
4950,12,13,2024-04-22 17:21:48,2024-04-22 18:11:33,87.35,19.66,105.32,70.73,35.56,29.331941,-62.775396,-40.438064,-142.575339,East
4951,42,1,2024-10-19 19:11:03,2024-10-19 21:25:44,168.88,37.471,75.23,54.38,5,2.218323,-95.372722,64.8173,126.183332,Central
4952,42,25,2023-10-31 06:56:30,2023-10-31 08:06:44,128.4,31.464,109.68,63.76,21.86,-58.912321,-44.88284,30.256197,72.484775,Central
4953,10,35,2023-05-22 09:52:34,2023-05-22 13:11:47,252.74,40.226,76.12,81.39,21.62,55.064217,-126.529281,-69.731374,178.794485,North
4954,46,9,2023-07-26 19:59:57,2023-07-26 21:42:21,118.19,16.109,69.25,42.07,16.94,-3.711632,61.889808,79.328956,-160.48665,South
4955,34,14,2023-06-28 23:02:17,2023-06-29 01:01:32,148.36,36.756,74.64,47.54,5,-58.21416,140.288436,-80.661301,74.907804,West
4956,49,5,2023-06-08 06:13:27,2023-06-08 08:29:06,156.83,37.01,69.36,49.55,6.36,85.162447,-144.488761,34.81349,-31.353591,Central
4957,38,21,2024-01-21 01:52:01,2024-01-21 06:20:56,152.93,25.931,34.12,47.26,5.1,-58.193235,53.76099,-69.573177,-146.5839,North
4958,42,25,2024-06-17 05:01:40,2024-06-17 07:24:37,241.02,44.329,101.16,73.93,14.9,-60.80066,-109.192214,-0.445072,164.687062,Central
4959,30,24,2024-10-03 07:41:31,2024-10-03 11:07:49,241.34,31.436,70.19,66.51,5,-81.844461,40.175766,-8.951439,159.389184,South
4960,27,22,2023-02-22 02:54:23,2023-02-22 09:12:46,255.67,56.205,40.54,55.71,5,20.840313,111.975734,-87.290115,139.74567,South
4961,46,28,2023-07-22 19:58:12,2023-07-22 21:48:32,193.55,47.647,105.25,47.16,5,-81.885122,-99.254823,-52.445737,128.740852,South
4962,17,11,2023-12-29 15:30:01,2023-12-29 15:45:02,15.74,2.867,62.89,46.6,40.56,61.95848,41.844411,-76.159527,-174.674865,South
4963,15,17,2024-09-13 02:17:51,2024-09-13 04:41:05,79.69,11.199,33.38,48.97,35.01,36.776742,-83.717397,79.727412,77.651629,West
4964,49,33,2023-12-01 23:53:55,2023-12-02 01:56:25,135.71,23.646,66.47,36.48,8.89,-89.621104,178.09415,-54.551645,88.138235,Central
4965,4,16,2023-09-11 01:17:55,2023-09-11 01:41:09,29.43,5.689,75.96,67.16,57.5,-74.630345,19.341555,50.522373,80.334222,West
4966,48,2,2024-09-16 20:20:36,2024-09-16 22:06:07,105.4,16.533,59.93,36.58,19.73,18.299913,105.761288,76.101395,2.844177,East
4967,40,21,2023-02-08 13:46:05,2023-02-08 15:49:57,165.31,39.591,80.07,94.28,49.34,-50.359389,6.717659,44.51052,-53.426627,East
4968,14,37,2024-01-24 21:48:14,2024-01-25 01:38:23,261.07,56.189,68.06,57.52,5,2.55916,-82.016512,46.83103,147.000019,East
4969,16,12,2024-10-25 11:35:57,2024-10-25 13:32:03,149.54,33.427,77.28,76.58,20.78,36.181325,85.21649,40.056047,53.333212,East
4970,11,14,2023-06-08 19:19:18,2023-06-09 00:51:09,166.65,41.297,30.13,32.64,5,39.889553,-115.400178,9.072371,109.108161,North
4971,37,40,2023-03-02 03:13:04,2023-03-02 06:25:34,222.32,32.933,69.29,32.48,5,-62.972358,126.780613,-85.595915,159.30477,North
4972,43,6,2024-02-15 16:31:06,2024-02-15 17:46:29,83.85,18.734,66.73,84.51,61.15,-9.107808,69.928168,72.328645,-84.250229,West
4973,22,38,2024-10-08 03:25:50,2024-10-08 07:21:06,231.15,39.307,58.95,68.91,27.62,-32.177689,4.351428,-45.616272,18.709639,Central
4974,11,31,2023-01-15 17:10:15,2023-01-15 20:49:37,212.47,30.061,58.11,70.33,6.64,-39.609136,-132.670686,-26.962217,16.874214,North
4975,10,19,2023-06-17 10:29:36,2023-06-17 11:24:02,98.38,13.318,108.41,83.41,63.62,45.99755,-50.807229,-30.757143,145.121209,North
4976,1,31,2024-01-08 03:43:16,2024-01-08 06:11:31,220.81,34.557,89.36,53.81,5,-60.527079,43.072183,76.831599,-100.651761,East
4977,32,5,2023-01-09 10:03:47,2023-01-09 14:20:17,180.62,26.514,42.25,87.81,48.93,82.234364,53.451594,54.594136,-53.6851,East
4978,30,36,2024-04-01 11:02:13,2024-04-01 13:28:40,139.45,31.902,57.13,90.83,19.14,39.970174,-106.031955,-4.545012,97.71116,South
4979,10,19,2023-12-14 04:53:42,2023-12-14 05:40:33,75.57,12.053,96.75,32.84,14.93,80.627411,-41.986514,28.203675,-54.394306,North
4980,44,9,2023-12-11 10:52:28,2023-12-11 11:48:45,88.19,15.962,93.99,41.67,23.84,-74.37318,152.016373,27.585149,-140.468396,Central
4981,27,26,2024-10-26 19:00:57,2024-10-26 19:23:15,17.75,4.234,47.73,56.11,50.33,84.883578,-117.352008,64.562237,-38.25532,South
4982,27,22,2024-02-01 06:40:42,2024-02-01 06:48:18,11.54,1.951,91.03,46.29,43.62,-65.809141,71.403688,10.573073,111.270237,South
4983,26,10,2023-11-23 23:45:18,2023-11-24 03:09:19,139.79,22.231,41.11,33.52,5,-37.739708,158.546269,27.958388,114.633992,East
4984,45,31,2024-08-03 12:21:16,2024-08-03 12:41:06,21.95,2.874,66.38,50.42,46.81,-29.662288,-143.586299,-69.452373,113.474053,North
4985,27,28,2024-03-03 02:07:02,2024-03-03 04:26:18,148.79,27.598,64.1,30.18,5,45.642901,137.455622,-15.322501,-72.524045,South
4986,6,5,2023-05-19 03:00:17,2023-05-19 03:24:58,29.55,5.45,71.8,85.21,74.71,58.017647,-64.071217,-62.229994,-90.726433,Central
4987,50,39,2023-06-07 08:54:48,2023-06-07 11:10:40,244.01,55.022,107.75,53.72,5,39.656262,57.935601,-6.818919,-71.244836,North
4988,41,15,2024-08-13 11:54:48,2024-08-13 16:15:02,210.4,36.708,48.51,70.93,5,-65.080938,165.421309,-59.603201,15.191038,East
4989,38,19,2024-07-24 04:10:05,2024-07-24 07:21:05,176.91,41.481,55.57,35.32,5,-56.845474,-105.453029,-66.664413,-153.287447,North
4990,26,31,2024-09-27 03:01:23,2024-09-27 03:21:08,21.54,3.176,65.39,49.29,43.05,70.049013,-81.888997,15.843981,-92.005574,East
4991,9,34,2023-06-26 11:21:17,2023-06-26 11:38:03,14.46,2.34,51.71,55.74,52.24,-85.415556,10.716296,-12.105735,-178.000535,West
4992,38,22,2024-05-02 20:15:37,2024-05-03 01:12:04,279.01,37.093,56.47,37.17,5,-17.36026,-68.282121,-83.107799,18.74758,North
4993,3,20,2023-02-23 10:58:19,2023-02-23 14:06:19,257.58,55.434,82.2,34.21,5,-21.566167,92.755625,72.530893,-72.441972,North
4994,39,33,2023-01-26 11:00:37,2023-01-26 17:12:33,234.82,35.891,37.88,69.44,7.45,39.42267,-176.326255,35.174639,102.011951,East
4995,30,24,2024-07-15 21:14:47,2024-07-15 21:57:59,78.1,12.385,108.44,43.2,15.37,-45.550055,-17.218743,-39.095428,-112.606317,South
4996,25,31,2024-07-04 10:32:03,2024-07-04 13:14:29,232.81,49.837,85.99,42.58,5,-7.358175,-48.300141,-0.008258,-73.869686,East
4997,4,1,2024-03-24 15:58:11,2024-03-24 18:23:22,246.79,54.918,101.98,37.77,5,-81.838365,95.050538,61.519537,-82.499694,West
4998,19,15,2023-12-17 04:12:52,2023-12-17 12:45:52,279.08,39.492,32.64,72.04,28.93,-72.392733,-27.962716,-76.598384,-68.954115,South
4999,34,1,2024-10-05 11:30:30,2024-10-05 17:08:09,290.16,66.235,51.56,34.0,5,53.197958,159.708032,72.84167,113.170571,West
5000,26,40,2023-05-12 17:53:23,2023-05-12 19:52:39,167.78,39.179,84.4,82.32,5.35,78.314576,110.16433,-71.945752,45.371519,East
